248962688
248962757
248962764
248962858
248962866
248963013
248963036
248963041
248963140
248963361
248963370
248963400
248963423
248963424
248963510
248963522
248963576
248963647
248963887
248963892
248964304
248964510
248964729
248964824
248964930
248965343
248965413
248965533
248965548
248965635
248965723
248965806
248965832
248965941
248966011
248966068
248966123
248966133
248966243
248966272
248966296
248966408
248966429
248966441
248966819
248966838
248966951
248966961
248966980
248967156
248967210
248967285
248967292
248967296
248967330
248967415
248967501
248967509
248967550
248967586
248967605
248967762
248967769
248967867
248967898
248967912
248967989
248968253
248968260
248968369
248968443
248968514
248968527
248968830
248968920
248968944
248969249
248969257
248969396
248969701
248969727
248969834
248969837
248969876
248969951
248970025
248970159
248970359
248970450
248970453
248970491
248970561
248970568
248970589
248970904
248970905
248971003
248971021
248971178
248971227
248971584
248971629
248971632
248971638
248971695
248971726
248971992
248972045
248972049
248972064
248972232
248972430
248972445
248972645
248972777
248972855
248972954
248972967
248973097
248973457
248973523
248973540
248973554
248973562
248973939
248973949
248974142
248974261
248974371
248974444
248974624
248974643
248974953
248974986
248975085
248975257
248975543
248975553
248975564
248975680
248975812
248976011
248976115
248976450
248976485
248976572
248976630
248976714
248976721
248977086
248977106
248977147
248977213
248977264
248977282
248977560
248977961
248977968
248978096
248978130
248978150
248978428
248978708
248978726
248750784
248750798
248750808
248750853
248751161
248751237
248751357
248751391
248751462
248751745
248751767
248751814
248752167
248752214
248752290
248752494
248752732
248752828
248752830
248752845
248752864
248753264
248753351
248753431
248753751
248753761
248753854
248754089
248754229
248754274
248754389
248754577
248754583
248754588
248754724
248754751
248754894
248754971
248754995
248755289
248755344
248755519
248755544
248755723
248755843
248755890
248755894
248755934
248756016
248756074
248756188
248756214
248756287
248756482
248756557
248756734
248756816
248757006
248757285
248757323
248757494
248757512
248757523
248757596
248757823
248758284
248758348
248758350
248758351
248758385
248758425
248758528
248758592
248758608
248758628
248758745
248758800
248758808
248758964
248758970
248759153
248759216
248759244
248759509
248759521
248759659
248759702
248759820
248759830
248759919
248759929
248760085
248760202
248760241
248760463
248760545
248760562
248760851
248760859
248760860
248761013
248761051
248761148
248761491
248761557
248761717
248761839
248762056
248762109
248762113
248762368
248762376
248762415
248762575
248762645
248762694
248763142
248763220
248763479
248763492
248763727
248763780
248763937
248764242
248764264
248764277
248764294
248764311
248764634
248764655
248764894
248765231
248765281
248765337
248765364
248765532
248765651
248765733
248765775
248765807
248979188
248979355
248979480
248979607
248979622
248979638
248979689
248979718
248980125
248980145
248980165
248980470
248980473
248980731
248980751
248980770
248980777
248980794
248980958
248980995
248981030
248981174
248981262
248981517
248981686
248981688
248981842
248982167
248982431
248982458
248982484
248982524
248982586
248982611
248982626
248982828
248982901
248982949
248982986
248983235
248983255
248983315
248983344
248983538
248983648
248983750
248983802
248983825
248983906
248983936
248983956
248984166
248984247
248984415
248984444
248984581
248985067
248985105
248985308
248985374
248985610
248985645
248985802
248985870
248985902
248986102
248986400
248986471
248986733
248986959
248987003
248987007
248987045
248987154
248987359
248987487
248987605
248987805
248987964
248988027
248988092
248988129
248988130
248988161
248988180
248988249
248988464
248988484
248988495
248988595
248988620
248988930
248988939
248988981
248988995
248989078
248989135
248989182
248989306
248989307
248989466
248989487
248989539
248989620
248989622
248989625
248989755
248989956
248990032
248990038
248990151
248990179
248990417
248990553
248990631
248990682
248990687
248990693
248990896
248990923
248991209
248991310
248991349
248991551
248991579
248991581
248991617
248991728
248991734
248991755
248992082
248992292
248992337
248992644
248992815
248992833
248992839
248993130
248993166
248993167
248993209
248993334
248993375
248993395
248993449
248993453
248993457
248993461
248993517
248993656
248993667
248993727
248993752
248993775
248993809
248993851
248993862
248994035
248994378
248994407
248994415
248994427
248994435
248994468
248994519
248994649
248994753
248994802
248994803
248994861
248994938
248994942
248995082
248995109
248995125
248995151
248995268
248995277
248995343
248995450
248946625
248946671
248946878
248947165
248947216
248947265
248947311
248947579
248947650
248947720
248947802
248947824
248948017
248948022
248948117
248948673
248949211
248949299
248949312
248949356
248949358
248949528
248949574
248949606
248949647
248949684
248949983
248950067
248950220
248950268
248950272
248950539
248950683
248951098
248951127
248951153
248951159
248951194
248951400
248951408
248951518
248951530
248951585
248951803
248951804
248951810
248952307
248952380
248952447
248952541
248952730
248953114
248953190
248953387
248953448
248953681
248953783
248953816
248953903
248954332
248954399
248954417
248954477
248954511
248954542
248954752
248954758
248954817
248955015
248955128
248955158
248955676
248955782
248955942
248956178
248956420
248956470
248956499
248956547
248956569
248956588
248956622
248956680
248956778
248956905
248957099
248957134
248957390
248957438
248957706
248957741
248957794
248957815
248957909
248957976
248958049
248958069
248958344
248958425
248958527
248958554
248958559
248958640
248958649
248958739
248958932
248958950
248959100
248959112
248959217
248959271
248959366
248959395
248959518
248959535
248959900
248959907
248959981
248960034
248960059
248960068
248960084
248960240
248960350
248960353
248960572
248960591
248960823
248960871
248960875
248960955
248961024
248961054
248961132
248961202
248961217
248961237
248961278
248961302
248961315
248961370
248961418
248961442
248961463
248961741
248961749
248961810
248961896
248961904
248961905
248962135
248962177
248962182
248962441
248962510
248995758
248995851
248996013
248996346
248996502
248996632
248996660
248996842
248997112
248997184
248997362
248997485
248997509
248997584
248997691
248997737
248997837
248997858
248998050
248998122
248998172
248998188
248998224
248998308
248998575
248998778
248998906
248998925
248998930
248998957
248998975
248999175
248999261
248999265
248999267
248999387
248999695
248999948
249000146
249000156
249000179
249000194
249000331
249000567
249000573
249000965
249000966
249000978
249001078
249001221
249001282
249001286
249001433
249001559
249001631
249001649
249001761
249001839
249001947
249002121
249002143
249002155
249002347
249002355
249002375
249002380
249002543
249002875
249002922
249002989
249003053
249003058
249003102
249003372
249003381
249003614
249003724
249003784
249004026
249004155
249004632
249004713
249004969
249004999
249005286
249005344
249005399
249005582
249005596
249005908
249005937
249005947
249005959
249005992
249006137
249006244
249006324
249006341
249006537
249006566
249006609
249006954
249006955
249006990
249007008
249007114
249007159
249007224
249007475
249007669
249007789
249007790
249007809
249007858
249008056
249008217
249008243
249008454
249008515
249008544
249008764
249008859
249008924
249008931
249008992
249009221
249009347
249009351
249009409
249009549
249009987
249010009
249010159
249010169
249010373
249010534
249010549
249010760
249010840
249010863
249010883
249010884
249010915
249010937
249011224
249011255
249011308
249011353
249011364
249011372
249011500
249011509
249011546
249011592
249011831
249011916
249011926
249011927
249011934
249012040
249012063
249012112
249012224
249012388
249012466
249012473
249012637
249012898
249012899
249012924
249013108
249013174
249013558
249013592
249013593
249014004
249014161
249014242
249014318
249014323
249014352
249014455
248810073
248810146
248810162
248810391
248810395
248810444
248810841
248810903
248810940
248811036
248811052
248811376
248811421
248811540
248811564
248811574
248811652
248812109
248812163
248812174
248812181
248812306
248812333
248812346
248812767
248813026
248813041
248813156
248813218
248813336
248813380
248813431
248813483
248813519
248813709
248813997
248814006
248814069
248814233
248814283
248814413
248814678
248814996
248815002
248815049
248815154
248815231
248815325
248815407
248815578
248815656
248815720
248815789
248815799
248815844
248815855
248815902
248815934
248816185
248816213
248816342
248816399
248816436
248816462
248816486
248816505
248816742
248816788
248816908
248817348
248817444
248817553
248817564
248817586
248817593
248817709
248817811
248817955
248817997
248818060
248818275
248818276
248818291
248818310
248818329
248818415
248818558
248818767
248818843
248819010
248819080
248819084
248819086
248819191
248819268
248819515
248819604
248819713
248819714
248819862
248819928
248820015
248820027
248820108
248820122
248820414
248820469
248820490
248820514
248820690
248820697
248820791
248820966
248821200
248821375
248821494
248821600
248821745
248821907
248821951
248822231
248822265
248822296
248822317
248822331
248822356
248822698
248823057
248823064
248823184
248823498
248823521
248823527
248823667
248823744
248823893
248824036
248824043
248824154
248824445
248824776
248824891
248824909
248824915
248824987
248825138
248825154
248825258
248825279
248825350
248825357
248825476
248825480
248825591
248825909
248825999
248826029
248826100
248826285
248826500
248826627
248826682
248826884
248827228
248827266
248827273
248827319
248827335
248827497
248827501
248827673
248827678
248827885
248827899
248827900
248827971
248827979
248828129
248828239
248828329
248828375
248828398
248828475
248828770
248828847
248829057
248829077
248829165
248829329
249014728
249014741
249014750
249014873
249014878
249015118
249015363
249015615
249015702
249015816
249015828
249015834
249015836
249015880
249015885
249016051
249016184
249016320
249016396
249016647
249016681
249016788
249016812
249017610
249017621
249017880
249017974
249018109
249018259
249018512
249018537
249018566
249018570
249018595
249018667
249018781
249019363
249019380
249019550
249019593
249019607
249019616
249019625
249019645
249019767
249019915
249019930
249020375
249020458
249020543
249020580
249020893
249020985
249020988
249021002
249021013
249021016
249021108
249021313
249021323
249021380
249021453
249021474
249021482
249021777
249021981
249022377
249022387
249022393
249022526
249022553
249022713
249022897
249023205
249023246
249023406
249023421
249023422
249023547
249023720
249023836
249023887
249023924
249023954
249024130
249024545
249024814
249025207
249025235
249025428
249025484
249025757
249025775
249025826
249026279
249026293
249026455
249026843
249027021
249027036
249027156
249027186
249027194
249027360
249027366
249027369
249027519
249027645
249027701
249028552
249028588
249028594
249028609
249028902
249028962
249028969
249029039
249029063
249029081
249029092
249029252
249029638
248848693
248848788
248848830
248848923
248849154
248849208
248849394
248849496
248849497
248849498
248849541
248849595
248849605
248849609
248849650
248849798
248849867
248849964
248849972
248850137
248850271
248850359
248850463
248850513
248850522
248850541
248850941
248851168
248851182
248851231
248851306
248851499
248851529
248851536
248851556
248851685
248851691
248851886
248851925
248852019
248852047
248852052
248852188
248852275
248852388
248852468
248852523
248852580
248852898
248852899
248853082
248853091
248853222
248853249
248853301
248853564
248853588
248853610
248853880
248853973
248854124
248854404
248854414
248854443
248854457
248854501
248854655
248854734
248855060
248855120
248855461
248855649
248855728
248855978
248856002
248856030
248856138
248856326
248856351
248856554
248856563
248856781
248856792
248856806
248856834
248856843
248856959
248857043
248857121
248857382
248857389
248857407
248857408
248857412
248857825
248857861
248857886
248857895
248858024
248858056
248858313
248858370
248858634
248858859
248858992
248859000
248859161
248859199
248859314
248859350
248859731
248859805
248859839
248860196
248860257
248860316
248860391
248860440
248860537
248860545
248860550
248860636
248860657
248860658
248860960
248861012
248861041
248861217
248861222
248861237
248861314
248861423
248861698
248861772
248862017
248862136
248862175
248862504
248862634
248862705
248862785
248863150
248863226
248863257
248863307
248863318
248863390
248863809
248863821
248863838
248863858
248863998
248864015
248864069
248864071
248864129
248864148
248864155
248864176
248864207
248864464
248864465
248864533
248864658
248864660
248864885
248865175
248865359
248865741
248865814
248865860
248866093
248866164
248866240
248866281
248866382
248866396
248866452
248866514
248866600
248866899
248867197
248867394
248867432
248867440
248867536
248867592
248867617
248867639
248867711
248867771
248867812
248867835
248829546
248829613
248829632
248829828
248830154
248830171
248830318
248830333
248830346
248830412
248830470
248830477
248830748
248830800
248830808
248830837
248830905
248830926
248831081
248831179
248831467
248831499
248831532
248831596
248831597
248831654
248831684
248831709
248832026
248832104
248832181
248832203
248832394
248832452
248832666
248832724
248832863
248832875
248832882
248832900
248832930
248832990
248833194
248833200
248833342
248833351
248833355
248833397
248833453
248833526
248833532
248833757
248833856
248833910
248834092
248834099
248834108
248834373
248834417
248834601
248834610
248834663
248834803
248834919
248834964
248835654
248835667
248835772
248835868
248835921
248836225
248836285
248836303
248836348
248836397
248836398
248836505
248836534
248836551
248836557
248836624
248836692
248836828
248836855
248836988
248837010
248837304
248837305
248837394
248837435
248837465
248837520
248837563
248837566
248837980
248838036
248838080
248838207
248838222
248838242
248838265
248838293
248838442
248838482
248838732
248838853
248838915
248838994
248839089
248839090
248839230
248839276
248839300
248839359
248839447
248839449
248839641
248840051
248840096
248840153
248840188
248840460
248840479
248840529
248840571
248840689
248840978
248840992
248841055
248841109
248841205
248841217
248841299
248841329
248841409
248841655
248841668
248841819
248841858
248842074
248842161
248842177
248842195
248842335
248842345
248842432
248842550
248842909
248842962
248843093
248843279
248843530
248843640
248843656
248843670
248843677
248843717
248843813
248844010
248844026
248844123
248844125
248844261
248844529
248844610
248844768
248844910
248844911
248844939
248845056
248845135
248845228
248845379
248845391
248845619
248845709
248845876
248845950
248845971
248846006
248846021
248846074
248846100
248846127
248846365
248846370
248846469
248846594
248846597
248846747
248846831
248846839
248846970
248847163
248847206
248847276
248847297
248847354
248847383
248847600
248847612
248847634
248847691
248847804
248847893
248847993
248848004
248848065
248848153
248848156
248848172
248848434
248928115
248928155
248928160
248928207
248928290
248928297
248928963
248929107
248929217
248929226
248929251
248929252
248929283
248929399
248929425
248929432
248929687
248929692
248929853
248929971
248930015
248930022
248930071
248930445
248930598
248930613
248930626
248930667
248930696
248931064
248931108
248931113
248931251
248931255
248931453
248931486
248931540
248931581
248931700
248931767
248931839
248932091
248932426
248932689
248932703
248932770
248932850
248932860
248932875
248933146
248933252
248933270
248933466
248933492
248933497
248933515
248933865
248933870
248934007
248934423
248934715
248934965
248934987
248935032
248935083
248935104
248935200
248935424
248935435
248935587
248935660
248935728
248935852
248935932
248936217
248936227
248936308
248936347
248936348
248936388
248936407
248936440
248936677
248936776
248936896
248936916
248936972
248936987
248937189
248937280
248937480
248937652
248937693
248937699
248937832
248937868
248937976
248938029
248938087
248938257
248938480
248938620
248938653
248938675
248939105
248939137
248939194
248939272
248939353
248939574
248939607
248939627
248939695
248939733
248939857
248939873
248939881
248939883
248940163
248940188
248940499
248940525
248940532
248940548
248940597
248940780
248940782
248940807
248940831
248940863
248940880
248940881
248940941
248940969
248941027
248941123
248941318
248941354
248941454
248941632
248941695
248941739
248941766
248941920
248941957
248942089
248942359
248942360
248942466
248942643
248942667
248942750
248943109
248943157
248943219
248943662
248943689
248943761
248943876
248944136
248944182
248944252
248944258
248944316
248944341
248944353
248944430
248944448
248944502
248944521
248944687
248944747
248944926
248945024
248945036
248945038
248945045
248945237
248945360
248945510
248945516
248945639
248945735
248945766
248946073
248946085
248889116
248889211
248889233
248889439
248889444
248889458
248889592
248889646
248889710
248889913
248889934
248890161
248890346
248890347
248890355
248890357
248890398
248890489
248890619
248890877
248891026
248891319
248891321
248891539
248891670
248891779
248891963
248891973
248892057
248892086
248892408
248892630
248892644
248892800
248892984
248893147
248893166
248893265
248893267
248893289
248893613
248893669
248893708
248893787
248893930
248894418
248894732
248894829
248894837
248894899
248894902
248894963
248895264
248895301
248895383
248895396
248895733
248895780
248895960
248895976
248896155
248896213
248896371
248896375
248896435
248896497
248896505
248896960
248896999
248897003
248897160
248897202
248897250
248897328
248897407
248897513
248897526
248897538
248897700
248897801
248898001
248898039
248898315
248898554
248898662
248898672
248898680
248898840
248899242
248899256
248899317
248899348
248899379
248899416
248899637
248899669
248899740
248899970
248900464
248900571
248901007
248901015
248901179
248901359
248901582
248901691
248901697
248901721
248901853
248902076
248902259
248902320
248902383
248902508
248902527
248902851
248902857
248903000
248903010
248903043
248903096
248903549
248903643
248904066
248904187
248904198
248904249
248904370
248904481
248904905
248905045
248905109
248905165
248905171
248905178
248905303
248905474
248905532
248905565
248905764
248905874
248905910
248906196
248906301
248906316
248906376
248906377
248906448
248906629
248906874
248906970
248907123
248766235
248766251
248766400
248766685
248766782
248766797
248766800
248767078
248767188
248767189
248767207
248767222
248767266
248767332
248767608
248767639
248767669
248767745
248768106
248768224
248768311
248768318
248768419
248768462
248768522
248768530
248768623
248768656
248768985
248769056
248769187
248769271
248769403
248769422
248769655
248769759
248770137
248770227
248770376
248770548
248770671
248770719
248770753
248770908
248770949
248771049
248771114
248771210
248771221
248771289
248771460
248771640
248771641
248771645
248771806
248771874
248771905
248771988
248772098
248772156
248772157
248772307
248772318
248772462
248772493
248772602
248772608
248772688
248772776
248772800
248772961
248772965
248773071
248773102
248773118
248773302
248773454
248773475
248773514
248773521
248773569
248773571
248773632
248773649
248773702
248773757
248773758
248773912
248773964
248773986
248774048
248774347
248774393
248774553
248774606
248774916
248774967
248775032
248775176
248775201
248775320
248775467
248775543
248775612
248775810
248775996
248776282
248776295
248776335
248776390
248776543
248776560
248776582
248776610
248776875
248776978
248777093
248777118
248777142
248777149
248777262
248777293
248777601
248777613
248777826
248777864
248778018
248778238
248778794
248779074
248779126
248779431
248779578
248779830
248779871
248780054
248780106
248780134
248780145
248780151
248780180
248780193
248780411
248780571
248780654
248780862
248780881
248781133
248781192
248781333
248781425
248781596
248781753
248781764
248781824
248781881
248781892
248782057
248782594
248782605
248782700
248782797
248782930
248782931
248782934
248782942
248782960
248783257
248783682
248783839
248784061
248784146
248784158
248784182
248784192
248784463
248784478
248784486
248784569
248784793
248784903
248785131
248785363
248785438
248785507
248785549
248785570
248785621
248785627
248785641
248785644
248785813
248786011
248786106
248786299
248786320
248786331
248786369
248786398
248786649
248786732
248786814
248787153
248787231
248787249
248787257
248787309
248787413
248787515
248787691
248787699
248787720
248787817
248788084
248788087
248788126
248788157
248788196
248788197
248788551
248788681
248788762
248788764
248788816
248788942
248789074
248789097
248789198
248789252
248789304
248789389
248789440
248789474
248789511
248789553
248789620
248789903
248789943
248790011
248790098
248790103
248790105
248790122
248790124
248790147
248790340
248790619
248790626
248790750
248790778
248790893
248790927
248791204
248791258
248791572
248791602
248791915
248792149
248792284
248792315
248792351
248792695
248792730
248792814
248792908
248792958
248793260
248793282
248793294
248793369
248793520
248793648
248793663
248793666
248793731
248794116
248794188
248794189
248794359
248794362
248794438
248794644
248794679
248794769
248794800
248795025
248795026
248795038
248795089
248795131
248795175
248795201
248795369
248795376
248796012
248796444
248796476
248796641
248796703
248796725
248796793
248796890
248796903
248796904
248796917
248796946
248796957
248797009
248797189
248797610
248797696
248797875
248798132
248798538
248798576
248798600
248798990
248799007
248799041
248799177
248799528
248799565
248799675
248799692
248799717
248799764
248799848
248800074
248800096
248800236
248800302
248800371
248800548
248800674
248800794
248800795
248800927
248801321
248801445
248801630
248801637
248801661
248801759
248801780
248801827
248802082
248802166
248802205
248802440
248802641
248802722
248802853
248802866
248803053
248803106
248803157
248803182
248803552
248803693
248803735
248803790
248804035
248804052
248804291
248804444
248804828
248804953
248805041
248805060
248805413
248805424
248805442
248805616
248805634
248805689
248805785
248806014
248806018
248806076
248806079
248806250
248806286
248806296
248806422
248806511
248806642
248806918
248807023
248807082
248807091
248807172
248807503
248807525
248807558
248807623
248807633
248807656
248807657
248807675
248807690
248808068
248808096
248808212
248808254
248808454
248808506
248808537
248808857
248808858
248808881
248808886
248808900
248809014
248809025
248809071
248809264
248809342
248809696
248809697
248809774
248809885
248809893
248809979
249029797
249029916
249029984
249029995
249030320
249030372
249030540
249030568
249030639
249030675
249030952
249030980
249031002
249031012
249031063
249031082
249031156
249031194
249031241
249031288
249031317
249031322
249031325
249031355
249031533
249031581
249031666
249031673
249031678
249031701
249031718
249031923
249031999
249032003
249032013
249032036
249032065
249032073
249032259
249032280
249032372
249032403
249032427
249032438
249032459
249032741
249033105
249033122
249033387
249033506
249033550
249033593
249033706
249033724
249033786
249033802
249033831
249033925
249033998
249034169
249034195
249034270
249034383
249034389
249034422
249034443
249034463
249034603
249034718
249034862
249034986
249034997
249035026
249035086
249035296
249035415
249035444
249035567
249035593
249035732
249035844
249035913
249036003
249036045
249036046
249036075
249036083
249036365
249036419
249036497
249036512
249036520
249036523
249036953
249036965
249037020
249037042
249037045
249037048
249037222
249037435
249037502
249037554
249037565
249037615
249037934
249037935
249038046
249038063
249038133
249038160
249038168
249038200
249038213
249038471
249038540
249038858
249038960
249038996
249039102
249039171
249039284
249039285
249039392
249039414
249039526
249039621
249039691
249039840
249040032
249040141
249040337
249040408
249040528
249040617
249040741
249040826
249040911
249041085
249041107
249041233
249041284
249041330
249041396
249041469
249041610
249041646
249041729
249041769
249041802
249041956
249042059
249042140
249042239
249042304
249042405
249042432
249042464
249042481
249042492
249042675
249042798
249042838
249043098
249043142
249043160
249043245
249043450
249043598
249043653
249043865
249043883
249043961
249043972
249044015
249044049
249044234
249044506
249044552
249044624
249044873
249045001
249045053
249045304
249045481
249045524
249045538
249045642
249045647
249045648
249045951
249046006
249046023
249046047
249046167
249046202
249046361
249046367
249046379
249046423
249046599
249046619
249046628
249046656
249046725
249046749
248907496
248907499
248907575
248907626
248907777
248908024
248908026
248908043
248908242
248908338
248908494
248908675
248908709
248908790
248908810
248908817
248908867
248908901
248908951
248909262
248909290
248909398
248909490
248909565
248909619
248909666
248909694
248909716
248909993
248910201
248910409
248910596
248910787
248910922
248911018
248911657
248911702
248911824
248911929
248912033
248912069
248912166
248912333
248912342
248912600
248912623
248912635
248912767
248912768
248912785
248912994
248913022
248913026
248913139
248913310
248913340
248913362
248913384
248913475
248913594
248913616
248913632
248913706
248913963
248913997
248914118
248914143
248914145
248914215
248914414
248914427
248914436
248914619
248914627
248914686
248914687
248914695
248914809
248914830
248914915
248915326
248915336
248915351
248915386
248915737
248915810
248915872
248915990
248916015
248916049
248916056
248916073
248916125
248916385
248916483
248916546
248916753
248916947
248916964
248917249
248917351
248917410
248917427
248917428
248917696
248917715
248917734
248917789
248917840
248917853
248917879
248917920
248918013
248918082
248918154
248918235
248918390
248918483
248918522
248918673
248918722
248919063
248919109
248919355
248919398
248919401
248919538
248919539
248919552
248919574
248919739
248919759
248919861
248919862
248919918
248920382
248920449
248920634
248920808
248920939
248920960
248921029
248921107
248921132
248921170
248921203
248921368
248921514
248921543
248921555
248921597
248921676
248921679
248922098
248922118
248922193
248922248
248922322
248922364
248922425
248922562
248922746
248922758
248922859
248922892
248922954
248922987
248923026
248923109
248923214
248923370
248923537
248923606
248923785
248923850
248923947
248924167
248924290
248924297
248924703
248924823
248924848
248924934
248924937
248925050
248925124
248925156
248925444
248925480
248925497
248925505
248925545
248925594
248925936
248925943
248926161
248926183
248926353
248926399
248926418
248926740
248926793
248926794
248926809
248926815
248926818
248926855
248926954
248927028
248927176
248927195
248927348
248927388
248927402
248927467
248927478
248927498
248927640
248927694
248927702
248927723
248927728
248927748
248927775
248867973
248868250
248868269
248868320
248868396
248868432
248868647
248868780
248868783
248868821
248868846
248868926
248868935
248868967
248869036
248869065
248869170
248869172
248869347
248869498
248869687
248869763
248870073
248870074
248870252
248870291
248870417
248870596
248870730
248870770
248870810
248870823
248871349
248871402
248871403
248871625
248871652
248871815
248871818
248871925
248872064
248872150
248872183
248872338
248872501
248872548
248872637
248872923
248873026
248873076
248873097
248873287
248873397
248873481
248873502
248873551
248873602
248873611
248873631
248873848
248874035
248874065
248874211
248874229
248874231
248874319
248874322
248874324
248874341
248874353
248874372
248874462
248874674
248874810
248874938
248875073
248875108
248875250
248875255
248875377
248875595
248875639
248875650
248875691
248875697
248875706
248875900
248875915
248875959
248876004
248876035
248876061
248876131
248876158
248876164
248876242
248876473
248876563
248876777
248876884
248876904
248877351
248877377
248877425
248877459
248877692
248877714
248877778
248877870
248877897
248877921
248877979
248878104
248878120
248878199
248878340
248878367
248878379
248878406
248878566
248878637
248878723
248878781
248878872
248878914
248879069
248879115
248879198
248879263
248879279
248879297
248879348
248879381
248879392
248879475
248879480
248879582
248879638
248879877
248879910
248879984
248880038
248880050
248880248
248880286
248880434
248880451
248880705
248880743
248880771
248880825
248880971
248881190
248881220
248881250
248881358
248881513
248881698
248881744
248881760
248881790
248881958
248881964
248882002
248882107
248882148
248882500
248882584
248882656
248882672
248882802
248883072
248883188
248883261
248883322
248883352
248883444
248883464
248883767
248883818
248884011
248884040
248884286
248884421
248884422
248884486
248884757
248885109
248885247
248885251
248885429
248885460
248885628
248885712
248885787
248886004
248886025
248886077
248886106
248886112
248886427
248886445
248886477
248886565
248886626
248886643
248886793
248886866
248886901
248887231
248887314
248887429
248887494
248887804
248887916
248887926
248887927
248887929
248888000
248888050
248888235
248888334
248888557
248888687
248888756
249064405
249064517
249064522
249064619
249064716
249064769
249064813
249064821
249065009
249065166
249065289
249065416
249065465
249065683
249065843
249065846
249065854
249065872
249065960
249066127
249066185
249066246
249066513
249067043
249067076
249067114
249067166
249067244
249067338
249067412
249067655
249067676
249067677
249067684
249067701
249067963
249067983
249068067
249068098
249068232
249068723
249068892
249068921
249068954
249069177
249069229
249069350
249069372
249069391
249069505
249069756
249069806
249069862
249069869
249069958
249069959
249070032
249070245
249070265
249070372
249070415
249070507
249070509
249070616
249070709
249070909
249070941
249071109
249071133
249071197
249071248
249071301
249071418
249071431
249071437
249071472
249071500
249071817
249071869
249071919
249072063
249072470
249072669
249072765
249072900
249072980
249073117
249073163
249073717
249073735
249073785
249073988
249073999
249074290
249074312
249074320
249074419
249074428
249074681
249074708
249074797
249074995
249075020
249075317
249075653
249075690
249075773
249075783
249076081
249076186
249076206
249076262
249076288
249076350
249076497
249076522
249076552
249076601
249076602
249076725
249077068
249077143
249077155
249077164
249077447
249077470
249077498
249077620
249077660
249077691
249077981
249078134
249078136
249078247
249078270
249078498
249078564
249078629
249078863
249079039
249079154
249079155
249079215
249079452
249079470
249079508
249079603
249079610
249079818
249079825
249079951
249080108
249080204
249080241
249080628
249080643
249080867
249080948
249081078
249081163
249081259
249081421
249081462
249081464
249081510
249081538
249081726
249081823
249082038
249082254
249082324
249082505
249082597
249082609
249082635
249082964
249083045
249083048
249083063
249083150
249083166
249083265
249083534
249083551
249083591
249083662
249083740
249083927
249083979
249083986
249084281
249084561
249084593
249084699
249084700
249084737
249084789
249084912
249084916
249085047
249085241
249085299
249085316
249085337
249085636
249085679
249085685
249085713
249085917
249086030
249086034
249086041
249086043
249086047
249086096
249086189
249086253
249086338
249086428
249086704
249086832
249086863
249087191
249087258
249087266
249087278
249087343
249087482
249087495
249087529
249087644
249088054
249088091
249088459
249088606
249088661
249088727
249089001
249089062
249089208
249089322
249089364
249089451
249089457
249089478
249089532
249089638
249090047
249090062
249090289
249090605
249090881
249090920
249090923
249090928
249091154
249091453
249091584
249091657
249091964
249092036
249092134
249092275
249092359
249092363
249092495
249092651
249092760
249092789
249092863
249092960
249093024
249093059
249093142
249093322
249093397
249093832
249093924
249094041
249094063
249094198
249094344
249094348
249094473
249094481
249094498
249094500
249094505
249094947
249094977
249095020
249095073
249192836
249193296
249193317
249193465
249193479
249193509
249193615
249193685
249194113
249194156
249194405
249194747
249194748
249194902
249194983
249195305
249195321
249195404
249195603
249195729
249196012
249196047
249196147
249197141
249197142
249197169
249197351
249197479
249197967
249197980
249198013
249198018
249198028
249198085
249198128
249198321
249198349
249198546
249198550
249198560
249198579
249198726
249198859
249198918
249199526
249199533
249199536
249199831
249200304
249200316
249200352
249200397
249200461
249200756
249200781
249200849
249201067
249201077
249201158
249201310
249201399
249201552
249201620
249202035
249202259
249202392
249203006
249203029
249203476
249203599
249203776
249203847
249203857
249203951
249203978
249204256
249204277
249204551
249204734
249204816
249204923
249205165
249205222
249205237
249205347
249205650
249205663
249205904
249205926
249206202
249206621
249206634
249206749
249206759
249206760
249206842
249206910
249206912
249206944
249206951
249207137
249207774
249207823
249178874
249178880
249179345
249179567
249179582
249179641
249179847
249180223
249180275
249180300
249180312
249180362
249180626
249180969
249181053
249181186
249181188
249181444
249181463
249181487
249181492
249181578
249181947
249182168
249182308
249182524
249182536
249182697
249182789
249182896
249182931
249183009
249183022
249183258
249183287
249183295
249183327
249183367
249183454
249183604
249183640
249183761
249183832
249183898
249184196
249184198
249184341
249184371
249184377
249184397
249184459
249184584
249184738
249184825
249184827
249184941
249184967
249185376
249185525
249185542
249185621
249185779
249185790
249185815
249186114
249186258
249186730
249186810
249186847
249186875
249187082
249187167
249187274
249187407
249187540
249187587
249187615
249187745
249187772
249187820
249187877
249187903
249187940
249188321
249188496
249188631
249188650
249188717
249188814
249188947
249188995
249188997
249189014
249189080
249189237
249189311
249189316
249189721
249190003
249190076
249190185
249190186
249190294
249190295
249190447
249190584
249190635
249190864
249190910
249190917
249191037
249191075
249191487
249191562
249192071
249192345
249192385
249192398
249192545
249047074
249047149
249047167
249047283
249047762
249047871
249048108
249048146
249048156
249048160
249048204
249048213
249048319
249048488
249048568
249049245
249049352
249049428
249050288
249050386
249050451
249050555
249050630
249050657
249050762
249050856
249050982
249051058
249051081
249051098
249051319
249051341
249051343
249051364
249051472
249051502
249052165
249052377
249052388
249052441
249052582
249052653
249052867
249053152
249053158
249053194
249053246
249053357
249053443
249053608
249053613
249053707
249053765
249053906
249054211
249054235
249054437
249054509
249054543
249054662
249054765
249055139
249055174
249055178
249055542
249055553
249055700
249055793
249055795
249055916
249056237
249056284
249056355
249056530
249056624
249056651
249056757
249056764
249056864
249056933
249057032
249057116
249057186
249057405
249057554
249057817
249058103
249058139
249058223
249058356
249058361
249058379
249058452
249058798
249058893
249059244
249059291
249059371
249059394
249059450
249059763
249059810
249059814
249059837
249059865
249059952
249060188
249060271
249060283
249060294
249060310
249060823
249060841
249060892
249060930
249060997
249061013
249061028
249061033
249061252
249061255
249061411
249061468
249061517
249061559
249061566
249062006
249062016
249062146
249062166
249062317
249062492
249062670
249062671
249062703
249062751
249062766
249063231
249063286
249063307
249063395
249063396
249063446
249063582
249063622
249063808
249095584
249095585
249095590
249095914
249095917
249095921
249095925
249096203
249096229
249096675
249096682
249096738
249097211
249097613
249097623
249097628
249097678
249097688
249097705
249097950
249098014
249098107
249098178
249098233
249098248
249098302
249098324
249098334
249098598
249098741
249098755
249098883
249099235
249099236
249099271
249099685
249099773
249099805
249099945
249099948
249100087
249100314
249100435
249100444
249100487
249100838
249100850
249100852
249101181
249101487
249101532
249101880
249102227
249102345
249102532
249102954
249103008
249103251
249103270
249103324
249103505
249103517
249103577
249103593
249103706
249103733
249103734
249103913
249104129
249104140
249104197
249104199
249104238
249104263
249104542
249104889
249104914
249105098
249105201
249105361
249105427
249105445
249105631
249105716
249105753
249105969
249106148
249106237
249106284
249106378
249106508
249106669
249106676
249106952
249107060
249107271
249107274
249107721
249107728
249107768
249107836
249107856
249107929
249108238
249108273
249108296
249108363
249108469
249108518
249108548
249108632
249108802
249108922
249108929
249108934
249109082
249109175
249109208
249109218
249109245
249109274
249109362
249109676
249109688
249109850
249109873
249109929
249109992
249110296
249110388
249110478
249110494
249110625
249110713
249110788
249110869
249110878
249110948
249111068
249111291
249111413
249111761
249111780
249111863
249111901
249111926
249111966
249162998
249163005
249163015
249163046
249163055
249163361
249163401
249163510
249163570
249163626
249163632
249163663
249164039
249164056
249164600
249164614
249164699
249164808
249164854
249164923
249164931
249165045
249165402
249165536
249165677
249165841
249166041
249166048
249166070
249166075
249166127
249166141
249166190
249166237
249166361
249166521
249166528
249167431
249167473
249167573
249167681
249167792
249167930
249167981
249168202
249168297
249168379
249168399
249168413
249168537
249168617
249168854
249168930
249168957
249168969
249168981
249169070
249169117
249169126
249169262
249169353
249169455
249169497
249169570
249169671
249169714
249169862
249169946
249169972
249170070
249170087
249170218
249170439
249170532
249170655
249170657
249170800
249170848
249170941
249171035
249171041
249171061
249171198
249171250
249171280
249171312
249171345
249171407
249171423
249171428
249171511
249171529
249171591
249171592
249171840
249171902
249171961
249171966
249172213
249172324
249172514
249172854
249172863
249172892
249172906
249172954
249173027
249173029
249173090
249173315
249173341
249173348
249173575
249173688
249173873
249173936
249173957
249174017
249174361
249174583
249174586
249174878
249175015
249175094
249175297
249175332
249175346
249175582
249175893
249175900
249176002
249176246
249176252
249176453
249176478
249176489
249176531
249176618
249176621
249176799
249176904
249176935
249176953
249177085
249177225
249177391
249177397
249177485
249177549
249177696
249177815
249177909
249177960
249177974
249178058
249178107
249178364
249178542
249178572
249178595
249178601
249178626
249178651
249178669
249291952
249291974
249292194
249292206
249292407
249292524
249292755
249292826
249292996
249293063
249293266
249293397
249293424
249293819
249293880
249294039
249294177
249294290
249294506
249294598
249294615
249294618
249294622
249294868
249294879
249295332
249295604
249295903
249295984
249296006
249296034
249296046
249296056
249296116
249296138
249296518
249296591
249296881
249296895
249296929
249296932
249297265
249297682
249297756
249297768
249297892
249297994
249298000
249298033
249298139
249298336
249298384
249298492
249298561
249298769
249298809
249298920
249298929
249298976
249298978
249298999
249299038
249299158
249299189
249299249
249299253
249299474
249299545
249299772
249299947
249299964
249300265
249300280
249300298
249300312
249300383
249300738
249300833
249300867
249300881
249301105
249301171
249301211
249301260
249301488
249301541
249301694
249301945
249302360
249302550
249302988
249303172
249303222
249303293
249303350
249303446
249303778
249303871
249303991
249304000
249304014
249304473
249304509
249304640
249304939
249305037
249305121
249305403
249305420
249305953
249305977
249306374
249306502
249306531
249306702
249306754
249306791
249306816
249306896
249306926
249306930
249307098
249307132
249307297
249307417
249307481
249307588
249307611
249113083
249113304
249113521
249113838
249114403
249114496
249114565
249114577
249114876
249114891
249114911
249115023
249115088
249115151
249115204
249115323
249115358
249115665
249115878
249115897
249115937
249115948
249115962
249116065
249116170
249116278
249116791
249116805
249116815
249116824
249116844
249116870
249116897
249116903
249116951
249116965
249116993
249117083
249117096
249117098
249117167
249117202
249117565
249117577
249117579
249117623
249117722
249117846
249118075
249118229
249118305
249118377
249118417
249118564
249118670
249119430
249119464
249120148
249120375
249120406
249120426
249120479
249120981
249120991
249121132
249121600
249121601
249121913
249122114
249122138
249122565
249122713
249122862
249122966
249122980
249122985
249123052
249123211
249123230
249123239
249123311
249123361
249123471
249123551
249123590
249123698
249124129
249124281
249124358
249124417
249124429
249124462
249124662
249125038
249125181
249125189
249125648
249125706
249125740
249125799
249125807
249125915
249125959
249126033
249126070
249126071
249126313
249126403
249126432
249126459
249126517
249126653
249126954
249126996
249127088
249127114
249127186
249127196
249127728
249127880
249128008
249128058
249128139
249128210
249128369
249128423
249128450
249128468
249128527
249128550
249128561
249128690
249128713
249128747
249128754
249128760
249128795
249128796
249128866
249128887
249128961
249129032
249129070
249129083
249129094
249129246
249129252
249129319
249129441
249129712
249129734
249129854
249130028
249130851
249132069
249132225
249132272
249132338
249132661
249132927
249132931
249132962
249132969
249133023
249133042
249133063
249133148
249133171
249133192
249133229
249133319
249133330
249133396
249133475
249133510
249133525
249133546
249133552
249133572
249133655
249133724
249133877
249133888
249133916
249133957
249134017
249134079
249134126
249134417
249134439
249134477
249135029
249135266
249135293
249135312
249135314
249135323
249135330
249135414
249135447
249135452
249135471
249135490
249135504
249135522
249135567
249135579
249135580
249135676
249135784
249135829
249135906
249135913
249135936
249135959
249135969
249136034
249136212
249136436
249136521
249136777
249136904
249137561
249138113
249138313
249138344
249138454
249138573
249138576
249138884
249138903
249138905
249139346
249140334
249140404
249140464
249140465
249140471
249140495
249140572
249140695
249140696
249140720
249140778
249140793
249140798
249140839
249141198
249141223
249141371
249141397
249141495
249141841
249142111
249142140
249142165
249142444
249142475
249142506
249142553
249142591
249142595
249142599
249142639
249142716
249142807
249142831
249142884
249143029
249143060
249143120
249143408
249143514
249143913
249143996
249144085
249144230
249144237
249144264
249144357
249144420
249144620
249144777
249145332
249208190
249208291
249208584
249208674
249208752
249208755
249208800
249208814
249209427
249209634
249209682
249209774
249209838
249210020
249210115
249210162
249210192
249210239
249210624
249210838
249210887
249210966
249211134
249211214
249211287
249211360
249211421
249211516
249211540
249211737
249211769
249211824
249211837
249211928
249212203
249212230
249212271
249212329
249212363
249212383
249212674
249212688
249212801
249212835
249212850
249212865
249212915
249212936
249212983
249213025
249213117
249213232
249213303
249213401
249213406
249213646
249213863
249213868
249213901
249213982
249214023
249214138
249214160
249214451
249214475
249214566
249214641
249214746
249214794
249214799
249214838
249214960
249214987
249215086
249215101
249215172
249215412
249215462
249215495
249215530
249215533
249215535
249215540
249215748
249215803
249215886
249216047
249216083
249216177
249216451
249216460
249216501
249216538
249216564
249216899
249217074
249217206
249217538
249217671
249217682
249217689
249217776
249217877
249218029
249218151
249218243
249218591
249218596
249218709
249218715
249219043
249219063
249219070
249219080
249219179
249219285
249219313
249219731
249219737
249219902
249219956
249220084
249220125
249220131
249220152
249220360
249220368
249220678
249220789
249220790
249220801
249220820
249221108
249221116
249221263
249221283
249221295
249221374
249221420
249221463
249221472
249221701
249221759
249221831
249221836
249222013
249222092
249222221
249222424
249222458
249222481
249222866
249222867
249222881
249223142
249223395
249223498
249223615
249223674
249223764
249223789
249223975
249224223
249224373
249224394
249224507
249224516
249224540
249275246
249275343
249275363
249275369
249275386
249275731
249275938
249276130
249276147
249276186
249276384
249276538
249276549
249277308
249277371
249277377
249277413
249277517
249277562
249277836
249278715
249278998
249279043
249279103
249279108
249279111
249279129
249279417
249279486
249279540
249279720
249279866
249280012
249280377
249280617
249280726
249280751
249281137
249281469
249281482
249281698
249281973
249282070
249282203
249282228
249282489
249282564
249282793
249282998
249283182
249283285
249283567
249283698
249283705
249283709
249284115
249284118
249284227
249284611
249284672
249284688
249284716
249284740
249284950
249285055
249285198
249285321
249285551
249285593
249285725
249285768
249285791
249285875
249286192
249286271
249286292
249286611
249286773
249286778
249286982
249287123
249287128
249288130
249288333
249288471
249288764
249288928
249289042
249289143
249289277
249289542
249290009
249290013
249290076
249290328
249290973
249291071
249291173
249291358
249291541
249145958
249145966
249145985
249146035
249146040
249146176
249146327
249146343
249146386
249146513
249146547
249146623
249146701
249146799
249146834
249146877
249147201
249147346
249147435
249147471
249147529
249147698
249147732
249147826
249147843
249147907
249148209
249148552
249149126
249149138
249149262
249149386
249149423
249149453
249149468
249149536
249149541
249149740
249149744
249149780
249150261
249150274
249150275
249150279
249150403
249150798
249150814
249150866
249150895
249151167
249151213
249151215
249151304
249151330
249151476
249151567
249151623
249151899
249151975
249152316
249152437
249152548
249152645
249152669
249153084
249153275
249153312
249153383
249153396
249153420
249153421
249153450
249153603
249153745
249153771
249153772
249153826
249153861
249153947
249153959
249154027
249154137
249154150
249154385
249154473
249154675
249154691
249155019
249155022
249155136
249155420
249155553
249155847
249156042
249156114
249156152
249156202
249156214
249156426
249156467
249156806
249156935
249156996
249157007
249157121
249157140
249157180
249157201
249157225
249157329
249157381
249157902
249157984
249158208
249158216
249158274
249158283
249158303
249158307
249158376
249158385
249158652
249158672
249158781
249158956
249159022
249159038
249159062
249159131
249159296
249159371
249159401
249159428
249159641
249159669
249159718
249159725
249159779
249159793
249159894
249159895
249160024
249160034
249160059
249160100
249160246
249160256
249160260
249160721
249160799
249160823
249160952
249160975
249161072
249161078
249161325
249161330
249161339
249161410
249161696
249161773
249161825
249161861
249162058
249162227
249162228
249162286
249162379
249162388
249162390
249162395
249162529
249162570
249162605
249308033
249308243
249308330
249308360
249308457
249308617
249308690
249308825
249308856
249308866
249308895
249309218
249309446
249309486
249309640
249309736
249309846
249309903
249309989
249310172
249310191
249310195
249310221
249310404
249310405
249310501
249310510
249310578
249310886
249311013
249311068
249311079
249311093
249311413
249311572
249311631
249311718
249312007
249312022
249312055
249312119
249312420
249312531
249312703
249312708
249312718
249312756
249312764
249312790
249312801
249312996
249313173
249313208
249313230
249313679
249313682
249313735
249313853
249314084
249314088
249314106
249314188
249314200
249314202
249314235
249314354
249314748
249314760
249314823
249315506
249315600
249315622
249315688
249315874
249315927
249316118
249316188
249316204
249316323
249316324
249316458
249316934
249316956
249317093
249317363
249317661
249317835
249317848
249317849
249317906
249317917
249317982
249318412
249318419
249318444
249318483
249318738
249318806
249318861
249318908
249318986
249319022
249319025
249319032
249319051
249319104
249319287
249319344
249319368
249319374
249319441
249319465
249319658
249319752
249319886
249319912
249320087
249320352
249320435
249320599
249320830
249320992
249321096
249321326
249321455
249321479
249321532
249321554
249321561
249321852
249321926
249322030
249322145
249322149
249322572
249322909
249322922
249322926
249323103
249323113
249323466
249323582
249323626
249323829
249323922
249324048
249324086
249324237
249324658
249324678
249324692
249324708
249324715
249324891
249324912
249325030
249325098
249325214
249325266
249325324
249325672
249325772
249325793
249325829
249326303
249326304
249326338
249326385
249326769
249326796
249326816
249326971
249327163
249327257
249327424
249327432
249327433
249327478
249327557
249327642
249327802
249327852
249327885
249328015
249328020
249328064
249328100
249328223
249328235
249328284
249328381
249328465
249328598
249328611
249328719
249329058
249329322
249329525
249329635
249329700
249329731
249329801
249329840
249330105
249330121
249330144
249330173
249330214
249330241
249330259
249330264
249330270
249330383
249330694
249330771
249330860
249330920
249330972
249331201
249331312
249331317
249331340
249331343
249331358
249331625
249331711
249331713
249331900
249332018
249332048
249332269
249332316
249332328
249332341
249332359
249332477
249332641
249332669
249332796
249332821
249332884
249332984
249333047
249333121
249333157
249333200
249333216
249333299
249333440
249333467
249333830
249333838
249333839
249334265
249334280
249334293
249334309
249334545
249334759
249334930
249335078
249335373
249335496
249335879
249336035
249336457
249336464
249336583
249336752
249336803
249336901
249337249
249337337
249337584
249337658
249337667
249337830
249337920
249338005
249338028
249338311
249338374
249338385
249338398
249338477
249338790
249338795
249338904
249339006
249339119
249339137
249339312
249339418
249339748
249339771
249339865
249339878
249339888
249340076
249340194
249340262
249340302
249340306
249340452
249340641
249340829
249340836
249340880
249341029
249341306
249341339
249341440
249341588
249341610
249341791
249341809
249341816
249342046
249342180
249342331
249224723
249224815
249224837
249224928
249224950
249224951
249225099
249225292
249225440
249225499
249225519
249225538
249225687
249225930
249226075
249226078
249226482
249226607
249226748
249226810
249226847
249227131
249227132
249227255
249227282
249227366
249227413
249227502
249227687
249227855
249228144
249228311
249228354
249228637
249228752
249228842
249228843
249228860
249229014
249229162
249229164
249229233
249229500
249229663
249229698
249229884
249229986
249230167
249230177
249230303
249230309
249230342
249230364
249230365
249230652
249230693
249230727
249230732
249230878
249231024
249231079
249231200
249231370
249231379
249231388
249231513
249231522
249231529
249231530
249231573
249231772
249231940
249231941
249231942
249232397
249232500
249232533
249232573
249232584
249232597
249232637
249232642
249232766
249232902
249232990
249232997
249233148
249233190
249233258
249233715
249233823
249233836
249233847
249233886
249234174
249234198
249234199
249234223
249234259
249234346
249234362
249234411
249234541
249234565
249234576
249234682
249234824
249234836
249235081
249235303
249235351
249235527
249235536
249235595
249235726
249236292
249236431
249236437
249236516
249236617
249236888
249237013
249237077
249237371
249237386
249237389
249237394
249237432
249237440
249237443
249237680
249237711
249237732
249237767
249237839
249238131
249238191
249238205
249238415
249238446
249238514
249238550
249238583
249238850
249238893
249238931
249239011
249239023
249239042
249239053
249239290
249239358
249239598
249239600
249239799
249239828
249239848
249239962
249240158
249240602
249240726
249240784
249240790
249240974
249241294
249241295
249241500
249241803
249241944
249242054
249242064
249242108
249242255
249242404
249242410
249242411
249242435
249242900
249243121
249243137
249243170
249243205
249243315
249243376
249243590
249243640
249243723
249243732
249243757
249243760
249243763
249243785
249243904
249244007
249244041
249244191
249244484
249244510
249244512
249244514
249244697
249244826
249245148
249245410
249245451
249245467
249245482
249245602
249245910
249246274
249246278
249246639
249246860
249246950
249247151
249247207
249247222
249247290
249247697
249247725
249247778
249247779
249247895
249247960
249247981
249248034
249248231
249248326
249248370
249248380
249248492
249248671
249248780
249248813
249249147
249249413
249249640
249249650
249249672
249249693
249249887
249249897
249249937
249249959
249249981
249250179
249250212
249250306
249250312
249250378
249250628
249250819
249250824
249250832
249251027
249251058
249251438
249251492
249251746
249251762
249251764
249252196
249252484
249252486
249252507
249252662
249252726
249252838
249253045
249253324
249253326
249253332
249253354
249253683
249254036
249254161
249254251
249254266
249255394
249255425
249255474
249255476
249255559
249255741
249255882
249255916
249255948
249256082
249256344
249256412
249256554
249256638
249256661
249256916
249256956
249256967
249257160
249257201
249257280
249257658
249257848
249257926
249258151
249258193
249258289
249258313
249258321
249258450
249258489
249258676
249258725
249259066
249259323
249259391
249259571
249259724
249259779
249259944
249260072
249260330
249260356
249260366
249260441
249260471
249260663
249260673
249260920
249260965
249261016
249261046
249261181
249261386
249261433
249261583
249261632
249261759
249261901
249261927
249261965
249262067
249262113
249262121
249262158
249262221
249262252
249262253
249262271
249262311
249262536
249262558
249262583
249262635
249262770
249262796
249262818
249262952
249263008
249263131
249263134
249263166
249263307
249263343
249263713
249263717
249263764
249263866
249263891
249263943
249264032
249264046
249264223
249264305
249264365
249264772
249264959
249265054
249265114
249265124
249265133
249265142
249265201
249265249
249265285
249265328
249265396
249265450
249265735
249265749
249265769
249266055
249266089
249266515
249266527
249266551
249266609
249266618
249266884
249266899
249266944
249267047
249267243
249267461
249267530
249267581
249267786
249267851
249267944
249268109
249268147
249268282
249268469
249268564
249268591
249268789
249268875
249269133
249269223
249269301
249269350
249269531
249269592
249269651
249269653
249269682
249269686
249269705
249269707
249269726
249269784
249270094
249270166
249270322
249270457
249270494
249270695
249270780
249270816
249270856
249270874
249270903
249271090
249271212
249271353
249271449
249271584
249271756
249271889
249272175
249272289
249272357
249272442
249272457
249272520
249272621
249272776
249272834
249272920
249272931
249272986
249273016
249273295
249273619
249273649
249273795
249273821
249273828
249273942
249273974
249273976
249274025
249274244
249274350
249274567
249274829
249274878
249274923
249274930
249275007
249275012
249275025
249414951
249414996
249415342
249415482
249415490
249415505
249415665
249415695
249415856
249415906
249416047
249416306
249416386
249416400
249416842
249416937
249416938
249417008
249417037
249417080
249417269
249417537
249417571
249417588
249417591
249417690
249417983
249418010
249418122
249418136
249418138
249418346
249418603
249418712
249418719
249418726
249418849
249418850
249419143
249419289
249419724
249420284
249420931
249421729
249422067
249422164
249422175
249422745
249422874
249422949
249422966
249422967
249423317
249423523
249423558
249423676
249423752
249423816
249423899
249424167
249424180
249424201
249424242
249424284
249424349
249424405
249424517
249424559
249424618
249424912
249425266
249425285
249425898
249426342
249426343
249426423
249426512
249426853
249427082
249427091
249427168
249427198
249427274
249427280
249427301
249427308
249427484
249427885
249427923
249427940
249427957
249427972
249428167
249428254
249428409
249428427
249428495
249428587
249428708
249428957
249429298
249429641
249429862
249430304
249430308
249430340
249430410
249430473
249430718
249430884
249430912
249431026
249342392
249342404
249342501
249342541
249342570
249342616
249342713
249342729
249342772
249342897
249343076
249343237
249343284
249343332
249343363
249343485
249343857
249343858
249343958
249344102
249344292
249344296
249344505
249344511
249344520
249344704
249344992
249345070
249345112
249345470
249345562
249345621
249345697
249345709
249345775
249345887
249345894
249346004
249346078
249346174
249346329
249346375
249346583
249346603
249346760
249346990
249347027
249347095
249347417
249347499
249347544
249347581
249347717
249347852
249347928
249347939
249348071
249348095
249348111
249348274
249348278
249348372
249348402
249348539
249348594
249348693
249349091
249349116
249349171
249349196
249349367
249349368
249349459
249349490
249349782
249349855
249349869
249349914
249349953
249350013
249350047
249350359
249350372
249350571
249350607
249350702
249350718
249350727
249350752
249350764
249350772
249350786
249350995
249351034
249351236
249351283
249351306
249351389
249351587
249351613
249351614
249351641
249351726
249351921
249351934
249352002
249352033
249352160
249352249
249352409
249352420
249352574
249352996
249353020
249353156
249353178
249353379
249353389
249353436
249353463
249353585
249353601
249353630
249354306
249354342
249354378
249354840
249354851
249354852
249354854
249354862
249354886
249354899
249355254
249355415
249355428
249355459
249355470
249355543
249355583
249355724
249355941
249356039
249356442
249356443
249356578
249356642
249356675
249356683
249356807
249356812
249356823
249357190
249357241
249357294
249357314
249357435
249357542
249357620
249357676
249357959
249358014
249358019
249358144
249358182
249358360
249358637
249358845
249358887
249358987
249359116
249359300
249359538
249359627
249359704
249359709
249359936
249359978
249360363
249360421
249360428
249360441
249361014
249361031
249361047
249361088
249361125
249361217
249361377
249361457
249361540
249361546
249361652
249361723
249361728
249361752
249361764
249361775
249361786
249431313
249431388
249431411
249431583
249431724
249432029
249432272
249432429
249432559
249432599
249432789
249432806
249432814
249433347
249433476
249433510
249433548
249433674
249434185
249434293
249434379
249434777
249434825
249435104
249435144
249435185
249435298
249435332
249435430
249435884
249436066
249436384
249436532
249436653
249436747
249436819
249436911
249436976
249436985
249437018
249437165
249437326
249437635
249437848
249437904
249438018
249438029
249438052
249438090
249438132
249438149
249438268
249438558
249438570
249438798
249438935
249439048
249439110
249439131
249439146
249439212
249439462
249439463
249439484
249439815
249440114
249440239
249440469
249440521
249440617
249440799
249440854
249441079
249441292
249441312
249441337
249441377
249441771
249441779
249441804
249441905
249441923
249442297
249442338
249442339
249442340
249442349
249442635
249442697
249442916
249442955
249442996
249443014
249443305
249443306
249443317
249443336
249443368
249443443
249443548
249443628
249443634
249443744
249443902
249443925
249443943
249443997
249444025
249444086
249444287
249444297
249444496
249444838
249444917
249445030
249445177
249445208
249445459
249445501
249445654
249445872
249445881
249446048
249446183
249446210
249446211
249446240
249446321
249446519
249446779
249446943
249447105
249447399
249447492
249447724
249447864
249448014
249448126
249448162
249448213
249448365
249448519
249448558
249396373
249396488
249396498
249396548
249396638
249396695
249396817
249396939
249396974
249397122
249397137
249397191
249397234
249397249
249397265
249397583
249397777
249397785
249397933
249397996
249398257
249398520
249398617
249398689
249398737
249398757
249398761
249398846
249398851
249399075
249399239
249399521
249399546
249399752
249399915
249400012
249400164
249400647
249400952
249401125
249401174
249401206
249401254
249401423
249401546
249401600
249401628
249401717
249402144
249402160
249402175
249402210
249402235
249402250
249402266
249402283
249402371
249402611
249402660
249402752
249402838
249402964
249403214
249403363
249403377
249403407
249403460
249403487
249403719
249403765
249403854
249404009
249404469
249404618
249404645
249404652
249404755
249404776
249404827
249404961
249405120
249405554
249405735
249405743
249405750
249405775
249405862
249405989
249406030
249406055
249406123
249406375
249406454
249406477
249406644
249406739
249406899
249407110
249407160
249407183
249407293
249407484
249407569
249407605
249407613
249407616
249407881
249407907
249407972
249408057
249408405
249409013
249409024
249409199
249409296
249409297
249409326
249409384
249409593
249409845
249410203
249410311
249410564
249410737
249410790
249410897
249410898
249411041
249411272
249411304
249411322
249411323
249411357
249411372
249411979
249412073
249412088
249412232
249412240
249412277
249412278
249412684
249412692
249412735
249412778
249413057
249413293
249413302
249413553
249413637
249413649
249413658
249413693
249413819
249413831
249413929
249414060
249414210
249414227
249414247
249414397
249414461
249414524
249414530
249362002
249362025
249362393
249362963
249363006
249363025
249363031
249363202
249363572
249363578
249363999
249364140
249364221
249364241
249364434
249364784
249364881
249365038
249365097
249365117
249365121
249365175
249365198
249365287
249365290
249365625
249365766
249365794
249366187
249366226
249366262
249366333
249366594
249366728
249366825
249367124
249367150
249367220
249367286
249367347
249367379
249367565
249367820
249368195
249368218
249368230
249368258
249368305
249368308
249368338
249368474
249368475
249368862
249370298
249370324
249370348
249370362
249370385
249370558
249370640
249370641
249370685
249370695
249370750
249370952
249370969
249371235
249371286
249371745
249371801
249372014
249372086
249372221
249372225
249372311
249372405
249372406
249372532
249372615
249372669
249372743
249372758
249372943
249373329
249373443
249373451
249373457
249373486
249373510
249373652
249373663
249373831
249373959
249373973
249373997
249374087
249374432
249374524
249374776
249374837
249374902
249374919
249374983
249375296
249375353
249375386
249375457
249375469
249375500
249375516
249375585
249375625
249375743
249375962
249376476
249376477
249376642
249377300
249377314
249377315
249377338
249377437
249377456
249377519
249377593
249377810
249378041
249546431
249546577
249546921
249546924
249546932
249546979
249547070
249547074
249547275
249547361
249547848
249548373
249548405
249549279
249549641
249549693
249549800
249549883
249550059
249550213
249550572
249550590
249550745
249550855
249551006
249551304
249551312
249551332
249551378
249551383
249551683
249551815
249551946
249552132
249552149
249552350
249552760
249552853
249552869
249552876
249553398
249553399
249553512
249553671
249553822
249553853
249553891
249553901
249553946
249554249
249554267
249554430
249554431
249554510
249554582
249554833
249554836
249554886
249555022
249555300
249555301
249555322
249555368
249555386
249555482
249555486
249555505
249555589
249555593
249555629
249555638
249555964
249556004
249556038
249556125
249556322
249556467
249556698
249556714
249556783
249556835
249556982
249557033
249557058
249557172
249557342
249557378
249557609
249557881
249558113
249558306
249558317
249558473
249558483
249558594
249558711
249559114
249559121
249559211
249559244
249559388
249559483
249559546
249559670
249559697
249559788
249560034
249560082
249560102
249560134
249560346
249560351
249560442
249560501
249560535
249561008
249561381
249561589
249561597
249561692
249561770
249562245
249562548
249562607
249562716
249562728
249562895
249562951
249563072
249563279
249563320
249563363
249563424
249467943
249467998
249468092
249468103
249468209
249468538
249468565
249468603
249468971
249468972
249469221
249469430
249469508
249469630
249469992
249470062
249470264
249470580
249470625
249470651
249470739
249470751
249470758
249470768
249471006
249471228
249471365
249471499
249471666
249471900
249471952
249472066
249472093
249472419
249472516
249472537
249472613
249472733
249472863
249472868
249472874
249472883
249472901
249472969
249473096
249473205
249473238
249473276
249473310
249473376
249473404
249473409
249473469
249473618
249473879
249473933
249474051
249474063
249474093
249474149
249474195
249474295
249474508
249474599
249474623
249474633
249474773
249474783
249474891
249474992
249475190
249475196
249475663
249475959
249475996
249476036
249476158
249476568
249476764
249476904
249476966
249477138
249477143
249477327
249477420
249477560
249477594
249477912
249477932
249477964
249477987
249478068
249478109
249478138
249478320
249478379
249478532
249478568
249479012
249479265
249479446
249479474
249479579
249479587
249479595
249479979
249480137
249480191
249480278
249480563
249480651
249481001
249481024
249481049
249481053
249481072
249481164
249481561
249481602
249482012
249482149
249482240
249482266
249482330
249482464
249482674
249482691
249482728
249482790
249482864
249482904
249483716
249483792
249484042
249484116
249484257
249484433
249484603
249484682
249484693
249484757
249484949
249485036
249485046
249485057
249485111
249485282
249485556
249485565
249485607
249485717
249485964
249485989
249485990
249486010
249486216
249486372
249486416
249486469
249486522
249486624
249486683
249486690
249486848
249486916
249487217
249487237
249487353
249487453
249487563
249487702
249487815
249488187
249488195
249488232
249488271
249488367
249488375
249488606
249488766
249488839
249488926
249489094
249378393
249378401
249378495
249378652
249378752
249378852
249379054
249379080
249379324
249379419
249379473
249379495
249379525
249379532
249379683
249380250
249380324
249380333
249380338
249380387
249380624
249380694
249380780
249380781
249380782
249380787
249380829
249381063
249381161
249381166
249381266
249381312
249381454
249381812
249381908
249382128
249382259
249382281
249382293
249382311
249382403
249382418
249382487
249382549
249382585
249382613
249382635
249382728
249382912
249382921
249382981
249382996
249383208
249383358
249383386
249383387
249383438
249383453
249383581
249383617
249383677
249383689
249383715
249384097
249384122
249384248
249384305
249384706
249384717
249384787
249384938
249385135
249385136
249385239
249385249
249385278
249385373
249385403
249385579
249385645
249385804
249386283
249386446
249386559
249386647
249386663
249386688
249386804
249386839
249387001
249387038
249387052
249387061
249387138
249387469
249387527
249387560
249387811
249387842
249387950
249387994
249388000
249388025
249388034
249388185
249388196
249388213
249388303
249388385
249388472
249388560
249388574
249388752
249389143
249389223
249389280
249389295
249389307
249389341
249389361
249389550
249389733
249389738
249389869
249389875
249390009
249390057
249390113
249390274
249390359
249390398
249390630
249390679
249390689
249390749
249390759
249390840
249390966
249391042
249391168
249391176
249391404
249391914
249391919
249391940
249392133
249392262
249392419
249392462
249392555
249392574
249392602
249392661
249392737
249393186
249393202
249393336
249393478
249393548
249393642
249393760
249393771
249393783
249393792
249393802
249393835
249393852
249393866
249393931
249394080
249394092
249394205
249394236
249394433
249394534
249394536
249394544
249394611
249394667
249394705
249394915
249395320
249395379
249395655
249396020
249396023
249563844
249563979
249563990
249564254
249564293
249564314
249564443
249564506
249564610
249564677
249564790
249565025
249565068
249565071
249565077
249565313
249565410
249565426
249565573
249565734
249565735
249565756
249565868
249566013
249566060
249566069
249566249
249566408
249566520
249566551
249566708
249566739
249566754
249566809
249566844
249566888
249566901
249567157
249567207
249567268
249567589
249567644
249567829
249567952
249567966
249568004
249568019
249568024
249568226
249568413
249568600
249568760
249568778
249568839
249569053
249569061
249569377
249569504
249569505
249569710
249570009
249570133
249570167
249570417
249570609
249570656
249570789
249571044
249571247
249571346
249571348
249571428
249571495
249571562
249571585
249571734
249572111
249572319
249572733
249572821
249572846
249572916
249573202
249573216
249573657
249573679
249573722
249573891
249573971
249573996
249574018
249574201
249574217
249574260
249574650
249574659
249574667
249574671
249574685
249574999
249575082
249575091
249575100
249575502
249575614
249575620
249575626
249576002
249576079
249576499
249576657
249576688
249576719
249577179
249577192
249577615
249577697
249577702
249577830
249578427
249578459
249578510
249578519
249578750
249578774
249578835
249579059
249579097
249579353
249579469
249579500
249579531
249579612
249579792
249579996
249580028
249580282
249580429
249580645
249580870
249580946
249580974
249581031
249581044
249581176
249581179
249581256
249581451
249527063
249527087
249527205
249527410
249527518
249527831
249527849
249527966
249528134
249528242
249528254
249528256
249528296
249528304
249528437
249528459
249528525
249528748
249529155
249529223
249529493
249529530
249529694
249529732
249529961
249530105
249530114
249530356
249530532
249530641
249530722
249530971
249531010
249531176
249531361
249531366
249531461
249531543
249531924
249532012
249532059
249532260
249532364
249532507
249532522
249532632
249532726
249532777
249532904
249532915
249532968
249533040
249533048
249533108
249533274
249533364
249533468
249533491
249533575
249533844
249534162
249534272
249534325
249534419
249534647
249534840
249534942
249535086
249535152
249535249
249535313
249535352
249535356
249535389
249535514
249536046
249536096
249536189
249536202
249536209
249536231
249536496
249536754
249536833
249536972
249537145
249537280
249537294
249537312
249537479
249537502
249537766
249537787
249537866
249537906
249537920
249537945
249538019
249538101
249538341
249538618
249538654
249538690
249538952
249538960
249539031
249539078
249539156
249539521
249539522
249539630
249539698
249539848
249539849
249539884
249539996
249540196
249540357
249540737
249540754
249541081
249541291
249541319
249541407
249541492
249541503
249541657
249541794
249541852
249542113
249542208
249542292
249542528
249542563
249542755
249542825
249542932
249543028
249543035
249543042
249543082
249543210
249543257
249543344
249543507
249543674
249543995
249544012
249544137
249544167
249544258
249544363
249544368
249544394
249544535
249544577
249544624
249544964
249544976
249545038
249545065
249545121
249545396
249545480
249545547
249545566
249545698
249545826
249545830
249545831
249545870
249448823
249448844
249448957
249449008
249449382
249449384
249449394
249449646
249449681
249449713
249449807
249449923
249450068
249450153
249450173
249450319
249450329
249450889
249450931
249450951
249451018
249451201
249451249
249451360
249451398
249451549
249452399
249452414
249452497
249452701
249452708
249453058
249453567
249453652
249453739
249453931
249453959
249453974
249454000
249454086
249454261
249454426
249454433
249454564
249454728
249454736
249454787
249454824
249454887
249454895
249454909
249454934
249455050
249455500
249455556
249455627
249455663
249455664
249455914
249455926
249455959
249456131
249456147
249456231
249456232
249456314
249456475
249456584
249456631
249456688
249456724
249456778
249456877
249456978
249457207
249457217
249457344
249457730
249457894
249458398
249458523
249458538
249458546
249458632
249458780
249458884
249458935
249458968
249459325
249459447
249459613
249459721
249459722
249460237
249460358
249460365
249460389
249460400
249460403
249460610
249460721
249460862
249461069
249461200
249461251
249461501
249461579
249461610
249462116
249462145
249462250
249462409
249462478
249462638
249462665
249462763
249462840
249462883
249463093
249463118
249463128
249463151
249463252
249463267
249463352
249463843
249463985
249464005
249464238
249464660
249464874
249465047
249465049
249465165
249465198
249465212
249465259
249465602
249465603
249465611
249465687
249465844
249465903
249466108
249466293
249466305
249466308
249466326
249466332
249466463
249466504
249466520
249466840
249467102
249467124
249467179
249467243
249467380
249467398
249467685
249467691
249467733
249467782
249507737
249507763
249507789
249507797
249507949
249508190
249508312
249508531
249508549
249508832
249508834
249508870
249509019
249509231
249509377
249509546
249509561
249509662
249509714
249509719
249509746
249509833
249510071
249510078
249510184
249510300
249510549
249510754
249510913
249511346
249511406
249511441
249511661
249512115
249512136
249512186
249512238
249512311
249512319
249512368
249512385
249512451
249512662
249512753
249512805
249512838
249512914
249512944
249513210
249513274
249513292
249513334
249513470
249513545
249513586
249513594
249513642
249513672
249513698
249513738
249514047
249514057
249514203
249514251
249514253
249514254
249514541
249514784
249514814
249514833
249514854
249514983
249515246
249515672
249515717
249515929
249515951
249516012
249516079
249516109
249516200
249516385
249516667
249516851
249516962
249516975
249517036
249517049
249517115
249517260
249517509
249517595
249517648
249517676
249517731
249518271
249518304
249518441
249518485
249518552
249518561
249518612
249518693
249518875
249519254
249519288
249519415
249519486
249519587
249519599
249519761
249519809
249519890
249520051
249520059
249520386
249520592
249520736
249520861
249520883
249520886
249520913
249520933
249520979
249521112
249521676
249521703
249522020
249522108
249522508
249522609
249522646
249522655
249522676
249522853
249522866
249522966
249523050
249523180
249523478
249523491
249523499
249523733
249523824
249523888
249523910
249524004
249524043
249524162
249524252
249524292
249524525
249524590
249524637
249524646
249524722
249524799
249524936
249525142
249525269
249525345
249525390
249525412
249525464
249525514
249525545
249525578
249525872
249525874
249526057
249526150
249526165
249526189
249526355
249526642
249526681
249526687
249526724
249526770
249526781
249489274
249489559
249489749
249489997
249490040
249490508
249490725
249491056
249491214
249491297
249491523
249491537
249491601
249491662
249491718
249491736
249492028
249492402
249492412
249492434
249492654
249492680
249492762
249492855
249492856
249492899
249493063
249493094
249493507
249493840
249493996
249494049
249494109
249494158
249494222
249494332
249494343
249494592
249494673
249494703
249494882
249494982
249495019
249495153
249495162
249495186
249495285
249495375
249495568
249495875
249495891
249496143
249496298
249496315
249496360
249496370
249496423
249496545
249496600
249496679
249496735
249496896
249496935
249496975
249497288
249497432
249497433
249497865
249498077
249498410
249498411
249498934
249498945
249499158
249499202
249499650
249499793
249499806
249499815
249499847
249500234
249500683
249500775
249500949
249501081
249501127
249501202
249501678
249501940
249502050
249502054
249502179
249502340
249502382
249502438
249502606
249502622
249503083
249503142
249503176
249503209
249503330
249503417
249503445
249503631
249503809
249503873
249503943
249504170
249504223
249504225
249504351
249504393
249504401
249504503
249504570
249504804
249504977
249504978
249505478
249505835
249505862
249506030
249506053
249506100
249506400
249506435
249506564
249506876
249506996
249507016
249507088
249507195
249507229
249507340
249507376
249581545
249581695
249581785
249581960
249581974
249582184
249582416
249582436
249582472
249582512
249582676
249582803
249582838
249582883
249582890
249582891
249582935
249582963
249582993
249583004
249583087
249583229
249583419
249583424
249583508
249583551
249583553
249583555
249583582
249583661
249583693
249583861
249584003
249584107
249584169
249584172
249584262
249584276
249584314
249584615
249584667
249584760
249584809
249584901
249584916
249585008
249585431
249585608
249585645
249585717
249585758
249585764
249585918
249585964
249585994
249586419
249586586
249586725
249586755
249586758
249586912
249586988
249587075
249587191
249587247
249587248
249587262
249587357
249587506
249587697
249587698
249587738
249587749
249587917
249587942
249588100
249588116
249588176
249588241
249588450
249588473
249588474
249588481
249588973
249589007
249589090
249589320
249589348
249589358
249589468
249589527
249589529
249589609
249589666
249589677
249589693
249589741
249589982
249590014
249590043
249590254
249590331
249590557
249590571
249590684
249590693
249590759
249590790
249590798
249590818
249590848
249590858
249590870
249591097
249591125
249591255
249591295
249591475
249591502
249591630
249591662
249591689
249591905
249591925
249592013
249592235
249592411
249592571
249592852
249592937
249592942
249593003
249593086
249593099
249593176
249593277
249593324
249593415
249593658
249593663
249593669
249594038
249594050
249594098
249594113
249594175
249594187
249594240
249594381
249594535
249594542
249594827
249594861
249595055
249595067
249595432
249595531
249595595
249595608
249595670
249595835
249595854
249596099
249596275
249596365
249596410
249596416
249596482
249596611
249596653
249596681
249597016
249597046
249597337
249597776
249598014
249598094
249598167
249598208
249598259
249598349
249598559
249598610
249598666
249598737
249598786
249598826
249598911
249598953
249599146
249599170
249599225
249599435
249599510
249599629
249599674
249600051
249600213
249600244
249600317
249659596
249659630
249659636
249659865
249660147
249660281
249660287
249660619
249660650
249660661
249660784
249660789
249660790
249660799
249660844
249660950
249661061
249661104
249661207
249661306
249661409
249661848
249661882
249661961
249661984
249662285
249662406
249662516
249662561
249662623
249662702
249662729
249662910
249662914
249662921
249663134
249663233
249663263
249663304
249663491
249663518
249663537
249663538
249663543
249663622
249663632
249663696
249663705
249663747
249664064
249664178
249664328
249664337
249664347
249664355
249664398
249664462
249664667
249664848
249664874
249665044
249665045
249665173
249665274
249665514
249665587
249665685
249665770
249665863
249665874
249665882
249665893
249665992
249666075
249666096
249666167
249666172
249666251
249666458
249666520
249666621
249666902
249666962
249667039
249667251
249667405
249667436
249667481
249667977
249668086
249668418
249668464
249668510
249668528
249668648
249668897
249668923
249668956
249669002
249669013
249669136
249669324
249669357
249669438
249669520
249669913
249670079
249670121
249670257
249670373
249670447
249670494
249670534
249670577
249670661
249670721
249670753
249670910
249671061
249671197
249671396
249671406
249671540
249671541
249671575
249671683
249671707
249671775
249671849
249672007
249672120
249672223
249672278
249672373
249672544
249672658
249672871
249672910
249672921
249672985
249673018
249673293
249673347
249673404
249673417
249673512
249673517
249673773
249673775
249673807
249673880
249674134
249674303
249674312
249674446
249674492
249674711
249674914
249674921
249674933
249674963
249675044
249675045
249675146
249675215
249675345
249675354
249675787
249675820
249675845
249676237
249676294
249676310
249676345
249676357
249676393
249676475
249676624
249676703
249676851
249677078
249677122
249677205
249677402
249677444
249677491
249677648
249677923
249677963
249678115
249600546
249600560
249600611
249600739
249600742
249601404
249601492
249601523
249601860
249601986
249602119
249602154
249602235
249602369
249602452
249602491
249602565
249602694
249602771
249602806
249603074
249603225
249603499
249603547
249603574
249603677
249603771
249603943
249603959
249604049
249604256
249604282
249604366
249604421
249604445
249604450
249604820
249604835
249604855
249604862
249604908
249605096
249605148
249605237
249605238
249605297
249605323
249605334
249605781
249605985
249606150
249606243
249606256
249606263
249606370
249606394
249606397
249606454
249606581
249606688
249606909
249607086
249607174
249607402
249607588
249607925
249607955
249608041
249608111
249608253
249608492
249609175
249609223
249609510
249609569
249610008
249610031
249610062
249610072
249610301
249610304
249610387
249610421
249610455
249610493
249610509
249610515
249610657
249610664
249611194
249611227
249611338
249611543
249611594
249611710
249611837
249612031
249612142
249612375
249612695
249612912
249613223
249613321
249613521
249613911
249613913
249613967
249614004
249614162
249614484
249614598
249614674
249614690
249614821
249614944
249615018
249615186
249615204
249615256
249615259
249615275
249615292
249615356
249615400
249615622
249615726
249615753
249615872
249616112
249616269
249616629
249616694
249616848
249616994
249617048
249617117
249617135
249617180
249617236
249617305
249617394
249617457
249617532
249617772
249617804
249618074
249618085
249618121
249618434
249618781
249618857
249618891
249619015
249619019
249619060
249619148
249619157
249619199
249619270
249619453
249619474
249619511
249619671
249619678
249619692
249619695
249619979
249620315
249620346
249620354
249620390
249620393
249620430
249620495
249678841
249678916
249678942
249679186
249679188
249679353
249679412
249679678
249679686
249679767
249679848
249679910
249680215
249680281
249680405
249680514
249680556
249680590
249680944
249680977
249681041
249681102
249681314
249681352
249681420
249681431
249681470
249681538
249681685
249681686
249681772
249681997
249682021
249682026
249682052
249682194
249682362
249682373
249682484
249682624
249682702
249682771
249682799
249682880
249682913
249683097
249683207
249683275
249683844
249684014
249684259
249684325
249684466
249684467
249684469
249685076
249685091
249685123
249685405
249685559
249685575
249685596
249685750
249685931
249686126
249686220
249686266
249686480
249686527
249686610
249686627
249686732
249687335
249687708
249687867
249687928
249687971
249687974
249688019
249688020
249688437
249688451
249689072
249689199
249689252
249689529
249689550
249689627
249689659
249689684
249689858
249690103
249690111
249690619
249690791
249690833
249691053
249691136
249691141
249691232
249691233
249691570
249691694
249691899
249691909
249692127
249692202
249692326
249692336
249692691
249692756
249693060
249693402
249693435
249693438
249693635
249693987
249694005
249694070
249694108
249694158
249694449
249694507
249694546
249694685
249694706
249694753
249694800
249694898
249694939
249695057
249695080
249695106
249695162
249695255
249695408
249695530
249695568
249695657
249695755
249695767
249696024
249696110
249696190
249696239
249696345
249696346
249696422
249620744
249620921
249620925
249620928
249621055
249621136
249621187
249621256
249621359
249621495
249621504
249621625
249621918
249622068
249622094
249622155
249622189
249622196
249622454
249622632
249622646
249623139
249623185
249623206
249623214
249623372
249623453
249623524
249623598
249623648
249623682
249623760
249623782
249624196
249624208
249624241
249624301
249624352
249624394
249624538
249624745
249625013
249625326
249625396
249625452
249625532
249625545
249625667
249625926
249626019
249626179
249626291
249626530
249626737
249626791
249627335
249627354
249627373
249627463
249627685
249627726
249627756
249627777
249628072
249628335
249628338
249628343
249628587
249628640
249628839
249628847
249628955
249629014
249629071
249629148
249629291
249629483
249630116
249630199
249630342
249630425
249630701
249631085
249631139
249631149
249631405
249631432
249631778
249631787
249631994
249632042
249632088
249632292
249632347
249632351
249632355
249632378
249632388
249632403
249632407
249632536
249632617
249632758
249632923
249633018
249633088
249633159
249633172
249633270
249633292
249633591
249633622
249633768
249633953
249634166
249634447
249634669
249634925
249634957
249635047
249635275
249635293
249635303
249635587
249635780
249635847
249635895
249635939
249636062
249636105
249636107
249636152
249636323
249636525
249636528
249636647
249636779
249636873
249637017
249637045
249637080
249637100
249637114
249637235
249637471
249637829
249637833
249637883
249638225
249638373
249638449
249638465
249638679
249638813
249638880
249638926
249638986
249639076
249639101
249639663
249639738
249639885
249640073
249640112
249640139
249640331
249640352
249640357
249640361
249640501
249640531
249640533
249640610
249640612
249640831
249640941
249640987
249641038
249641188
249641248
249641276
249641362
249641388
249641579
249641626
249641636
249641677
249641781
249642032
249642076
249642089
249642100
249642108
249642219
249642405
249642611
249642800
249642816
249642831
249642903
249642953
249643014
249643031
249643107
249643116
249643366
249643523
249643702
249643731
249643903
249644086
249644138
249644161
249644257
249644258
249644631
249644680
249644682
249644735
249644815
249645014
249645109
249645159
249645185
249645328
249645440
249645448
249645468
249645502
249645524
249645777
249645859
249646037
249646042
249646191
249646544
249646549
249646660
249646664
249646764
249646911
249646918
249646936
249647092
249647378
249647409
249647412
249647418
249647594
249647634
249647650
249647907
249647911
249647938
249648289
249648335
249648354
249648367
249648373
249648388
249648754
249648762
249648771
249648907
249649020
249649049
249649073
249649131
249649185
249649284
249649422
249649460
249649621
249649743
249649915
249650140
249650259
249650344
249650451
249650474
249650650
249651142
249651331
249651349
249651372
249651447
249651542
249651691
249651707
249651755
249651758
249652333
249652476
249652491
249652574
249652708
249652747
249653144
249653241
249653252
249653590
249653766
249653781
249653932
249653965
249654110
249654125
249654135
249654136
249654217
249654465
249654834
249654850
249655103
249655173
249655238
249655292
249655397
249655415
249655457
249655495
249656051
249656064
249656082
249656185
249656219
249656263
249656629
249656849
249656943
249656957
249657047
249657144
249657199
249657533
249657542
249657574
249657696
249657819
249658168
249658211
249658481
249658702
249658733
249658746
249658880
249658953
249658975
249659005
249659036
249659040
249659089
249659147
249659148
249696653
249696690
249696797
249697025
249697108
249697184
249697190
249697191
249697439
249697444
249697479
249697558
249697569
249697617
249697625
249697776
249697784
249698000
249698032
249698422
249698452
249698538
249698565
249698801
249698843
249699100
249699239
249699246
249699268
249699414
249699612
249699729
249699755
249699814
249700060
249700256
249700387
249700440
249700855
249700954
249700960
249701178
249701435
249701563
249701577
249701620
249701913
249701924
249701935
249702073
249702119
249702227
249702250
249702281
249702522
249702734
249702849
249703076
249703094
249703382
249703398
249703592
249703601
249703728
249703869
249703903
249703936
249704008
249704070
249704213
249704216
249704230
249704369
249704528
249704549
249704871
249704884
249704908
249704922
249705029
249705031
249705400
249705455
249705603
249705750
249705793
249705975
249705999
249706036
249706100
249706173
249706214
249706294
249706436
249706676
249706832
249706904
249706959
249706963
249706997
249707338
249707395
249707408
249707475
249707584
249707715
249707718
249707726
249707756
249707929
249707942
249707950
249708075
249708130
249708137
249708363
249708447
249708531
249708922
249708947
249709125
249709266
249709283
249709547
249709604
249709674
249709840
249709957
249709996
249710069
249710154
249710584
249710806
249710850
249710940
249710948
249711083
249711109
249711119
249711159
249711272
249711290
249711293
249711351
249711435
249711489
249711595
249711858
249711922
249712138
249712495
249712683
249712705
249712762
249712798
249712811
249712817
249712841
249713144
249713310
249713370
249713500
249713886
249713896
249713988
249714114
249714449
249714530
249714544
249714797
249714825
249714860
249714882
249714978
249715144
249715155
249715174
249715215
249715233
249715315
249715548
249715602
249715701
249715732
249715835
249716128
249716492
249716530
249716560
249716766
249717006
249717031
249717065
249717122
249717327
249717352
249717380
249717391
249717399
249717401
249717462
249717502
249717801
249717847
249717945
249718152
249718547
249718661
249718806
249718924
249718996
249718997
249719232
249719234
249719336
249719431
249719567
249719928
249719997
249720037
249720075
249720133
249720237
249720359
249720440
249720441
249720615
249720707
249720709
249720879
249721283
249721291
249721323
249721437
249721439
249721696
249722011
249722274
249722348
249722400
249722656
249722684
249722729
249722755
249722777
249722809
249723042
249723128
249723398
249723401
249723427
249723432
249723474
249723475
249723492
249723493
249723536
249723604
249723713
249723729
249723826
249723840
249723866
249723963
249724015
249724261
249724492
249724576
249724592
249724787
249724807
249724882
249725071
249725165
249725265
249725285
249725467
249726041
249726125
249726143
249726192
249726277
249726365
249726413
249726502
249726734
249726972
249726973
249727032
249727210
249727222
249727879
249727887
249728217
249728240
249728252
249728479
249728512
249728561
249728571
249728640
249728715
249728739
249728753
249728798
249728813
249728884
249729283
249729407
249729417
249729455
249729579
249729587
249729643
249729680
249729843
249729865
249730033
249730080
249730087
249730101
249730467
249730645
249730649
249730911
249731092
249731483
249731648
249731740
249731887
249731985
249732053
249732119
249732257
249732281
249732430
249732512
249732618
249732864
249732989
249733011
249733071
249733127
249733209
249733320
249733488
249733706
249733735
249733829
249733845
249733848
249733852
249733860
249733917
249734113
249734218
249734351
249734574
249734595
249734615
249734616
249734770
249734865
249734918
249734959
249735037
249735075
249735087
249735099
249735140
249735239
249735586
249735626
249736267
249736366
249736427
249736435
249736579
249736727
249736936
249737004
249737017
249737041
249737197
249737279
249737430
249737508
249737621
249737655
249737737
249737754
249737785
249737802
249737818
249737899
249738465
249738640
249738681
249738720
249738805
249738806
249738807
249738951
249739002
249739071
249739080
249739194
249739437
249739490
249739668
249739730
249739979
249740107
249740140
249740144
249740203
249740355
249740421
249740466
249740510
249740511
249740540
249740613
249740622
249740651
249740825
249740857
249740893
249740956
249741047
249741071
249741087
249741104
249741170
249741334
249741746
249741779
249741816
249741885
249741960
249741964
249742183
249742265
249743260
249743346
249743598
249743697
249743723
249743850
249743888
249743889
249744082
249744122
249744145
249744264
249744293
249744349
249744560
249744673
249744690
249744695
249744976
249745001
249745004
249745120
249745134
249745160
249745294
249745509
249745673
249745855
249745872
249745914
249745996
249746082
249746302
249746395
249746572
249746641
249746674
249746813
249746902
249747002
249747167
249747190
249747265
249747776
249747780
249747851
249748078
249748531
249748533
249748550
249748605
249748726
249748792
249748993
249749065
249749167
249749235
249749280
249749338
249749710
249749771
249749888
249749906
249750036
249750063
249750124
249750444
249750456
249750527
249750550
249750635
249750807
249750856
249751060
249751070
249751104
249751271
249751283
249751284
249751301
249751332
249751419
249751505
249751542
249751673
249751679
249752292
249752413
249752500
249752512
249752698
249752730
249752921
249752968
249753019
249753220
249753340
249753342
249753545
249753639
249753933
249754046
249754170
249754488
249754517
249754540
249754607
249754658
249754677
249754955
249755070
249755128
249755134
249755162
249755170
249755366
249755453
249755499
249755504
249755506
249755598
249755642
249755834
249755889
249755941
249756040
249756436
249756501
249756509
249756635
249756816
249756850
249756865
249756913
249756958
249796065
249796096
249796187
249796259
249796374
249796504
249796820
249796843
249796858
249796970
249796983
249796991
249797454
249797455
249797499
249797709
249797813
249797916
249797991
249798026
249798065
249798208
249798561
249798676
249798700
249798737
249798741
249798742
249798830
249798947
249799009
249799202
249799364
249799534
249799609
249799980
249800037
249800118
249800154
249800493
249800495
249800497
249800560
249800621
249801201
249801355
249801504
249801509
249801790
249801824
249801852
249801973
249802010
249802106
249802526
249802553
249802712
249802784
249802824
249802835
249802841
249802960
249803085
249803244
249803625
249803669
249804023
249804206
249804257
249804276
249804372
249804400
249804705
249804768
249804780
249804800
249804842
249804863
249804873
249804917
249804956
249805056
249805062
249805140
249805183
249805409
249805433
249805435
249805443
249805483
249805685
249805920
249806218
249806253
249806655
249806732
249806758
249806893
249806969
249806991
249807059
249807155
249807349
249807356
249807501
249807590
249807717
249807922
249807952
249808002
249808198
249808301
249808351
249808467
249808677
249809045
249809064
249809141
249809172
249809317
249809476
249809569
249809600
249809684
249809860
249809861
249810086
249810092
249810115
249810344
249810356
249810416
249810440
249810452
249810458
249810511
249810649
249810715
249810740
249810827
249810856
249810872
249810919
249811197
249811238
249811298
249811325
249811789
249811845
249811996
249812040
249812082
249812106
249812366
249812749
249812826
249813125
249813289
249813350
249813445
249814009
249814250
249814255
249814269
249814657
249814671
249814835
249815016
249815277
249815416
249815529
249815600
249815645
249816024
249816077
249816229
249816257
249855395
249855412
249855430
249855465
249855501
249855530
249855850
249856051
249856146
249856210
249856480
249856805
249856838
249856923
249856958
249857409
249857678
249857750
249858201
249858438
249858544
249858766
249858958
249858990
249859035
249859057
249859171
249859979
249859997
249860010
249860095
249860240
249860262
249860263
249860403
249860809
249860866
249861168
249861371
249861415
249861450
249861554
249861656
249862053
249862091
249862220
249862751
249862753
249862763
249862841
249862850
249862865
249862879
249862975
249862988
249863288
249863395
249863598
249863915
249863944
249864091
249864100
249864262
249864273
249864506
249864619
249864625
249864677
249864685
249865212
249865394
249865552
249865782
249865801
249865844
249865845
249865895
249866024
249866067
249866074
249866149
249866459
249866544
249866640
249866664
249866699
249866708
249866880
249867161
249867237
249867610
249867781
249867784
249867785
249867845
249867882
249867970
249868144
249868146
249868324
249868381
249868440
249868488
249868549
249868577
249868739
249868935
249869346
249869366
249869447
249869498
249869541
249869567
249869658
249870021
249870026
249870313
249870477
249870489
249870664
249870704
249870772
249870798
249870860
249870882
249871195
249871537
249871700
249871777
249871851
249871912
249871921
249871923
249871971
249872039
249872102
249872246
249872398
249872443
249872540
249872722
249872956
249873206
249873277
249873299
249873456
249873793
249873914
249873938
249874164
249874378
249874398
249874543
249874668
249874757
249874772
249874963
249875084
249875127
249875180
249875850
249876094
249876150
249876186
249816493
249816523
249816600
249816659
249816724
249816833
249817010
249817108
249817127
249817139
249817177
249817217
249817228
249817261
249817426
249817440
249817632
249817927
249817986
249818204
249818278
249818372
249818477
249818481
249818542
249818569
249818596
249818612
249818626
249818849
249818860
249818966
249818971
249819292
249819686
249819744
249819797
249819835
249820052
249820171
249820255
249820269
249820463
249820527
249820550
249820882
249820927
249820953
249821062
249821146
249821263
249821305
249821310
249821333
249821400
249821404
249821487
249821943
249822093
249822097
249822121
249822183
249822186
249822565
249822581
249822662
249822751
249822962
249822969
249822972
249822992
249823151
249823162
249823403
249823673
249823674
249823783
249823823
249823825
249824007
249824090
249824207
249824280
249824510
249824621
249824779
249824878
249824969
249825055
249825366
249825379
249825398
249825804
249826014
249826218
249826229
249826452
249826473
249826593
249826804
249826988
249827151
249827156
249827315
249827921
249827936
249827952
249827991
249828016
249828073
249828096
249828309
249828375
249828444
249828869
249829101
249829104
249829145
249829511
249829555
249829761
249829763
249829845
249830445
249830797
249830946
249830992
249831304
249831401
249831486
249831505
249831550
249831620
249831905
249832003
249832131
249832258
249832424
249832442
249832794
249832823
249832872
249832909
249832917
249833218
249833258
249833399
249833586
249833635
249833835
249833937
249833981
249834008
249834107
249834125
249834128
249834363
249834595
249834628
249835129
249835147
249835311
249835338
249775767
249775797
249775811
249775871
249775923
249775935
249776075
249776089
249776105
249776321
249776328
249776336
249776362
249776575
249776707
249776738
249776836
249776999
249777031
249777124
249777126
249777474
249777702
249777819
249777932
249778005
249778628
249778883
249779042
249779065
249779095
249779102
249779296
249779409
249779572
249779699
249780105
249780239
249780273
249780324
249780354
249780476
249780494
249780716
249781141
249781327
249781543
249781605
249781688
249782136
249782400
249782507
249782542
249782547
249782555
249782724
249782871
249782935
249782977
249782986
249783056
249783330
249783353
249783446
249783748
249783849
249783884
249783944
249784006
249784052
249784093
249784137
249784141
249784194
249784493
249784498
249784641
249784697
249784701
249784780
249785152
249785161
249785162
249785177
249785225
249785318
249785340
249785362
249785527
249785545
249785835
249785902
249786029
249786035
249786052
249786233
249786291
249786458
249786511
249786834
249786940
249787169
249787217
249787312
249787413
249787510
249787594
249787950
249787966
249787975
249788019
249788098
249788219
249788253
249788489
249788500
249788550
249788611
249788773
249788796
249788892
249788975
249789139
249789313
249789335
249789430
249789484
249789528
249789534
249789678
249789688
249789689
249789896
249789934
249790170
249790219
249790316
249790329
249790545
249790547
249790745
249790829
249790855
249791033
249791040
249791229
249791295
249791305
249791319
249791756
249791765
249791861
249791885
249791889
249791928
249791999
249792155
249792228
249792321
249792371
249792407
249792408
249792682
249792749
249792786
249792824
249792854
249793007
249793026
249793054
249793149
249793163
249793231
249793289
249793514
249793652
249793932
249794185
249794186
249794368
249794489
249794542
249794544
249794711
249794738
249794950
249795003
249795081
249795303
249795383
249795490
249795609
249795611
249835818
249835824
249835825
249835853
249835901
249835995
249836136
249836215
249836385
249836511
249836555
249836660
249836790
249836834
249837097
249837198
249837525
249837559
249837654
249837687
249837694
249837791
249837805
249837846
249837914
249838110
249838128
249838140
249838164
249838293
249838294
249838418
249838464
249838691
249838932
249838993
249839001
249839013
249839139
249839289
249839333
249839338
249839534
249839538
249839584
249839746
249839757
249839985
249840059
249840070
249840384
249840517
249840573
249840758
249841027
249841185
249841367
249841376
249841404
249841578
249841878
249841894
249841952
249842122
249842180
249842212
249842434
249842435
249842454
249842635
249842738
249842774
249842820
249842863
249843258
249843349
249843485
249843619
249843691
249843738
249843789
249843872
249843896
249844438
249844451
249844513
249844542
249844698
249845125
249845250
249845425
249845451
249845627
249846149
249846397
249846424
249846473
249846519
249846860
249846888
249846899
249846928
249846989
249847178
249847337
249847391
249847642
249847740
249847768
249847995
249848071
249848087
249848253
249848437
249848466
249848493
249848808
249848850
249848894
249848956
249849006
249849274
249849282
249849318
249849323
249849334
249849419
249849437
249849517
249849909
249850200
249850244
249850406
249850494
249850526
249850967
249851051
249851100
249851115
249851241
249851255
249851274
249851358
249851392
249851400
249851401
249851475
249851665
249851775
249851781
249851892
249851968
249852255
249852292
249852296
249852325
249852371
249852380
249852542
249852608
249852708
249852783
249852884
249852909
249852924
249852979
249852995
249853109
249853166
249853671
249853696
249853813
249853819
249853868
249853885
249853895
249853908
249854078
249854217
249854261
249854333
249854349
249854355
249854388
249854518
249854880
249854935
249855106
249855135
249757207
249757237
249757289
249757969
249757976
249757987
249758093
249758268
249758369
249758388
249758402
249758457
249758559
249758589
249758839
249759129
249759164
249759252
249759291
249759318
249760095
249760168
249760243
249760418
249760447
249760821
249760971
249761443
249761634
249761818
249761823
249761844
249761955
249762039
249762590
249762745
249763085
249763159
249763413
249763560
249763741
249763748
249763767
249763795
249764046
249764327
249764335
249764346
249764472
249764532
249764551
249764735
249764797
249765594
249765746
249765795
249765911
249765959
249766059
249766061
249766072
249766213
249766413
249766476
249766649
249766734
249766882
249766926
249767045
249767108
249767241
249767251
249767265
249767307
249767384
249767421
249767616
249767645
249767661
249767742
249767883
249767926
249768099
249768372
249768385
249768860
249768863
249768971
249768972
249769002
249769162
249769388
249769443
249769467
249769696
249770003
249770051
249770052
249770070
249770103
249770120
249770221
249770591
249770691
249771029
249771066
249771092
249771123
249771296
249771341
249771379
249771734
249771879
249771950
249772013
249772301
249772332
249772509
249772513
249772549
249772594
249772652
249772749
249772898
249772906
249772914
249772936
249772956
249773114
249773153
249773404
249773493
249773662
249773676
249773708
249773733
249773805
249774189
249774223
249774627
249774663
249775004
249775491
249775526
249900179
249900566
249900780
249900927
249901028
249901220
249901272
249901415
249901520
249901537
249901543
249901609
249901714
249901743
249901973
249902000
249902002
249902038
249902042
249902169
249902184
249902202
249902206
249902412
249902480
249902611
249902653
249902662
249902666
249902701
249903108
249903158
249903281
249903655
249903882
249904019
249904047
249904140
249904173
249904209
249904214
249904250
249904283
249904317
249904318
249904396
249904398
249904410
249904455
249904472
249904474
249904504
249904536
249904568
249904815
249904817
249904840
249904844
249904847
249904893
249904982
249905017
249905040
249905236
249905248
249905338
249905457
249905608
249905849
249906407
249906526
249906591
249906639
249907429
249907525
249907597
249907914
249907930
249908086
249908185
249908375
249908410
249908601
249908963
249909093
249909553
249909582
249909658
249909851
249909913
249909947
249909958
249910161
249910427
249910767
249910787
249910812
249910855
249911113
249911214
249911216
249911221
249911222
249911263
249911271
249911310
249911349
249911726
249911803
249911905
249911967
249912034
249912085
249912409
249912672
249912738
249913019
249913497
249913612
249913790
249913831
249913858
249913947
249913951
249913994
249914006
249914033
249914164
249914296
249914797
249915001
249915701
249915738
249915867
249915921
249915967
249916000
249916005
249916017
249916169
249916181
249916339
249916449
249916603
249916787
249917264
249960102
249960289
249960439
249960467
249960578
249960644
249960815
249960821
249960898
249960904
249960908
249960985
249961136
249961193
249961205
249961250
249961391
249961416
249961539
249961564
249961593
249961911
249961916
249961960
249961964
249962218
249962325
249962335
249962395
249962587
249962590
249962666
249963013
249963048
249963098
249963099
249963293
249963490
249963604
249963638
249963686
249963728
249963994
249964377
249964495
249964666
249964753
249964818
249964961
249965046
249965095
249965133
249965291
249965429
249965510
249965589
249965610
249965629
249965724
249965769
249965949
249965967
249966058
249966078
249966236
249966346
249966533
249966609
249966698
249966757
249966787
249967000
249967072
249967131
249967135
249967158
249967252
249967272
249967291
249967773
249967810
249967897
249967966
249968044
249968205
249968269
249968275
249968297
249968390
249968683
249968915
249968936
249969054
249969166
249969185
249969274
249969375
249969390
249969466
249969492
249969507
249969508
249969561
249969580
249969715
249970338
249970667
249970941
249971491
249971496
249971541
249971572
249971595
249971597
249971629
249971635
249971661
249971682
249971839
249972082
249972096
249972106
249972125
249972266
249972313
249972325
249972375
249972441
249972470
249972696
249972729
249972748
249972818
249972828
249972831
249973177
249973198
249973290
249973506
249973616
249973653
249973712
249973762
249974148
249974218
249974239
249974271
249974581
249975236
249975450
249975475
249975490
249975511
249975534
249975579
249975582
249975628
249975997
249976043
249976113
249976218
249976226
249976242
249976379
249976386
249976388
249976411
249976686
249976836
249976886
249977052
249977218
249977375
249977384
249977396
249977405
249977433
249977735
249977825
249977837
249978029
249978214
249978238
249978298
249978382
249978511
249978529
249978585
249877165
249877167
249877181
249877445
249877472
249877556
249877802
249878077
249878134
249878286
249878372
249878435
249878704
249878768
249878853
249878892
249878947
249879004
249879187
249879273
249879274
249879329
249879330
249879340
249879372
249879388
249879399
249879405
249879565
249879610
249879756
249879798
249879942
249880037
249880165
249880248
249880634
249880704
249880764
249881089
249881545
249881546
249881561
249881688
249881764
249881777
249881804
249882021
249882062
249882132
249882157
249882159
249882189
249882212
249882345
249882445
249882625
249882767
249882794
249882826
249883019
249883421
249883541
249883627
249884105
249884162
249885416
249885440
249885766
249885866
249885868
249886064
249886079
249886166
249886274
249886335
249886448
249886594
249886697
249886822
249886847
249886912
249886976
249887047
249887091
249887137
249887626
249888022
249888075
249888230
249888547
249888768
249888986
249889122
249889281
249889496
249889509
249889530
249889542
249889566
249889571
249889580
249889585
249889595
249889745
249889763
249889780
249889892
249889956
249890047
249890307
249890551
249890687
249890996
249891005
249891060
249891564
249891637
249891910
249891956
249892580
249892584
249892639
249892742
249892791
249892802
249892840
249892845
249892857
249892891
249892970
249892996
249893084
249893104
249893154
249893269
249893376
249893406
249893480
249893515
249893549
249893756
249893785
249893866
249894076
249894227
249894272
249894274
249894508
249894519
249894574
249894701
249894705
249894711
249894960
249895198
249895200
249895201
249895294
249895559
249895679
249895698
249895756
249895774
249895791
249895851
249895899
249895986
249896063
249896129
249896157
249896225
249896250
249896324
249896427
249896456
249896601
249896615
249896812
249896841
249897080
249897109
249897373
249897376
249897426
249897488
249897602
249897608
249897617
249897859
249898054
249898511
249898608
249898837
249898881
249979103
249979238
249979324
249979336
249979373
249979600
249979653
249979717
249979955
249979958
249980040
249980048
249980090
249980193
249980393
249980485
249980519
249980752
249981048
249981067
249981155
249981274
249981297
249981567
249981723
249981728
249981920
249982432
249982673
249982687
249982767
249982974
249983248
249983262
249983317
249983592
249983620
249983911
249984000
249984083
249984094
249984254
249984337
249984340
249984486
249984685
249984773
249984859
249985061
249985111
249985168
249985179
249985254
249985364
249985560
249985587
249985598
249985755
249986026
249986066
249986195
249986347
249986392
249986408
249986465
249986736
249986785
249987282
249987320
249987635
249987700
249987742
249987881
249987948
249988193
249988240
249988445
249988468
249988500
249988538
249988557
249988562
249988691
249988865
249988895
249988926
249989090
249989093
249989174
249989537
249989654
249989722
249989881
249989925
249989927
249990105
249990131
249990192
249990243
249990302
249990322
249990353
249990411
249990502
249990537
249990547
249990679
249990680
249990684
249990700
249990779
249990824
249990852
249990880
249990907
249990916
249990957
249991325
249991358
249991388
249991401
249991407
249991477
249991511
249991850
249992037
249992176
249992296
249992474
249992660
249992757
249992770
249992779
249993360
249993379
249993422
249993504
249993614
249993746
249994374
249994385
249994416
249994565
249994617
249994969
249995132
249995350
249995596
249995648
249995685
249995695
249995819
249995867
249996146
249996500
249996654
249996817
249997069
249997070
249997190
249997203
249997225
249997248
249997261
249997286
249997405
249997768
249997813
249998166
249998183
249998339
249998492
249998558
249938992
249939035
249939129
249939225
249939288
249939340
249939587
249939695
249939893
249940051
249940147
249940396
249940754
249940995
249941002
249941003
249941311
249941344
249941394
249941604
249941631
249941772
249941898
249941961
249941984
249941991
249942068
249942103
249942172
249942518
249942522
249942562
249942692
249942725
249942907
249942981
249943172
249943246
249943406
249943453
249943488
249943634
249943770
249943873
249943940
249944110
249944119
249944148
249944228
249944347
249944444
249944505
249944557
249944606
249944637
249944675
249944723
249944738
249944747
249944757
249944778
249944788
249944847
249944913
249945105
249945140
249945249
249945425
249945522
249945576
249945577
249945604
249945643
249945925
249946007
249946037
249946359
249946653
249947014
249947043
249947251
249947327
249947366
249947564
249947571
249947640
249947741
249947816
249947876
249948361
249948576
249948585
249948633
249948718
249948743
249948796
249948846
249948934
249948953
249949112
249949194
249949344
249949375
249949436
249949519
249949618
249949632
249949691
249949786
249950004
249950061
249950269
249950283
249950308
249950342
249950361
249950652
249950792
249951033
249951124
249951183
249951190
249951477
249951525
249951583
249951742
249951814
249951825
249951973
249951981
249952132
249952184
249952311
249952489
249952554
249952576
249952584
249952592
249952595
249952825
249952891
249952947
249953128
249953196
249953197
249953540
249953632
249953704
249953776
249953875
249954199
249954300
249954326
249954697
249954700
249954785
249954799
249954880
249954895
249954990
249955263
249955320
249955333
249955334
249955636
249955642
249955734
249956038
249956047
249956069
249956081
249956210
249956494
249956495
249956534
249956535
249956573
249956769
249956852
249956869
249956896
249956912
249956922
249957092
249957152
249957234
249957291
249957409
249957475
249957486
249957492
249957680
249957741
249957894
249958037
249958112
249958274
249958329
249958364
249958405
249958406
249958433
249958496
249958550
249958600
249958805
249958834
249958906
249958937
249958966
249959197
249959318
249959551
249959565
249959645
249959721
249959764
249918276
249918311
249918347
249918353
249918382
249918425
249918547
249918635
249918827
249918871
249919008
249919209
249919215
249919239
249919265
249919514
249919688
249919848
249919914
249920046
249920198
249920227
249920475
249920500
249920611
249921329
249921334
249921525
249921596
249922005
249922212
249922213
249922403
249922484
249922585
249922862
249923213
249923227
249923340
249923410
249923534
249923665
249923707
249923716
249923734
249923791
249923792
249923950
249924438
249924610
249924664
249924739
249924755
249925111
249925259
249925469
249925568
249925869
249925887
249925895
249925923
249926344
249926400
249926541
249926723
249926823
249926838
249926927
249926978
249927024
249927197
249927289
249927404
249927449
249927507
249927675
249927681
249927732
249927761
249927884
249927980
249928024
249928055
249928075
249928126
249928186
249928225
249928307
249928409
249928515
249928522
249928544
249928610
249928666
249928668
249928674
249928909
249929032
249929081
249929361
249929473
249929579
249929599
249929685
249929740
249929761
249929767
249929887
249929890
249930015
249930558
249930595
249930778
249930787
249930840
249930904
249930924
249930959
249930992
249931075
249931391
249931395
249931517
249931972
249932123
249932143
249932263
249932281
249932321
249932512
249932584
249932764
249932768
249932778
249933034
249933116
249933356
249933467
249933712
249933905
249934105
249934248
249934292
249934297
249934410
249934415
249934684
249934692
249934762
249934770
249934813
249934968
249935081
249935206
249935435
249935657
249935742
249935765
249936096
249936310
249936326
249936333
249936472
249936531
249936711
249936925
249936955
249936990
249937048
249937149
249937187
249937345
249937363
249937521
249937674
249937764
249937844
249937862
249937867
249937898
249937956
249938188
249938444
249938587
249938589
249938590
249938640
249938651
249938654
249998796
249999029
249999068
249999095
249999448
249999819
249999857
249999989
250000141
250000226
250000231
250000482
250000551
250000576
250000607
250000765
250000971
250000984
250001006
250001119
250001182
250001193
250001205
250001217
250001484
250001486
250001639
250001847
250001932
250001963
250002109
250002144
250002187
250002280
250002290
250002328
250002527
250002584
250002744
250002793
250003387
250003407
250003414
250003587
250003684
250003769
250003774
250003783
250003795
250004031
250004119
250004324
250004400
250004736
250004749
250004904
250004954
250004976
250005035
250005143
250005210
250005460
250005498
250005569
250005627
250005633
250005659
250005866
250005901
250006341
250006344
250006406
250006411
250006430
250006444
250006469
250006504
250006626
250006896
250007002
250007018
250007230
250007342
250007373
250007450
250007565
250007898
250008071
250008098
250008225
250008261
250008274
250008571
250008682
250008695
250008735
250008811
250008965
250009033
250009063
250009191
250009336
250009383
250009494
250009542
250009581
250009626
250010035
250010057
250010219
250010360
250010396
250010417
250010627
250010760
250011071
250011120
250011312
250011491
250011668
250011679
250011893
250011977
250012039
250012040
250012046
250012164
250012190
250012815
250012935
250012957
250012960
250012961
250012971
250013018
250013460
250013470
250013477
250013707
250013729
250014061
250014097
250014181
250014209
250014225
250014230
250014269
250014435
250014502
250014529
250014620
250014720
250014728
250014730
250014784
250014835
250014926
250015161
250015285
250015374
250015407
250015511
250015578
250015814
250015836
250015861
250015895
250015981
250016019
250016146
250016470
250016575
250016658
250016723
250016790
250016855
250016951
250016955
250017145
250017185
250017231
250017379
250017416
250017466
250017476
250017608
250017808
250017980
250018003
250018141
250018221
250018521
250018584
250018640
250018721
250019082
250019125
250019233
250019349
250019355
250019369
250019451
250019474
250019500
250019527
250019542
250019624
250059506
250059761
250059895
250059907
250059931
250060097
250060171
250060244
250060308
250060319
250060421
250060473
250060817
250060847
250060926
250061188
250061251
250061309
250061841
250061866
250062077
250062080
250062107
250062117
250062173
250062202
250062210
250062304
250062348
250062364
250062379
250062522
250062540
250062613
250062621
250062660
250062765
250062869
250063068
250063080
250063121
250063221
250063397
250063417
250063442
250063486
250063621
250063857
250063888
250064092
250064359
250064451
250064574
250064618
250064621
250064685
250064714
250064799
250064975
250065164
250065370
250065394
250065423
250065455
250065472
250065535
250065552
250065555
250065562
250065589
250065623
250065696
250065976
250065989
250066147
250066188
250066223
250066250
250066460
250066542
250066694
250066722
250066835
250066856
250066857
250066909
250066941
250066984
250067021
250067247
250067344
250067746
250067748
250067849
250067899
250068117
250068180
250068186
250068323
250068390
250068433
250068481
250068497
250068557
250068587
250068741
250068828
250069276
250069376
250069668
250069674
250069757
250069970
250070080
250070200
250070214
250070302
250070360
250070508
250070566
250070577
250070696
250070743
250070876
250071030
250071048
250071055
250071094
250071207
250071299
250071545
250071668
250071683
250071697
250071902
250072033
250072198
250072264
250072485
250072936
250072944
250072981
250073037
250073125
250073190
250073222
250073234
250073408
250073484
250073570
250073669
250073684
250073736
250073767
250073934
250073967
250074030
250074135
250074209
250074391
250074427
250074515
250074618
250074905
250075158
250075219
250075251
250075260
250075358
250075544
250075762
250075820
250076009
250076038
250076093
250076206
250076231
250076568
250076578
250076661
250076704
250076948
250077098
250077141
250077426
250077433
250077455
250077474
250077555
250077573
250077839
250077855
250077897
250077906
250078081
250078173
250078190
250078266
250078446
250078535
250078572
250078585
250078699
250078775
250078860
250078911
250079018
250079100
250079316
250079335
250079347
250079370
250079512
250079775
250079785
250079889
250079898
250079906
250079944
250080101
250080240
250080334
250080605
250080722
250080875
250080890
250080899
250081155
250081241
250081332
250081419
250081420
250081465
250081602
250081629
250081638
250081733
250081823
250081864
250082040
250082089
250082210
250082539
250082546
250082556
250082597
250082602
250082658
250082746
250082782
250082960
250083315
250083414
250083442
250083543
250083561
250083824
250083897
250083898
250083925
250084022
250084099
250084113
250084526
250084544
250084730
250084775
250084858
250084876
250085364
250085417
250085426
250085437
250085511
250085542
250085596
250085832
250086184
250086196
250086224
250086458
250086768
250086866
250086928
250087080
250087259
250087301
250087302
250087310
250087311
250087312
250087477
250087560
250087644
250087986
250088047
250088212
250088236
250088417
250088615
250088874
250089202
250089291
250089300
250089446
250089761
250089925
250090017
250090086
250090158
250090230
250090493
250090501
250090552
250090606
250090643
250090719
250090865
250090964
250090968
250091275
250091289
250091458
250091545
250091557
250091869
250091887
250091904
250091908
250091917
250091926
250091993
250092082
250092131
250092382
250092513
250092560
250092562
250092632
250092780
250092781
250092790
250092791
250092803
250092804
250092870
250092952
250093129
250093168
250093183
250093318
250093352
250093368
250093393
250093518
250093636
250093669
250093741
250093800
250093830
250093838
250093893
250093937
250093991
250094191
250094237
250094457
250094795
250094801
250094922
250094927
250095109
250095119
250095154
250095156
250095237
250095275
250095276
250095297
250095343
250095486
250095520
250095607
250095610
250095814
250095904
250096204
250096324
250096423
250096471
250096564
250096605
250096654
250096737
250096855
250096933
250096940
250097006
250097023
250097074
250097136
250097273
250097392
250097547
250097566
250097821
250097823
250097990
250098163
250098177
250098409
250098418
250098929
250099184
250099188
250099317
250099435
250099480
250099483
250099502
250099537
250099549
250099586
250099681
250099684
250099772
250099856
250099924
250099930
250099954
250100072
250100117
250100135
250100142
250100293
250100304
250100317
250100343
250100423
250100520
250100526
250100584
250100767
250100791
250100919
250101028
250101029
250101306
250101411
250101552
250101601
250101742
250101769
250101770
250101879
250102254
250102507
250102625
250102666
250102849
250102859
250102870
250102959
250102987
250102995
250103004
250103010
250103345
250103366
250103516
250103523
250103618
250103791
250103895
250104086
250104150
250104306
250104496
250104599
250104618
250104716
250104930
250104989
250105170
250105261
250105408
250105482
250105638
250105778
250105908
250105915
250106092
250106274
250106497
250106541
250106600
250106709
250106956
250106975
250107075
250107108
250107451
250107728
250107786
250108082
250108119
250108199
250108207
250108496
250108657
250108673
250108947
250109079
250109152
250109258
250109342
250110184
250110190
250110214
250110283
250110463
250110515
250110524
250110534
250110571
250110652
250110704
250110718
250110761
250110837
250111061
250111103
250111420
250111447
250111456
250111756
250111836
250111911
250111947
250111977
250112023
250112037
250112469
250112541
250112674
250112943
250112966
250113062
250113184
250113263
250113566
250113638
250113648
250114042
250114284
250114292
250114519
250114745
250114814
250114855
250114870
250114881
250114891
250114919
250115035
250115224
250115228
250115306
250115369
250115398
250115473
250115516
250115785
250115847
250115887
250115899
250116025
250116056
250116087
250116244
250116462
250116517
250116532
250116620
250116680
250116744
250116749
250116796
250117102
250117226
250117331
250117343
250117419
250117420
250117455
250117653
250117686
250117690
250117958
250118064
250118562
250118604
250118622
250118849
250119066
250119103
250119106
250119213
250119318
250119491
250119658
250119752
250119826
250119865
250120043
250120137
250120224
250120345
250120376
250120377
250120459
250120713
250120738
250120952
250120968
250121030
250121088
250121102
250121390
250121483
250121489
250121511
250121837
250121842
250121996
250122013
250122175
250122504
250122717
250122974
250123055
250123165
250123234
250123742
250123853
250123888
250123956
250123971
250124536
250124583
250124601
250124622
250124822
250124834
250124912
250125022
250125030
250125106
250125304
250125437
250125496
250125596
250125651
250125720
250125726
250125735
250125763
250125814
250125847
250125968
250125986
250126041
250126355
250126400
250126569
250126948
250127029
250127244
250127440
250127495
250127869
250127956
250127966
250128103
250128116
250128192
250128345
250128346
250128480
250128759
250128818
250128872
250128875
250129109
250129212
250129228
250129232
250129306
250129436
250129464
250129555
250129604
250129636
250129693
250129841
250129921
250129924
250129964
250130089
250130111
250130307
250130361
250130438
250130445
250130550
250130651
250130744
250130750
250130833
250130909
250131070
250131091
250131298
250131380
250131395
250131404
250131467
250131578
250131684
250131882
250132507
250132824
250132959
250133176
250133180
250133193
250133234
250133248
250133317
250133371
250133480
250133757
250133842
250133878
250133905
250134087
250134213
250134221
250134596
250134641
250134657
250134698
250134882
250134934
250135253
250135314
250135412
250135686
250135731
250135735
250135844
250136118
250136275
250136278
250136360
250136687
250137411
250137447
250137489
250137660
250137683
250137718
250137736
250137747
250137778
250137926
250137945
250138058
250138325
250138338
250138543
250138557
250138566
250138586
250138625
250138647
250138695
250138729
250139099
250139806
250139919
250139940
250245191
250245463
250245675
250245804
250245833
250245892
250246038
250246075
250246176
250246188
250246297
250246314
250246419
250246532
250246669
250246698
250246719
250246735
250246982
250247102
250247194
250247204
250247297
250247337
250247371
250247380
250247829
250247866
250248355
250248576
250248831
250248834
250248871
250248898
250249038
250249056
250249260
250249476
250249548
250249585
250249628
250249758
250249770
250249778
250249792
250249823
250249887
250250002
250250037
250250259
250250279
250250806
250251075
250251223
250251665
250251907
250251909
250251993
250252148
250252251
250252339
250252346
250252419
250252898
250252973
250253013
250253168
250253189
250253284
250253308
250253402
250253700
250253751
250253804
250253863
250254176
250254867
250255169
250255232
250255324
250255442
250255671
250255678
250255684
250255719
250255901
250255942
250256175
250256184
250256185
250256272
250256635
250256653
250256759
250256765
250256788
250256910
250256940
250256997
250257255
250257284
250257292
250257426
250257779
250257871
250257875
250258100
250258118
250258216
250258361
250258442
250258458
250258459
250258493
250258562
250258636
250258654
250258888
250259041
250259236
250259265
250259347
250259677
250259722
250259838
250259839
250260115
250260225
250260258
250260441
250260486
250260621
250260862
250261098
250261323
250261374
250261436
250261458
250261464
250261764
250262053
250262094
250262134
250262143
250262228
250262269
250262819
250262878
250262954
250263001
250263022
250263217
250263235
250263302
250263381
250263439
250263470
250264159
250264181
250264183
250140245
250140305
250140308
250140318
250140328
250140413
250140700
250140728
250140860
250140879
250140922
250140966
250141135
250141170
250141218
250141363
250141396
250141589
250141604
250141621
250141771
250142082
250142170
250142280
250142383
250142389
250142445
250142566
250142645
250142921
250142934
250143130
250143181
250143221
250143487
250143498
250143528
250143569
250143917
250143959
250144272
250144414
250144431
250144542
250144671
250144776
250144816
250144990
250145022
250145029
250145043
250145165
250145199
250145208
250145265
250145289
250145361
250145549
250145560
250145655
250145825
250146169
250146172
250146181
250146203
250146225
250146335
250146406
250146468
250146479
250146497
250146503
250146511
250146518
250146543
250146614
250146805
250146849
250146923
250147045
250147064
250147144
250147440
250147493
250147611
250147633
250147734
250147745
250147876
250148083
250148114
250148338
250148710
250148772
250149165
250149179
250149288
250149350
250149766
250149798
250149860
250150003
250150408
250150443
250150556
250150657
250150690
250150716
250150910
250151312
250151403
250151711
250151834
250151928
250152142
250152358
250152361
250152407
250152442
250152461
250152546
250152744
250152762
250152773
250152784
250153016
250153158
250153193
250153224
250153245
250153596
250153803
250153931
250154249
250154449
250154518
250154528
250154541
250154563
250154573
250154585
250154782
250154801
250154907
250154960
250155096
250155134
250155496
250155497
250155592
250155660
250155689
250155732
250155748
250155898
250155911
250155977
250156262
250156272
250156427
250156610
250156658
250157062
250157196
250157209
250157248
250157376
250157496
250157502
250157569
250157574
250157719
250157915
250157972
250158087
250158317
250158341
250158354
250158513
250158661
250158803
250158872
250159007
250159015
250159340
250159378
250159424
250159525
250159752
250159805
250160032
250160155
250160163
250160236
250160269
250160298
250160311
250160505
250160506
250160519
250160544
250160715
250160716
250160916
250161000
250184208
250184230
250184367
250184499
250184578
250184902
250185028
250185437
250185445
250185483
250185484
250185664
250185675
250185694
250185712
250185809
250185871
250186095
250186239
250186261
250186524
250186633
250186686
250186757
250186824
250187171
250187179
250187200
250187240
250187384
250187475
250187690
250187752
250187765
250187993
250188135
250188321
250188438
250188490
250188629
250188681
250188711
250188870
250188889
250189065
250189616
250189681
250190026
250190065
250190099
250190152
250190178
250190280
250190554
250190637
250190770
250191236
250191263
250191335
250191423
250191426
250191627
250191706
250191835
250191981
250192036
250192101
250192519
250192716
250192819
250192828
250192987
250193155
250193194
250193269
250193334
250193537
250193612
250193677
250193737
250193743
250193744
250193791
250193975
250194748
250194966
250195077
250195236
250195240
250195391
250195426
250195550
250196292
250196623
250196644
250196687
250196991
250197028
250197073
250197228
250197395
250197441
250197489
250197652
250198311
250198558
250198633
250198874
250199260
250199399
250199440
250199476
250199525
250199634
250199731
250200016
250200022
250200023
250200184
250200434
250200438
250200473
250200629
250200675
250200776
250201093
250201530
250201597
250201735
250201778
250202084
250202157
250202470
250202494
250041707
250041736
250041833
250041950
250041965
250041969
250042002
250042003
250042180
250042442
250042492
250042505
250042622
250042656
250042905
250043022
250043031
250043089
250043243
250043414
250043954
250044000
250044115
250044169
250044201
250044283
250044311
250044427
250044429
250044465
250044740
250044866
250045097
250045160
250045338
250045365
250045661
250045727
250045846
250045851
250045994
250046376
250046465
250046621
250047010
250047014
250047275
250047293
250047339
250047411
250047468
250047477
250047525
250047534
250047705
250047723
250047731
250047824
250047852
250047920
250047946
250048001
250048099
250048306
250048350
250048586
250048613
250048758
250048766
250048832
250048931
250049094
250049119
250049545
250049635
250049687
250050219
250050244
250050272
250050826
250050968
250050983
250050993
250051055
250051141
250051318
250051320
250051723
250051754
250051871
250051884
250051892
250052092
250052115
250052279
250052280
250052493
250052587
250052596
250052788
250052790
250052810
250052946
250053012
250053066
250053173
250053377
250053416
250053426
250053457
250053851
250053910
250054027
250054094
250054101
250054128
250054134
250054234
250054451
250054466
250054541
250054721
250054991
250055034
250055184
250055190
250055197
250055444
250055563
250055570
250055825
250056036
250056086
250056113
250056142
250056225
250056254
250056260
250056358
250056699
250056701
250056809
250056827
250057148
250057207
250057252
250057279
250057424
250057495
250057644
250057798
250057983
250058005
250058075
250058258
250058268
250058335
250058344
250058347
250058368
250058382
250058402
250058426
250058529
250058537
250058551
250058740
250058844
250058990
250059116
250019824
250019862
250019886
250019888
250019955
250020077
250020431
250020728
250020742
250020756
250020758
250020917
250020930
250020962
250020964
250020989
250020993
250021016
250021037
250021211
250021309
250021423
250021529
250021582
250021742
250021907
250021990
250022064
250022158
250022242
250022250
250022280
250022289
250022326
250022660
250022664
250022682
250022709
250022716
250022799
250022800
250022805
250022875
250022884
250022920
250023055
250023173
250023411
250023423
250023454
250023570
250023756
250023791
250023797
250023834
250024085
250024297
250024313
250024366
250024526
250024530
250024624
250024736
250024737
250024779
250024983
250024984
250025121
250025131
250025175
250025227
250025228
250025237
250025256
250025257
250025430
250025442
250025546
250025642
250025646
250025754
250025883
250025940
250026040
250026222
250026258
250026285
250026448
250026490
250026601
250026722
250026780
250026884
250027024
250027033
250027268
250027418
250027444
250027456
250027458
250027486
250027663
250027828
250028067
250028069
250028158
250028315
250028335
250028379
250028553
250028562
250028577
250028835
250028854
250028865
250028934
250028950
250029139
250029196
250029233
250029353
250029500
250029518
250029544
250029616
250029712
250029730
250029747
250029934
250029958
250029993
250030013
250030183
250030204
250030286
250030338
250030352
250030386
250030454
250030527
250030654
250030697
250030762
250031114
250031244
250031422
250031554
250031571
250031578
250031612
250031774
250031793
250031800
250031925
250031960
250032030
250032110
250032211
250032300
250032327
250032338
250032355
250032725
250032900
250033075
250033134
250033224
250033249
250033277
250033286
250033310
250033319
250033328
250033358
250033662
250033730
250033783
250034277
250034325
250034326
250034489
250034496
250034701
250034734
250034791
250035172
250035193
250035244
250035277
250035299
250035643
250035665
250035675
250035758
250035788
250035915
250036011
250036017
250036094
250036184
250036364
250036412
250036529
250036550
250036558
250036624
250036645
250036694
250036810
250036924
250036926
250037069
250037175
250037214
250037224
250037229
250037272
250037656
250037705
250037796
250037841
250037932
250038047
250038156
250038283
250038340
250038441
250038512
250038563
250038685
250038724
250038733
250038825
250038892
250038916
250039058
250039112
250039261
250039287
250039290
250039543
250039700
250039705
250039959
250040025
250040026
250040045
250040103
250040357
250040362
250040447
250040569
250040605
250040798
250040971
250040981
250041054
250041272
250041274
250041297
250041345
250041388
250041389
250041411
250041481
250041488
250264457
250264545
250264666
250264691
250264728
250264918
250265045
250265062
250265100
250265250
250265311
250265388
250265416
250265841
250266012
250266442
250266625
250266656
250266829
250267319
250267446
250267456
250267464
250267512
250267514
250267585
250267611
250267659
250267672
250267726
250267912
250268023
250268319
250268328
250268446
250268506
250268836
250268883
250268990
250269117
250269432
250269439
250269440
250269537
250269593
250269653
250269709
250269855
250269999
250270075
250270132
250270209
250270223
250270364
250270468
250270487
250270582
250270592
250270833
250270858
250270904
250270985
250271035
250271367
250271386
250271390
250271401
250271411
250271508
250271517
250271531
250271576
250271590
250271619
250271776
250271860
250271956
250272128
250272302
250272306
250272311
250272451
250272569
250272637
250273092
250273103
250273418
250273531
250273561
250273738
250273860
250273872
250273899
250273925
250274007
250274048
250274109
250274120
250274217
250274263
250274266
250274336
250274340
250274363
250274387
250274464
250274484
250274568
250275057
250275108
250275134
250275162
250275166
250275244
250275284
250275509
250275552
250275564
250275612
250275638
250275728
250275800
250276002
250276262
250276304
250276353
250276360
250276367
250276447
250276615
250276619
250276667
250276702
250276974
250277136
250277171
250277349
250277399
250277432
250277443
250277514
250277532
250277540
250277641
250277644
250277712
250277754
250278039
250278045
250278151
250278473
250278512
250278528
250278774
250278842
250278893
250278995
250279160
250279219
250279257
250279545
250279597
250279602
250279614
250280060
250280088
250280165
250280167
250280259
250280323
250280400
250280429
250280586
250280850
250280964
250281043
250281064
250281086
250281289
250281659
250281699
250281777
250281959
250282045
250282077
250282127
250282167
250282289
250282312
250282383
250282405
250282506
250282975
250282985
250283005
250283027
250283306
250283316
250283332
250283535
250283588
250283604
250283610
250283618
250283657
250283662
250283749
250283823
250283829
250283833
250283838
250283840
250283957
250284026
250284138
250284242
250284244
250284249
250284314
250284444
250284559
250284631
250284705
250161519
250161619
250161662
250161665
250161694
250161904
250161946
250162033
250162061
250162422
250162547
250162652
250162690
250162899
250162934
250163335
250163427
250163696
250163719
250163737
250163748
250163910
250164011
250164253
250164298
250164494
250164501
250164773
250164792
250165102
250165171
250165179
250165254
250165327
250165331
250165484
250165648
250165662
250165687
250165721
250165769
250165862
250166066
250166408
250166626
250166639
250166677
250166742
250166806
250166980
250167068
250167400
250167517
250167689
250167699
250167961
250167967
250168086
250168190
250168213
250168226
250168243
250168423
250168513
250168522
250168533
250168557
250168657
250168687
250168803
250168852
250168967
250169008
250169128
250169156
250169180
250169196
250169376
250169393
250169397
250169466
250169844
250169974
250170010
250170143
250170446
250170739
250170784
250170859
250170980
250170985
250171277
250171384
250171434
250171466
250171583
250171606
250171639
250171640
250172087
250172465
250172507
250172664
250172760
250172777
250172862
250172876
250172879
250173069
250173080
250173219
250173286
250173301
250173549
250173589
250173783
250173820
250173888
250173998
250174268
250174523
250174549
250174553
250174585
250174587
250174612
250174686
250174756
250174872
250174993
250175006
250175007
250175029
250175044
250175057
250175252
250175364
250175387
250175459
250175501
250175678
250175742
250175757
250175781
250175782
250175784
250175851
250175868
250175933
250175954
250175964
250176177
250176213
250176340
250176404
250176424
250176454
250176501
250176509
250176537
250176694
250176807
250176814
250176815
250176939
250177026
250177287
250177336
250177427
250177703
250177802
250177815
250177888
250177894
250177950
250178007
250178026
250178207
250178245
250178248
250178308
250178367
250178380
250178402
250178418
250178563
250178586
250178618
250178675
250178830
250178954
250179042
250179097
250179120
250179557
250179633
250179801
250179964
250180009
250180017
250180132
250180159
250180190
250180207
250180328
250180767
250180830
250180894
250180972
250181227
250181499
250181540
250181560
250181629
250181697
250181715
250181757
250182049
250182076
250182290
250182303
250182341
250182431
250182459
250182467
250182481
250182647
250182762
250182778
250182891
250182984
250183051
250183057
250183152
250183289
250183532
250183546
250183560
250183666
250183693
250183715
250183749
250183872
250183937
250184072
250184168
250202867
250202884
250202979
250203560
250203649
250203691
250203704
250203744
250203762
250203796
250203906
250204079
250204133
250204135
250204315
250204419
250204584
250204673
250204875
250204917
250205078
250205088
250205142
250205667
250205703
250205782
250205783
250205943
250206161
250206249
250206319
250206590
250206771
250207158
250207455
250207539
250207574
250207810
250207974
250208279
250208294
250208371
250208530
250208597
250208673
250208703
250208831
250209002
250209090
250209133
250209333
250209368
250209522
250209686
250209702
250209762
250209958
250209983
250210040
250210098
250210101
250210209
250210444
250210452
250210502
250210609
250210672
250211134
250211176
250211441
250211629
250211648
250211745
250211790
250211818
250211856
250211857
250212394
250212556
250212752
250212766
250213244
250213372
250213469
250213525
250213597
250213607
250213701
250213713
250213763
250213846
250213856
250213936
250214015
250214127
250214136
250214202
250214286
250214334
250214345
250214402
250214527
250214639
250214691
250214836
250214941
250215026
250215060
250215104
250215323
250215381
250215417
250215434
250216126
250216210
250216311
250216322
250216493
250216651
250217127
250217264
250217304
250217552
250217750
250217769
250217832
250218066
250218067
250218237
250218387
250218561
250218646
250218731
250218787
250218808
250218815
250218822
250218921
250218998
250219033
250219236
250219295
250219500
250219988
250220027
250220047
250220408
250220619
250220693
250220813
250220857
250220893
250220983
250221078
250221230
250221240
250221718
250221741
250221938
250222048
250222088
250222158
250222443
250222628
250222678
250222853
250223496
250223542
250223797
250223850
250223875
250223910
250224097
250224134
250224206
250224295
250224379
250224462
250224553
250224653
250224679
250224736
250224744
250224758
250224789
250224856
250224875
250224913
250224977
250225169
250225177
250225428
250225435
250225446
250225656
250225800
250225813
250225903
250225994
250226033
250226077
250226148
250226167
250226269
250226312
250226513
250226518
250226575
250226660
250226710
250226799
250226986
250227175
250227549
250227565
250227826
250227988
250228039
250228052
250228071
250228187
250228245
250228257
250228281
250228524
250228634
250228901
250229106
250229191
250229281
250229316
250229323
250229625
250229627
250229679
250229922
250229928
250229949
250230014
250230116
250230184
250230258
250230361
250230567
250230581
250230704
250230827
250230854
250231054
250231072
250231196
250231248
250231291
250231329
250231429
250231734
250231767
250231863
250232040
250232075
250232267
250232497
250232563
250232644
250232781
250232858
250232939
250232980
250233055
250233200
250233304
250233319
250233347
250233353
250233359
250233383
250233416
250233429
250233484
250233663
250233759
250233943
250234180
250234187
250234270
250234292
250234298
250234360
250234435
250234575
250234581
250234587
250234618
250234624
250235011
250235135
250235183
250235198
250235209
250235250
250235285
250235332
250235361
250235681
250235775
250235946
250235988
250236023
250236026
250236122
250236256
250236269
250236345
250236355
250236358
250236408
250236990
250237005
250237180
250237222
250237389
250237410
250237482
250237551
250237593
250237746
250237929
250237947
250238302
250238390
250238392
250238405
250238416
250238459
250238545
250238601
250238632
250238668
250238724
250238809
250238814
250238928
250239237
250239242
250239384
250239439
250239462
250239477
250239652
250239692
250239788
250239804
250239817
250240216
250240222
250240351
250240462
250240523
250240564
250240598
250240631
250240900
250241041
250241134
250241169
250241171
250241333
250241339
250241431
250241607
250241870
250242162
250242207
250242233
250242417
250242427
250242496
250242521
250242534
250242537
250242596
250243032
250243082
250243125
250243162
250243166
250243184
250243321
250243383
250243427
250243507
250243785
250243815
250243901
250244070
250244079
250244080
250244092
250244135
250244176
250244276
250244323
250244366
250244474
250244679
250244708
250244710
250244868
250245036
250329861
250329875
250329918
250330019
250330265
250330489
250330854
250330955
250331228
250331245
250331464
250331490
250331591
250331777
250331790
250332013
250332033
250332110
250332128
250332246
250332248
250332267
250332270
250332276
250332277
250332304
250332341
250332366
250332481
250332670
250332700
250332706
250332843
250333419
250333454
250333654
250333794
250334209
250334252
250334570
250334647
250334658
250334749
250334932
250334943
250334976
250335167
250335256
250335378
250335501
250335656
250335821
250336178
250336179
250336181
250336413
250336424
250336427
250336436
250336556
250336802
250336824
250336856
250337275
250337349
250337443
250337657
250337722
250337749
250337810
250337921
250337981
250337988
250338911
250339041
250339059
250339192
250339283
250339741
250339771
250339794
250339802
250339984
250340036
250340164
250340257
250340330
250340343
250340458
250340778
250340957
250340960
250341135
250341274
250341446
250341551
250341588
250341617
250341851
250341922
250342110
250342211
250342421
250342657
250342791
250342991
250343105
250343118
250343564
250343572
250343580
250343644
250343727
250343760
250343835
250343877
250344043
250344057
250344081
250344174
250344178
250344720
250345024
250345088
250345144
250345162
250345334
250345502
250345768
250345960
250346227
250346313
250346462
250346484
250346490
250346717
250346743
250347068
250347163
250347426
250347447
250347506
250347671
250347700
250347705
250347726
250348113
250348118
250348129
250348173
250348220
250284917
250284977
250285099
250285107
250285325
250285476
250285522
250285523
250285679
250285722
250285731
250285745
250285799
250285804
250285828
250285903
250285932
250285944
250285951
250285979
250286069
250286523
250286524
250286949
250286951
250286974
250287040
250287341
250287359
250287654
250287746
250287769
250287777
250287778
250287865
250287902
250288167
250288314
250288340
250288407
250288523
250288590
250288681
250288700
250288725
250289010
250289078
250289220
250289282
250289286
250289322
250289416
250289508
250289534
250289572
250289703
250289758
250290084
250290101
250290104
250290127
250290134
250290176
250290184
250290251
250290316
250290338
250290457
250290467
250290583
250290595
250290708
250290804
250290807
250290870
250290901
250290989
250291075
250291225
250291255
250291438
250291550
250291574
250291581
250291698
250291735
250291750
250291815
250291873
250291963
250291991
250292162
250292233
250292322
250292391
250292443
250292453
250292674
250292762
250292793
250292834
250292967
250293244
250293323
250293340
250293410
250293507
250293726
250293787
250293813
250294208
250294247
250294256
250294323
250294480
250294566
250294584
250294661
250294720
250294728
250294736
250294892
250295059
250295128
250295469
250295487
250295542
250295983
250296244
250296284
250296287
250296374
250296469
250296510
250296539
250296562
250296815
250296860
250296967
250297073
250297218
250297231
250297265
250297679
250297706
250297714
250297880
250297941
250297955
250297996
250298015
250298216
250298428
250298571
250298700
250298801
250298991
250298998
250299325
250299389
250299433
250299590
250299651
250299653
250299691
250299805
250299820
250299822
250300154
250300294
250300317
250300433
250300577
250300662
250300835
250300843
250301068
250301141
250301155
250301186
250301190
250301207
250301221
250301398
250301442
250301473
250301556
250301562
250301698
250301782
250301897
250301967
250302018
250302101
250302115
250302123
250302194
250302248
250302294
250302494
250302499
250302615
250302703
250302740
250302778
250302866
250302911
250302912
250303017
250303089
250303328
250303330
250303497
250303587
250303595
250303875
250304285
250304443
250304793
250304805
250304845
250304852
250304921
250305068
250305076
250305093
250305095
250305108
250305194
250305229
250305379
250305390
250305395
250305406
250305630
250305676
250305835
250305889
250306051
250306090
250306113
250306141
250306193
250306289
250306320
250306600
250306658
250306760
250306768
250306771
250306780
250306786
250306808
250306813
250306855
250307191
250307199
250307200
250307233
250307357
250307505
250307589
250307603
250307689
250307996
250308151
250308153
250308165
250308190
250308377
250308511
250308613
250308647
250308651
250308743
250308866
250308890
250308933
250309058
250309156
250309224
250309307
250309344
250309389
250309415
250309656
250309678
250309814
250309971
250310109
250310371
250310392
250310405
250310407
250310419
250310511
250310552
250310978
250310994
250311047
250311294
250311482
250311620
250311887
250311926
250312108
250312127
250312157
250312165
250312250
250312333
250312359
250312375
250312384
250312876
250312933
250312961
250312995
250313174
250313247
250313265
250313442
250313962
250313970
250313997
250313999
250314207
250314216
250314232
250314282
250314674
250314729
250314764
250314813
250314823
250314996
250315144
250315644
250315704
250315825
250315897
250316023
250316159
250316276
250316633
250316725
250316989
250316994
250317015
250317018
250317126
250317168
250317185
250317233
250317241
250317296
250317391
250317416
250317803
250317815
250317913
250317930
250317951
250317960
250318038
250318169
250318199
250318249
250318490
250318641
250318679
250318714
250318724
250318807
250318808
250318815
250318827
250318839
250318934
250319147
250319385
250319386
250319604
250319657
250319658
250319768
250319926
250320021
250320035
250320110
250320162
250320163
250320236
250320466
250320531
250320547
250320675
250320893
250320927
250321113
250321131
250321134
250321148
250321194
250321293
250321294
250321297
250321793
250321795
250321806
250321815
250321826
250321833
250321920
250321930
250322068
250322084
250322145
250322146
250322149
250322262
250322453
250322543
250322557
250322616
250322620
250322772
250322807
250322852
250322859
250322875
250323002
250323013
250323079
250323407
250323529
250323643
250323703
250323822
250323887
250323991
250324002
250324021
250324095
250324113
250324144
250324191
250324421
250324759
250324762
250324770
250324824
250324894
250324895
250324912
250324938
250324943
250325060
250325126
250325209
250325254
250325482
250325734
250325876
250325921
250325998
250326014
250326227
250326406
250326531
250326738
250326867
250327093
250327119
250327219
250327302
250327467
250327543
250327656
250327683
250327698
250327877
250327943
250328125
250328242
250328421
250328515
250328646
250328711
250328718
250328976
250329031
250329343
250329506
250329515
250442097
250442105
250442394
250442508
250442972
250443104
250443124
250443163
250443197
250443228
250443758
250443775
250443808
250444073
250444088
250444416
250444530
250444540
250444577
250444591
250444620
250444644
250444676
250444717
250444731
250445031
250445070
250445206
250445236
250445860
250446048
250446492
250446584
250446652
250446993
250447337
250447421
250447457
250447561
250447986
250448091
250448097
250448222
250448924
250448951
250449457
250449482
250449803
250450297
250450404
250450448
250450653
250450667
250450970
250451011
250451157
250451263
250451390
250451517
250451528
250451556
250451939
250452015
250452038
250452122
250452193
250452449
250452669
250452777
250452809
250452871
250452893
250453190
250453288
250453388
250453599
250453607
250453644
250454001
250454087
250454156
250454366
250454438
250454442
250454444
250454803
250454932
250454936
250455056
250455402
250455561
250455706
250455820
250456183
250456374
250456549
250456561
250456631
250456688
250456757
250457012
250457094
250457197
250457198
250457342
250457355
250457842
250458113
250458170
250458173
250458224
250458421
250458490
250458540
250458562
250458617
250458898
250458926
250459513
250459691
250459708
250459722
250460026
250460056
250460128
250460139
250460145
250460150
250460570
250460838
250461051
250461087
250461114
250461136
250461184
250461218
250461554
250461874
250462488
250462516
250462566
250462760
250463131
250463331
250463343
250463544
250463591
250464094
250464106
250464112
250464130
250464255
250464621
250464777
250464846
250465020
250465205
250465522
250465553
250465731
250465754
250465796
250418707
250418753
250418768
250418788
250418805
250418810
250418876
250418968
250418998
250419196
250419231
250419250
250419255
250419407
250419421
250419572
250419663
250419726
250419752
250419787
250419947
250419963
250419992
250420002
250420022
250420030
250420263
250420274
250420379
250420431
250420435
250420481
250420723
250420732
250420794
250421069
250421193
250421263
250421365
250421471
250421649
250421982
250422152
250422705
250422836
250423042
250423340
250423467
250423724
250424165
250424173
250424371
250424572
250424822
250424826
250424889
250425003
250425019
250425137
250425147
250425572
250425593
250425671
250425676
250425725
250425750
250425752
250426086
250426093
250426201
250426220
250426316
250426879
250426970
250427110
250427181
250427233
250427269
250427278
250427441
250427540
250427541
250427702
250427767
250427783
250427788
250427851
250427923
250428083
250428321
250428337
250428408
250428436
250428451
250428485
250428499
250428661
250428697
250428704
250428788
250428958
250428978
250429004
250429058
250429202
250429419
250429522
250429728
250429762
250430126
250430430
250430460
250430523
250430570
250430653
250430678
250430684
250430723
250430810
250430878
250430974
250430978
250431345
250431529
250431538
250431567
250431672
250431776
250431966
250432075
250432122
250432646
250432803
250432962
250433244
250433502
250433523
250433528
250433544
250433799
250433911
250434136
250434216
250434233
250434321
250434334
250434353
250434376
250434419
250434657
250434771
250434787
250434803
250435070
250435118
250435444
250435747
250435791
250435908
250436152
250436166
250436198
250436289
250436311
250436326
250436438
250436485
250436664
250436680
250437173
250437184
250437260
250437284
250437296
250437302
250437465
250437704
250438189
250438705
250438757
250438820
250438858
250439302
250439525
250439564
250439995
250440569
250440571
250440640
250440800
250440853
250441067
250441385
250441449
250441602
250441630
250395872
250395972
250396016
250396089
250396216
250396259
250396309
250396350
250396413
250396515
250396849
250396893
250396916
250396929
250397018
250397066
250397219
250397467
250397544
250397550
250397556
250397635
250397636
250397948
250398109
250398237
250398324
250398448
250398494
250398554
250398581
250398786
250399068
250399089
250399102
250399113
250399157
250399216
250399248
250399279
250399403
250399497
250399568
250399586
250399613
250399626
250399975
250400098
250400115
250400202
250400318
250400365
250400373
250400374
250400433
250400474
250400506
250400520
250400557
250400757
250400897
250400914
250401142
250401275
250401446
250401883
250401965
250401974
250402209
250402244
250402267
250402385
250402551
250402717
250402787
250402928
250403338
250403360
250403514
250403518
250403571
250403643
250403671
250403963
250403977
250403984
250404034
250404048
250404118
250404169
250404260
250404441
250404458
250404484
250404528
250404748
250404806
250405044
250405267
250405369
250405399
250405403
250405419
250405498
250405559
250405565
250405987
250406049
250406152
250406191
250406233
250406378
250406691
250406906
250407034
250407038
250407130
250407270
250407357
250407359
250407417
250407537
250407611
250407820
250408216
250408343
250408473
250408484
250408761
250408790
250408835
250408943
250409122
250409617
250409733
250409743
250409746
250409758
250409845
250409947
250410060
250410204
250410386
250410404
250410434
250410571
250410587
250410959
250411067
250411092
250411285
250411492
250411574
250411596
250411732
250411794
250411856
250412110
250412131
250412197
250412202
250412264
250412556
250412655
250412689
250412782
250412999
250413032
250413048
250413110
250413268
250413278
250413404
250413465
250413661
250413838
250414002
250414080
250414081
250414099
250414217
250414411
250414427
250414665
250414711
250414858
250415333
250415559
250415569
250415799
250415826
250415835
250415867
250415882
250415900
250416123
250416138
250416175
250416184
250416189
250416192
250416371
250416431
250416724
250416737
250416774
250416850
250417007
250417192
250417195
250417377
250417590
250417641
250417795
250417863
250418091
250418172
250418177
250418247
250418281
250418353
250348788
250348815
250348856
250348926
250348971
250349162
250349170
250349350
250349372
250349558
250349718
250349729
250349768
250349852
250349853
250349882
250349893
250349929
250350000
250350277
250350294
250350371
250350386
250350413
250350522
250350584
250350587
250350857
250350926
250350945
250350946
250350960
250350985
250351041
250351082
250351203
250351980
250352057
250352681
250352693
250352805
250353056
250353059
250353097
250353110
250353203
250353220
250353449
250353586
250353807
250353865
250353930
250353994
250354041
250354072
250354087
250354111
250354392
250354410
250355101
250355151
250355205
250355246
250355337
250355359
250355424
250355449
250355473
250355588
250355874
250355875
250355889
250356246
250356497
250356532
250356543
250356708
250356916
250356947
250357268
250357384
250357536
250357644
250357658
250357667
250357945
250358081
250358114
250358151
250358155
250358327
250358362
250358573
250358614
250358671
250358722
250358799
250358835
250358880
250358933
250358978
250359029
250359085
250359110
250359157
250359289
250359434
250359559
250359570
250359574
250359657
250359663
250359707
250359732
250359903
250359919
250360054
250360140
250360368
250360538
250360902
250360965
250361090
250361239
250361244
250361268
250361278
250361363
250361590
250361717
250362086
250362449
250362475
250362516
250362621
250362624
250362731
250362755
250363005
250363423
250363457
250363533
250363866
250363879
250363939
250363950
250363967
250363997
250364007
250364091
250364105
250364139
250364342
250364467
250364768
250364785
250364887
250364987
250365289
250365375
250365488
250365496
250365498
250365500
250365549
250365557
250365571
250365631
250365647
250365812
250365893
250365923
250365998
250366105
250366138
250366152
250366216
250366258
250366322
250366572
250366847
250366914
250366916
250367009
250367291
250367323
250367473
250367483
250367524
250367545
250367642
250367679
250367866
250368247
250368320
250368377
250368718
250368736
250368784
250368895
250369019
250369065
250369228
250369261
250369324
250369465
250369544
250369587
250369588
250369603
250369665
250369697
250369747
250369764
250369796
250369893
250369970
250370163
250370239
250370288
250370289
250370352
250370353
250370398
250371173
250371336
250371356
250372032
250372106
250372331
250372403
250372404
250372763
250372940
250373147
250373246
250373255
250373347
250373365
250373382
250373512
250373748
250373758
250373909
250373964
250374088
250374144
250374256
250374282
250374336
250374348
250374418
250374477
250374709
250374899
250375016
250375078
250375136
250375156
250375220
250375270
250375277
250375598
250375701
250375703
250375888
250375905
250375978
250376098
250376142
250376151
250376159
250376183
250376184
250376205
250376211
250376359
250376409
250376494
250376523
250376524
250376735
250376982
250376985
250376990
250377229
250377249
250377449
250377508
250377611
250377661
250377752
250377785
250378231
250378420
250378465
250378493
250378538
250378569
250378589
250378609
250378724
250379000
250379129
250379175
250379238
250379242
250379339
250379460
250379603
250379733
250379833
250379834
250380000
250380229
250380240
250380247
250380447
250380715
250380851
250380861
250380869
250380993
250381108
250381109
250381316
250381323
250381403
250381434
250381544
250381629
250381647
250381837
250381838
250381850
250381943
250381957
250382321
250382490
250382509
250382585
250382613
250382743
250382784
250382876
250383019
250383202
250383312
250383320
250383358
250383435
250383536
250383581
250383595
250383599
250383740
250383777
250383794
250383957
250383979
250384019
250384028
250384072
250384235
250384622
250384652
250384757
250385028
250385164
250385281
250385342
250385379
250385459
250385532
250385662
250385689
250385874
250385892
250385902
250385985
250386052
250386310
250386319
250386492
250386754
250386817
250386821
250386826
250387070
250387161
250387392
250387561
250387605
250387619
250387688
250387759
250387776
250387784
250387887
250388066
250388089
250388302
250388404
250388429
250388610
250388623
250388773
250388785
250389089
250389320
250389366
250389471
250389539
250389598
250389608
250389681
250389745
250389887
250389902
250389990
250390005
250390106
250390435
250390528
250390531
250390550
250390590
250390822
250390884
250391107
250391230
250391245
250391346
250391366
250391681
250391751
250391752
250391764
250391882
250392320
250392372
250392385
250392516
250392589
250392851
250392909
250393071
250393158
250393172
250393398
250393422
250393715
250393910
250393911
250394010
250394073
250394178
250394307
250394369
250394387
250394417
250394497
250394527
250394629
250394636
250394663
250394748
250394765
250394818
250394833
250394857
250395037
250395346
250395349
250395353
250395354
250395576
250395724
250559866
250559867
250559931
250559942
250560127
250560214
250560245
250560300
250560418
250560742
250560878
250561033
250561076
250561452
250561464
250561497
250561552
250561595
250561600
250561751
250561902
250562208
250562248
250562332
250562375
250562386
250562420
250562490
250562543
250562604
250562672
250562777
250562947
250563027
250563082
250563092
250563227
250563232
250563321
250563333
250563355
250563390
250563484
250563926
250564004
250564232
250564344
250564538
250564641
250564710
250564731
250564763
250564847
250564848
250564850
250564851
250565012
250565137
250565194
250565206
250565394
250565783
250565788
250565822
250565869
250565931
250566014
250566216
250566280
250566283
250566450
250566461
250566906
250567482
250567540
250567766
250567898
250567926
250568047
250568129
250568825
250568909
250569086
250569243
250569263
250569465
250569486
250569659
250569686
250570476
250570623
250570667
250570686
250570767
250570786
250570838
250570960
250571267
250571498
250571525
250571571
250571794
250571963
250571964
250572053
250572082
250572093
250572238
250572553
250572911
250573118
250573283
250573466
250573493
250573650
250573702
250573722
250573760
250573822
250573900
250573909
250574158
250574432
250574438
250574444
250574601
250574670
250574794
250574900
250575391
250575450
250575498
250575531
250575588
250575742
250575753
250575754
250575833
250575982
250575999
250576022
250576514
250576582
250576609
250576637
250576661
250576691
250576809
250576897
250577132
250577187
250577277
250577352
250577745
250578065
250578194
250578466
250578489
250578622
250578657
250579041
250579201
250579408
250579546
250579611
250579667
250579687
250579748
250580138
250580304
250580650
250580670
250580914
250580948
250580964
250581006
250581139
250581410
250581446
250581478
250581532
250581554
250581673
250581712
250581902
250582206
250582211
250582261
250582383
250582410
250582443
250582471
250582482
250582502
250582555
250582988
250582989
250583251
250583542
250583833
250583917
250583977
250584044
250584374
250584409
250585357
250585371
250585478
250585516
250585524
250585934
250585990
250585991
250586121
250586138
250586165
250586166
250586198
250586222
250586405
250586407
250586441
250586705
250586859
250586948
250587082
250587108
250587125
250587499
250587620
250587737
250588441
250588498
250588588
250588817
250588922
250588947
250589021
250589028
250589049
250589059
250589179
250589218
250589223
250589224
250589271
250589305
250589322
250589526
250589945
250590052
250590053
250590093
250590097
250590122
250590124
250590152
250590255
250590467
250590591
250590614
250590732
250590945
250591030
250591381
250591416
250591508
250591612
250591620
250592045
250592232
250592235
250592245
250592250
250592268
250592461
250592541
250592604
250592671
250592932
250592954
250592973
250593021
250593093
250593143
250593316
250593340
250593680
250593837
250593843
250593881
250593894
250593967
250594097
250594214
250594516
250594535
250594849
250595004
250595028
250595101
250595109
250595124
250595175
250595300
250595463
250595538
250595561
250595832
250595899
250595956
250596026
250596047
250596211
250596241
250596282
250596481
250596492
250596572
250596674
250596692
250596801
250596932
250596936
250596994
250597062
250597083
250597631
250597681
250597746
250598086
250598115
250598166
250598177
250598201
250598228
250598237
250598306
250598412
250598522
250598669
250598941
250599002
250599030
250599053
250599107
250599221
250599306
250599537
250599657
250599871
250599911
250600073
250600092
250600521
250600678
250600695
250600710
250600741
250600868
250600984
250601136
250601320
250601572
250601891
250602023
250602105
250602109
250602113
250602213
250602255
250602277
250602464
250602485
250602509
250602514
250602537
250602681
250602795
250602862
250603093
250603242
250603260
250603398
250603524
250603541
250603573
250603587
250604080
250604120
250604126
250604396
250604910
250604960
250605093
250605334
250605429
250605598
250606145
250606202
250606693
250606712
250606745
250606764
250491185
250491251
250491305
250491498
250491539
250492061
250492092
250492133
250492155
250492157
250492199
250492244
250492534
250492574
250492577
250492579
250492766
250492769
250492777
250492890
250493299
250493360
250493537
250493632
250493863
250493882
250493967
250494016
250494065
250494139
250494299
250494463
250494623
250494849
250495224
250495243
250495411
250496308
250496392
250496549
250496563
250496588
250496653
250496691
250497050
250497460
250497488
250497506
250497592
250497838
250497881
250497904
250497923
250497977
250498054
250498169
250498275
250498385
250498732
250498758
250498912
250499197
250499317
250499425
250499475
250499501
250499686
250499928
250500089
250500116
250500157
250500199
250500276
250500495
250500645
250500781
250500797
250501077
250501162
250501288
250501302
250501440
250501480
250501492
250501776
250501793
250501860
250501866
250501998
250502133
250502143
250502591
250502603
250503074
250503162
250503399
250503406
250503421
250503557
250503598
250503957
250504123
250504379
250504508
250504567
250504608
250504627
250504764
250505026
250505297
250505460
250505499
250505809
250505887
250505897
250506021
250506199
250506325
250506893
250507085
250507382
250507502
250507537
250507861
250508082
250508149
250508349
250508366
250508402
250508802
250509529
250509810
250509821
250510212
250511138
250511250
250511294
250511389
250511417
250511605
250511913
250511961
250512105
250512199
250535696
250535781
250535814
250535829
250535879
250535979
250535980
250535989
250535991
250536103
250536375
250536514
250536533
250536539
250536612
250536658
250536837
250536847
250536885
250537101
250537123
250537222
250537297
250537308
250537312
250537317
250537334
250537448
250537465
250537726
250538202
250538278
250538471
250538477
250538545
250538645
250538653
250538745
250538916
250538941
250539014
250539071
250539309
250539334
250539481
250539493
250539515
250539524
250539531
250539591
250539707
250539800
250539828
250539831
250539963
250540209
250540271
250540324
250540355
250540417
250540430
250540454
250541159
250541164
250541195
250541366
250541712
250541714
250541758
250541895
250542200
250542222
250542299
250542360
250542475
250542600
250542739
250542815
250542816
250542862
250542864
250543097
250543213
250543234
250543381
250543405
250543435
250543514
250543766
250544091
250544271
250544539
250544564
250544620
250544834
250545002
250545186
250545247
250545569
250545730
250545768
250545817
250545852
250545853
250545970
250546261
250546410
250546490
250546579
250546610
250546637
250546639
250546795
250546832
250547116
250547117
250547211
250547212
250547323
250547384
250547618
250547654
250547719
250547883
250547910
250547995
250548096
250548552
250548799
250549064
250549109
250549163
250549204
250549238
250549269
250549291
250549296
250549988
250550077
250550133
250550407
250550697
250550726
250550807
250551004
250551111
250551118
250551264
250551281
250551544
250551673
250551674
250551685
250551812
250551910
250552359
250552560
250553239
250553285
250553362
250553432
250553445
250554019
250554077
250554103
250554124
250554262
250554320
250554329
250554908
250554925
250554947
250555163
250555316
250555366
250555407
250555435
250555464
250555587
250555622
250555640
250555798
250555926
250555969
250556035
250556252
250556513
250556545
250556600
250556983
250556987
250557196
250557213
250557303
250557351
250557414
250557576
250557653
250557778
250557907
250557918
250557948
250558025
250558272
250558414
250558859
250558999
250559243
250559330
250559332
250559381
250512430
250512485
250512629
250512671
250512694
250513108
250513238
250513303
250513416
250513420
250513426
250513446
250513810
250513945
250514030
250514036
250514073
250514642
250514654
250514760
250514827
250514834
250514854
250514888
250514964
250515033
250515066
250515103
250515156
250515512
250515617
250515772
250515973
250516044
250516245
250516246
250516328
250516349
250516381
250516731
250516754
250516927
250517037
250517072
250517084
250517087
250517135
250517174
250517312
250517341
250517722
250517869
250517956
250517972
250517992
250518417
250518622
250518631
250518731
250518793
250518816
250519105
250519320
250519322
250519334
250519414
250519440
250519683
250519684
250520030
250520255
250520367
250520372
250520419
250520430
250520643
250521118
250521333
250521336
250521419
250521587
250521601
250521602
250521613
250521698
250521789
250521808
250521889
250522223
250522240
250522456
250522602
250522730
250522879
250522910
250522963
250522989
250523063
250523357
250523454
250523519
250523967
250524013
250524017
250524155
250524234
250524251
250524268
250524404
250524406
250524470
250524532
250524693
250525046
250525130
250525165
250525402
250525404
250525415
250525431
250525447
250525694
250525871
250525947
250526057
250526087
250526088
250526413
250526414
250526531
250526605
250526609
250526652
250526738
250526942
250526957
250527136
250527154
250527186
250527222
250527394
250527445
250527773
250527833
250527934
250527939
250527991
250528017
250528032
250528066
250528079
250528096
250528157
250528199
250528282
250528415
250528473
250528615
250528620
250528806
250528896
250529114
250529119
250529327
250529686
250529788
250529830
250529895
250529936
250529956
250530051
250530114
250530227
250530231
250530330
250530524
250530774
250530791
250530897
250530958
250530994
250531032
250531146
250531242
250531257
250531364
250531372
250531420
250531422
250531803
250531922
250531999
250532055
250532093
250532114
250532179
250532182
250532183
250532193
250532406
250532409
250532415
250532418
250532430
250532451
250532782
250532790
250532904
250532998
250533003
250533278
250533336
250533346
250533347
250533694
250533856
250533983
250533999
250534027
250534450
250534586
250534619
250534852
250535096
250535420
250466172
250466363
250466916
250467014
250467109
250467217
250467260
250467715
250467724
250467936
250468068
250468606
250468821
250468933
250468936
250469058
250469062
250469071
250469129
250469221
250469222
250469247
250469353
250469490
250469492
250469760
250469767
250469985
250470131
250470262
250470266
250470468
250470656
250470992
250471484
250471584
250471604
250471709
250471975
250472051
250472312
250472318
250472335
250472461
250472465
250472476
250472685
250472706
250473236
250473253
250473575
250473657
250473842
250473982
250474120
250474147
250474202
250474454
250474886
250474932
250475002
250475039
250475065
250475084
250475086
250475190
250475764
250475965
250476001
250476009
250476443
250476611
250476700
250476714
250476977
250476978
250477168
250477188
250477519
250477567
250477610
250477832
250477943
250478119
250478189
250478201
250478275
250478371
250478431
250478745
250478769
250478799
250479016
250479071
250479098
250479133
250479165
250479231
250479400
250479634
250479798
250479840
250480104
250480119
250480143
250480324
250480523
250480586
250480794
250481131
250481159
250481261
250481396
250481488
250481679
250481952
250482030
250482048
250482073
250482212
250482275
250482367
250482523
250482547
250482694
250482865
250482870
250482931
250482932
250482994
250483137
250483218
250483294
250483329
250483359
250483366
250483440
250483470
250483502
250483796
250483823
250483825
250483833
250484063
250484210
250484240
250484249
250484358
250484427
250484487
250484523
250484567
250484876
250484976
250485021
250485227
250485363
250486087
250486088
250486387
250486411
250486610
250486693
250486962
250487303
250487309
250487456
250487518
250487554
250487846
250487953
250487963
250488002
250488052
250488077
250488091
250488154
250488279
250488301
250488396
250488413
250488564
250488568
250489023
250489118
250489259
250489287
250489625
250489666
250489779
250489831
250489833
250489856
250489893
250489959
250490228
250490267
250490515
250490570
250490628
250490768
250490770
250490853
250490888
250491035
250658726
250658867
250658935
250659032
250659083
250659455
250659555
250659556
250659568
250659612
250659698
250659743
250660016
250660046
250660076
250660099
250660173
250660189
250660262
250660263
250660293
250660472
250660670
250660719
250660894
250660914
250660949
250661002
250661042
250661062
250661324
250661427
250661440
250661507
250661625
250661664
250661871
250662260
250662276
250662375
250662415
250662481
250662509
250662742
250662760
250662877
250662966
250662982
250663015
250663027
250663032
250663039
250663111
250663112
250663249
250663332
250663343
250663676
250663963
250664193
250664218
250664219
250664263
250664514
250664715
250665009
250665114
250665136
250665163
250665223
250665506
250665535
250665552
250665722
250666007
250666466
250666634
250666826
250666911
250666939
250667254
250667476
250667590
250667635
250668009
250668315
250668326
250668348
250668452
250668515
250668526
250668751
250669111
250669477
250669506
250669725
250669788
250669897
250670018
250670040
250670091
250670109
250670196
250670232
250670562
250670747
250671140
250671142
250671274
250671297
250671317
250671372
250671418
250671462
250671560
250671581
250671777
250672066
250672149
250672163
250672300
250672622
250672671
250672762
250672824
250672866
250672887
250673270
250673382
250673582
250673928
250674090
250674248
250674252
250674367
250674602
250674677
250675036
250675164
250675191
250675247
250675266
250675603
250675609
250675616
250675634
250675790
250675999
250676057
250676086
250676135
250676423
250676491
250676573
250677133
250677138
250677250
250677492
250677507
250677509
250677532
250677702
250677987
250678002
250678254
250678331
250678349
250678413
250678425
250678584
250678714
250678816
250679141
250679238
250679254
250679653
250679713
250679722
250679862
250680012
250680019
250680043
250680047
250680081
250680176
250680239
250680869
250680885
250680998
250681040
250607197
250607273
250607393
250607399
250607425
250607495
250607519
250607608
250607649
250607665
250607706
250607801
250607805
250607940
250608082
250608370
250608372
250608382
250608392
250608456
250608518
250608649
250608670
250608684
250608713
250608797
250608799
250608819
250608919
250608978
250609018
250609164
250609237
250609267
250609332
250609356
250609424
250609473
250609532
250609545
250609589
250609649
250609867
250610000
250610182
250610220
250610231
250610237
250610286
250610323
250610414
250610626
250610639
250610656
250610796
250610922
250610934
250610964
250611012
250611060
250611116
250611228
250611230
250611252
250611344
250611349
250611444
250611507
250611551
250611564
250611710
250611725
250611812
250612092
250612093
250612256
250612283
250612304
250612313
250612335
250612440
250612556
250612686
250612702
250612718
250612772
250612815
250613086
250613209
250613355
250613410
250613523
250613530
250613606
250613690
250613916
250613923
250614029
250614167
250614324
250614333
250614349
250614360
250614437
250614528
250614588
250614598
250614649
250614660
250614697
250614819
250614916
250615365
250615418
250615419
250615422
250615435
250615436
250615579
250615708
250615715
250615753
250615833
250615969
250615974
250615984
250615991
250616010
250616346
250616568
250616798
250616826
250616875
250616986
250617187
250617320
250617390
250617586
250617804
250617850
250617916
250617942
250617990
250618142
250618198
250618213
250618232
250618233
250618312
250618424
250618463
250618487
250618498
250618499
250618631
250618647
250618730
250618925
250618952
250618968
250619020
250619181
250619248
250619640
250620073
250620141
250620159
250620165
250620228
250620385
250620386
250620611
250620865
250620878
250621043
250621206
250621339
250621395
250621451
250621554
250621690
250621723
250622049
250622106
250622234
250622336
250622453
250622620
250622624
250622690
250622706
250622765
250622842
250622972
250623065
250623196
250623240
250623258
250623295
250623391
250623450
250623460
250623468
250623487
250623488
250623510
250623547
250623769
250623771
250623840
250623863
250623933
250623981
250624022
250624080
250624088
250624204
250624292
250624509
250624577
250624668
250624783
250624869
250624988
250625038
250625064
250625313
250625327
250625390
250625460
250625537
250625615
250625672
250625853
250626213
250626341
250626369
250626606
250626613
250626686
250626759
250626761
250626797
250626960
250627003
250627024
250627185
250627190
250627219
250627252
250627325
250627385
250627438
250627466
250627474
250627521
250627565
250627576
250627653
250627682
250627710
250627864
250627959
250628001
250628092
250628158
250628213
250628242
250628373
250628395
250628433
250628590
250628644
250628904
250629022
250629051
250629198
250629256
250629303
250629594
250629660
250629724
250629790
250629819
250629866
250629908
250629915
250630012
250630069
250630288
250630367
250630508
250630513
250630557
250630561
250630645
250630737
250630814
250631067
250631432
250631581
250631586
250631593
250631609
250631617
250631977
250632024
250632124
250632169
250632188
250632316
250632326
250632381
250632413
250632448
250632468
250632491
250632606
250632836
250632907
250632945
250633001
250633144
250633153
250633171
250633305
250633561
250633714
250633734
250633738
250633780
250633820
250633932
250634031
250634092
250634148
250634356
250634427
250634506
250634801
250634811
250634816
250634824
250635023
250635352
250635458
250635497
250635527
250635549
250635729
250635781
250636079
250636118
250636173
250636362
250636366
250636622
250636688
250636702
250636717
250636875
250637068
250637085
250637123
250637313
250637502
250637799
250638153
250638184
250638210
250638270
250638295
250638314
250638495
250638682
250638693
250639023
250639060
250639241
250639274
250639343
250639370
250639728
250639780
250639785
250639804
250639842
250639863
250639930
250640063
250640088
250640098
250640413
250640487
250640523
250640603
250640685
250640724
250640869
250640929
250641085
250641095
250641135
250641249
250641508
250641539
250641709
250642014
250642079
250642198
250642290
250642334
250642337
250642444
250642458
250642512
250642631
250642735
250643080
250643166
250643197
250643254
250643278
250643284
250643378
250643407
250643578
250643762
250643768
250644128
250644140
250644376
250644405
250644411
250644951
250644961
250645003
250645152
250645161
250645304
250645456
250645489
250645528
250645575
250645729
250645749
250645977
250646223
250646421
250646459
250646464
250646526
250646571
250646604
250646727
250646730
250646800
250646809
250646897
250646908
250647042
250647092
250647110
250647146
250647404
250647595
250648002
250648090
250648182
250648325
250648356
250648382
250648641
250648691
250648764
250648778
250648836
250648932
250648986
250648997
250649033
250649184
250649271
250649856
250649888
250649918
250649956
250650134
250650313
250650354
250650427
250650485
250650498
250650523
250650600
250651065
250651188
250651222
250651462
250651506
250651587
250651614
250651702
250651704
250651901
250651927
250651943
250651952
250651956
250651963
250651977
250651991
250652070
250652124
250652144
250652183
250652297
250652590
250652649
250652668
250652984
250653032
250653044
250653064
250653092
250653164
250653237
250653257
250653267
250653284
250653340
250653661
250653676
250653703
250653792
250653803
250653929
250654072
250654206
250654454
250654511
250654552
250654653
250654714
250654751
250654783
250654854
250655002
250655202
250655208
250655264
250655318
250655385
250655470
250655505
250655548
250655911
250655959
250655964
250656169
250656191
250656268
250656300
250656375
250656428
250656459
250656473
250656498
250656510
250656556
250656601
250656683
250656834
250656891
250656897
250656940
250657019
250657221
250657250
250657271
250657528
250657649
250657775
250657906
250658027
250658029
250658131
250658132
250658142
250658150
250658163
250658176
250658206
250658273
250681203
250681239
250681534
250681685
250682106
250682364
250682365
250682622
250682780
250682804
250682893
250683050
250683119
250683201
250683235
250683488
250683527
250683533
250683646
250683674
250683715
250683871
250684222
250684325
250684454
250684478
250684484
250684486
250684817
250685158
250685195
250685313
250685332
250685446
250685479
250685855
250685863
250685922
250685998
250686046
250686163
250686219
250686268
250686405
250686408
250686451
250686717
250686924
250686969
250686977
250687006
250687028
250687065
250687099
250687163
250687175
250687394
250687537
250687577
250687586
250687613
250687624
250687804
250687827
250688015
250688110
250688148
250688290
250688355
250688397
250688411
250688498
250688507
250688527
250688539
250688749
250688856
250688863
250688871
250688908
250688981
250689418
250689713
250689866
250689910
250689936
250689978
250689999
250690032
250690050
250690413
250690443
250690609
250690855
250691062
250691137
250691280
250691391
250691407
250691409
250691433
250691505
250691724
250691800
250691862
250691864
250692041
250692042
250692060
250692287
250692605
250692719
250692809
250692966
250692980
250692992
250693040
250693268
250693718
250693762
250693773
250693899
250694264
250694466
250694512
250694571
250694580
250694777
250694783
250694790
250694855
250694897
250694936
250694984
250695053
250695153
250695349
250695720
250695747
250695748
250695769
250695777
250695796
250695938
250695956
250695970
250695997
250696046
250696125
250696389
250696415
250696435
250696471
250696622
250696645
250696731
250697178
250697262
250697373
250697531
250697629
250697933
250697995
250698001
250698103
250698260
250698643
250698792
250698817
250698827
250698830
250699016
250699032
250699432
250699455
250699482
250699499
250699824
250699961
250700211
250700452
250700475
250700482
250700524
250700557
250700631
250700965
250701239
250701304
250701444
250701641
250701642
250701705
250701800
250701819
250701970
250701979
250701996
250702060
250702084
250702121
250702153
250702386
250702653
250702755
250702773
250702837
250702860
250702893
250703233
250703281
250703348
250703387
250703417
250703497
250703672
250703926
250703982
250703987
250703995
250704049
250704124
250704197
250704239
250704253
250704364
250704397
250704413
250704454
250704487
250704616
250704830
250704893
250704931
250704939
250704963
250705073
250705563
250705647
250705690
250705875
250705888
250705993
250706057
250706059
250706092
250706498
250706568
250706637
250706664
250706723
250707079
250707232
250707376
250707398
250707565
250707696
250708016
250708072
250708082
250708122
250708221
250708238
250708261
250708282
250708315
250708317
250708319
250708351
250708618
250708624
250708631
250708709
250708755
250708776
250708796
250708888
250708970
250709022
250709032
250709576
250709722
250709737
250709786
250709815
250709901
250709953
250710227
250710288
250710303
250710394
250710435
250710529
250710763
250710764
250711067
250711111
250711194
250711255
250711341
250711349
250711387
250711722
250711769
250711777
250711804
250711880
250712009
250712054
250712068
250712073
250712403
250712420
250712435
250712724
250712840
250712974
250713032
250713261
250713294
250713358
250713359
250713377
250713603
250713683
250713722
250713727
250713826
250714294
250714373
250714391
250714408
250714469
250714505
250714523
250714527
250714547
250714555
250714592
250714883
250714905
250714923
250715021
250715409
250715692
250715748
250715772
250715847
250715946
250715969
250715994
250716011
250716028
250716087
250716104
250716116
250716511
250716514
250716656
250716678
250716695
250717171
250717385
250717386
250717391
250717489
250717508
250717533
250717535
250717540
250717677
250717707
250717919
250717994
250718045
250718140
250718192
250718249
250718308
250718323
250718499
250718644
250718659
250719041
250719102
250719234
250719521
250719564
250719710
250719721
250719739
250719855
250719856
250719869
250719882
250719919
250720077
250720170
250720196
250720413
250720598
250720678
250720692
250720831
250720974
250721209
250721241
250721324
250721333
250721454
250721714
250721744
250721879
250722081
250722105
250722164
250722169
250722342
250722796
250722802
250723017
250723036
250723357
250723426
250723688
250723770
250723782
250723952
250724023
250724034
250724070
250724133
250724322
250724331
250724368
250724377
250724521
250724602
250724608
250724668
250724891
250724905
250725077
250725107
250725383
250725497
250725562
250725608
250725649
250725754
250725872
250725991
250726067
250726077
250726149
250726205
250726209
250726241
250726362
250726396
250726848
250726887
250726910
250726979
250727046
250727070
250727317
250727497
250727722
250727725
250727748
250727775
250727846
250728009
250728184
250728193
250728437
250728464
250728625
250728703
250728725
250728733
250728766
250729011
250729041
250729146
250729188
250729194
250729211
250729358
250729432
250729447
250729493
250729610
250729666
250729759
250729801
250729918
250729960
250730053
250730054
250730072
250730084
250730134
250730183
250730194
250730221
250730385
250730413
250730609
250730613
250730629
250730654
250730750
250730801
250730879
250730991
250731128
250731623
250731659
250731680
250731787
250731790
250731818
250731845
250731858
250731876
250731953
250731991
250732061
250732149
250732170
250732194
250732209
250732767
250732789
250732792
250732870
250733188
250733212
250733230
250733272
250733602
250733672
250733734
250733869
250733926
250734273
250734560
250734570
250734609
250734706
250734719
250734791
250734876
250735115
250735122
250735290
250735295
250735411
250735541
250735542
250735868
250736178
250736208
250736255
250736274
250736382
250736711
250736730
250736846
250736886
250736936
250737151
250737240
250737459
250737566
250737788
250737829
250737856
250738326
250738446
250738462
250738501
250738644
250738716
250738838
250739116
250739155
250739367
250739599
250739627
250739631
250739647
250739655
250739665
250739764
250739831
250739838
250739908
250740085
250740104
250740139
250740248
250740258
250740468
250740546
250740612
250740686
250740727
250740729
250740807
250740811
250740842
250741140
250741157
250741166
250741454
250741587
250741654
250741692
250742005
250742098
250742112
250742115
250742165
250742261
250742275
250742320
250742493
250742706
250742778
250742879
250743012
250743132
250743147
250743170
250743198
250743330
250743422
250743462
250743681
250743693
250743768
250743847
250744241
250744359
250744460
250744570
250744592
250744802
250744919
250744979
250745024
250745059
250745060
250745188
250745203
250745222
250745242
250745246
250745497
250745684
250745874
250745895
250745905
250745954
250745960
250746145
250746165
250746221
250746383
250746453
250746522
250746527
250746569
250746576
250746632
250746671
250746719
250746738
250747003
250747066
250747078
250747095
250747122
250747291
250747377
250747564
250747648
250747853
250747988
250748066
250748149
250748172
250748329
250748480
250748497
250748505
250748506
250748611
250748798
250748822
250749029
250749075
250749088
250749105
250749108
250749494
250749632
250749711
250749754
250749971
250750046
250750189
250750205
250750206
250750285
250750316
250750390
250750646
250750774
250750886
250751028
250751050
250751059
250751143
250751266
250751280
250751433
250751620
250751622
250751759
250751846
250751906
250751961
250752083
250752162
250752183
250752601
250752684
250752708
250752763
250752796
250752831
250752854
250752863
250752869
250752892
250752994
250753214
250753232
250753266
250753279
250753424
250753615
250753757
250754141
250754258
250754306
250754392
250806983
250807438
250807472
250807646
250807689
250807913
250807983
250807987
250808020
250808284
250808375
250808388
250808499
250808500
250808604
250808630
250808745
250808788
250808834
250808836
250808841
250808964
250808999
250809132
250809280
250809281
250809288
250809315
250809319
250809474
250809488
250809494
250809637
250809746
250809828
250809832
250809892
250809948
250810131
250810134
250810174
250810193
250810200
250810216
250810230
250810311
250810341
250810377
250810532
250810544
250810592
250810922
250811110
250811214
250811299
250811310
250811374
250811578
250811664
250811932
250812043
250812212
250812220
250812239
250812331
250812368
250812375
250812387
250812404
250812419
250812520
250812521
250812544
250812582
250812649
250812653
250812723
250812732
250812756
250812772
250812860
250813019
250813159
250813306
250813402
250813431
250813469
250813470
250813475
250813525
250813528
250813762
250813890
250813926
250813936
250814340
250814355
250814679
250814722
250814758
250814788
250814960
250814961
250815113
250815382
250815529
250815720
250815762
250815931
250816329
250816332
250816370
250816472
250816584
250816803
250816917
250817123
250817152
250817299
250817309
250817336
250817353
250817383
250817425
250817496
250817669
250817778
250817787
250817892
250818003
250818147
250818168
250818383
250818390
250818652
250818939
250819162
250819268
250819296
250819993
250820027
250820899
250821243
250822364
250822681
250823016
250823070
250823103
250823305
250823331
250823367
250823401
250823585
250823921
250824079
250824135
250824172
250824352
250824426
250824532
250824533
250824589
250824727
250824729
250824741
250825004
250825122
250825144
250825320
250825365
250825421
250825514
250825602
250825670
250825722
250825786
250825800
250825949
250825968
250826055
250826069
250826083
250826173
250826224
250826401
250826413
250826575
250826642
250826649
250826732
250826770
250826820
250826839
250826892
250827049
250827094
250827117
250827295
250827322
250827412
250827448
250827460
250827489
250827514
250827536
250827587
250827647
250827683
250827738
250827750
250827769
250827829
250827871
250828024
250828035
250828043
250828101
250828151
250828233
250828292
250828327
250828392
250828400
250828537
250828564
250828614
250828624
250828659
250828843
250828952
250828965
250829537
250829677
250829762
250829953
250830089
250830166
250830497
250830638
250754711
250754784
250754835
250754838
250754981
250755018
250755021
250755035
250755102
250755244
250755400
250755731
250755756
250755786
250755809
250755837
250755881
250756278
250756392
250756768
250757044
250757202
250757411
250757448
250757485
250757582
250757821
250757886
250757893
250757917
250758027
250758127
250758134
250758190
250758191
250758268
250758399
250758506
250758613
250758820
250758874
250758893
250759016
250759029
250759094
250759113
250759143
250759147
250759440
250759478
250759517
250759643
250759674
250759754
250759932
250759981
250760579
250760618
250760674
250760689
250760700
250760730
250760752
250760809
250760853
250760901
250761026
250761120
250761137
250761143
250761205
250761229
250761333
250761391
250761753
250762080
250762132
250762211
250762262
250762588
250762718
250762976
250763097
250763125
250763146
250763229
250763264
250763311
250763464
250763592
250763623
250763734
250763828
250763896
250763915
250763926
250763928
250763991
250763995
250764172
250764327
250764374
250764495
250764510
250764520
250765074
250765136
250765183
250765220
250765234
250765271
250765285
250765309
250765312
250765593
250765719
250765724
250765728
250765741
250765790
250765833
250765840
250766020
250766064
250766065
250766092
250766181
250766307
250766320
250766358
250766644
250766783
250766788
250766789
250766815
250766890
250766897
250766920
250766945
250767023
250767504
250767637
250767668
250767827
250767921
250767931
250767976
250768238
250768281
250768303
250768388
250768460
250768568
250768603
250768941
250768942
250768985
250769027
250769171
250769222
250769420
250769602
250769639
250769976
250770099
250770101
250770116
250770179
250770198
250770231
250770271
250770362
250770539
250770582
250770591
250770645
250770719
250770838
250770877
250770986
250771107
250771483
250771559
250771574
250771580
250771719
250771773
250771868
250771878
250772002
250772214
250772320
250772471
250772639
250772797
250773251
250773815
250773818
250773903
250773961
250774000
250774222
250774313
250774331
250774429
250774566
250774727
250774808
250774828
250774849
250774856
250774888
250774966
250774976
250774991
250775075
250775256
250775275
250775309
250775313
250775332
250775352
250775523
250775555
250775599
250775833
250775884
250775887
250775888
250775921
250775973
250776254
250776280
250776307
250776393
250776465
250776508
250776542
250776543
250776572
250776723
250776852
250776864
250776939
250776977
250776986
250777121
250777202
250777211
250777240
250777334
250777601
250777841
250777930
250777996
250778108
250778171
250778198
250778215
250778436
250778590
250778644
250778727
250778778
250778918
250778962
250779022
250779164
250779382
250779479
250779536
250779544
250779578
250779584
250779682
250779695
250779746
250779773
250779810
250780226
250780249
250780250
250780450
250780466
250780497
250780503
250780540
250780731
250780738
250780798
250780932
250781098
250781201
250781251
250781493
250781859
250781900
250782111
250782124
250782137
250782338
250782488
250782681
250782742
250782780
250782903
250782911
250782954
250783088
250783089
250783113
250783420
250783460
250783481
250783506
250783696
250783712
250783785
250783788
250783942
250783981
250784325
250784504
250784506
250784657
250784708
250784795
250784897
250784908
250784932
250785076
250785078
250785082
250785142
250785153
250785159
250785170
250785261
250785539
250785540
250785668
250785717
250785743
250785827
250785838
250785882
250785884
250785951
250786040
250786047
250786886
250786967
250787007
250787031
250787289
250787480
250787484
250787626
250787637
250787703
250787737
250787750
250787977
250788085
250788116
250788195
250788203
250788208
250788213
250788229
250788423
250788455
250788499
250788569
250788716
250788961
250789039
250789144
250789386
250789388
250789518
250789574
250789594
250789656
250789689
250789813
250789996
250790039
250790123
250790283
250790284
250790428
250790505
250790587
250790784
250791073
250791084
250791191
250791200
250791316
250791376
250791625
250791771
250791828
250791841
250791860
250792148
250792362
250792447
250792602
250792685
250792715
250792828
250793001
250793011
250793078
250793087
250793092
250793143
250793153
250793237
250793285
250793309
250793448
250793449
250793502
250793602
250793603
250793702
250793735
250794229
250794515
250794550
250794560
250794585
250794644
250794689
250794740
250795009
250795113
250795355
250795441
250795455
250795496
250795516
250795520
250795529
250795622
250795764
250795908
250795964
250796067
250796233
250796608
250796682
250796709
250796730
250796756
250796785
250796898
250796938
250797038
250797088
250797154
250797270
250797388
250797531
250797535
250797619
250797693
250797778
250797817
250797864
250797945
250797970
250797972
250797980
250798074
250798079
250798236
250798295
250798336
250798377
250798522
250798535
250798751
250798776
250798792
250798799
250798886
250798896
250798908
250798911
250798939
250798983
250798991
250799084
250799342
250799429
250799804
250799981
250800030
250800138
250800268
250800296
250800386
250800399
250800412
250800474
250800606
250800815
250800902
250801002
250801079
250801085
250801325
250801335
250801370
250801431
250801518
250801576
250801594
250802136
250802443
250802519
250802542
250802718
250802771
250802837
250802894
250803152
250803212
250803254
250803301
250803353
250803401
250803482
250803581
250803605
250803682
250803813
250803940
250804110
250804213
250804269
250804344
250804711
250804773
250805041
250805644
250805737
250805793
250805855
250832118
250832290
250832469
250832812
250833191
250833266
250833413
250833500
250833669
250833716
250833742
250833750
250833894
250833993
250834017
250834158
250834229
250834261
250834284
250834318
250834354
250834399
250834450
250834457
250834483
250834560
250834711
250834712
250834752
250834779
250835160
250835229
250835243
250835393
250835681
250835728
250835782
250836052
250836067
250836629
250836675
250836840
250836985
250837010
250837112
250837122
250837211
250837274
250837337
250837365
250837377
250837378
250837418
250837545
250837635
250837700
250838089
250838113
250838906
250838941
250838977
250839291
250839474
250839526
250839591
250840043
250840171
250840178
250840222
250840383
250840656
250840699
250840700
250840880
250840925
250841055
250841181
250841513
250841518
250841591
250841658
250841660
250841762
250841768
250842114
250842186
250842696
250842719
250842748
250843162
250843258
250843305
250843697
250846093
250846503
250846725
250846738
250847114
250847373
250847404
250847418
250847576
250847747
250847772
250847813
250847899
250848051
250848052
250848223
250848714
250848757
250848892
250848912
250848975
250849092
250849259
250849308
250849383
250849552
250849778
250849812
250849836
250849946
250850168
250850195
250850209
250850352
250850458
250850501
250850539
250850767
250850800
250850853
250850929
250851039
250851143
250851306
250851327
250851356
250851493
250851541
250851889
250852694
250853217
250854136
250854165
250854226
250854359
250854594
250854687
250854970
250855107
250855112
250855132
250855221
250855348
250855432
250855562
250855624
250855682
250855688
250855739
250855797
250856068
250856114
250856395
250856412
250856456
250856524
250856673
250856747
250856761
250856764
250856777
250856784
250857184
250857204
250857334
250857350
250857680
250858016
250858063
250858090
250858124
250858255
250858261
250858677
250858711
250858754
250858795
250858814
250858991
250859405
250859483
250859622
250859759
250859931
250860239
250860248
250860316
250860524
250860584
250860944
250860987
250861007
250861098
250861183
250861220
250861631
250861728
250861768
250861810
250861841
250861954
250861996
250862224
250862292
250862306
250862336
250862406
250862425
250862449
250862529
250862571
250862591
250862592
250862601
250862616
250862629
250862672
250862677
250862764
250862971
250863006
250863107
250863287
250863588
250863780
250863834
250863953
250864031
250864041
250864194
250864489
250864641
250864785
250865153
250865168
250865257
250865270
250865287
250865432
250865467
250865500
250865663
250866189
250866339
250866387
250866461
250866760
250866797
250866800
250866838
250866908
250866995
250867022
250867255
250867364
250867908
250868218
250868230
250868288
250868336
250868387
250868390
250868394
250868603
250868855
250868901
250869003
250869018
250869088
250869121
250869127
250869170
250869253
250869269
250869333
250869691
250869712
250869889
250869926
250869943
250870059
250870224
250870252
250870282
250870293
250870381
250870572
250870633
250870801
250871102
250871353
250871414
250871419
250871460
250871482
250871882
250871953
250871998
250872390
250872521
250872674
250872684
250872696
250872714
250872786
250872837
250872868
250872972
250873033
250873183
250873218
250873241
250873383
250873563
250873769
250874104
250874203
250874214
250874340
250874351
250874483
250874621
250874687
250874715
250874721
250874751
250874873
250874955
250875086
250875447
250875460
250875485
250875599
250875699
250875736
250876072
250876094
250876143
250876213
250876326
250876349
250876372
250876449
250876616
250876744
250877205
250877220
250877314
250927957
250927984
250928132
250928156
250928347
250929059
250929186
250929208
250929248
250929482
250929526
250929569
250929573
250929650
250929651
250929770
250929778
250929844
250930145
250930470
250930576
250930616
250930624
250930722
250930935
250931120
250931231
250931268
250931407
250931434
250931486
250931643
250931722
250932304
250932315
250932368
250932385
250932470
250932524
250932579
250932988
250932992
250933410
250933662
250933706
250933709
250933808
250933870
250933876
250933885
250933886
250933894
250933964
250933970
250933995
250934073
250934176
250934246
250934311
250934346
250934399
250934409
250934434
250934570
250934833
250934849
250935197
250935210
250935418
250935505
250935519
250935524
250935614
250935724
250935761
250935795
250935825
250935854
250935864
250935932
250935943
250935988
250936107
250936349
250936370
250936375
250936395
250936407
250936509
250936774
250936785
250936830
250936897
250936906
250936939
250936967
250936972
250937039
250937324
250937406
250937465
250937470
250937561
250937579
250937607
250937620
250937621
250937803
250937879
250938202
250938206
250938255
250938364
250938443
250938493
250938525
250938585
250938836
250938845
250938853
250938864
250938972
250939052
250939235
250939463
250939570
250939887
250939907
250939923
250939942
250939944
250939975
250940046
250940065
250940069
250940165
250940555
250940557
250940619
250940623
250940693
250940742
250940766
250940821
250940823
250940835
250941058
250941404
250941405
250941499
250941697
250941748
250941798
250942115
250942209
250942227
250942343
250942344
250942359
250942445
250942621
250942831
250943058
250943147
250943237
250943275
250943350
250943358
250943368
250943386
250943407
250943414
250943416
250943511
250943705
250943985
250944132
250944231
250944280
250944368
250944395
250944642
250944855
250944938
250945028
250945110
250945265
250945286
250945419
250945420
250945445
250945590
250945812
250945881
250946263
250946344
250946488
250946553
250946858
250946868
250946890
250946937
250947111
250947163
250947164
250947243
250947279
250947303
250947322
250947362
250947487
250947713
250947837
250947931
250947987
250947999
250948045
250948112
250948133
250948165
250948184
250948434
250948440
250948502
250949380
250949456
250949471
250949477
250949498
250949525
250949657
250949761
250949807
250949996
250950019
250950055
250950134
250950174
250950284
250950331
250950545
250950551
250950895
250950953
250951098
250951100
250951143
250951227
250951274
250951288
250951295
250951579
250951587
250951629
250951853
250951974
250951989
250952124
250952139
250952181
250952505
250952529
250952571
250952716
250953007
250953037
250877719
250877761
250877776
250877824
250877825
250877943
250877952
250878019
250878044
250878147
250878203
250878218
250878715
250878796
250878823
250878904
250878964
250879172
250879183
250879194
250879222
250879250
250879407
250879479
250879509
250879680
250879806
250879888
250880115
250880209
250880213
250880280
250880310
250880338
250880403
250880423
250880453
250880467
250880490
250880581
250880745
250880780
250880786
250880875
250880934
250880947
250881006
250881026
250881145
250881202
250881377
250881399
250881594
250881806
250881912
250881998
250882018
250882086
250882126
250882307
250882394
250882505
250882602
250882658
250882840
250882846
250882928
250882983
250883425
250883587
250883616
250883681
250883864
250883948
250884116
250884132
250884134
250884150
250884197
250884268
250884285
250884381
250884482
250884886
250885003
250885060
250885121
250885132
250885133
250885160
250885183
250885389
250885424
250885429
250885550
250885582
250885644
250885700
250885717
250885748
250885760
250885949
250886438
250886472
250886541
250886562
250886625
250886647
250886704
250886760
250886856
250887020
250887068
250887115
250887137
250887502
250887541
250887982
250888004
250888005
250888017
250888036
250888160
250888168
250888181
250888345
250888549
250888741
250888744
250889024
250889160
250889317
250889411
250889597
250889625
250889696
250889739
250889798
250889828
250889891
250889975
250890214
250890270
250890321
250890364
250890422
250890506
250890540
250890724
250890736
250890843
250891075
250891130
250891135
250891176
250891225
250891306
250891320
250891374
250891418
250891419
250891440
250891730
250891827
250891862
250892023
250892082
250892172
250892298
250892467
250892493
250892738
250892827
250893027
250893131
250893146
250893321
250893342
250893601
250894398
250894405
250894437
250894523
250894539
250895212
250895399
250895469
250895474
250895565
250895847
250895865
250895893
250895946
250896107
250896143
250896145
250896259
250896271
250896525
250896540
250896602
250896603
250896628
250896654
250896711
250896816
250897225
250897515
250897559
250897789
250898052
250898056
250898102
250898106
250898155
250898211
250898228
250898266
250898349
250898489
250898670
250898700
250898724
250899060
250899358
250899738
250899765
250899881
250899896
250899943
250899964
250900025
250900396
250900554
250900640
250900681
250900698
250900730
250900750
250900845
250900875
250900916
250900973
250901024
250901432
250901433
250901448
250901878
250902018
250902081
250902136
250902137
250902182
250902183
250902347
250902394
250902404
250902413
250902416
250902455
250902481
250953189
250953202
250953235
250953256
250953340
250953377
250953506
250953524
250953533
250953669
250953687
250953863
250954205
250954258
250954421
250954646
250954777
250954847
250954892
250954907
250955026
250955179
250955508
250955651
250955828
250955930
250955941
250955957
250956000
250956325
250956331
250956333
250956346
250956439
250956455
250956524
250956613
250956712
250956718
250957288
250957312
250957400
250957527
250957570
250957628
250957642
250957760
250957773
250958051
250958055
250958069
250958263
250958495
250958854
250959001
250959061
250959128
250959201
250959218
250959227
250959234
250959241
250959332
250959379
250959511
250959609
250959610
250959668
250959769
250959841
250959854
250960108
250960112
250960139
250960140
250960226
250960301
250960687
250960722
250960794
250960802
250960809
250960829
250960888
250961025
250961124
250961133
250961144
250961323
250961377
250961474
250961564
250961672
250961818
250961957
250962130
250962195
250962208
250962323
250962329
250962388
250962398
250962419
250962433
250962468
250962539
250962547
250962611
250962845
250963045
250963164
250963255
250963388
250963405
250963418
250963466
250963648
250963849
250964109
250964145
250964258
250964390
250964802
250964990
250965006
250965013
250965090
250965160
250965202
250965214
250965279
250965438
250965515
250965599
250965625
250965632
250965661
250965679
250965685
250965896
250966236
250966339
250966411
250966419
250966495
250966548
250966659
250966681
250966688
250966847
250966908
250966927
250966978
250966993
250967073
250967220
250967303
250967379
250967387
250967481
250967584
250967969
250968117
250968120
250968190
250968215
250968316
250968356
250968521
250968595
250968615
250968636
250968678
250968707
250968712
250968713
250968717
250968796
250968912
250968914
250968950
250969009
250969045
250969074
250969112
250969142
250969391
250969425
250969450
250969702
250969742
250969778
250969906
250969961
250970023
250970062
250970131
250970481
250970513
250970720
250970865
250971071
250971135
250971432
250971548
250971607
250972106
250972138
250972166
250972217
250972236
250972274
250972440
250972653
250972661
250972694
250972704
250972915
250972990
250973017
250973147
250973212
250973528
250973598
250973629
250973723
250973744
250973839
250973957
250973991
250974308
250974318
250974358
250974365
250974390
250974447
250974465
250974500
250974570
250974594
250974742
250974798
250975046
250975270
250975281
250975327
250975384
250975502
250975506
250975609
250975718
250975726
250975965
250976069
250976077
250976181
250976217
250976248
250976314
250976523
250976600
250976719
250976886
250976922
250976977
250977100
250977212
250977256
250977543
250977587
250977610
250977679
250977706
250977753
250977970
250978137
250978322
250978574
250978822
250978871
250978894
250978924
250979107
250979276
250979522
250979545
250979622
250979790
250979793
250979975
250980174
250980234
250980279
250980324
250980487
250980553
250980560
250980586
250980623
250980647
250980648
250980658
250980697
250980719
250980755
250981142
250981162
250981216
250981218
250981358
250981378
250981533
250981708
250981766
250981973
250982067
250982094
250982152
250982159
250982219
250982382
250982773
250982792
250982795
250982962
250983088
250983160
250983165
250983256
250983590
250983941
250984001
250984149
250984216
250984246
250984277
250984525
250984576
250984579
250984606
250984692
250984802
250985078
250985092
250985129
250985443
250985496
250985580
250985626
250985698
250985768
250985989
250986167
250986169
250986189
250986284
250986325
250986342
250986343
250986489
250986688
250986793
250986844
250987319
250987391
250987478
250987527
250987554
250987636
250987842
250987875
250987882
250988226
250988239
250988297
250988394
250988409
250988418
250988541
250988542
250988849
250988881
250988929
250988993
250988997
250989009
250989014
250989052
250989088
250989110
250989119
250989129
250989197
250989281
250989325
250989331
250989572
250989608
250989626
250989678
250989703
250989747
250989791
250989854
250989855
250989994
250990078
250990452
250990484
250990509
250990646
250990684
250990772
250990802
250990823
250990850
250990877
250991000
250991192
250991320
250991378
250991437
250991556
250991778
250991950
250991972
250992172
250992282
250992285
250992328
250992350
250992433
250992461
250992494
250992524
250992550
250992635
250992790
250992884
250992895
250992924
250993077
250993112
250993114
250993319
250993382
250993820
250993921
250993956
250994151
250994515
250994540
250994580
250994591
250994722
250994875
250995025
250995112
250995134
250995265
250995459
250995521
250995551
250995592
250995601
250995617
250995648
250995815
250995940
250996331
250996361
250996429
250996500
250996607
250996794
250996898
250996986
250997149
250997178
250997230
250997316
250997335
250997392
250997415
250997441
250997502
250997510
250997538
250997703
250997737
250997834
250997889
250997955
250998027
250998044
250998125
250998286
250998395
250998806
250998961
250998983
250999033
250999055
250999100
250999174
250999215
250999532
250999556
250999576
250999625
250999680
250999685
250999710
250999716
250999728
250999786
250999830
250999841
251000024
251000149
251000156
251000513
251000669
251000703
251000747
251000771
251000881
251000906
251001187
251001206
251001209
251001375
251001426
251001480
251001495
251001497
251001503
251001555
251001792
251001823
251001919
251001944
251002064
251002134
251002205
251002219
251002353
251002486
251002556
251002626
251002641
251002692
251002922
251002945
251002952
251003153
251003173
251003553
251003702
251003920
251004044
251004174
251004239
251004265
251004749
251004776
251004817
251004954
251004973
251004987
251005437
251005725
251005888
251005922
251005944
251005970
251006003
251006017
250902760
250902790
250902878
250902882
250903006
250903020
250903078
250903314
250903771
250903802
250903815
250903844
250903978
250904134
250904281
250904328
250904379
250904446
250904511
250904519
250904562
250904662
250904663
250904716
250905316
250905472
250906010
250906026
250906068
250906234
250906310
250906819
250906932
250907013
250907077
250907185
250907215
250907500
250907546
250907715
250907877
250908099
250908557
250908564
250908624
250908694
250908696
250908726
250908778
250908802
250908807
250909127
250909131
250909157
250909165
250909309
250909507
250909538
250909676
250909773
250910067
250910173
250910287
250910463
250910560
250910576
250910590
250910762
250910778
250910856
250910936
250910986
250911012
250911305
250911406
250911425
250911579
250911690
250911734
250911783
250911797
250911844
250912234
250912239
250912255
250912341
250912355
250912395
250912503
250912511
250912781
250912782
250912892
250913171
250913306
250913484
250913815
250913893
250913959
250914093
250914258
250914319
250914343
250914389
250914399
250914433
250914749
250914786
250914794
250914813
250914933
250915096
250915501
250915628
250915661
250915684
250916246
250916264
250916322
250916362
250916405
250916489
250916522
250916582
250916621
250916634
250916744
250916832
250917002
250917117
250917141
250917216
250917231
250917295
250917316
250917387
250917436
250917437
250917530
250917815
250917973
250918001
250918090
250918105
250918220
250918440
250918450
250918533
250918599
250918623
250918638
250918658
250918789
250918818
250919083
250919122
250919293
250919373
250919409
250919429
250919697
250919722
250919739
250919973
250920056
250920114
250920133
250920134
250920149
250920277
250920394
250920876
250921001
250921013
250921070
250921082
250921202
250921206
250921207
250921564
250921662
250921788
250921860
250921872
250921877
250922038
250922129
250922527
250922535
250922603
250922645
250922667
250922680
250922681
250922706
250922736
250923020
250923244
250923291
250923501
250923544
250923716
250923722
250923940
250924247
250924265
250924313
250924350
250924369
250924475
250924768
250925057
250925225
250925421
250925516
250925682
250925801
250925812
250925815
250925822
250925824
250925838
250925850
250925861
250925912
250925936
250925937
250926262
250926272
250926286
250926416
250926465
250926511
250926525
250926527
250926534
250926564
250926737
250926955
250927255
250927398
250927456
250927476
250927485
251006648
251006693
251006784
251006887
251006893
251007086
251007335
251007382
251007441
251007495
251007521
251007653
251007861
251007878
251007917
251007926
251007978
251008077
251008499
251008876
251008928
251008967
251009242
251009294
251009519
251009736
251010001
251010701
251010785
251011146
251011157
251011188
251011254
251011465
251011589
251011711
251012051
251012084
251012142
251012201
251012260
251012331
251012358
251012688
251013004
251013528
251013548
251013601
251013694
251013744
251013795
251013908
251014081
251014419
251014512
251014998
251015075
251015102
251015233
251015321
251015356
251015743
251015752
251015772
251015826
251015924
251015940
251015968
251016011
251016384
251016426
251016456
251016508
251016749
251016824
251016881
251016896
251017047
251017536
251017545
251017812
251017818
251017837
251017877
251017917
251017919
251017920
251018061
251018350
251018446
251018722
251018778
251018860
251019048
251019257
251019292
251019348
251019354
251019490
251019655
251019905
251020261
251020312
251020606
251020644
251020693
251021193
251021792
251021809
251021815
251022283
251022286
251022464
251022480
251022537
251022667
251023259
251023597
251023637
251023693
251023958
251024110
251024205
251024427
251024481
251024490
251024619
251024646
251024918
251024984
251025052
251025126
251025331
251025408
251025414
251025431
251025507
251025509
251025646
251025862
251025882
251025906
251025907
251025924
251025984
251026209
251026545
251026668
251026671
251026682
251026747
251026827
251027057
251027334
251027437
251027488
251027599
251027607
251027876
251027925
251028010
251028141
251028147
251028168
251028210
251028220
251028248
251028252
251028331
251028337
251028588
251028886
251029001
251029082
251242101
251242261
251242543
251243479
251243499
251243530
251243813
251244025
251244274
251245554
251246021
251246134
251246223
251246622
251246784
251246956
251247124
251248107
251248123
251248169
251248413
251249072
251249658
251249852
251250001
251250699
251250715
251251074
251251207
251251936
251251979
251252476
251252497
251253606
251254555
251255069
251255722
251255838
251256257
251256948
251257010
251257457
251257794
251258122
251258333
251258440
251258511
251258671
251258927
251258930
251258955
251259018
251259532
251260203
251260250
251260325
251260429
251260500
251260580
251260863
251261537
251261761
251262003
251263040
251263298
251264538
251264652
251265323
251265582
251265637
251029497
251029513
251029535
251029592
251029593
251029745
251029850
251030309
251030344
251030519
251030526
251030616
251030626
251030643
251030646
251030712
251030983
251031079
251031139
251031177
251031324
251031348
251031395
251031432
251031809
251031870
251031949
251031953
251032007
251032021
251032073
251032154
251032462
251032494
251032518
251032585
251032663
251032665
251032683
251032707
251032800
251032885
251033035
251033320
251033428
251033460
251033505
251033546
251033621
251033678
251033726
251033979
251034009
251034024
251034151
251034153
251034179
251034224
251034366
251034581
251034586
251034985
251035003
251035004
251035022
251035036
251035040
251035172
251035190
251035392
251035403
251035583
251035585
251035599
251035645
251035673
251035742
251035884
251035997
251036233
251036236
251036429
251036430
251036501
251036631
251036694
251036717
251036718
251037390
251037423
251037468
251037476
251037616
251038033
251038069
251038248
251038323
251038357
251038806
251038826
251038933
251038996
251038997
251038998
251039545
251039592
251039603
251039624
251039733
251039803
251039868
251039924
251039958
251039965
251040025
251040066
251040073
251040097
251040327
251040355
251040359
251040651
251040653
251040699
251040759
251040845
251041146
251041169
251041244
251041375
251041492
251041608
251041704
251042055
251042073
251042098
251042100
251042201
251042305
251042382
251042689
251042805
251042842
251042862
251042916
251042975
251043012
251043396
251043429
251043637
251043645
251043890
251044180
251044382
251044449
251044491
251044626
251044635
251044676
251044901
251044986
251045176
251045218
251045413
251045473
251045711
251045903
251045940
251045969
251046093
251046114
251046145
251046153
251046174
251046288
251046333
251046527
251046542
251046579
251046632
251046633
251046640
251046707
251047005
251047501
251047511
251047512
251047534
251047592
251047656
251047680
251047779
251047788
251047822
251047823
251047832
251047887
251047892
251048081
251048103
251048151
251048176
251048206
251048207
251048217
251048233
251048311
251048492
251048538
251048680
251048715
251048981
251049030
251049054
251049105
251049147
251049338
251049350
251049624
251049660
251049881
251050155
251050166
251050201
251050370
251050424
251050572
251050599
251050660
251050717
251050741
251050742
251050743
251050776
251050846
251050857
251050964
251050965
251051209
251051310
251051436
251051486
251051490
251051513
251051538
251051609
251051821
251052073
251052310
251052401
251052572
251052817
251052904
251052996
251053001
251053123
251053296
251053382
251053663
251053709
251053863
251053869
251053907
251054081
251054094
251054095
251080618
251080674
251080767
251080780
251080958
251081061
251081302
251081351
251081398
251081583
251081798
251081817
251081830
251081955
251082159
251082235
251082528
251082653
251082725
251082982
251082987
251083110
251083169
251083192
251083212
251083263
251083861
251083964
251083966
251084081
251084116
251084240
251084314
251084344
251084477
251084483
251084923
251084962
251085512
251085742
251085790
251085816
251085837
251085969
251086035
251086084
251086098
251086143
251086177
251086225
251086303
251086400
251086414
251086698
251086756
251086782
251086829
251086929
251087019
251087180
251087233
251087298
251087406
251087439
251087582
251087628
251087653
251087675
251087979
251088045
251088092
251088187
251088635
251088855
251088930
251088944
251089131
251089232
251089572
251089710
251089714
251089924
251090076
251090194
251090235
251090264
251090433
251090437
251090462
251090579
251090636
251090653
251090689
251090776
251090822
251090920
251090991
251090992
251091003
251091232
251091312
251091416
251091733
251092054
251092167
251092173
251092251
251092502
251092521
251092558
251092628
251093034
251093284
251093297
251093410
251093469
251093533
251093540
251093575
251093664
251093781
251093854
251094047
251094080
251094183
251094322
251094323
251094329
251094353
251094832
251094923
251095208
251095440
251095525
251095551
251095628
251095669
251095673
251095719
251095895
251095994
251096055
251096316
251096317
251096381
251096508
251097010
251097086
251097183
251097222
251097465
251097472
251097550
251097632
251097707
251098257
251098290
251098399
251098408
251098647
251098828
251098835
251099241
251099379
251099493
251099648
251099678
251099696
251099821
251099860
251099916
251099990
251100044
251100123
251100126
251100172
251100181
251100394
251100537
251100558
251100604
251100617
251100624
251100643
251100869
251101040
251101242
251101533
251101552
251101573
251101606
251101751
251101988
251102048
251102058
251102064
251102160
251102496
251102519
251102608
251102649
251102715
251102770
251102970
251103123
251103124
251103132
251103181
251103395
251103470
251103670
251104113
251104138
251104355
251104522
251104531
251104597
251104600
251104603
251104634
251104911
251105135
251105201
251105269
251105327
251105351
251105764
251106033
251106231
251106289
251106387
251106536
251106827
251106929
251106969
251107005
251107036
251107347
251107426
251107631
251107703
251108323
251108326
251108350
251108419
251108648
251108871
251108938
251108956
251109039
251109041
251109078
251109189
251109320
251109475
251109480
251109847
251109977
251110049
251110096
251110135
251110207
251110321
251110343
251110486
251110533
251111394
251111415
251111451
251111677
251111765
251112101
251112127
251112149
251112181
251112252
251112267
251112386
251112477
251112600
251112839
251113225
251113322
251113328
251113409
251113703
251114244
251114275
251114435
251114821
251115030
251115410
251115584
251115677
251115685
251115859
251115925
251116090
251116414
251116484
251116520
251116617
251116937
251117039
251117043
251117076
251117271
251117440
251117485
251117572
251117573
251117856
251117929
251117948
251118011
251118186
251118249
251118500
251118581
251118690
251119112
251119315
251119463
251119611
251119629
251119684
251120076
251120160
251120166
251120254
251120397
251120401
251120415
251120675
251121303
251121309
251121684
251121834
251121916
251121995
251122128
251122476
251122664
251122695
251122766
251122897
251122947
251123025
251123029
251123287
251123451
251123481
251123628
251124290
251124381
251124408
251124553
251124566
251124645
251124651
251125041
251125108
251125114
251125215
251125452
251125498
251125681
251125849
251125863
251125885
251125956
251125977
251126150
251126180
251126526
251126685
251126825
251126970
251127037
251127159
251127173
251127226
251127477
251127482
251127668
251127721
251127948
251128001
251128041
251128461
251128816
251129479
251129494
251129569
251129859
251130050
251130161
251130194
251130223
251130290
251130775
251130809
251130833
251130884
251130977
251130986
251131047
251131048
251131119
251054438
251054470
251054580
251054605
251054618
251054747
251054809
251054960
251055004
251055058
251055497
251055501
251055534
251055568
251055573
251055587
251055592
251055618
251055669
251055714
251055726
251055756
251055917
251056003
251056037
251056127
251056248
251056329
251056330
251056335
251056341
251056360
251056374
251056393
251056626
251056656
251057120
251057132
251057206
251057297
251057316
251057622
251057667
251057769
251057779
251057795
251057999
251058055
251058102
251058131
251058163
251058341
251058877
251058961
251059029
251059061
251059238
251059443
251059512
251059529
251059557
251059637
251059704
251059719
251059810
251060440
251060448
251060624
251060630
251060656
251060702
251060994
251061094
251061155
251061180
251061333
251061374
251061452
251061462
251061502
251061659
251061875
251061892
251061896
251061933
251061996
251062028
251062091
251062333
251062375
251062481
251062566
251062660
251062729
251062793
251062845
251062857
251062930
251062933
251062998
251063123
251063301
251063307
251063361
251063485
251063585
251063686
251063722
251064125
251064127
251064326
251064390
251064403
251064434
251064513
251064644
251064758
251064993
251065302
251065501
251065504
251065601
251065643
251065675
251065682
251065698
251065728
251065751
251065908
251066067
251066360
251066596
251066699
251066736
251066816
251066827
251067158
251067191
251067219
251067222
251067258
251067266
251067293
251067346
251067384
251067502
251067555
251067661
251067687
251067767
251067788
251067843
251067860
251067889
251067919
251067978
251068013
251068028
251068053
251068247
251068293
251068431
251068543
251068584
251068627
251068651
251068778
251068955
251068960
251068991
251069156
251069163
251069246
251069284
251069306
251069376
251069520
251069576
251069786
251069873
251069944
251069958
251070015
251070097
251070334
251070396
251070530
251070587
251070846
251070890
251070902
251071132
251071167
251071175
251071195
251071263
251071271
251071344
251071389
251071598
251071849
251072050
251072065
251072208
251072543
251072567
251072608
251072612
251072652
251072708
251072878
251073053
251073365
251073418
251073464
251073510
251073645
251073741
251073858
251074087
251074129
251074155
251074300
251074306
251074413
251074414
251074488
251074544
251074646
251074680
251074707
251074761
251074794
251074870
251075120
251075187
251075188
251075189
251075217
251075245
251075342
251075487
251075555
251075584
251075713
251075803
251075826
251075938
251075967
251075992
251076017
251076204
251076769
251076799
251076832
251076837
251076923
251076936
251077008
251077113
251077337
251077417
251077425
251077446
251077560
251077579
251077590
251077608
251077616
251077756
251077819
251077940
251077946
251077970
251078011
251078065
251078302
251078330
251078390
251078416
251078507
251078540
251078641
251078650
251078894
251078926
251078935
251078969
251079027
251079086
251079151
251079180
251079248
251079261
251079262
251079277
251079298
251079364
251079427
251079501
251079556
251079659
251079710
251079969
251079970
251080085
251080170
251080173
251080228
251080276
251080285
251186327
251186351
251186354
251186831
251186852
251186921
251187100
251187483
251187623
251187875
251187918
251187952
251188044
251188090
251188129
251188221
251188227
251188322
251189023
251189027
251189042
251189051
251189076
251189126
251189313
251189430
251189524
251189548
251189583
251189629
251189708
251189877
251189962
251189970
251190512
251190584
251190972
251190986
251191004
251191290
251191310
251191470
251191522
251191587
251191593
251191715
251191717
251191747
251192316
251192347
251192383
251192530
251192700
251192982
251193104
251193118
251193572
251193647
251193960
251194175
251194291
251194317
251194439
251194553
251194589
251194674
251194923
251195096
251195100
251195398
251195531
251195612
251195741
251195763
251196012
251196023
251196238
251196330
251196448
251196585
251196935
251197341
251197418
251197500
251197530
251197626
251197690
251197775
251197878
251197991
251198546
251198550
251198630
251199048
251199208
251199249
251199336
251199364
251199412
251199565
251199586
251199688
251199849
251199998
251200099
251200151
251200327
251200372
251200656
251200676
251200749
251200883
251200978
251201031
251201043
251201217
251201271
251201325
251201494
251201570
251201853
251201924
251202245
251202854
251202990
251202999
251203023
251203185
251203207
251203278
251203418
251203435
251203677
251203720
251203930
251204007
251204013
251204225
251204285
251204607
251204625
251204883
251205000
251205056
251205143
251205261
251205435
251205774
251205988
251206156
251206384
251206544
251206622
251206623
251206729
251207253
251207290
251207635
251207710
251207723
251207894
251207901
251207996
251208076
251208253
251208275
251208277
251208489
251208759
251208776
251208800
251209022
251209048
251209396
251209406
251209509
251209587
251209591
251209941
251210026
251210194
251210270
251210958
251210998
251211026
251211215
251211474
251211844
251211865
251211930
251211958
251211963
251212136
251212191
251212292
251212301
251212341
251212609
251212635
251212807
251212904
251212927
251212935
251213019
251213064
251213259
251213440
251214146
251214213
251214285
251214362
251214478
251214486
251214617
251214646
251214656
251214660
251214786
251214902
251215174
251215201
251215322
251215544
251215562
251215665
251215732
251215818
251216250
251216290
251216377
251216382
251216401
251216436
251216449
251216484
251216535
251216931
251217338
251217716
251217938
251217964
251218042
251218201
251218222
251218355
251218364
251218382
251218886
251218902
251219013
251219035
251219099
251219428
251219472
251219708
251219922
251220039
251220129
251220134
251220274
251220296
251220568
251220736
251220787
251220889
251221079
251221381
251221438
251221784
251221829
251221864
251222005
251222062
251222066
251222396
251222444
251222456
251222485
251222659
251222757
251222884
251222888
251222893
251222930
251222938
251223610
251223616
251223633
251223781
251224177
251224275
251224358
251224427
251224458
251224460
251224469
251224483
251224509
251225119
251225251
251225341
251225401
251225411
251225424
251225505
251225695
251225843
251226086
251226193
251226385
251226393
251226487
251226905
251226928
251227202
251227379
251227771
251227775
251227803
251227998
251228034
251228068
251228084
251228176
251228286
251228719
251228828
251229092
251229165
251229227
251229464
251229549
251229585
251229638
251229729
251229750
251229867
251230160
251230235
251230273
251230518
251230590
251230643
251230667
251230725
251230976
251231289
251231369
251231388
251231463
251231637
251231920
251231972
251231975
251232484
251232539
251232546
251232696
251232703
251232738
251232777
251232782
251233233
251233270
251233426
251233531
251233799
251234281
251234555
251234849
251234850
251234910
251235090
251235200
251235591
251235655
251235708
251236031
251236128
251236277
251236476
251236596
251236765
251236877
251236892
251237240
251237265
251237557
251237702
251237775
251237889
251237933
251237957
251238006
251238043
251238139
251238354
251238393
251238508
251238721
251238906
251239075
251239216
251239350
251239547
251239631
251239752
251239773
251239785
251239818
251240168
251240230
251240303
251241311
251241420
251241524
251241539
251241808
251266112
251266175
251266676
251266684
251266687
251266803
251267031
251267056
251267132
251267146
251267170
251267211
251267229
251267269
251267281
251267391
251267398
251267400
251267429
251267773
251267803
251267896
251268071
251268110
251268140
251268404
251268631
251268708
251268793
251268842
251268954
251268976
251268987
251269009
251269017
251269497
251269526
251269566
251269611
251269623
251269636
251269644
251269651
251270272
251270396
251270560
251270610
251270676
251270681
251270818
251270999
251271156
251271236
251271298
251271335
251271487
251271728
251271912
251271946
251272068
251272069
251272138
251272276
251272294
251272369
251272401
251272418
251272422
251272743
251272769
251272809
251272859
251272868
251272929
251272937
251273126
251273128
251273157
251273211
251273228
251273342
251273402
251273410
251273590
251273592
251273718
251273811
251273836
251273870
251273872
251273969
251274277
251274429
251274586
251274595
251274696
251274902
251274960
251275314
251275523
251275571
251275680
251275740
251275746
251275844
251275913
251275938
251276080
251276300
251276337
251276411
251276482
251276607
251276720
251276750
251276782
251276841
251276861
251276867
251277297
251277332
251277507
251277835
251278005
251278093
251278167
251278185
251278284
251278290
251278401
251278434
251278436
251278461
251278467
251278708
251278758
251278759
251278844
251279123
251279215
251279294
251279446
251279585
251279606
251279653
251279694
251279879
251280006
251280014
251280350
251280431
251280478
251280610
251280964
251280968
251281046
251281152
251281275
251281428
251281429
251281449
251281620
251281794
251282151
251282162
251282304
251282498
251282520
251282806
251282820
251282866
251282874
251283395
251283427
251283490
251283507
251283515
251283523
251283588
251283606
251283624
251283666
251283762
251283765
251283832
251284118
251284153
251284297
251284440
251284698
251284779
251284980
251285063
251285069
251285153
251285233
251285316
251285336
251285404
251285406
251285456
251285694
251285741
251285746
251285747
251285811
251285940
251286220
251286241
251286654
251286684
251286721
251286767
251286770
251286884
251286885
251287031
251287171
251287268
251287436
251287552
251287573
251287687
251287761
251288219
251288304
251288347
251288455
251288480
251288483
251288510
251288557
251288646
251288651
251288879
251288881
251288937
251289053
251289077
251289105
251289269
251289560
251289568
251289591
251289858
251290089
251290127
251290138
251290158
251290168
251290276
251290402
251290519
251290576
251290626
251290660
251290695
251290815
251290836
251290861
251291136
251291575
251291825
251319315
251319341
251319342
251319439
251319447
251319514
251319579
251319618
251319672
251319748
251319824
251319882
251319965
251320467
251320533
251320630
251320882
251320945
251320966
251321022
251321130
251321245
251321281
251321355
251321419
251321523
251321545
251321557
251321559
251321679
251321821
251321912
251321971
251322028
251322118
251322152
251322165
251322240
251322259
251322616
251322639
251322782
251322881
251322943
251323060
251323110
251323292
251323485
251323683
251323724
251323725
251323799
251323821
251323899
251324148
251324175
251324187
251324238
251324339
251324505
251324671
251324783
251324963
251325192
251325221
251325247
251325302
251325404
251325406
251325447
251325457
251325462
251325489
251325520
251325539
251325555
251325607
251325802
251325805
251325809
251325831
251325888
251326110
251326135
251326201
251326203
251326421
251326436
251326452
251326466
251326994
251327280
251327356
251327495
251327639
251327683
251327733
251327938
251327944
251327960
251328118
251328135
251328296
251328395
251328419
251328451
251328464
251328497
251328617
251328632
251328646
251328659
251328723
251329031
251329127
251329148
251329168
251329385
251329505
251329510
251329700
251329843
251330077
251330141
251330239
251330325
251330394
251330408
251330441
251330695
251330747
251330831
251330837
251330878
251331056
251331089
251331359
251331441
251331584
251331617
251331620
251331654
251331675
251331776
251331928
251332398
251332428
251332464
251332536
251332585
251332787
251332809
251332827
251332892
251333063
251333077
251333133
251333147
251333153
251333226
251333243
251333343
251333405
251333443
251333501
251333655
251333755
251334016
251334043
251334079
251334197
251334250
251334285
251334314
251334496
251334547
251334854
251335034
251335099
251335141
251335322
251335326
251335523
251335575
251335595
251335887
251335892
251336052
251336672
251336722
251336723
251336827
251336858
251336925
251337176
251337263
251337319
251337322
251337392
251337499
251337509
251337520
251337524
251337543
251337561
251337566
251337683
251338238
251338284
251338329
251338339
251338402
251338424
251338449
251338607
251338612
251338865
251338916
251339185
251339285
251339290
251339977
251339999
251340071
251340074
251340148
251340163
251340180
251340207
251340225
251340235
251340248
251340569
251340639
251340650
251340673
251340674
251340781
251340917
251340992
251341085
251341103
251341168
251341226
251341480
251341487
251341541
251341542
251341624
251341701
251341746
251341805
251341818
251341853
251341889
251342178
251342208
251342249
251342281
251342291
251342330
251342643
251342691
251342715
251343107
251343137
251343159
251343229
251343282
251343293
251343414
251343447
251343747
251343786
251343835
251343864
251343976
251344072
251344073
251344081
251344231
251344391
251344429
251344850
251344895
251344987
251344991
251345006
251345168
251345316
251345617
251345631
251345661
251345698
251345739
251345775
251345801
251345854
251345989
251346077
251346098
251346160
251346607
251346723
251346932
251347164
251347342
251347355
251347492
251347493
251347505
251347551
251347596
251347603
251347623
251348144
251348274
251348279
251348353
251348556
251348585
251348624
251348848
251348858
251348869
251348871
251348895
251349019
251349179
251349187
251349309
251349375
251349530
251349532
251349917
251350121
251350166
251350185
251350238
251350603
251350607
251350726
251350864
251350924
251350925
251350937
251351073
251351210
251351344
251351543
251351590
251351613
251351633
251351646
251351667
251351831
251351877
251352136
251352266
251352326
251352435
251352436
251352494
251352598
251352656
251352782
251352830
251352947
251352951
251353174
251353230
251353336
251353424
251353465
251353535
251353621
251353962
251353992
251354116
251354179
251354189
251354227
251354431
251354508
251354536
251354798
251354877
251354966
251354974
251355039
251355160
251355185
251355208
251355223
251355227
251355271
251355526
251355546
251355554
251355679
251355680
251355690
251355702
251355725
251355865
251355866
251355889
251355905
251356183
251356201
251356555
251356626
251356888
251356904
251356916
251357233
251357244
251357266
251357270
251357282
251357347
251357422
251357579
251357723
251357740
251357814
251357935
251358265
251358295
251358371
251358388
251358389
251358724
251358733
251358923
251359036
251359089
251359126
251359193
251359228
251359242
251359265
251359560
251359625
251359629
251359960
251360027
251360072
251360126
251360180
251360559
251360580
251360596
251360716
251360784
251360787
251360954
251361055
251361252
251361520
251361604
251362113
251362189
251362199
251362286
251362289
251362305
251362433
251362685
251362756
251362784
251362876
251363104
251363280
251363474
251363490
251363548
251363568
251363847
251363908
251363910
251363954
251364125
251364138
251364417
251364420
251364430
251364781
251364846
251364861
251364931
251365135
251365150
251365240
251365468
251365469
251365553
251365589
251365658
251365716
251365746
251365807
251365832
251366119
251366138
251366492
251366524
251366561
251366590
251366761
251366952
251367130
251367204
251367247
251367250
251367254
251367255
251367267
251367507
251367593
251367743
251367768
251367797
251367834
251367853
251367856
251368165
251368210
251368227
251368297
251368327
251368342
251368368
251368539
251368807
251368887
251368906
251368920
251368921
251369102
251369215
251369218
251369250
251369333
251369402
251369439
251369660
251369762
251369860
251369902
251370258
251370299
251370515
251370529
251370544
251370557
251370569
251370579
251370678
251370778
251370808
251371618
251371733
251371747
251371769
251371898
251371945
251371947
251372265
251372310
251372405
251372428
251372433
251372508
251372606
251372633
251372694
251372800
251372874
251373202
251373279
251373282
251373390
251373445
251373555
251373577
251373619
251373642
251373758
251373792
251373906
251374043
251374100
251374461
251374490
251374591
251374658
251374695
251374812
251374839
251374863
251375105
251375138
251375151
251375172
251375201
251375211
251375274
251375335
251375341
251375412
251375506
251375773
251375860
251375867
251375982
251376046
251376048
251376182
251376184
251376305
251376416
251376524
251376816
251376824
251376925
251377016
251377074
251377076
251377125
251377134
251377165
251377410
251377448
251377482
251377528
251377538
251377619
251377772
251377810
251377866
251377969
251378011
251378199
251378262
251378346
251378558
251378734
251378748
251378800
251378813
251378835
251378845
251379251
251379374
251379390
251379533
251379645
251379778
251379794
251380099
251380121
251380201
251380313
251380407
251380429
251380445
251380469
251380589
251380681
251380966
251381118
251381134
251381172
251381183
251381200
251381320
251381501
251381590
251381592
251381835
251381937
251381981
251382006
251382030
251382175
251382236
251382526
251382550
251382608
251382658
251382678
251382736
251382865
251382877
251382880
251382980
251382982
251383079
251383110
251383155
251383160
251383265
251383727
251383778
251383789
251383918
251383925
251383966
251384227
251384353
251384393
251384395
251384411
251384441
251384474
251384626
251384634
251384913
251384953
251384979
251384998
251385192
251385201
251385205
251385290
251385314
251385368
251385443
251385542
251385560
251385616
251385657
251385663
251385827
251385963
251386028
251386047
251386057
251386088
251386163
251386191
251386285
251386308
251386393
251386584
251386599
251386654
251386662
251387051
251387119
251387133
251387155
251387165
251387220
251387255
251387363
251387507
251387558
251387764
251387851
251388044
251388059
251388118
251388128
251388167
251388768
251388821
251388919
251388947
251388989
251389049
251389111
251389139
251389148
251389226
251389300
251389393
251389545
251389594
251389642
251389653
251389817
251389895
251390069
251390118
251390595
251390772
251390822
251390839
251390884
251390902
251391405
251391467
251391472
251391489
251391490
251391718
251391751
251391982
251392162
251392284
251392469
251392550
251392576
251392595
251392625
251392641
251392645
251392709
251392727
251392772
251392926
251393081
251393092
251393242
251393427
251393448
251393456
251393463
251393479
251393797
251393814
251393952
251394046
251394131
251394185
251394273
251394323
251394388
251394427
251394540
251394561
251394617
251394684
251394831
251394962
251394981
251394986
251395053
251395055
251395115
251395162
251395189
251395199
251395208
251395254
251395306
251395365
251395499
251395546
251395796
251395926
251396016
251396021
251396134
251396140
251396171
251396275
251396288
251396350
251396375
251396669
251396743
251396784
251396872
251396877
251396925
251397002
251397042
251397049
251397062
251397306
251397474
251397475
251397546
251397656
251397872
251397881
251397981
251398014
251398027
251398030
251398077
251398142
251398155
251398177
251398407
251398445
251398594
251398754
251398780
251398807
251398844
251398901
251398915
251398951
251398956
251399015
251399118
251399126
251399142
251399332
251399510
251399561
251399602
251399629
251399696
251399853
251399898
251399914
251400012
251292338
251292356
251292413
251292430
251292479
251292489
251292504
251292549
251292667
251292684
251292760
251292823
251292832
251292873
251292921
251292937
251292950
251292981
251292988
251292991
251292998
251293004
251293065
251293070
251293072
251293121
251293133
251293495
251293586
251293598
251293699
251293887
251293888
251293894
251293927
251294213
251294240
251294265
251294373
251294514
251294554
251294558
251294591
251294617
251294657
251294771
251294861
251294871
251294911
251294971
251295080
251295141
251295219
251295658
251295685
251295697
251295718
251295767
251295888
251295986
251295999
251296009
251296044
251296052
251296069
251296109
251296156
251296403
251296428
251296432
251296454
251296589
251296618
251296828
251297067
251297126
251297188
251297217
251297222
251297295
251297482
251297730
251297831
251297995
251298003
251298023
251298024
251298048
251298054
251298056
251298081
251298098
251298228
251298260
251298322
251298360
251298418
251298591
251298716
251298821
251299018
251299211
251299238
251299300
251299343
251299448
251299511
251299637
251299652
251299691
251299773
251300120
251300170
251300237
251300301
251300333
251300336
251300430
251300607
251300704
251300968
251301266
251301317
251301343
251301365
251301420
251301466
251301554
251301629
251301737
251301747
251301789
251301810
251301926
251302006
251302025
251302121
251302139
251302512
251302581
251302648
251302653
251302704
251302857
251302859
251303031
251303162
251303190
251303331
251303337
251303515
251303524
251303736
251303773
251303780
251303881
251303939
251303948
251304221
251304604
251304684
251304736
251304909
251304940
251304966
251304974
251305109
251305179
251305399
251305437
251305461
251305483
251305529
251305532
251305585
251306027
251306041
251306096
251306170
251306213
251306233
251306241
251306245
251306291
251306298
251306340
251306356
251306373
251306374
251306441
251306493
251306710
251306802
251307094
251307222
251307268
251307579
251307936
251307944
251308361
251308398
251308416
251308440
251308464
251308465
251308476
251308541
251308670
251308671
251308696
251309045
251309148
251309368
251309586
251309674
251309684
251309777
251309815
251309910
251309940
251309945
251309981
251310087
251310165
251310183
251310225
251310397
251310436
251310509
251310543
251310691
251310917
251310926
251310958
251310989
251311088
251311402
251311537
251311658
251311697
251311812
251311827
251311838
251311853
251311893
251311951
251311968
251311999
251312598
251312885
251312888
251312950
251313084
251313127
251313184
251313243
251313271
251313419
251313541
251313589
251313779
251313894
251313977
251314066
251314236
251314247
251314631
251314669
251314673
251314674
251314697
251314883
251314884
251314909
251314927
251315128
251315181
251315206
251315234
251315333
251315364
251315409
251315426
251315532
251315606
251316093
251316193
251316211
251316236
251316276
251316331
251316499
251316500
251316543
251317094
251317114
251317211
251317629
251317661
251317665
251318012
251318037
251318089
251318161
251318210
251318310
251318339
251318347
251318370
251318433
251318435
251318492
251318543
251318559
251318667
251318750
251318842
251318859
251318922
251429213
251429327
251429371
251429433
251429511
251429518
251429519
251429595
251429605
251429616
251429902
251429923
251429967
251430017
251430093
251430136
251430194
251430209
251430253
251430260
251430432
251430559
251430574
251430575
251430795
251431003
251431220
251431295
251431608
251431692
251431789
251431850
251431918
251431944
251431951
251432574
251432675
251432685
251432767
251432826
251433072
251433189
251433208
251433216
251433558
251433707
251433748
251434281
251434739
251434897
251434941
251435001
251435052
251435065
251435148
251435462
251435464
251435516
251435569
251435616
251435736
251435765
251435814
251435823
251435865
251435888
251436171
251436243
251436377
251436438
251436476
251437123
251437200
251437295
251437602
251437673
251437929
251437942
251437944
251438012
251438201
251438336
251438475
251438565
251438758
251438776
251438956
251439058
251439085
251439158
251439175
251439187
251439447
251439687
251439701
251439719
251440044
251440045
251440075
251440215
251440218
251440499
251440561
251440591
251440602
251440623
251440977
251441113
251441219
251441299
251441391
251441494
251441590
251441591
251441794
251441962
251442210
251442285
251442316
251442436
251442466
251442481
251442577
251442647
251442700
251442720
251442978
251443348
251443365
251443401
251443473
251443501
251443628
251443729
251444045
251444249
251444352
251444428
251444440
251444487
251444550
251444576
251444725
251444847
251444873
251444964
251444979
251444980
251445112
251445388
251445450
251445457
251445584
251445612
251445626
251445818
251445833
251446077
251446180
251446207
251446214
251446349
251446395
251446428
251446554
251446592
251446618
251446991
251447091
251447249
251447448
251447507
251447555
251447565
251447621
251447751
251447897
251448240
251448359
251448409
251448438
251448525
251448528
251448684
251448889
251448915
251449044
251449100
251449144
251449186
251449226
251449301
251449692
251449855
251450290
251450484
251450598
251450717
251450754
251450804
251451063
251451199
251451549
251451624
251451631
251451824
251451854
251451863
251451963
251452319
251452462
251452463
251452494
251452535
251452658
251453205
251453360
251453415
251453431
251453619
251400228
251400357
251400416
251400699
251400745
251400922
251401095
251401168
251401369
251401439
251401501
251401554
251401849
251402067
251402146
251402158
251402331
251402419
251402565
251402636
251402824
251403020
251403038
251403118
251403150
251403154
251403169
251403214
251403349
251403414
251403454
251403784
251403810
251403873
251403893
251403894
251403911
251403912
251404067
251404100
251404158
251404212
251404226
251404323
251404472
251404537
251404589
251404912
251404991
251405065
251405182
251405289
251405610
251405771
251405774
251405791
251405792
251405888
251406144
251406154
251406166
251406351
251406437
251406475
251406507
251406515
251406578
251406630
251406655
251406663
251406924
251406965
251406985
251406999
251407139
251407425
251407551
251407647
251407658
251407947
251407959
251407979
251407986
251408102
251408119
251408141
251408145
251408221
251408286
251408298
251408344
251408356
251408411
251408440
251408506
251408521
251408537
251408550
251408554
251408588
251408597
251408623
251408749
251408756
251408892
251408959
251409056
251409223
251409227
251409429
251409549
251409662
251409670
251409671
251409686
251409725
251409863
251409931
251409945
251410260
251410547
251410561
251410605
251410782
251411118
251411255
251411286
251411466
251411468
251411493
251411600
251411643
251411645
251411687
251411732
251411773
251411945
251411956
251412009
251412081
251412128
251412162
251412179
251412198
251412211
251412232
251412249
251412302
251412358
251412385
251412490
251412893
251412923
251412959
251413037
251413042
251413047
251413051
251413058
251413096
251413155
251413197
251413206
251413493
251413602
251413687
251413974
251413984
251414352
251414401
251415025
251415127
251415176
251415193
251415218
251415274
251415397
251415603
251415610
251415618
251415793
251415850
251415904
251415945
251416377
251416378
251416464
251416634
251416661
251416713
251416785
251417021
251417053
251417063
251417097
251417400
251417530
251417695
251417710
251417741
251417885
251418099
251418101
251418127
251418184
251418380
251418822
251418860
251418991
251419036
251419105
251419128
251419134
251419169
251419207
251419280
251419298
251419340
251419370
251419380
251419413
251419491
251419556
251419756
251419964
251420075
251420119
251420170
251420198
251420291
251420349
251420371
251420390
251420652
251420656
251420673
251420742
251420820
251420821
251420911
251420917
251420920
251420925
251420974
251421017
251421124
251421185
251421206
251421221
251421268
251421360
251421468
251421495
251421506
251421556
251421793
251421986
251422064
251422232
251422247
251422556
251422625
251422695
251422735
251422819
251422920
251423004
251423019
251423037
251423701
251423704
251423822
251423893
251424044
251424069
251424184
251424382
251424581
251424793
251424948
251425071
251425093
251425103
251425219
251425252
251425492
251425853
251425856
251425910
251425919
251426050
251426156
251426198
251426214
251426507
251426578
251426615
251426635
251426648
251426725
251426810
251426831
251426861
251426868
251426944
251427017
251427036
251427314
251427384
251427390
251427406
251427444
251427450
251427458
251427532
251427617
251427626
251427719
251427728
251427729
251427826
251428002
251428083
251428433
251428493
251428529
251428554
251428632
251428714
251428730
251428731
251428734
251428782
251428868
251428904
251428935
251429040
251453957
251454304
251454418
251454528
251454836
251454859
251455050
251455052
251455065
251455116
251455175
251455215
251455267
251455290
251455337
251455608
251455763
251455871
251455951
251455997
251456020
251456028
251456033
251456093
251456113
251456273
251456320
251456330
251456334
251456336
251456396
251456472
251456489
251456558
251456629
251456844
251457009
251457010
251457221
251457467
251457545
251457569
251457726
251457734
251457746
251457759
251457829
251457886
251457915
251458101
251458146
251458177
251458226
251458244
251458258
251458281
251458294
251458394
251458489
251458688
251458802
251458946
251459326
251459398
251459419
251459488
251459506
251459508
251459593
251459683
251459745
251460036
251460062
251460073
251460180
251460240
251460510
251460600
251460704
251461334
251461400
251461410
251461497
251461551
251461644
251461648
251461692
251461697
251461727
251461794
251461856
251461901
251461913
251461922
251462019
251462251
251462391
251462408
251462524
251462709
251462733
251462892
251462951
251462993
251463026
251463198
251463206
251463283
251463299
251463328
251463854
251463937
251464324
251464339
251464373
251464408
251464529
251464579
251464697
251464716
251464827
251464902
251464978
251465067
251465068
251465094
251465109
251465131
251465160
251465576
251465733
251465923
251466003
251466053
251466143
251466178
251466208
251466267
251466306
251466324
251466453
251466483
251466515
251466555
251466646
251466772
251466833
251466957
251466986
251467456
251467650
251467755
251467763
251467828
251468061
251468088
251468152
251468191
251468250
251468283
251468368
251468516
251468553
251468670
251468676
251469011
251469029
251469031
251469345
251469472
251469638
251469660
251469677
251469787
251469862
251469946
251470078
251470317
251470353
251470374
251470522
251470709
251470780
251470857
251471076
251471089
251471152
251471198
251471284
251471345
251471348
251471449
251471471
251471510
251471541
251471572
251471642
251471651
251471796
251471870
251472021
251472094
251472101
251472208
251472230
251472266
251472336
251472367
251472369
251472514
251472729
251472733
251472734
251472766
251472787
251472836
251472896
251473060
251473078
251473342
251473397
251473555
251473834
251474022
251474053
251474125
251474308
251474419
251474577
251474594
251474632
251474709
251474745
251474762
251474836
251474879
251475162
251475215
251475247
251475269
251475274
251475311
251475334
251475349
251475351
251475366
251475467
251475493
251475520
251475530
251475670
251475763
251475811
251475881
251475945
251475968
251476098
251476143
251476212
251476226
251476244
251476467
251476545
251476618
251476876
251476951
251477671
251477672
251477742
251477876
251477917
251478025
251478183
251478200
251478380
251478412
251478447
251478487
251478564
251478599
251478869
251479125
251479162
251479276
251479286
251479457
251479630
251479631
251479797
251479944
251479963
251480123
251480237
251480416
251480423
251480428
251480555
251480749
251480853
251480886
251480911
251480933
251481155
251481203
251481490
251481624
251481638
251481805
251481842
251481931
251482011
251482045
251482115
251482179
251482261
251482384
251482521
251482579
251482658
251482884
251482887
251482952
251482989
251483174
251483227
251483342
251483628
251483650
251483678
251483754
251483839
251483897
251483952
251483957
251484130
251484138
251484290
251484309
251484424
251484442
251484446
251484483
251484573
251484589
251484645
251484651
251484931
251485003
251485018
251485425
251485428
251485458
251485564
251485600
251485681
251485695
251485723
251485790
251485924
251485964
251485982
251486075
251486086
251486120
251486150
251486151
251486256
251486297
251486312
251486318
251486331
251486443
251486493
251486521
251486602
251486665
251486752
251487105
251487107
251487289
251487330
251487369
251487390
251487628
251487683
251487694
251487797
251487847
251487878
251488099
251488120
251488136
251488140
251488157
251488209
251488279
251488351
251488405
251488422
251488482
251488755
251488852
251488923
251488952
251488965
251489208
251489445
251489540
251489598
251489669
251489671
251489689
251489891
251489960
251490075
251490135
251490331
251490427
251490498
251490544
251490647
251490677
251490845
251490880
251490938
251490944
251491057
251491103
251491126
251491127
251491134
251491191
251491207
251491677
251491798
251491866
251491900
251492007
251492027
251492258
251492269
251492392
251492408
251492451
251492543
251493149
251493178
251493299
251493307
251493383
251493394
251493575
251493582
251493592
251493677
251493685
251493698
251493758
251493802
251493806
251493857
251493869
251493931
251493936
251494022
251494040
251494070
251494120
251494141
251494155
251494182
251494200
251494247
251494293
251494316
251494399
251494478
251494481
251494491
251494549
251494673
251494743
251494957
251494961
251494976
251495083
251495091
251495104
251495252
251495286
251495408
251495457
251495516
251495675
251495770
251495778
251495849
251496010
251496050
251496374
251496379
251496563
251496657
251496680
251496911
251496991
251497025
251497026
251497057
251497109
251497199
251497261
251497293
251497295
251497375
251497490
251497574
251497590
251497593
251497980
251498267
251498289
251498314
251498355
251498435
251498436
251498446
251498448
251498451
251498455
251498473
251498589
251498727
251498763
251498781
251498835
251498909
251498980
251498997
251499150
251499259
251499275
251499417
251499419
251499436
251499449
251499486
251499495
251499832
251499879
251499889
251499953
251499992
251500172
251500249
251500475
251500482
251500806
251500869
251500995
251501001
251501143
251501258
251501277
251501565
251501724
251501818
251501863
251501868
251501902
251502182
251502575
251502620
251502641
251502653
251502728
251502736
251502794
251502824
251502875
251502885
251502913
251502958
251502990
251503037
251503301
251503396
251503443
251503487
251503514
251503592
251503596
251503613
251503656
251503661
251503673
251503780
251503792
251503842
251503864
251503933
251503970
251504022
251504027
251504093
251504416
251504512
251504532
251504534
251504629
251504633
251504686
251504978
251505006
251505110
251505124
251505169
251505309
251505336
251505347
251505496
251505782
251505976
251506094
251506173
251506194
251506215
251506374
251506404
251506416
251506429
251506452
251506470
251506500
251506506
251506704
251506789
251506816
251506821
251506889
251507008
251507014
251507017
251507085
251507116
251507141
251507198
251507311
251507358
251507539
251507752
251507772
251507851
251507878
251507905
251507961
251508083
251508154
251508186
251535167
251535178
251535270
251535302
251535311
251535328
251535356
251535357
251535377
251535461
251535541
251535608
251535610
251535626
251535793
251536198
251536429
251536483
251536538
251536592
251536669
251536692
251536899
251536994
251536999
251537001
251537015
251537032
251537105
251537247
251537256
251537257
251537259
251537262
251537303
251537470
251537580
251537610
251537931
251538116
251538211
251538217
251538235
251538240
251538269
251538285
251538309
251538323
251538330
251538351
251538502
251538670
251538726
251538792
251538984
251539017
251539116
251539123
251539336
251539362
251539376
251539608
251539718
251539812
251539821
251539825
251539845
251539999
251540000
251540027
251540057
251540104
251540110
251540315
251540352
251540426
251540462
251540499
251540606
251540663
251540721
251540737
251540823
251540824
251541066
251541090
251541192
251541238
251541316
251541380
251541435
251541496
251541703
251541711
251541740
251541754
251541755
251541792
251542219
251542228
251542262
251542339
251542437
251542465
251542660
251542701
251542832
251542841
251542922
251542971
251543014
251543160
251543240
251543298
251543305
251543344
251543452
251543491
251543507
251543566
251543589
251543698
251543948
251543977
251543993
251544009
251544058
251544075
251544081
251544125
251544200
251544358
251544410
251544437
251544721
251544735
251544841
251544866
251544920
251544929
251545081
251545178
251545471
251545716
251545720
251545926
251546012
251546377
251546471
251546472
251546490
251546491
251546533
251546625
251546654
251546700
251546771
251546848
251546988
251547083
251547157
251547172
251547237
251547320
251547438
251547448
251547576
251547788
251548040
251548130
251548165
251548176
251548294
251548297
251548414
251548532
251548752
251548769
251548775
251548820
251548909
251549105
251549222
251549457
251549523
251549540
251549596
251549984
251549987
251550052
251550064
251550117
251550130
251550210
251550502
251550508
251550578
251550580
251550694
251550700
251550733
251550832
251550860
251550930
251551134
251551145
251551323
251551683
251551705
251551718
251551766
251551788
251551873
251551914
251551947
251551984
251552018
251552269
251552359
251552396
251552484
251552611
251552670
251552738
251552850
251552900
251552901
251552902
251553330
251553482
251553507
251553576
251553645
251553656
251553922
251553925
251553936
251554025
251554214
251554260
251554265
251554305
251554307
251554310
251554347
251554564
251554766
251554958
251554970
251555039
251555059
251555060
251555063
251555112
251555113
251555126
251555204
251555218
251555318
251555343
251555811
251555888
251555928
251555941
251555964
251555987
251556021
251556135
251556138
251556234
251556262
251556615
251556659
251556669
251556699
251556752
251556892
251556900
251556937
251557053
251557254
251557259
251557294
251557357
251557364
251557397
251557528
251557579
251557583
251557640
251557658
251558080
251558106
251558366
251558411
251558412
251558519
251558548
251558597
251558624
251558662
251558702
251558708
251558726
251558734
251558735
251558945
251558972
251558989
251559046
251559148
251559173
251559175
251559282
251559323
251559329
251559445
251559526
251559535
251559624
251559655
251559703
251559767
251559920
251560000
251560048
251560273
251560276
251560369
251560453
251560502
251560615
251560738
251560810
251560861
251561153
251561255
251561397
251561412
251561705
251561706
251561737
251561891
251561925
251561949
251561971
251561992
251562063
251508631
251508842
251508855
251508955
251509152
251509199
251509438
251509474
251509511
251509623
251509749
251509763
251509816
251509825
251509841
251509856
251509948
251510054
251510343
251510381
251510392
251510483
251510553
251510561
251510641
251510790
251510862
251510889
251511437
251511490
251511516
251511577
251511660
251511681
251511750
251512056
251512198
251512306
251512315
251512492
251512500
251512571
251512711
251512725
251512816
251512892
251512945
251512979
251512983
251513007
251513015
251513025
251513067
251513099
251513135
251513161
251513520
251513548
251513640
251513766
251514036
251514064
251514154
251514184
251514281
251514321
251514336
251514367
251514387
251514405
251514444
251514467
251514470
251514475
251514567
251514581
251514627
251514762
251515418
251515501
251515512
251515815
251515972
251516047
251516081
251516089
251516466
251516510
251516641
251517006
251517043
251517109
251517122
251517263
251517321
251517386
251517503
251517516
251517662
251517674
251517766
251517789
251517859
251517954
251518022
251518047
251518212
251518395
251518453
251518454
251518461
251518549
251518635
251518638
251518644
251518704
251518780
251518801
251518889
251519053
251519092
251519151
251519152
251519170
251519323
251519509
251519543
251519645
251519980
251520027
251520032
251520139
251520423
251520492
251520553
251520843
251520973
251521095
251521119
251521160
251521186
251521219
251521343
251521350
251521351
251521538
251521542
251521657
251521893
251521918
251522087
251522192
251522345
251522347
251522378
251522425
251522501
251522593
251522724
251522921
251522938
251522985
251523105
251523155
251523181
251523381
251523419
251523548
251523552
251523747
251524040
251524045
251524076
251524087
251524101
251524172
251524241
251524345
251524588
251524645
251524711
251524914
251524998
251525294
251525351
251525431
251525435
251525475
251525544
251525567
251525574
251525589
251525593
251525633
251525653
251525764
251525781
251525795
251525801
251525929
251525941
251525975
251526189
251526198
251526723
251526951
251527123
251527130
251527198
251527230
251527415
251527553
251527746
251527748
251527799
251527825
251527834
251527845
251527858
251527887
251527930
251528057
251528075
251528142
251528166
251528252
251528338
251528475
251528551
251528687
251528805
251528930
251529020
251529033
251529133
251529150
251529227
251529366
251529376
251529479
251529489
251529505
251529521
251529602
251529604
251529618
251529629
251529898
251529945
251529954
251530044
251530094
251530348
251530374
251530510
251530672
251530830
251530858
251530965
251530966
251531041
251531084
251531089
251531218
251531220
251531244
251531277
251531306
251531364
251531407
251531540
251531555
251531838
251531873
251531954
251531972
251532250
251532497
251532499
251532659
251532817
251532861
251532943
251532980
251532995
251533005
251533076
251533181
251533229
251533264
251533534
251533752
251533783
251533790
251533791
251533825
251533831
251533834
251533857
251533866
251534059
251534109
251534215
251534236
251534526
251534529
251534533
251534577
251534583
251534594
251534670
251534816
251534827
251534853
251534857
251535008
251590767
251590772
251590987
251591126
251591144
251591145
251591155
251591363
251591372
251591427
251591461
251591509
251591653
251591846
251591919
251591932
251591949
251591955
251592018
251592022
251592091
251592297
251592322
251592595
251592967
251592987
251593024
251593367
251593392
251593708
251593731
251593816
251593874
251593877
251593959
251594142
251594146
251594176
251594183
251594208
251594235
251594330
251594543
251594617
251594678
251594813
251594871
251594898
251594986
251595009
251595064
251595098
251595277
251595305
251595409
251595551
251595741
251595745
251595782
251595851
251595864
251595926
251595948
251595971
251595985
251596008
251596275
251596480
251596490
251596609
251596735
251596882
251597108
251597341
251597358
251597411
251597424
251597475
251597619
251597662
251597693
251597701
251597982
251598099
251598127
251598150
251598300
251598302
251598462
251598500
251598520
251598581
251598786
251599081
251599220
251599293
251599335
251599431
251599530
251599555
251599568
251599577
251599593
251599616
251599739
251599948
251599965
251599970
251600014
251600068
251600207
251600236
251601095
251601141
251601216
251601220
251601251
251601256
251601272
251601273
251601414
251601440
251601489
251601688
251601782
251601866
251601889
251601971
251602021
251602030
251602208
251602681
251602814
251602834
251602839
251602900
251602923
251603038
251603120
251603148
251603424
251603434
251603584
251603612
251603904
251603933
251604076
251604084
251604681
251604691
251604771
251604812
251604813
251604846
251604859
251604866
251604918
251604983
251605124
251605325
251605342
251605357
251605358
251605444
251605610
251605618
251605650
251605701
251605992
251606058
251606128
251606264
251606351
251606392
251606467
251606482
251606529
251606612
251606648
251606652
251606672
251607052
251607089
251607163
251607219
251607249
251607339
251607441
251607449
251607492
251607577
251607740
251607771
251607914
251608123
251608222
251608464
251608504
251608547
251608580
251608587
251608642
251608659
251608860
251608890
251608949
251608953
251608974
251609015
251609065
251609167
251609175
251609197
251609251
251609265
251609550
251609557
251609563
251609590
251610068
251610089
251610096
251610119
251610147
251610160
251610251
251610261
251610271
251610285
251610330
251610341
251610348
251610382
251610641
251610734
251610754
251610794
251610803
251610856
251611002
251611008
251611062
251611317
251611325
251611355
251611406
251611624
251611761
251611985
251611991
251612309
251612447
251612545
251612555
251612736
251612770
251612857
251612946
251612963
251613130
251613148
251613296
251613471
251613486
251613566
251613613
251613627
251613640
251613656
251613688
251613740
251614256
251614276
251614281
251614446
251614459
251614477
251614524
251614679
251614759
251614808
251614975
251614997
251615044
251615065
251615144
251615343
251615361
251615490
251615509
251615529
251615557
251615558
251615628
251615631
251615648
251615665
251615721
251615809
251616149
251616167
251616183
251616219
251616222
251616245
251616246
251616260
251616286
251616306
251616324
251616400
251616527
251616544
251616556
251616586
251616754
251616892
251617026
251617453
251617454
251617478
251617607
251617642
251617724
251618041
251618088
251618192
251618202
251618315
251618316
251618334
251618502
251618728
251618755
251618757
251618813
251618864
251619058
251619347
251619450
251619454
251619464
251619608
251619621
251619693
251562287
251562318
251562323
251562334
251562411
251562431
251562450
251562549
251562623
251562706
251562719
251562739
251562762
251562806
251562820
251562944
251562977
251562979
251563036
251563046
251563065
251563068
251563256
251563525
251563537
251563567
251563630
251563699
251563727
251563773
251563796
251563823
251563825
251563835
251563895
251564108
251564223
251564224
251564236
251564307
251564320
251564411
251564464
251564470
251564499
251564566
251564618
251564813
251564827
251564837
251564906
251565040
251565144
251565155
251565267
251565322
251565328
251565333
251565373
251565413
251565420
251565433
251565434
251565458
251565493
251565556
251565734
251565754
251565760
251565791
251566066
251566093
251566179
251566336
251566356
251566365
251566484
251566512
251566626
251566652
251566743
251566800
251566801
251566953
251567081
251567142
251567275
251567329
251567359
251567539
251567574
251567685
251567707
251567718
251567748
251567755
251567794
251567861
251567892
251567929
251568069
251568169
251568220
251568225
251568515
251568532
251568811
251568854
251568867
251568915
251569031
251569049
251569095
251569128
251569154
251569484
251569569
251569778
251569810
251569921
251569954
251570153
251570174
251570183
251570505
251570683
251570723
251570760
251570795
251570821
251570947
251570962
251571290
251571341
251571366
251571473
251571542
251571551
251571610
251571704
251571864
251571933
251571938
251572174
251572275
251572557
251572559
251572580
251572707
251572722
251572795
251572810
251572860
251573052
251573122
251573517
251573542
251573720
251573991
251574058
251574119
251574207
251574212
251574259
251574353
251574354
251574416
251574448
251574640
251574739
251574764
251574788
251574791
251574807
251574892
251574975
251575023
251575102
251575157
251575282
251575372
251575393
251575623
251575732
251575761
251575777
251575885
251575932
251576023
251576056
251576128
251576197
251576425
251576446
251576498
251576508
251576541
251576575
251576757
251576781
251576899
251576917
251576985
251577365
251577412
251577493
251577564
251577584
251577682
251577730
251577753
251577777
251577951
251577981
251578167
251578172
251578236
251578278
251578287
251578366
251578379
251578402
251578474
251578550
251578595
251578734
251578778
251579227
251579431
251579640
251579679
251579693
251579694
251579748
251579989
251580005
251580119
251580133
251580181
251580223
251580234
251580383
251580396
251580409
251580481
251580880
251580893
251581119
251581254
251581267
251581320
251581358
251581452
251581456
251581535
251581618
251581640
251581843
251581862
251581863
251581882
251582073
251582125
251582220
251582229
251582353
251582515
251582701
251582970
251583061
251583254
251583259
251583276
251583288
251583330
251583353
251583366
251583511
251583625
251583696
251583718
251583758
251583771
251583811
251583845
251583857
251583950
251583980
251583996
251584024
251584117
251584119
251584174
251584191
251584323
251584447
251584451
251584784
251584798
251584804
251584851
251584960
251585082
251585089
251585492
251585543
251585672
251585805
251585811
251586143
251586193
251586206
251586471
251586532
251586643
251586694
251586790
251586843
251586875
251587236
251587275
251587450
251587481
251587524
251587531
251587533
251587559
251587585
251587671
251587673
251587678
251587762
251587836
251588203
251588251
251588280
251588310
251588347
251588351
251588363
251588385
251588386
251588394
251588486
251588537
251588544
251588604
251588637
251588641
251588658
251588990
251589161
251589453
251589566
251589760
251590197
251590239
251590271
251590393
251590446
251590503
251590577
251619901
251619958
251620119
251620131
251620170
251620223
251620225
251620273
251620348
251620523
251620634
251620900
251621048
251621078
251621096
251621219
251621422
251621475
251621498
251621502
251621620
251621733
251621888
251621971
251622012
251622640
251622663
251622684
251623130
251623150
251623182
251623184
251623314
251623350
251623375
251623580
251623953
251624021
251624023
251624113
251624130
251624206
251624237
251624597
251624652
251624664
251624678
251624684
251624741
251624742
251624744
251624879
251624980
251625072
251625183
251625705
251625709
251626130
251626140
251626173
251626426
251626659
251626671
251626704
251626715
251627151
251627189
251627330
251627335
251627401
251627594
251627651
251627850
251628166
251628442
251628724
251628812
251629003
251629093
251629118
251629147
251629224
251629238
251629354
251629565
251629585
251629736
251630087
251630103
251630172
251630265
251630336
251630352
251630367
251630713
251630890
251630980
251631035
251631388
251631768
251631849
251631883
251631966
251632000
251632250
251632308
251632309
251632366
251632372
251632553
251632637
251632659
251632986
251633259
251633340
251633346
251633354
251633416
251633779
251633833
251633842
251633919
251633925
251633987
251634000
251634026
251634074
251634085
251634095
251634137
251634291
251634307
251634463
251634496
251634703
251634757
251634794
251634832
251634922
251634944
251634949
251634966
251634971
251635044
251635095
251635254
251635267
251635349
251635374
251635412
251635413
251635425
251635445
251635629
251635705
251635717
251635792
251635878
251635931
251636197
251636543
251636752
251636764
251637115
251637599
251638061
251638810
251638946
251639187
251639331
251639553
251639591
251639867
251639888
251639943
251640360
251640454
251640538
251640835
251640852
251640899
251640913
251640963
251641393
251641434
251641435
251641479
251641537
251641553
251641608
251641707
251641794
251641819
251641921
251642420
251642435
251642443
251642467
251642470
251642673
251642697
251642698
251643049
251643161
251643273
251643281
251643455
251643498
251643695
251643998
251644071
251644073
251644128
251644134
251644142
251644242
251644247
251644305
251644643
251644689
251644791
251644834
251644835
251644850
251644925
251644990
251645133
251645356
251645400
251645844
251645850
251645874
251645966
251645975
251646066
251646067
251646123
251646162
251646560
251646738
251646884
251646887
251646936
251647071
251647144
251647399
251647541
251647658
251647810
251647815
251647851
251647931
251648090
251648139
251648161
251648175
251648243
251648366
251648436
251648578
251648598
251648812
251649154
251649200
251649213
251649272
251649335
251649408
251649435
251649462
251649501
251649516
251649522
251649588
251649682
251649768
251649788
251650212
251650277
251650413
251650645
251650780
251650803
251650804
251650812
251650911
251650915
251650948
251651195
251651198
251651466
251651511
251651539
251651917
251652022
251652162
251652199
251652303
251652348
251652404
251652425
251652438
251652443
251652470
251652486
251652654
251652675
251652855
251652914
251652936
251653048
251653052
251653075
251653148
251653162
251653373
251653459
251653593
251653804
251654009
251654303
251654311
251654387
251654391
251654410
251654585
251654831
251654882
251655224
251655244
251655340
251655349
251655425
251655449
251655504
251655608
251655868
251655875
251655987
251656014
251656119
251656163
251656169
251656199
251656208
251656220
251656225
251656234
251656247
251656248
251656360
251656377
251656535
251656595
251656609
251656624
251656699
251657141
251657159
251657199
251657207
251657240
251657244
251657486
251657586
251657593
251657627
251657628
251657698
251657811
251657998
251658046
251658048
251658052
251658125
251658522
251658643
251658760
251658789
251658927
251659033
251659167
251659179
251659181
251659286
251659454
251659588
251659689
251659723
251659790
251659883
251659949
251660139
251660179
251660555
251660574
251660612
251660634
251660741
251660898
251661122
251661134
251661245
251661324
251661478
251661684
251661734
251661774
251661779
251661787
251661790
251662154
251662256
251662401
251662502
251662819
251663010
251663045
251663223
251663425
251663751
251663777
251663818
251663832
251663872
251663923
251663948
251663956
251663968
251664050
251664069
251664099
251664161
251664198
251664620
251664821
251665079
251665093
251665291
251665313
251665497
251665625
251665670
251665814
251665824
251665899
251665909
251666180
251666226
251666325
251666332
251666534
251666556
251666560
251666669
251666680
251666768
251666904
251667005
251667219
251667525
251667545
251667602
251667641
251667728
251667763
251667849
251667879
251667931
251667935
251668225
251668291
251668332
251668337
251668338
251668362
251668553
251668700
251668842
251668856
251669150
251669371
251669546
251669547
251669552
251669567
251669667
251669789
251670050
251670133
251670150
251670526
251670586
251670789
251670941
251671021
251671043
251671077
251671082
251671085
251671092
251671114
251671214
251671219
251699465
251699475
251699709
251699716
251700025
251700583
251700619
251700762
251701075
251701099
251701163
251701329
251701349
251701398
251701559
251701562
251701563
251701623
251701655
251701981
251702013
251702129
251702298
251702350
251702389
251702608
251702641
251702645
251702702
251702717
251702765
251702792
251702815
251702980
251703065
251703108
251703334
251703413
251703453
251703780
251703794
251704228
251704249
251704276
251704329
251704395
251704440
251704525
251704609
251704665
251704675
251704772
251705009
251705325
251705333
251705355
251705442
251705462
251705523
251705535
251705536
251705595
251705842
251706045
251706099
251706117
251706182
251706263
251706371
251706373
251706558
251706878
251707033
251707048
251707105
251707114
251707151
251707487
251707563
251707618
251707657
251707675
251707718
251707836
251707844
251707876
251707889
251707937
251708115
251708125
251708144
251708275
251708639
251708676
251708704
251708835
251708864
251708995
251709042
251709068
251709228
251709281
251709291
251709300
251709351
251709361
251709412
251709462
251709623
251709698
251709724
251710185
251710267
251710275
251710374
251710506
251710614
251710786
251710815
251710938
251710946
251711025
251711035
251711071
251711084
251711097
251711382
251711702
251711828
251711862
251711945
251711970
251711972
251711981
251711990
251712132
251712171
251712208
251712261
251712506
251712794
251712970
251712980
251713008
251713025
251713317
251713446
251713456
251713461
251713514
251713559
251713574
251713632
251713762
251714068
251714102
251714183
251714528
251714761
251714765
251714989
251715011
251715246
251715306
251715335
251715370
251715661
251715669
251715826
251715828
251715983
251716023
251716065
251716073
251716221
251716705
251716723
251716892
251716908
251716969
251717001
251717038
251717377
251717482
251717561
251717602
251717648
251717665
251717933
251718086
251718380
251718405
251718592
251718649
251719062
251719159
251719254
251719373
251719491
251719604
251720000
251720099
251720110
251720163
251720250
251720251
251720256
251720284
251720336
251720705
251720716
251720811
251720947
251721056
251721136
251721533
251721614
251721646
251721709
251721722
251721781
251721851
251721925
251721974
251722014
251722235
251722246
251722284
251722357
251722364
251722414
251722430
251722431
251722548
251722555
251722585
251722831
251723245
251723332
251723372
251723394
251723440
251723465
251723483
251723495
251723503
251723505
251723525
251723530
251723640
251723746
251723921
251723954
251724068
251724209
251724215
251724239
251724326
251724443
251724528
251724533
251724836
251724969
251724987
251725077
251725112
251725130
251725176
251725220
251725225
251725261
251725266
251725310
251671622
251671630
251671962
251671979
251672013
251672066
251672097
251672162
251672274
251672311
251672341
251672434
251672641
251672699
251672759
251672761
251672864
251672903
251672937
251672998
251673002
251673094
251673362
251673441
251673457
251673515
251673571
251673647
251673706
251673930
251673992
251674051
251674105
251674335
251674421
251674443
251674602
251674603
251674610
251674665
251674675
251674703
251674711
251674714
251674733
251674767
251674927
251675105
251675109
251675148
251675247
251675264
251675281
251675354
251675442
251675469
251675782
251675804
251675942
251676017
251676018
251676140
251676352
251676492
251676597
251676599
251676663
251676723
251676776
251676778
251676795
251676801
251676806
251676862
251676904
251676929
251676987
251677045
251677145
251677162
251677257
251677285
251677295
251677418
251677756
251678146
251678158
251678189
251678318
251678351
251678437
251678575
251678670
251678693
251678712
251678886
251678965
251679008
251679042
251679463
251679470
251679489
251679539
251679649
251679680
251679755
251679766
251679926
251680116
251680128
251680180
251680258
251680490
251680586
251680599
251680630
251680670
251680829
251681017
251681092
251681207
251681577
251681640
251681653
251681791
251681817
251681978
251681980
251681992
251681994
251682048
251682103
251682129
251682138
251682169
251682188
251682210
251682213
251682326
251682354
251682385
251682585
251682644
251682912
251682918
251683016
251683022
251683061
251683088
251683128
251683171
251683213
251683434
251683484
251683491
251683538
251683568
251683657
251683701
251683705
251683713
251683844
251683893
251684134
251684164
251684244
251684438
251684701
251684808
251684809
251684918
251684945
251685087
251685100
251685136
251685191
251685200
251685278
251685296
251685640
251685646
251685896
251686073
251686130
251686343
251686403
251686494
251686600
251686615
251686679
251686857
251686881
251686930
251686986
251686991
251686996
251687136
251687177
251687363
251687438
251687444
251687519
251687585
251687724
251687937
251687994
251688030
251688044
251688117
251688293
251688316
251688482
251688628
251688686
251688723
251688773
251688782
251688865
251688878
251688891
251689140
251689145
251689531
251689734
251689790
251689841
251689957
251689975
251690092
251690098
251690189
251690402
251690516
251690531
251690573
251690741
251690749
251690877
251690905
251690942
251691029
251691150
251691281
251691608
251691636
251691945
251691997
251692014
251692194
251692231
251692339
251692425
251692466
251692600
251692950
251692955
251692985
251693451
251693452
251693477
251693567
251693575
251693996
251694031
251694045
251694048
251694106
251694203
251694220
251694243
251694276
251694286
251694331
251694352
251694391
251694497
251694567
251694570
251694631
251694647
251694691
251694845
251694999
251695272
251695303
251695306
251695414
251695429
251695507
251695514
251695546
251695707
251695735
251695781
251695888
251695901
251695916
251696007
251696106
251696116
251696182
251696360
251696471
251696609
251696803
251696872
251696953
251697029
251697063
251697076
251697097
251697204
251697330
251697624
251697657
251697705
251697719
251697720
251697751
251697811
251697914
251697915
251697995
251698028
251698048
251698570
251698664
251698700
251698781
251698982
251699051
251699052
251782285
251782302
251782385
251782400
251782439
251782785
251782871
251782919
251782945
251783079
251783315
251783561
251783573
251783586
251783687
251783721
251783726
251784088
251784099
251784214
251784461
251784500
251784713
251784779
251784794
251784957
251785044
251785045
251785248
251785334
251785362
251785377
251785424
251785529
251785541
251785552
251785574
251785606
251785624
251785878
251785886
251785986
251786012
251786014
251786077
251786092
251786093
251786096
251786101
251786197
251786232
251786247
251786255
251786498
251786508
251786561
251786624
251786641
251786804
251786912
251787006
251787037
251787076
251787127
251787377
251787391
251787711
251787751
251787813
251787857
251787913
251787917
251787970
251788044
251788074
251788078
251788086
251788088
251788380
251788406
251788785
251788871
251788915
251788959
251789086
251789141
251789551
251789662
251789669
251789708
251789748
251789822
251789919
251790005
251790023
251790049
251790589
251790641
251790682
251790793
251790857
251790868
251790930
251790968
251790985
251791111
251791198
251791335
251791427
251791441
251791454
251791494
251791612
251791613
251791633
251791692
251791787
251791990
251792016
251792392
251792420
251792583
251792607
251792690
251792695
251792716
251792739
251792815
251793120
251793149
251793242
251793253
251793330
251793338
251793396
251793407
251793461
251793473
251793548
251793651
251793672
251793729
251793758
251793958
251794101
251794238
251794247
251794338
251794442
251794554
251794663
251794831
251794979
251794994
251795044
251795157
251795263
251795327
251795372
251795801
251796082
251796185
251796236
251796252
251796287
251796299
251796373
251796393
251796410
251796495
251796526
251796548
251796936
251797068
251797090
251797290
251797445
251797451
251797454
251797555
251797601
251797725
251797756
251797759
251797952
251797987
251797999
251798028
251798066
251798068
251798183
251798353
251798375
251798406
251798683
251798707
251798767
251798774
251798972
251799048
251799093
251799253
251799289
251799333
251799377
251799423
251799603
251799646
251799671
251799745
251799754
251799862
251799879
251799977
251800030
251800032
251800061
251800099
251800116
251800445
251800469
251800577
251800670
251800717
251800824
251800834
251800914
251801024
251801053
251801086
251801395
251801625
251801706
251801715
251801744
251801797
251801839
251801863
251802122
251802211
251802229
251802230
251802245
251802294
251802295
251802307
251802370
251802450
251802516
251802624
251802668
251802676
251802684
251802793
251802818
251803009
251803101
251803125
251803168
251803273
251803297
251803308
251803341
251803372
251803476
251803540
251803551
251803628
251803648
251803688
251803934
251803983
251804009
251804016
251804087
251804134
251804318
251804406
251804576
251804638
251804639
251804654
251804665
251804697
251804705
251804730
251804882
251805051
251805096
251805112
251805245
251805258
251805309
251805410
251805445
251805519
251805764
251805785
251805806
251805820
251805829
251805877
251805933
251806039
251806127
251806178
251806280
251806411
251806423
251806424
251806596
251806892
251806965
251806968
251807037
251807128
251807149
251807152
251807273
251807300
251807555
251807582
251807755
251807795
251807849
251807898
251807924
251807932
251807990
251808116
251808464
251808596
251808641
251808643
251808758
251808759
251808804
251808818
251808902
251808929
251808964
251808976
251809049
251809097
251809419
251809455
251809460
251809494
251809497
251809612
251809636
251809731
251809763
251810102
251810110
251810147
251810194
251810514
251810583
251810610
251810692
251810694
251810963
251811002
251811117
251725573
251725602
251725667
251725722
251725781
251725861
251725941
251726165
251726262
251726276
251726692
251726738
251726834
251726964
251727016
251727169
251727200
251727203
251727318
251727436
251727466
251727539
251727799
251727939
251728034
251728094
251728347
251728569
251728613
251728683
251728771
251728773
251728842
251729152
251729209
251729210
251729221
251729328
251729335
251729436
251729639
251729707
251729810
251729950
251729993
251730071
251730179
251730188
251730191
251730250
251730284
251730301
251730353
251730368
251730369
251730385
251730447
251730713
251730765
251730878
251730991
251731025
251731057
251731071
251731073
251731296
251731551
251731909
251732013
251732037
251732113
251732148
251732213
251732275
251732439
251732552
251732553
251732559
251732573
251732642
251732813
251732948
251733125
251733214
251733290
251733448
251733527
251733551
251733561
251733590
251733637
251733662
251733683
251733687
251733782
251733933
251733963
251734284
251734286
251734367
251734383
251734384
251734478
251734518
251734522
251734595
251734733
251734737
251734781
251734953
251735073
251735083
251735126
251735321
251735332
251735411
251735477
251735568
251735694
251736017
251736048
251736141
251736343
251736422
251736821
251736906
251736949
251737053
251737140
251737153
251737181
251737404
251737434
251737467
251737593
251737644
251737861
251737988
251737991
251738106
251738130
251738192
251738332
251738414
251738544
251738572
251738662
251738663
251738687
251738695
251738730
251738798
251739083
251739222
251739241
251739287
251739363
251739750
251739773
251739898
251740007
251740083
251740119
251740151
251740252
251740323
251740325
251740345
251740375
251740432
251740468
251740563
251740607
251740608
251740649
251741126
251741147
251741158
251741336
251741337
251741438
251741570
251741573
251741635
251741729
251741745
251741778
251741861
251741889
251741963
251741965
251742020
251742103
251742300
251742348
251742534
251742572
251743048
251743119
251743469
251743637
251743661
251743717
251743773
251743790
251743853
251743881
251743902
251744057
251744132
251744167
251744308
251744509
251744630
251744711
251744785
251744896
251745060
251745202
251745556
251745578
251745682
251745691
251745696
251745767
251745800
251745865
251745895
251745901
251745974
251746008
251746328
251746467
251746527
251746537
251746740
251746856
251747069
251747398
251747416
251747677
251747846
251748025
251748159
251748336
251748337
251748348
251748694
251748823
251749036
251749209
251749255
251749260
251749316
251749435
251749503
251749672
251749739
251749816
251749883
251750219
251750246
251750272
251750325
251750340
251750342
251750370
251750536
251750766
251750847
251750884
251750896
251750935
251750962
251751059
251751060
251751113
251751151
251751406
251751439
251751475
251751524
251751630
251751646
251751732
251751740
251751752
251751778
251751781
251751826
251751947
251751949
251752018
251752039
251752115
251752416
251752517
251752635
251752711
251752746
251752849
251752908
251752947
251753014
251753040
251753237
251753299
251753309
251753349
251753360
251753369
251753405
251753446
251753511
251753521
251753544
251753599
251753629
251753661
251753981
251753984
251753995
251754240
251754368
251754679
251754695
251754724
251754733
251754764
251754779
251754988
251755030
251755093
251755157
251755175
251755211
251755306
251755329
251755375
251755387
251755396
251755473
251755522
251755554
251755658
251755704
251755797
251755956
251756005
251756217
251756227
251756283
251756288
251756300
251756328
251756380
251756386
251756462
251756489
251756501
251756531
251756532
251756561
251756605
251756848
251756854
251757012
251757014
251757041
251757162
251757164
251757171
251757173
251757174
251757292
251757332
251757434
251757636
251757723
251757953
251757988
251757991
251758009
251758052
251758110
251758180
251758195
251758210
251758264
251758295
251758414
251758548
251758637
251758665
251758745
251758790
251758858
251758913
251758927
251759119
251759192
251759214
251759835
251760084
251760230
251760250
251760384
251760508
251760554
251760577
251760674
251760714
251760739
251760771
251760812
251760871
251761059
251761087
251761107
251761602
251761646
251761679
251761737
251761754
251761812
251761821
251762075
251762130
251762398
251762526
251762532
251762533
251762654
251762679
251762714
251762748
251762773
251762781
251762784
251762806
251762912
251762945
251763079
251763086
251763116
251763125
251763220
251763286
251763459
251763522
251763533
251763664
251763999
251764222
251764317
251764340
251764377
251764435
251764437
251764438
251764494
251764588
251764636
251764684
251764719
251765003
251765055
251765098
251765124
251765126
251765212
251765222
251765236
251765253
251765313
251765351
251765422
251765424
251765426
251765497
251765677
251765936
251765969
251765990
251766142
251766149
251766193
251766216
251766283
251766368
251766377
251766629
251766642
251767036
251767650
251767692
251767712
251767773
251767797
251767869
251767989
251768107
251768159
251768283
251768474
251768496
251768499
251768531
251768604
251768652
251768653
251768728
251768732
251768809
251768812
251768880
251768918
251768983
251769307
251769339
251769344
251769416
251769418
251769505
251769536
251769606
251769967
251770019
251770024
251770117
251770162
251770178
251770326
251770359
251770390
251770488
251770556
251770721
251770880
251771004
251771192
251771230
251771605
251771850
251771927
251772079
251772123
251772196
251772281
251772392
251772402
251772456
251772668
251772706
251772780
251772853
251773001
251773057
251773067
251773243
251773259
251773562
251773804
251774227
251774357
251774457
251774477
251774482
251774622
251774645
251774893
251774975
251775137
251775149
251775158
251775161
251775222
251775236
251775283
251775336
251775415
251775489
251775550
251775631
251776067
251776148
251776243
251776468
251776484
251776768
251776856
251776867
251776938
251776979
251777160
251777221
251777348
251777392
251777454
251777479
251777572
251777891
251777984
251778028
251778121
251778202
251778302
251778362
251778372
251778629
251778690
251778784
251778961
251779023
251779151
251779372
251779516
251779609
251779641
251779654
251779800
251779868
251779888
251779893
251779990
251780020
251780127
251780221
251780443
251780480
251780487
251780819
251780886
251780887
251781039
251781073
251781198
251781474
251781479
251781534
251781675
251781725
251781746
251781786
251781802
251781859
251781879
251811381
251811427
251811438
251811439
251811636
251812211
251812363
251812458
251812782
251813031
251813146
251813181
251813572
251813931
251813977
251814153
251814171
251814304
251814336
251814382
251814771
251814779
251814810
251814853
251815077
251815098
251815181
251815242
251815310
251815437
251815457
251815542
251815631
251815917
251816255
251816271
251816328
251816346
251816431
251816641
251816644
251816723
251816824
251816908
251817009
251817048
251817053
251817075
251817173
251817230
251817273
251817366
251817458
251817460
251817464
251817505
251817619
251817643
251817749
251817751
251817848
251817899
251818017
251818307
251818450
251818575
251818622
251818649
251818692
251818986
251819747
251819751
251819902
251820337
251820555
251820614
251820814
251820861
251820956
251821058
251821060
251821073
251821142
251821254
251821539
251821613
251821681
251821824
251821953
251821964
251822478
251822532
251822611
251822630
251822902
251822993
251823334
251823547
251823559
251823667
251823703
251824028
251824071
251824268
251824497
251824565
251824696
251824824
251824856
251824880
251825176
251825268
251825347
251825437
251825631
251825654
251825858
251825934
251825964
251826071
251826112
251826189
251826541
251826545
251826700
251826853
251826856
251826938
251826952
251826980
251827008
251827032
251827049
251827067
251827089
251827161
251827238
251827541
251827542
251827549
251827586
251827614
251827688
251827693
251827819
251827960
251828228
251828288
251828413
251828452
251828505
251828598
251829216
251829287
251829319
251829522
251829749
251829931
251830357
251830580
251830692
251830700
251830751
251831042
251831234
251831352
251831490
251831710
251831769
251831778
251831877
251831992
251832150
251832306
251832386
251832389
251832394
251832429
251832445
251832490
251832608
251832648
251832661
251832666
251832850
251832921
251832976
251833297
251833378
251833413
251833504
251833599
251833698
251833720
251834425
251834511
251834557
251834707
251834985
251835026
251835207
251835208
251835525
251835573
251835588
251835914
251835990
251836136
251836179
251836578
251836613
251836643
251836667
251836731
251836754
251836914
251836939
251836997
251837022
251837280
251837738
251837800
251837855
251837892
251837929
251837951
251837968
251838053
251838103
251838218
251838274
251838393
251838572
251838666
251838711
251838949
251838975
251839123
251839302
251839377
251839390
251839464
251839475
251839516
251839538
251839560
251839575
251839594
251839595
251839740
251840026
251840070
251840179
251840218
251840420
251840641
251840646
251840664
251840695
251840785
251840876
251840916
251840943
251840987
251841048
251841280
251841496
251841507
251841597
251841793
251842067
251842071
251842194
251842213
251842679
251842708
251842742
251842864
251842875
251842943
251843027
251843120
251843158
251843196
251843234
251843246
251843247
251843320
251843404
251843468
251843472
251843522
251843596
251843609
251843617
251843659
251843790
251843875
251844378
251844462
251844467
251844564
251844572
251844622
251844698
251844713
251844835
251844900
251844944
251845023
251845080
251845093
251845119
251845416
251845526
251845851
251846066
251846120
251846302
251846541
251846667
251846798
251846811
251846863
251846945
251847099
251847235
251847313
251847747
251848196
251848315
251848316
251848385
251848408
251848438
251848451
251848456
251848478
251848525
251848546
251848814
251849087
251849203
251849382
251849428
251849983
251850063
251850087
251850115
251850292
251850451
251850481
251850573
251850617
251850669
251850780
251851069
251851197
251851246
251851293
251851529
251851551
251851567
251851592
251851737
251851799
251852219
251852452
251852465
251852719
251852731
251852736
251852825
251852846
251853068
251853517
251853695
251853912
251854155
251854287
251854290
251854423
251854498
251854575
251854869
251855016
251855136
251855452
251855484
251855579
251855658
251855672
251855864
251855894
251856004
251856054
251856091
251856169
251856170
251856233
251856236
251856299
251856478
251856481
251856514
251856592
251856594
251856710
251856768
251856789
251856801
251856830
251856859
251856867
251856874
251856882
251856889
251856959
251856967
251857037
251857130
251857144
251857307
251857809
251857833
251857890
251857936
251857959
251858040
251858050
251858119
251858254
251858257
251858491
251858675
251858756
251858770
251859128
251859282
251859283
251859465
251859491
251859541
251859818
251859975
251860040
251860043
251860049
251860111
251860163
251860295
251860464
251860512
251860584
251860672
251860673
251860754
251860766
251860784
251860796
251861174
251861175
251861347
251861477
251861500
251861510
251861587
251861630
251861670
251861680
251861731
251861750
251861854
251861901
251861909
251861975
251862048
251862316
251862367
251862566
251862568
251862692
251862712
251862741
251862746
251862855
251863283
251863340
251863558
251863619
251863751
251863832
251863843
251892275
251892285
251892317
251892369
251892370
251892429
251892570
251892579
251892589
251892813
251892826
251892958
251893360
251893412
251893458
251893461
251893746
251893971
251893980
251894067
251894117
251894180
251894204
251894306
251894320
251894326
251894440
251894584
251894651
251894658
251894918
251894947
251895017
251895040
251895207
251895330
251895371
251895457
251895585
251895682
251895701
251895828
251895932
251896246
251896284
251896329
251896440
251896608
251896850
251896872
251896903
251896921
251897003
251897013
251897343
251897347
251897424
251897453
251897556
251897590
251897688
251897824
251898182
251898218
251898297
251898354
251898540
251898647
251898876
251898898
251898938
251898981
251899066
251899095
251899294
251899297
251899313
251899319
251899336
251899531
251899752
251899929
251900017
251900120
251900182
251900266
251900314
251900374
251900500
251900516
251900694
251900699
251900751
251900764
251900770
251900940
251901017
251901033
251901352
251901362
251901458
251901492
251901770
251901911
251901926
251901969
251902058
251902082
251902154
251902350
251902379
251902487
251902559
251902624
251902697
251902739
251902765
251902789
251902985
251903008
251903111
251903590
251903687
251903796
251903839
251903852
251904085
251904110
251904140
251904169
251904179
251904228
251904262
251904265
251904303
251904398
251904462
251904583
251904614
251904685
251905003
251905149
251905205
251905220
251905230
251905270
251905299
251905352
251905540
251905655
251905785
251905942
251906003
251906024
251906139
251906206
251906229
251906463
251906525
251906625
251906846
251906864
251906911
251906925
251906976
251907065
251907106
251907129
251907132
251907256
251907585
251907635
251907653
251907678
251907729
251907818
251907887
251907926
251908012
251908708
251908801
251908924
251908943
251908961
251908995
251909049
251909301
251909335
251909453
251909499
251909538
251909582
251909613
251909812
251909830
251909977
251910144
251910322
251910527
251910581
251910734
251910771
251910873
251911106
251911219
251911445
251911474
251911475
251911566
251911596
251911599
251911685
251911697
251911784
251911802
251911882
251912141
251912319
251912412
251912491
251912497
251912517
251912533
251912572
251912606
251912629
251912734
251912969
251913024
251913049
251913069
251913101
251913106
251913299
251913410
251913445
251913559
251913588
251913596
251913604
251913606
251913670
251914064
251914093
251914281
251914301
251914334
251914352
251914404
251914441
251914686
251914689
251914779
251914785
251914873
251914879
251914951
251915017
251915126
251915167
251915179
251915291
251915609
251915724
251915822
251915944
251916049
251916088
251916101
251916135
251916445
251916451
251916462
251916490
251916511
251916832
251916921
251917167
251917552
251917561
251917636
251917768
251917820
251918047
251918165
251918245
251918277
251918395
251918413
251918433
251918671
251918759
251918808
251918836
251919196
251919315
251919424
251919459
251919490
251919510
251919519
251919575
251919659
251919678
251919926
251919949
251919970
251920122
251920186
251920187
251920281
251920534
251920608
251920801
251920871
251920895
251921085
251921142
251921234
251921322
251921356
251921459
251921640
251921652
251921678
251921681
251921696
251921815
251921909
251921990
251922062
251922207
251922275
251922325
251922357
251922798
251922825
251922886
251922946
251922963
251923007
251923050
251923124
251923196
251923456
251923762
251923859
251923904
251924011
251924099
251924224
251924680
251924940
251925026
251925422
251925500
251925537
251925667
251925696
251925763
251925939
251926498
251926557
251926570
251926650
251926667
251926787
251926820
251926841
251926864
251926911
251926949
251926985
251926987
251927240
251927405
251927521
251927570
251927793
251928249
251928429
251928530
251928632
251929034
251929068
251929133
251929171
251929173
251929691
251930017
251930056
251930135
251930150
251930188
251930199
251930239
251930244
251930270
251930292
251930364
251930366
251930420
251930472
251930485
251930515
251930535
251930631
251930813
251930875
251930932
251930942
251930954
251931013
251931129
251931142
251931312
251931394
251931454
251931659
251931923
251932127
251932317
251932418
251932450
251932763
251932815
251932860
251932879
251932924
251932928
251932981
251932990
251933013
251933014
251933053
251933130
251933202
251933210
251933238
251933294
251933373
251933388
251933447
251933710
251933790
251933815
251933824
251933847
251933885
251934034
251934056
251934073
251934081
251934107
251934260
251934286
251934324
251934379
251934583
251934684
251934716
251934773
251934819
251934838
251934870
251934876
251934904
251935003
251935204
251935604
251935650
251935726
251935765
251936027
251936064
251936163
251936349
251936363
251936399
251936426
251936561
251936803
251936925
251937172
251937177
251937488
251937510
251937624
251937696
251937808
251937819
251937848
251937852
251938126
251938281
251938299
251938302
251938360
251938481
251938493
251938504
251938513
251938522
251938574
251938683
251938918
251939156
251939208
251939358
251939429
251939558
251939568
251939636
251939667
251939682
251939921
251940087
251940340
251940369
251940449
251940482
251940651
251940667
251941268
251941346
251941517
251941555
251941883
251941919
251942020
251942034
251942040
251942141
251942143
251942462
251942466
251942509
251942751
251942758
251942817
251942896
251942926
251942997
251943253
251943321
251943412
251943578
251943652
251943674
251943688
251943733
251943753
251943768
251944254
251944425
251944440
251944552
251944751
251944828
251944830
251944926
251945047
251945070
251945100
251945117
251945386
251945543
251945687
251945708
251945726
251945755
251946222
251946570
251946660
251946754
251946840
251946847
251946928
251946934
251946947
251947260
251947354
251947355
251947363
251947427
251947585
251947595
251947613
251947791
251947902
251947922
251947932
251948044
251948144
251948389
251948501
251948626
251948678
251948692
251948721
251948762
252091242
252091276
252091284
252091303
252091371
252091386
252091608
252091678
252091822
252091839
252092281
252092331
252092463
252092536
252092864
252093011
252093264
252093453
252093469
252093471
252093629
252093701
252094051
252094128
252094168
252094261
252094313
252094714
252094733
252094746
252094885
252094938
252094949
252094950
252094966
252095358
252095541
252095708
252095751
252095836
252095917
252096193
252096493
252096512
252096745
252096748
252096826
252096849
252097065
252097075
252097090
252097147
252097432
252097496
252097603
252097640
252097832
252097833
252097881
252098249
252098253
252098305
252098494
252098580
252098660
252099214
252099396
252099412
252099485
252099534
252099679
252099918
252100014
252100101
252100263
252100339
252100366
252100421
252100826
252101082
252101120
252101235
252101247
252101303
252101366
252101988
252102310
252102763
252102774
252102789
252102837
252102961
252102973
252103067
252103598
252103837
252104684
252104801
252104802
252104880
252104884
252104912
252105022
252105271
252105487
252105635
252105673
252105723
252105868
252106275
252106524
252106545
252106602
252106633
252106763
252106927
252107062
252107080
252107098
252107119
252107120
252107125
252107127
252107137
252107139
252107229
252107636
252108133
252108255
252108834
252108839
252108853
252108854
252109127
252109147
252109367
252109707
252109908
252109947
252109997
252110112
252110603
252110763
252110781
252110845
252110865
252110866
252110871
252111060
252111063
252111177
252111528
252111618
252111642
252111922
252111935
252112054
252112296
252112623
252112710
252112778
252112807
252112952
252113072
252113558
252113596
252113764
252113804
252113857
252113919
252114503
252114567
252115279
252115426
252115440
252115449
252115509
252115595
252115741
252115963
252115973
252116026
252116172
252116227
252116234
252116247
252116549
252116606
252117089
252117159
252117208
252117381
252117751
252117768
252117931
252117941
252118833
252118878
252118892
252118921
252119007
252119122
252119126
252119164
251864062
251864167
251864187
251864188
251864243
251864246
251864261
251864276
251864397
251864403
251864450
251864555
251864565
251864729
251864758
251864905
251864950
251865071
251865172
251865224
251865244
251865299
251865446
251865447
251865517
251865537
251865660
251865901
251866026
251866187
251866225
251866491
251866531
251866557
251866654
251866729
251866951
251866963
251867095
251867242
251867278
251867707
251867718
251867753
251867844
251867897
251867900
251867990
251868046
251868164
251868174
251868291
251868293
251868755
251868767
251868775
251868788
251869003
251869027
251869396
251869457
251869490
251869535
251869908
251870463
251870486
251870554
251870566
251870584
251870659
251870661
251870794
251870805
251870838
251871204
251871389
251871391
251871394
251871507
251871617
251871680
251871823
251871923
251872009
251872171
251872185
251872200
251872234
251872268
251872414
251872472
251872549
251872583
251872585
251872612
251872695
251872811
251872917
251872935
251872982
251873094
251873134
251873150
251873276
251873498
251873697
251873734
251873917
251873947
251874076
251874109
251874446
251874452
251874525
251874654
251874715
251874754
251874758
251874792
251875028
251875034
251875054
251875131
251875349
251875413
251875768
251875774
251875837
251875921
251875991
251876010
251876059
251876087
251876118
251876142
251876163
251876172
251876446
251876453
251876521
251876548
251876568
251876618
251876628
251876819
251876821
251876883
251876975
251877125
251877496
251877515
251877694
251877734
251877773
251877883
251877965
251878075
251878233
251878301
251878337
251878365
251878414
251878469
251878513
251878543
251878636
251878723
251878738
251878909
251878927
251878928
251878945
251879005
251879305
251879371
251879477
251879478
251879515
251879588
251879608
251879665
251879735
251879866
251879904
251879959
251879995
251880025
251880056
251880098
251880110
251880224
251880263
251880284
251880325
251880418
251880655
251880768
251880980
251881026
251881322
251881662
251881679
251881724
251881829
251882015
251882040
251882121
251882123
251882322
251882347
251882391
251882396
251882861
251883007
251883036
251883062
251883085
251883136
251883207
251883580
251883767
251883892
251883916
251883961
251884386
251884400
251884483
251884555
251884584
251884647
251884656
251884666
251884671
251884680
251884687
251884761
251884804
251884858
251885062
251885088
251885112
251885119
251885189
251885262
251885266
251885267
251885308
251885324
251885436
251885448
251885518
251885553
251885624
251885771
251885772
251886160
251886200
251886242
251886245
251886349
251886387
251886766
251886812
251886903
251887108
251887207
251887317
251887340
251887382
251887422
251887522
251887678
251887845
251887928
251887984
251887987
251888055
251888100
251888127
251888143
251888173
251888188
251888199
251888416
251888656
251888688
251888728
251888842
251888902
251888903
251888960
251888996
251888999
251889163
251889191
251889227
251889244
251889333
251889410
251889700
251889846
251889904
251889994
251890026
251890029
251890046
251890076
251890446
251890513
251890541
251890549
251890593
251890601
251890693
251890722
251890730
251890991
251890992
251891231
251891506
251891557
251891671
251891717
251891795
251891879
251891933
251977624
251977652
251977720
251977737
251977739
251977929
251978074
251978084
251978120
251978346
251978634
251978873
251978985
251979009
251979027
251979031
251979043
251979064
251979128
251979398
251979441
251979471
251979774
251979944
251979972
251980035
251980051
251980176
251980381
251980446
251980528
251980606
251980671
251980696
251980732
251980851
251980887
251980895
251980968
251980996
251981311
251981351
251981422
251981440
251981478
251981489
251981544
251981556
251981766
251981781
251981786
251981830
251982020
251982280
251982411
251982424
251982441
251982456
251982460
251982492
251982511
251982552
251982554
251982568
251982718
251983036
251983222
251983229
251983384
251983387
251983516
251983712
251984044
251984121
251984140
251984154
251984161
251984175
251984240
251984427
251984509
251984583
251984830
251984998
251985084
251985156
251985177
251985194
251985346
251985383
251985497
251985508
251985527
251985540
251985552
251985573
251985791
251986124
251986141
251986155
251986205
251986321
251986323
251986335
251986455
251986727
251986743
251986789
251986903
251987038
251987090
251987192
251987463
251987479
251987727
251987787
251987900
251987911
251987995
251988102
251988118
251988374
251988407
251988473
251988483
251988486
251988549
251988707
251988765
251988770
251989040
251989361
251989605
251989722
251989775
251989798
251990233
251990260
251990402
251990446
251990469
251990703
251990809
251990929
251990987
251991146
251991223
251991268
251991295
251991635
251991872
251991926
251992369
251992499
251992537
251992728
251992831
251992896
251992930
251992971
251993010
251993117
251993210
251993292
251993334
251993348
251993471
251993684
251993928
251994152
251994203
251994500
251994967
251995116
251995191
251995202
251995211
251995253
251995321
251995410
251995831
251996317
251996368
251996397
251996402
251996455
251996923
251997105
251997439
251997549
251997612
251997729
251997788
251997863
251997901
251998097
251998190
251998213
251998648
251998666
251998686
251998854
251998865
251998993
251999276
251999302
251999396
251999483
251999570
251999692
252000237
252000597
252000601
252000641
252000773
252001022
252001131
252001305
252001312
252001313
252001428
252001461
252001496
252001998
252002027
252002084
252002150
252002261
252002278
252002401
252002784
252002889
252002926
252003032
252003041
252003332
252003348
252003939
252003972
252004026
252004097
252004614
252004632
252004664
252004744
252004953
252004954
252005014
252005044
252005107
252005244
252005255
252005584
252005619
252005632
252005965
252006008
252061471
252061625
252061726
252061731
252061762
252061845
252062022
252062137
252062417
252062488
252062493
252062599
252062601
252062816
252062845
252062898
252062916
252062933
252062941
252063157
252063289
252063298
252063417
252063444
252063621
252063735
252063821
252063928
252063989
252064543
252064554
252064562
252064615
252064768
252064856
252064943
252065212
252065384
252065544
252065646
252065647
252065767
252066429
252066559
252066560
252066753
252066764
252067113
252067123
252067173
252067341
252067392
252067509
252067605
252067643
252067652
252067770
252067903
252068100
252068236
252068256
252068352
252068359
252068392
252068410
252068411
252068427
252068474
252068599
252068600
252068724
252068949
252069001
252069009
252069013
252069158
252069168
252069275
252069431
252069464
252069598
252069696
252070097
252070219
252070238
252070239
252070265
252070319
252070424
252070430
252070444
252070737
252070907
252070959
252071013
252071108
252071173
252071418
252071541
252071766
252072022
252072107
252072262
252072287
252072344
252072347
252072507
252072611
252072675
252072695
252072746
252072849
252072988
252073028
252073063
252073076
252073078
252073215
252073301
252073367
252073737
252073779
252073878
252074063
252074175
252074187
252074236
252074440
252074546
252074599
252074617
252074665
252074669
252074855
252074863
252075001
252075112
252075287
252075613
252075767
252075919
252075933
252076002
252076061
252076195
252076528
252076538
252076547
252076642
252076753
252076805
252077007
252077188
252077482
252077516
252077752
252077921
252077966
252078005
252078023
252078031
252078046
252078102
252078210
252078344
252078434
252078463
252078674
252078734
252078764
252078828
252079028
252079060
252079311
252079318
252079711
252079757
252079861
252080019
252080151
252080156
252080204
252080256
252080876
252081261
252081275
252081306
252081420
252081469
252081495
252081577
252081677
252082017
252082029
252082063
252082381
252082633
252082683
252083166
252083167
252083227
252083242
252083250
252083321
252083367
252083843
252084121
252084168
252084266
252084793
252084817
252085052
252085158
252085179
252085621
252085728
252085897
252085955
252086211
252086369
252086934
252087027
252087063
252087166
252087492
252087561
252087657
252087664
252087822
252088050
252088201
252088319
252088538
252088822
252088897
252088990
252089339
252089355
252089472
252089621
252089656
252089770
252089885
252090100
252090484
252090501
251949175
251949203
251949258
251949365
251949422
251949469
251949591
251949698
251949894
251949902
251950040
251950279
251950295
251950595
251950744
251950763
251950785
251950849
251951112
251951148
251951236
251951405
251951463
251951492
251951504
251951567
251951581
251951769
251951865
251951871
251951994
251952234
251952384
251952397
251952411
251952458
251952538
251952602
251952880
251952910
251952935
251953003
251953035
251953062
251953167
251953193
251953862
251953998
251954011
251954016
251954025
251954110
251954135
251954157
251954235
251954300
251954309
251954373
251954653
251954746
251954755
251954768
251954814
251954843
251954974
251955145
251955458
251955501
251955662
251955759
251955898
251955964
251955987
251956237
251956435
251956782
251956793
251956932
251957192
251957580
251957647
251957657
251957666
251957674
251957838
251958002
251958228
251958260
251958309
251958407
251958420
251958427
251958468
251958619
251958744
251959122
251959243
251959283
251960028
251960104
251960207
251960463
251960554
251960573
251960671
251960699
251960708
251960712
251961036
251961130
251961183
251961791
251961795
251961886
251961913
251961935
251961946
251962076
251962361
251962443
251962556
251962743
251962756
251962789
251962893
251962942
251962983
251963118
251963225
251963591
251963641
251963666
251963673
251963684
251963829
251963854
251963857
251963868
251963873
251963891
251964241
251964353
251964372
251964470
251964750
251964759
251964828
251964896
251964908
251964918
251964920
251965059
251965223
251965268
251965519
251965520
251965544
251965598
251965607
251965672
251965756
251965889
251965934
251965940
251965947
251965955
251966285
251966378
251966417
251966440
251966461
251966478
251966583
251966584
251966610
251966643
251966655
251966659
251966667
251966674
251966709
251966744
251966777
251966946
251966973
251967035
251967091
251967174
251967297
251967315
251967348
251967535
251967640
251968316
251968404
251968764
251968867
251968878
251968939
251968996
251969105
251969129
251969153
251969214
251969240
251969277
251969325
251969370
251969376
251969468
251969477
251969505
251969559
251969586
251969698
251970113
251970147
251970149
251970523
251970549
251970579
251970636
251970656
251970895
251970922
251970935
251970942
251971007
251971050
251971064
251971200
251971262
251971521
251971565
251971722
251971827
251971930
251971937
251971974
251972038
251972107
251972291
251972301
251972364
251972429
251972598
251972680
251972687
251972772
251972902
251972926
251972947
251973112
251973113
251973155
251973342
251973395
251973502
251973540
251973632
251973782
251974071
251974148
251974167
251974248
251974302
251974396
251974465
251974748
251974821
251974964
251975188
251975196
251975297
251975396
251975509
251975518
251975851
251975913
251975932
251975940
251976013
251976111
251976128
251976188
251976396
251976507
251976668
251976719
251976893
251976928
251976955
251976961
251977061
251977070
251977093
251977117
251977121
251977249
251977347
252006376
252006437
252006592
252006642
252007050
252007114
252007136
252007168
252007269
252007271
252007326
252007360
252007679
252007682
252007876
252008449
252008488
252008506
252008571
252008579
252009061
252009257
252009371
252009428
252009619
252009681
252009949
252010143
252010316
252010345
252010367
252010434
252010477
252010554
252010588
252010590
252010764
252010904
252011036
252011198
252011310
252011344
252011446
252011509
252011748
252011780
252011805
252012485
252012566
252012575
252012601
252012660
252012785
252012793
252012885
252012899
252012960
252013020
252013497
252013644
252013672
252013742
252013923
252013961
252014047
252014140
252014217
252014238
252014266
252014437
252014598
252014990
252015047
252015503
252015655
252015657
252015967
252016051
252016103
252016130
252016182
252016232
252016268
252016331
252016365
252016371
252016484
252017256
252017262
252017335
252017587
252017632
252017945
252018043
252018188
252018325
252018433
252018679
252018842
252018853
252018875
252018921
252018932
252019002
252019028
252019047
252019171
252019352
252019451
252019504
252019690
252020258
252020438
252020775
252020790
252020890
252021094
252021215
252021231
252021253
252021259
252021316
252021320
252021579
252021715
252022236
252022348
252022374
252022385
252022498
252022500
252022541
252022627
252022673
252022677
252022944
252022977
252023031
252023076
252023424
252023436
252023731
252023767
252023794
252023870
252024061
252024097
252024230
252024616
252024686
252024741
252024812
252025225
252025469
252025642
252025647
252026036
252026037
252026041
252026295
252026958
252027132
252027349
252027425
252027521
252027536
252027641
252028206
252028237
252028374
252028700
252028806
252029083
252029097
252029161
252029275
252029326
252029387
252029630
252029664
252029672
252029827
252029946
252030051
252030162
252030249
252030334
252030353
252030400
252030628
252030733
252030747
252030853
252030971
252031111
252031249
252031342
252031462
252031671
252031881
252031955
252032045
252032060
252032132
252032142
252032266
252149256
252149362
252149363
252149463
252149534
252149583
252149664
252149819
252149820
252149931
252150376
252150390
252150414
252150591
252150644
252150647
252150700
252150713
252150996
252151055
252151317
252151750
252151975
252151999
252152035
252152110
252152115
252152292
252152301
252152341
252152349
252152366
252152372
252152373
252152406
252152443
252152505
252152507
252152718
252152747
252152853
252152857
252152866
252152949
252153121
252153192
252153394
252153420
252153841
252153919
252153999
252154023
252154081
252154337
252154370
252154377
252154534
252154562
252154583
252154659
252154734
252154745
252155085
252155199
252155499
252155848
252155965
252155980
252156055
252156372
252156486
252156673
252156784
252156811
252157014
252157079
252157087
252157161
252157255
252157307
252157319
252157366
252157399
252157413
252157430
252157565
252157594
252157604
252157708
252157720
252157722
252157725
252157795
252157903
252158027
252158107
252158136
252158167
252158170
252158194
252158349
252158353
252158430
252158634
252158650
252158730
252158742
252158849
252158864
252158963
252159053
252159236
252159264
252159495
252159587
252160169
252160255
252160275
252160304
252160539
252160572
252160893
252161106
252161169
252161253
252161429
252161442
252161537
252161618
252161782
252161845
252161861
252161922
252161924
252162131
252162133
252162176
252162243
252162284
252162366
252162437
252162614
252162662
252162706
252162879
252162948
252163153
252163222
252163269
252163326
252163372
252163878
252163973
252163990
252164205
252164215
252164507
252164596
252164774
252164819
252165009
252165199
252165215
252165281
252165282
252165552
252165554
252165574
252165605
252165628
252165736
252165811
252165901
252165932
252166361
252166450
252166488
252166625
252166949
252166990
252166992
252167026
252167133
252167168
252167243
252167258
252167261
252167270
252167540
252167557
252167606
252167692
252167919
252168100
252168262
252168294
252168604
252169166
252169194
252169224
252169282
252169348
252169401
252169488
252169546
252169790
252170116
252170145
252170263
252170632
252170689
252170715
252171027
252171185
252171188
252171403
252171692
252171813
252171897
252172037
252172075
252172215
252172326
252172496
252172902
252173046
252173048
252173235
252173236
252173269
252173272
252173380
252173400
252173415
252173416
252173456
252173728
252173730
252173740
252173746
252173844
252173887
252174003
252174057
252174172
252174184
252174229
252174258
252174376
252174419
252174433
252174624
252174686
252175000
252175053
252175057
252175095
252175169
252175490
252175563
252175564
252175658
252175684
252175879
252175957
252176050
252176099
252176248
252176345
252176402
252176471
252176520
252176626
252176627
252176688
252176944
252177639
252177669
252177770
252178001
252178096
252178467
252178563
252178564
252178628
252178650
252178736
252178743
252178787
252178808
252119621
252119647
252119709
252119821
252119937
252119944
252120010
252120234
252120280
252120328
252120428
252120610
252121043
252121079
252121092
252121121
252121152
252121158
252121162
252121236
252121523
252121534
252121651
252121760
252121772
252121887
252122077
252122164
252122220
252122520
252122650
252122706
252122755
252122866
252122915
252123008
252123018
252123270
252123316
252123366
252123412
252123464
252123665
252123749
252124002
252124006
252124197
252124355
252124648
252124693
252124835
252125077
252125173
252125238
252125281
252125284
252125306
252125309
252125312
252125538
252125562
252125643
252125644
252125650
252125699
252125717
252125725
252125808
252125850
252125976
252126320
252126343
252126370
252126394
252126587
252126662
252126684
252126717
252126796
252126897
252126922
252126977
252126987
252127115
252127128
252127164
252127192
252127237
252127288
252127298
252127395
252127543
252127560
252127632
252127973
252128001
252128076
252128081
252128090
252128113
252128141
252128154
252128191
252128198
252128253
252128263
252128358
252128397
252128484
252128729
252128838
252128851
252128944
252129085
252129110
252129117
252129147
252129260
252129317
252129319
252129442
252129957
252129988
252129994
252130073
252130125
252130160
252130301
252130305
252130310
252130387
252130389
252130439
252130466
252130586
252130668
252130711
252130715
252130782
252130888
252131702
252131753
252131970
252131995
252132056
252132419
252132499
252132510
252132530
252132622
252132631
252132757
252132758
252133038
252133140
252133152
252133226
252133587
252133688
252133733
252133749
252133751
252133834
252133880
252134350
252134414
252134473
252134548
252134626
252134655
252134968
252134973
252135053
252135091
252135116
252135123
252135340
252135424
252135505
252135535
252135569
252135689
252135726
252135750
252135795
252135816
252135876
252135901
252136150
252136187
252136285
252136295
252136355
252136477
252136534
252136537
252136567
252136642
252136809
252137339
252137409
252137428
252137593
252137995
252138017
252138021
252138026
252138071
252138119
252138129
252138153
252138218
252138226
252138233
252138340
252138381
252138446
252138461
252138674
252138724
252138878
252139116
252139296
252139523
252139530
252139558
252139559
252139688
252139808
252139985
252140011
252140035
252140188
252140305
252140408
252140425
252140438
252140531
252140922
252141000
252141009
252141062
252141078
252141141
252141169
252141256
252141367
252141383
252141387
252141400
252141728
252141850
252141856
252141965
252142037
252142139
252142141
252142179
252142198
252142383
252142449
252142507
252142617
252142805
252142898
252142906
252142951
252143007
252143051
252143085
252143147
252143159
252143352
252143476
252143545
252143590
252143834
252143948
252143959
252143966
252144238
252144286
252144418
252144659
252144842
252145030
252145058
252145225
252145444
252145469
252145525
252145539
252145601
252145611
252145621
252145790
252146008
252146128
252146558
252146599
252146718
252146743
252146774
252146832
252146902
252146937
252147216
252147255
252147295
252147298
252147341
252147606
252147626
252147635
252147772
252148082
252148111
252148145
252148419
252148657
252148661
252148693
252148755
252148814
252148890
252032576
252032703
252032728
252032740
252032892
252033054
252033075
252033223
252033483
252033504
252033548
252033589
252033604
252033749
252033833
252033901
252033906
252033911
252033952
252034289
252034364
252034372
252034401
252034435
252034498
252034588
252034709
252034867
252035002
252035303
252035331
252035386
252035414
252035470
252035486
252035498
252035576
252035577
252035583
252035680
252035702
252035995
252036001
252036065
252036124
252036430
252036446
252036541
252036563
252036572
252036621
252036743
252036765
252036966
252037173
252037246
252037263
252037394
252037406
252037418
252037438
252037458
252037758
252037778
252038055
252038061
252038103
252038143
252038334
252038750
252038793
252038880
252038905
252038980
252039011
252039086
252039138
252039152
252039240
252039561
252039668
252039683
252039883
252039885
252039907
252039912
252039916
252040283
252040315
252040603
252040667
252040790
252040804
252040887
252040977
252040978
252041012
252041014
252041162
252041209
252041528
252041538
252041539
252041631
252041724
252041793
252042117
252042182
252042360
252042404
252042546
252042639
252042736
252042770
252042850
252043380
252043458
252043685
252043712
252043811
252044078
252044169
252044224
252044368
252044389
252044409
252044437
252044468
252044516
252044656
252044689
252045089
252045351
252045458
252045484
252045670
252046161
252046423
252046428
252046449
252046460
252046461
252046498
252046536
252046541
252046549
252046598
252046821
252046903
252046913
252046982
252047042
252047071
252047135
252047201
252047393
252047552
252047576
252047639
252047812
252047893
252048002
252048021
252048111
252048156
252048196
252048229
252048300
252048550
252048680
252048880
252048889
252048942
252049082
252049350
252049374
252049643
252049704
252049717
252049829
252049879
252049890
252049971
252050034
252050112
252050346
252050453
252050472
252050501
252050507
252050549
252050608
252050652
252050722
252050732
252050824
252050834
252050850
252051223
252051246
252051364
252051692
252051814
252051916
252052014
252052051
252052382
252052408
252052464
252052515
252052826
252052865
252052866
252053118
252053140
252053243
252053260
252053371
252053630
252053641
252053834
252053952
252054003
252054037
252054136
252054163
252054188
252054416
252054689
252054794
252055018
252055037
252055113
252055122
252055178
252055190
252055225
252055235
252055304
252055397
252055886
252056009
252056039
252056115
252056185
252056188
252056284
252056430
252056449
252056979
252057052
252057077
252057143
252057293
252057326
252057586
252057627
252057787
252057808
252057960
252058186
252058187
252058279
252058342
252058731
252058780
252058789
252058798
252058803
252058826
252058854
252058878
252059113
252059139
252059195
252059198
252059323
252059377
252059595
252059636
252059775
252059852
252059941
252060123
252060136
252060258
252060772
252060794
252060835
252060930
252060976
252060981
252061067
252236791
252236865
252237060
252237150
252237334
252237538
252237545
252237784
252237827
252237835
252237924
252237963
252237968
252238488
252238532
252238620
252238638
252238656
252239416
252239522
252239717
252240175
252240412
252240545
252240627
252240842
252241197
252241256
252241410
252241428
252241487
252241492
252241536
252241607
252241768
252241834
252242128
252242221
252242236
252242358
252242382
252242563
252242622
252242994
252243025
252243051
252243110
252243249
252243633
252243718
252243867
252243895
252243922
252244094
252244128
252244185
252244497
252244541
252244588
252244601
252244682
252244731
252244781
252244832
252245077
252245118
252245209
252245364
252245385
252245494
252245555
252245561
252245595
252245631
252245720
252245875
252245975
252246300
252246523
252246534
252246544
252246630
252246686
252246844
252247025
252247057
252247223
252247328
252247337
252247410
252247477
252247582
252247712
252247754
252248166
252248274
252248356
252248422
252248425
252248803
252248804
252248809
252249851
252249858
252249902
252249937
252250016
252250030
252250036
252250080
252250136
252250182
252250214
252250400
252250485
252250548
252250566
252250570
252250627
252250741
252251070
252251416
252251425
252251466
252251607
252251659
252251660
252251678
252251833
252251884
252251937
252251941
252252248
252252437
252252481
252252543
252252616
252252818
252252861
252252978
252253463
252253549
252253550
252253612
252254250
252254685
252255010
252255061
252255152
252255172
252255348
252255677
252255688
252256264
252256301
252256349
252256386
252256465
252256679
252256816
252256859
252256949
252257059
252257079
252257506
252257544
252257551
252257698
252257731
252258256
252258434
252258582
252258757
252258789
252258924
252259081
252259114
252259125
252259171
252259179
252259181
252259504
252259553
252259848
252260138
252260250
252260328
252260340
252260379
252260467
252260526
252260877
252260892
252260994
252261009
252261413
252261583
252261853
252261986
252262248
252262314
252262694
252262846
252262886
252262900
252262902
252263148
252263211
252263677
252263801
252264002
252264013
252264176
252210122
252210196
252210211
252210354
252210453
252210546
252210809
252210954
252210971
252211000
252211030
252211229
252211570
252211636
252211667
252211894
252211956
252212043
252212060
252212569
252212857
252213252
252213284
252213353
252213394
252213524
252213557
252213957
252214000
252214398
252214461
252214536
252214578
252214582
252214778
252215029
252215111
252215137
252215139
252215504
252215511
252215790
252215952
252216003
252216557
252216804
252217023
252217200
252217229
252217667
252217685
252217949
252218194
252218609
252218618
252218637
252218659
252218708
252218802
252218810
252218891
252218966
252219105
252219302
252219667
252220098
252220152
252220204
252220513
252220791
252220845
252220876
252220945
252220979
252221048
252221089
252221133
252221193
252221866
252221935
252221961
252222050
252222074
252222117
252222267
252222676
252222862
252222967
252223016
252223180
252223481
252223530
252223850
252223869
252223877
252224103
252224141
252224160
252224483
252224570
252224900
252225077
252225188
252225211
252225243
252225245
252225411
252225425
252225722
252225830
252225869
252226492
252226676
252227120
252227221
252227438
252227442
252227544
252227545
252227605
252228151
252228375
252228453
252228678
252228752
252228831
252228876
252228916
252229078
252229232
252229339
252229592
252229762
252229811
252229846
252230087
252230476
252230488
252230604
252230618
252230887
252230994
252231180
252231288
252231807
252231822
252231840
252231912
252231968
252232005
252232045
252232632
252232645
252232855
252233174
252233251
252233620
252233633
252233684
252233903
252234306
252234421
252234836
252234855
252234911
252234992
252235152
252235253
252235286
252235497
252235865
252235886
252236051
252236145
252179163
252179312
252179697
252179747
252179889
252180274
252180385
252180646
252180656
252180669
252180670
252180750
252181520
252181879
252181914
252181932
252181947
252182023
252182025
252182262
252182354
252182404
252182438
252182520
252182572
252182584
252182693
252182709
252182741
252182814
252183182
252183417
252183723
252184167
252184358
252184407
252184458
252184460
252184559
252184590
252184606
252184727
252184800
252185267
252185309
252185320
252185460
252185476
252186097
252186160
252186294
252186377
252186401
252186442
252186586
252186872
252186962
252187175
252187185
252187314
252187424
252187574
252187837
252188198
252188199
252188256
252188310
252188320
252188340
252188378
252188431
252188584
252188726
252188812
252188816
252188880
252188919
252189154
252189415
252189834
252189894
252190092
252190192
252190238
252190382
252190727
252190816
252190984
252191033
252191066
252191083
252191173
252191192
252191365
252191404
252191418
252191909
252191994
252192008
252192030
252192140
252192289
252192316
252192358
252192417
252192631
252192685
252192733
252192802
252192854
252192980
252193056
252193293
252193471
252193680
252193980
252194025
252194043
252194123
252194161
252194245
252194318
252194477
252194533
252194534
252194552
252194657
252194886
252195049
252195171
252195533
252195534
252195586
252195590
252195622
252195702
252195793
252195834
252195859
252195974
252196015
252196023
252196121
252196391
252196404
252196454
252196464
252196468
252196487
252196494
252196564
252196579
252196679
252196689
252196741
252196745
252197064
252197281
252197465
252197466
252197580
252197609
252197700
252197806
252197843
252197858
252197861
252197886
252197949
252197953
252198266
252198419
252198473
252198549
252198615
252198625
252198926
252199048
252199072
252199442
252199534
252199602
252199620
252199665
252199751
252199830
252199852
252199860
252200337
252200434
252200452
252200461
252200584
252200699
252200705
252200837
252200972
252201333
252201336
252201453
252201519
252201562
252201577
252201626
252201746
252202104
252202130
252202134
252202263
252202335
252202441
252202448
252202507
252202511
252202570
252202742
252202882
252203099
252203185
252203405
252203582
252203599
252203622
252204122
252204180
252204273
252204296
252204297
252204350
252204457
252204844
252204855
252204894
252205105
252205333
252205358
252205371
252205404
252205517
252205577
252205617
252206023
252206130
252206132
252206138
252206532
252206705
252206719
252206759
252206830
252207185
252207265
252207416
252207420
252207580
252207731
252207750
252207895
252207951
252207966
252208052
252208151
252208188
252208206
252208331
252208628
252209047
252209074
252209081
252209085
252209117
252209147
252209198
252209209
252209213
252209242
252209290
252209293
252209414
252209427
252209447
252209580
252293967
252293973
252294109
252294346
252294349
252294505
252294594
252294609
252294642
252294798
252294857
252294873
252295036
252295088
252295240
252295255
252295304
252295470
252295521
252295947
252296034
252296126
252296132
252296235
252296272
252296456
252296560
252296631
252296851
252296891
252296970
252296971
252297147
252297287
252297328
252297400
252297519
252297548
252297550
252297619
252297736
252297749
252297830
252297877
252297887
252298218
252298241
252298246
252298402
252298447
252298490
252298540
252298552
252298808
252298891
252298949
252298975
252299096
252299097
252299102
252299107
252299191
252299226
252299265
252299565
252299569
252299665
252299738
252299766
252299858
252299920
252299956
252300267
252300411
252300434
252300504
252300537
252300629
252300902
252300910
252300957
252301024
252301066
252301281
252301360
252301455
252301491
252301495
252301567
252301580
252301593
252301790
252301961
252302083
252302388
252302571
252302749
252302862
252302875
252302892
252303228
252303345
252303557
252303801
252303995
252304019
252304165
252304200
252304242
252304400
252304415
252304453
252304566
252304599
252304612
252304696
252304701
252304894
252304915
252304918
252305027
252305032
252305262
252305308
252305324
252305587
252305720
252305724
252305797
252305935
252305976
252306182
252306224
252306330
252306343
252306739
252306745
252306892
252306965
252307045
252307048
252307052
252307189
252307322
252307326
252307478
252307562
252307595
252307616
252307655
252307767
252307778
252307873
252307898
252307953
252307972
252308285
252308329
252308593
252308617
252308656
252308790
252309027
252309077
252309189
252309240
252309396
252309567
252309693
252309768
252309878
252309957
252310135
252310168
252310369
252310666
252310673
252310726
252310867
252310963
252310965
252311052
252311188
252311236
252311442
252311609
252311627
252311754
252311870
252311926
252311982
252312107
252312203
252312315
252312375
252312422
252312454
252312858
252313070
252313109
252313388
252313436
252313447
252313747
252313772
252313773
252313873
252313894
252313953
252313972
252314216
252314321
252314936
252315071
252315311
252315437
252315621
252315623
252315684
252315685
252316017
252316102
252316151
252316184
252316203
252316291
252316364
252316368
252316441
252316480
252316536
252316980
252317037
252317072
252317147
252317376
252317396
252317479
252317812
252317813
252318003
252318025
252318086
252318157
252318247
252318473
252318647
252318672
252318717
252318875
252318884
252319259
252319265
252319272
252319286
252319456
252319460
252319485
252319775
252319786
252319965
252319980
252320056
252320177
252320258
252320320
252320357
252320529
252320734
252321060
252321105
252321173
252321174
252321421
252321707
252321752
252322060
252322079
252322193
252322226
252322452
252322458
252322669
252322773
252322974
252323040
252264385
252264394
252264475
252264700
252264752
252265546
252265605
252265606
252265732
252265754
252265808
252265832
252265861
252265931
252266042
252266147
252266183
252266331
252266342
252266492
252266512
252266524
252266682
252266719
252266813
252266899
252267016
252267271
252267286
252267366
252267409
252267643
252267733
252267739
252267794
252267954
252268075
252268084
252268148
252268215
252268320
252268470
252268509
252268727
252269036
252269490
252269603
252269921
252269970
252270103
252270104
252270105
252270360
252270488
252270502
252270694
252270790
252270794
252271063
252271100
252271115
252271172
252271269
252271296
252271355
252271371
252271441
252271455
252271721
252271804
252271822
252271827
252271886
252271973
252272431
252272781
252272823
252272890
252272931
252273607
252273906
252274049
252274090
252274170
252274414
252274443
252274611
252274655
252274862
252274945
252275077
252275169
252275292
252275394
252275511
252275612
252275622
252275755
252275757
252276070
252276152
252276211
252276870
252276948
252277006
252277164
252277215
252277571
252277689
252277770
252277792
252277881
252277895
252277910
252278116
252278117
252278269
252278342
252278354
252278365
252278391
252278422
252278476
252278516
252278567
252278580
252278828
252279166
252279225
252279290
252279370
252279568
252279616
252279624
252279626
252279861
252279963
252279971
252280153
252280274
252280383
252280464
252280576
252281004
252281094
252281280
252281355
252281578
252281612
252281660
252281952
252282076
252282123
252282358
252282460
252282475
252282493
252282511
252282816
252283008
252283135
252283139
252283291
252283477
252283518
252283557
252283763
252283822
252284254
252284340
252284526
252284802
252284837
252284992
252285076
252285259
252285261
252285283
252285343
252285391
252285583
252285585
252285727
252285731
252285751
252285759
252285815
252285908
252285995
252286399
252286525
252286537
252286554
252286576
252286599
252286753
252286913
252286936
252287066
252287364
252287610
252287794
252287980
252288093
252288285
252288288
252288313
252288409
252288446
252288473
252288591
252288606
252288659
252288723
252289207
252289354
252289471
252289624
252289640
252289749
252289843
252289849
252289855
252289898
252290101
252290212
252290262
252290265
252290284
252290341
252290482
252290500
252290632
252290976
252291281
252291404
252291422
252291464
252291530
252291608
252291660
252291740
252291748
252291913
252292099
252292185
252292444
252292692
252292744
252292789
252293218
252293219
252293357
252293527
252293580
252293618
252352769
252352828
252352862
252352881
252353036
252353125
252353176
252353301
252353351
252353692
252353923
252353971
252354115
252354173
252354178
252354215
252354243
252354531
252354552
252354655
252354751
252354844
252354896
252355020
252355026
252355027
252355272
252355701
252355748
252355780
252356058
252356082
252356149
252356153
252356217
252356350
252356416
252356437
252356528
252356765
252356906
252357087
252357217
252357326
252357335
252357343
252357478
252357616
252357628
252357648
252357889
252358048
252358137
252358179
252358186
252358210
252358377
252358437
252358587
252358789
252358801
252358932
252358985
252359126
252359178
252359376
252359493
252359672
252359794
252359804
252359906
252360063
252360101
252360128
252360261
252360478
252360491
252361010
252361188
252361321
252361421
252361578
252361713
252361790
252361909
252361982
252362202
252362249
252362318
252362342
252362375
252362506
252362556
252362850
252362979
252363056
252363342
252363425
252363525
252363743
252364000
252364006
252364328
252364338
252364343
252364438
252364465
252364508
252364562
252364622
252364843
252364871
252365029
252365099
252365184
252365371
252365475
252365514
252365592
252365643
252365674
252365687
252366117
252366125
252366355
252366574
252366769
252366804
252367005
252367086
252367089
252367946
252367963
252368049
252368096
252368435
252368612
252368785
252369280
252369401
252369610
252369638
252369640
252369818
252369824
252369855
252370154
252370209
252370449
252370510
252370515
252370536
252370539
252370669
252370779
252370860
252370911
252370992
252370999
252371013
252371078
252371161
252371241
252371393
252371434
252371643
252371702
252371787
252372057
252372070
252372309
252372592
252372766
252372793
252372964
252373038
252373207
252373319
252373715
252373950
252374064
252374272
252374409
252374426
252374510
252374630
252374631
252374642
252374662
252374667
252374740
252374743
252374746
252374811
252374841
252374873
252374992
252374995
252375014
252375162
252375202
252375323
252375587
252375620
252375758
252375784
252375813
252375982
252375994
252376198
252376338
252376371
252376381
252376427
252376535
252376626
252376641
252376685
252376702
252376922
252377072
252377093
252377095
252377341
252377510
252377637
252377642
252377659
252377677
252377798
252377909
252378381
252378614
252378652
252378848
252379058
252379064
252379149
252379151
252379252
252379297
252379345
252379434
252379469
252379640
252379714
252379926
252380075
252380141
252380288
252380299
252380443
252380796
252380824
252381034
252381220
252381358
252381436
252381532
252381542
252381543
252381620
252381768
252381778
252381832
252381954
252381967
252382049
252382219
252382227
252382279
252382305
252382380
252382404
252382419
252382431
252382482
252382927
252383116
252383179
252323291
252323303
252323489
252323632
252323643
252323768
252323949
252323973
252324449
252324489
252324499
252324621
252324693
252324694
252324710
252324847
252324851
252324935
252325101
252325151
252325168
252325323
252325465
252325489
252325826
252326075
252326146
252326166
252326179
252326238
252326368
252326575
252326646
252326648
252326650
252326694
252326845
252326884
252326904
252326980
252326990
252327028
252327114
252327142
252327150
252327176
252327185
252327388
252327419
252327751
252327752
252327785
252327883
252327886
252327905
252328100
252328404
252328433
252328524
252328570
252328790
252328804
252328809
252328962
252328995
252329055
252329148
252329156
252329300
252329302
252329687
252329796
252330077
252330258
252330304
252330369
252331035
252331058
252331159
252331274
252331324
252331424
252331536
252331559
252331738
252331939
252332189
252332340
252332349
252332569
252332592
252332618
252333056
252333070
252333083
252333090
252333103
252333229
252333327
252333447
252333448
252333628
252333651
252333682
252333719
252333792
252333878
252333919
252333992
252334212
252334758
252334786
252334804
252335162
252335219
252335403
252335526
252335693
252335737
252335743
252335762
252335765
252335822
252335937
252336399
252336528
252336553
252336580
252336834
252336905
252336936
252336960
252336969
252337179
252337231
252337514
252337623
252337781
252337866
252337893
252337937
252338094
252338112
252338245
252338757
252338830
252339000
252339187
252339223
252339254
252339326
252339336
252339457
252339695
252340026
252340292
252340333
252340541
252340706
252340826
252340871
252340874
252340995
252341044
252341086
252341246
252341285
252341597
252341958
252342006
252342054
252342189
252342281
252342324
252342334
252342387
252342498
252342533
252342541
252342836
252342932
252342972
252342993
252343129
252343331
252343344
252343397
252343570
252343603
252343623
252343649
252343796
252344012
252344025
252344221
252344786
252344851
252345656
252345681
252345709
252345789
252345854
252346258
252346273
252346328
252346336
252346351
252346442
252346481
252346548
252346554
252346574
252346700
252346848
252346919
252346933
252346961
252347390
252347671
252347686
252347897
252347978
252348221
252348222
252348242
252348287
252348333
252348347
252348633
252348729
252348795
252348840
252349017
252349020
252349021
252349101
252349133
252349302
252349520
252349597
252349725
252349752
252349782
252350009
252350105
252350135
252350185
252350192
252350318
252350411
252350522
252350523
252350541
252350852
252351005
252351226
252351348
252351772
252351863
252351899
252352081
252352427
252383718
252383758
252383878
252383934
252384252
252384333
252384545
252384613
252384657
252384699
252384728
252384746
252384966
252385503
252385525
252385580
252385588
252385591
252385815
252385875
252385925
252386488
252386566
252386755
252386790
252386806
252386829
252386973
252387023
252387043
252387077
252387170
252387178
252387241
252387248
252387453
252387631
252387911
252387969
252388263
252388305
252388343
252388395
252388581
252388705
252388759
252388815
252388873
252388913
252388959
252388962
252389173
252389177
252389201
252389208
252389355
252389499
252389638
252389911
252389972
252390013
252390141
252390314
252390381
252390405
252390545
252390546
252390757
252390832
252390880
252390893
252390948
252390961
252391099
252391390
252391485
252391506
252391513
252391534
252391630
252391694
252391715
252391895
252391912
252392059
252392118
252392191
252392242
252392271
252392479
252392500
252392549
252392563
252392604
252392640
252392679
252392899
252392959
252392993
252393121
252393322
252393417
252393559
252393645
252393654
252393745
252393781
252393950
252394019
252394047
252394155
252394259
252394288
252394289
252394344
252394443
252394690
252394973
252395071
252395087
252395371
252395384
252395390
252395471
252395781
252395814
252395819
252395845
252396129
252396135
252396159
252396247
252396385
252396445
252396649
252396833
252396839
252396958
252397152
252397157
252397272
252397403
252397516
252397666
252397835
252397910
252397980
252398083
252398120
252398321
252398322
252398336
252398629
252398736
252399078
252399181
252399197
252399242
252399243
252399310
252399409
252399456
252399589
252399704
252399961
252400059
252400072
252400147
252400216
252400531
252400740
252400840
252400878
252400966
252401038
252401089
252401289
252401392
252401505
252401529
252401671
252401736
252401768
252401777
252401782
252401817
252402042
252402157
252402299
252402630
252402655
252402687
252402688
252402710
252402753
252402815
252402867
252402902
252403186
252403248
252403350
252403565
252403581
252403646
252403658
252404185
252404270
252404474
252404606
252404611
252404622
252404808
252405024
252405198
252405260
252405556
252405572
252405760
252406432
252406532
252407032
252407155
252407345
252407441
252407481
252407781
252407829
252407849
252407903
252407913
252407964
252408044
252408080
252408089
252408090
252408369
252408383
252408551
252408584
252408750
252408769
252408786
252408861
252408944
252408960
252409034
252409054
252409123
252409199
252409356
252410084
252410218
252410383
252410406
252410582
252410706
252410851
252411014
252411157
252411217
252411286
252411295
252411350
252411409
252411425
252411564
252411709
252411795
252412404
252412405
252412473
252412535
252412562
252412778
252412795
252412869
252412935
252413132
252413232
252413285
252413753
252413772
252413856
252414099
252414124
252414220
252414240
252414307
252414459
252414493
252414499
252414542
252414660
252442172
252442187
252442622
252442840
252442903
252443200
252443204
252443356
252443405
252443419
252443430
252443689
252443702
252443828
252444250
252444326
252444434
252444458
252444574
252444771
252444947
252445169
252445195
252445319
252445536
252445562
252445657
252445706
252445965
252445979
252446230
252446355
252446424
252446647
252446675
252446679
252446733
252446968
252446978
252447051
252447068
252447180
252447192
252447383
252447442
252447474
252447779
252447792
252447892
252447937
252447987
252448082
252448089
252448137
252448308
252448357
252448406
252448411
252448491
252448745
252448843
252449076
252449236
252449395
252449576
252449627
252449646
252449870
252450093
252450139
252450158
252450295
252450370
252450425
252450551
252450615
252450710
252450729
252450776
252450792
252451011
252451190
252451410
252451541
252451756
252451910
252452089
252452138
252452211
252452271
252452414
252452643
252452645
252452679
252453054
252453074
252453200
252453226
252453639
252453935
252453951
252453989
252454042
252454605
252454737
252454751
252454784
252454930
252455122
252455142
252455174
252455542
252455548
252455671
252455783
252455808
252455940
252456134
252456154
252456380
252456455
252456493
252456566
252456598
252456849
252457236
252457370
252457435
252457477
252457514
252457565
252457963
252457966
252458171
252458195
252458453
252458530
252458578
252458760
252458863
252459168
252459242
252459434
252459928
252460117
252460188
252460189
252460206
252460279
252460427
252460591
252460750
252460954
252460955
252461056
252461153
252461380
252461496
252461837
252461935
252461964
252461967
252462004
252462040
252462053
252462198
252462218
252462425
252462535
252462858
252462904
252462935
252462961
252462981
252463055
252463103
252463119
252463149
252463210
252463683
252463692
252463699
252463936
252464400
252464476
252464481
252464800
252464826
252465097
252465128
252465226
252465231
252465545
252465790
252465845
252466073
252466198
252466238
252466438
252466662
252466855
252466897
252466900
252466901
252466955
252466960
252466975
252467077
252467267
252467285
252467376
252467672
252467739
252467824
252467875
252467994
252468058
252468266
252468273
252468284
252468359
252468602
252468693
252468705
252468856
252468870
252468902
252469036
252469072
252469157
252469302
252469306
252469309
252469465
252469697
252469716
252469782
252470091
252470357
252470370
252470383
252470495
252470538
252470807
252470855
252470912
252470945
252470987
252501671
252502108
252502225
252502239
252502293
252502326
252502375
252502416
252502420
252502683
252502711
252502818
252502890
252502897
252503019
252503256
252503264
252503300
252503313
252503410
252503490
252503546
252503588
252503593
252503646
252503835
252504092
252504132
252504165
252504282
252504291
252504342
252504457
252504562
252504572
252504677
252504807
252504896
252504980
252505086
252505128
252505175
252505206
252505269
252505481
252505681
252505885
252506028
252506076
252506307
252506493
252506590
252506621
252506661
252506665
252506830
252506944
252507057
252507066
252507831
252507848
252508026
252508241
252508423
252508619
252508648
252508743
252508792
252508800
252508893
252508936
252508967
252509066
252509143
252509236
252509286
252509337
252509461
252509469
252509503
252509537
252509565
252509574
252509614
252509689
252509762
252509888
252509982
252510185
252510194
252510301
252510425
252510537
252510539
252510672
252510732
252510919
252510976
252510984
252511034
252511073
252511161
252511731
252511838
252511937
252511997
252512145
252512232
252512382
252512422
252512431
252512451
252512642
252512687
252512852
252512859
252513205
252513280
252513474
252513888
252513980
252513982
252514051
252514193
252514201
252514247
252514383
252514506
252514614
252514623
252514666
252514670
252514796
252515226
252515240
252515396
252515560
252515863
252515925
252516096
252516154
252516166
252516215
252516388
252516398
252516501
252516518
252516808
252516826
252516877
252516905
252516933
252517336
252517400
252517518
252517572
252517678
252517697
252517747
252517758
252517894
252518188
252518231
252518369
252518498
252518556
252518571
252518575
252518616
252518831
252518889
252519037
252519047
252519244
252519265
252519288
252519407
252519466
252519516
252519546
252519734
252519777
252519817
252519949
252519974
252520197
252520253
252520458
252520622
252520640
252520695
252520919
252520921
252521034
252521073
252521243
252521247
252521390
252521475
252521540
252521622
252521793
252521854
252522059
252522080
252522082
252522137
252522279
252522299
252522311
252522724
252522766
252522778
252522836
252523017
252523042
252523124
252523246
252523275
252523315
252523325
252523391
252523943
252524064
252524147
252524170
252524379
252524495
252524758
252524889
252524931
252525157
252525396
252525871
252526033
252526191
252526250
252526653
252526793
252526807
252527017
252527159
252527289
252527343
252527398
252527400
252527406
252527425
252527561
252527596
252527830
252527838
252527918
252528024
252528112
252528113
252528352
252528497
252528680
252528784
252529140
252529248
252529356
252529582
252529848
252529893
252529952
252530033
252530108
252530116
252530189
252530533
252530535
252530547
252530943
252530949
252530973
252531097
252531225
252531273
252532339
252532729
252532871
252532901
252532905
252533051
252533052
252533142
252533267
252533400
252533438
252533473
252533529
252533634
252533740
252533877
252533969
252533976
252534101
252534258
252534272
252534331
252534410
252534528
252534609
252534639
252534748
252534840
252534933
252534993
252535136
252535193
252535206
252535369
252535409
252535501
252535520
252535746
252535773
252535865
252535930
252536030
252536060
252536144
252536163
252536171
252536267
252536276
252536381
252536399
252536607
252536710
252536791
252536879
252537439
252537470
252537520
252537609
252537645
252537670
252537845
252537925
252538111
252538298
252538393
252538612
252538615
252538638
252538764
252538966
252539055
252539085
252539102
252539118
252539130
252539213
252539278
252539484
252539485
252539867
252540063
252540114
252540145
252540276
252540355
252540565
252540655
252540857
252541028
252541095
252541145
252541429
252541853
252541857
252541992
252542151
252542418
252542501
252542509
252542524
252543178
252543340
252543437
252543860
252544000
252544004
252544356
252544416
252544477
252544507
252544605
252544652
252544702
252544904
252544952
252545060
252545068
252545283
252545381
252545558
252545722
252545824
252546297
252546339
252546802
252546822
252546915
252546931
252547054
252547227
252547348
252547350
252547358
252547568
252548048
252548395
252548536
252548575
252548617
252548943
252549002
252549325
252549708
252549997
252550010
252550568
252550585
252550671
252550899
252550976
252551206
252551227
252551312
252551376
252551406
252551772
252551820
252551849
252551936
252552159
252552459
252552475
252552520
252552715
252552716
252552793
252552794
252552964
252553062
252553070
252553111
252553135
252553152
252553409
252553432
252553615
252553634
252553639
252553711
252553987
252553991
252554167
252554187
252554273
252554363
252554372
252554516
252554558
252554688
252554702
252554752
252554792
252554947
252554952
252555351
252555411
252555610
252555793
252555806
252555912
252555929
252555961
252556027
252556112
252556284
252556334
252556360
252556376
252556402
252556415
252556510
252556553
252556602
252556611
252556705
252556805
252556839
252556902
252556904
252556980
252557065
252557116
252557171
252557253
252557270
252557367
252557391
252557474
252557509
252557620
252557629
252557635
252557668
252557760
252557808
252557824
252557871
252557938
252558036
252558072
252558109
252558260
252558271
252558278
252558307
252558328
252558455
252558731
252558862
252558998
252559214
252559336
252559437
252559598
252560116
252560162
252560324
252560418
252560427
252560501
252560504
252560513
252560736
252561079
252471284
252471354
252471366
252471381
252471388
252471432
252471439
252471525
252471547
252471650
252471653
252471706
252471771
252472058
252472148
252472376
252472404
252472476
252472521
252472550
252472615
252472820
252472979
252473254
252473364
252473383
252473614
252473636
252473642
252473659
252473728
252473756
252473759
252473791
252473801
252473820
252473838
252473927
252474398
252474558
252474570
252474944
252475053
252475062
252475128
252475167
252475183
252475244
252475339
252475537
252475543
252475598
252475617
252475774
252475794
252475813
252475843
252475868
252476075
252476148
252476161
252476174
252476321
252476372
252476399
252476419
252476549
252476589
252476670
252476826
252476857
252477029
252477088
252477115
252477286
252477433
252477780
252477922
252477966
252477982
252478055
252478080
252478105
252478209
252478462
252478713
252478803
252478918
252478949
252478974
252479014
252479122
252479228
252479399
252479799
252479967
252479969
252480152
252480226
252480287
252480596
252480685
252480706
252480734
252480841
252480889
252480979
252480993
252481051
252481079
252481137
252481230
252481261
252481399
252481619
252481747
252481805
252481831
252481916
252481986
252482025
252482075
252482516
252482553
252482581
252482654
252482715
252482827
252482928
252482976
252483151
252483327
252483348
252483511
252483569
252483600
252483764
252484204
252484235
252484417
252484445
252484523
252484780
252484960
252484983
252485027
252485041
252485065
252485083
252485476
252485527
252485614
252485663
252485664
252485686
252485769
252485805
252485842
252485945
252486126
252486471
252486494
252486565
252486635
252486727
252487177
252487298
252487573
252487649
252488112
252488310
252488346
252488367
252488485
252488494
252488540
252488819
252488847
252488954
252489063
252489116
252489246
252489349
252489431
252489503
252489519
252489550
252489553
252489686
252489730
252489786
252489794
252490016
252490303
252490384
252490444
252490531
252490555
252490566
252490577
252490628
252490795
252491046
252491166
252491193
252491369
252491433
252491499
252491550
252491555
252491625
252491806
252491847
252492059
252492131
252492138
252492292
252492303
252492349
252492432
252492478
252492599
252492762
252492850
252492864
252492901
252492935
252493079
252493272
252493297
252493363
252493420
252493443
252493460
252493491
252493581
252493639
252493850
252494025
252494224
252494488
252494528
252494734
252494743
252494961
252495009
252495169
252495210
252495433
252495461
252495929
252495982
252495991
252496019
252496043
252496067
252496569
252496579
252496598
252496662
252496868
252497179
252497389
252497540
252497670
252497753
252497777
252497788
252497863
252497904
252497967
252497977
252498032
252498081
252498425
252498528
252498557
252498569
252498641
252498714
252498727
252498737
252498750
252498751
252498914
252499079
252499122
252499184
252499347
252499403
252499568
252499581
252499669
252499700
252499707
252499721
252499775
252499798
252499878
252499922
252499928
252499983
252500039
252500077
252500111
252500160
252500258
252500365
252500450
252500483
252500560
252500803
252500866
252500931
252501169
252501230
252501267
252562691
252563104
252563227
252563250
252563518
252563519
252563674
252563736
252563806
252563827
252563868
252564065
252564110
252564137
252564161
252564199
252564388
252564420
252564655
252564664
252564686
252564907
252565002
252565014
252565162
252565212
252565529
252565604
252565618
252565740
252565761
252565870
252565908
252566046
252566295
252566321
252566556
252566578
252566651
252566673
252566678
252566815
252566842
252566854
252566915
252566954
252566956
252567045
252567049
252567061
252567066
252567167
252567338
252567627
252567629
252567689
252567831
252567859
252568034
252568058
252568192
252568279
252568373
252568506
252568682
252568734
252568758
252568771
252568773
252569048
252569416
252569454
252569695
252569841
252569906
252569916
252569935
252569944
252569961
252569994
252570011
252570242
252570265
252570341
252570427
252570478
252570631
252570681
252570690
252570774
252570874
252570887
252570929
252570943
252570954
252570981
252571359
252571381
252571758
252571860
252571906
252572123
252572293
252572312
252572349
252572529
252572600
252572674
252572783
252572981
252573022
252573056
252573324
252573446
252573473
252573958
252573959
252574175
252574699
252574764
252574778
252574819
252575158
252575227
252575298
252575306
252575360
252575393
252575404
252575443
252575577
252575623
252575769
252575892
252575945
252575949
252576144
252576188
252576200
252576417
252576770
252576797
252576909
252577464
252577544
252577547
252577688
252577712
252577774
252578041
252578192
252578228
252578323
252579425
252580296
252580449
252580854
252580975
252581093
252581258
252581272
252581370
252581482
252581670
252581723
252581980
252581995
252582126
252582351
252582376
252582482
252582529
252582586
252582703
252582873
252582879
252583016
252583024
252583295
252583561
252583582
252583624
252583816
252583817
252583877
252584031
252584037
252584139
252584183
252584234
252584235
252584266
252584314
252584720
252584756
252584807
252584855
252585133
252585167
252585168
252585344
252585388
252585453
252585477
252585563
252585676
252585747
252585843
252585872
252586180
252586208
252586219
252586225
252586235
252586360
252586390
252586399
252586415
252586485
252586505
252586576
252586615
252586730
252587125
252587175
252587211
252587270
252587293
252587327
252587502
252587513
252587611
252587636
252587789
252587868
252587869
252587940
252587943
252588179
252588224
252588374
252588409
252588411
252588562
252588610
252588709
252588766
252588797
252588887
252588907
252588909
252588953
252589018
252589473
252589517
252589709
252589812
252589883
252590012
252590042
252590061
252590139
252590250
252590376
252590485
252590495
252590514
252590690
252591180
252591183
252591453
252592156
252414868
252414871
252415225
252415300
252415984
252416081
252416159
252416171
252416318
252416567
252416609
252416838
252416847
252417037
252417066
252417166
252417180
252417192
252417194
252417968
252418037
252418050
252418224
252418412
252418436
252418852
252419343
252419458
252419500
252419851
252419873
252420171
252420185
252420642
252420945
252420955
252421304
252421305
252421479
252421490
252422226
252422568
252422584
252422908
252422917
252422930
252422975
252422985
252423141
252423145
252423184
252423200
252423255
252423366
252423440
252423523
252423536
252423611
252423632
252423872
252423882
252423990
252424271
252424276
252424405
252424776
252424798
252424876
252425014
252425080
252425325
252425750
252425879
252425934
252426143
252426296
252426369
252426407
252426582
252426596
252426661
252426832
252427026
252427073
252427083
252427159
252427240
252427431
252427445
252427624
252427640
252427675
252427860
252427979
252428476
252428615
252428620
252428701
252428748
252428961
252429086
252429114
252429177
252429281
252429289
252429413
252429530
252429792
252429869
252429912
252430122
252430158
252430164
252430229
252430314
252430886
252431042
252431069
252431200
252431283
252431286
252431400
252431452
252431463
252431524
252431634
252431666
252431823
252431902
252431939
252431940
252432090
252432165
252432329
252432378
252432390
252432463
252432558
252432749
252432969
252433165
252433510
252433562
252433744
252433996
252434074
252434129
252434844
252434854
252434963
252435062
252435074
252435274
252435336
252435382
252435387
252435627
252435640
252435657
252435869
252436035
252436119
252436138
252436253
252436413
252436462
252436578
252436884
252437063
252437413
252437534
252437562
252438086
252438167
252438511
252438512
252438701
252439491
252439582
252439763
252439893
252439908
252440246
252440431
252440547
252440598
252440782
252440946
252441001
252441004
252441165
252441177
252441973
252592674
252592910
252592945
252593012
252593208
252593237
252593259
252593304
252593388
252593785
252594036
252594115
252594196
252594197
252594248
252594524
252594819
252595160
252595176
252595332
252595675
252595724
252595793
252595874
252596005
252596053
252596246
252596348
252596553
252596594
252596597
252596633
252596684
252596757
252596804
252596892
252596895
252597069
252597246
252597561
252597783
252598306
252598323
252598333
252598554
252598787
252598815
252599037
252599069
252599132
252599305
252599436
252599540
252599574
252599663
252599684
252599785
252599798
252599890
252599924
252599973
252600249
252600343
252600504
252600623
252600624
252600946
252601098
252601184
252601286
252601464
252601493
252601545
252601582
252601605
252601697
252601841
252602068
252602207
252602274
252602397
252602413
252602516
252602917
252603097
252603249
252603260
252603346
252603835
252603967
252604010
252604156
252604219
252604377
252604440
252604479
252604527
252604639
252604701
252604931
252605033
252605069
252605132
252605372
252605483
252605532
252605559
252605667
252605811
252605829
252605873
252605986
252606265
252606289
252606412
252606426
252606427
252606548
252606914
252606953
252607024
252607025
252607031
252607112
252607190
252607199
252608083
252608200
252608525
252608553
252608770
252609526
252609532
252609593
252609609
252609724
252609743
252609995
252610168
252610292
252610302
252610335
252610601
252610764
252610884
252611009
252611300
252611321
252611350
252611386
252611432
252611504
252611753
252612011
252612012
252612098
252612165
252612510
252612524
252612632
252613049
252613235
252613303
252613639
252613773
252613868
252614080
252614149
252614390
252614400
252614471
252614508
252614531
252614651
252614677
252614683
252614732
252615163
252615324
252615392
252615418
252615422
252615430
252615584
252615695
252615857
252615875
252616261
252616459
252616775
252616988
252617006
252617079
252617319
252617324
252617432
252617753
252617806
252617815
252617985
252618159
252618184
252618204
252618230
252618284
252618498
252618515
252618791
252618862
252619005
252619015
252619029
252619194
252619264
252619280
252619315
252619372
252619551
252619611
252619669
252619758
252619909
252620017
252620053
252620090
252620215
252620335
252620424
252620591
252620698
252620714
252620976
252620995
252621199
252621262
252621344
252621637
252621642
252621670
252621763
252621973
252621975
252621983
252622226
252622244
252622296
252622587
252622744
252622774
252622778
252623039
252623080
252623130
252623151
252623203
252623228
252623270
252623310
252623348
252623405
252623436
252623698
252623852
252623917
252623968
252624462
252624660
252624682
252624686
252624882
252625551
252625563
252625613
252625787
252625918
252625962
252626293
252626360
252626392
252626465
252626534
252626954
252627665
252627880
252628727
252629058
252629062
252629586
252629659
252629664
252629719
252630304
252630332
252630409
252630612
252630623
252630723
252630760
252630846
252630899
252631442
252631528
252631553
252632222
252632436
252632448
252632554
252632584
252632697
252632784
252632893
252632904
252633062
252633159
252633734
252633738
252633847
252634000
252634041
252634057
252634068
252634314
252634331
252634411
252634538
252634546
252634817
252634918
252634949
252634963
252635394
252635402
252635538
252635578
252635816
252635880
252635913
252635914
252636070
252636071
252636388
252636428
252636671
252636704
252636889
252637055
252637116
252637297
252637365
252637366
252637477
252637525
252637548
252637673
252637781
252637873
252637901
252638100
252638525
252638904
252639272
252639713
252639718
252639765
252639785
252639815
252639857
252640113
252640147
252640300
252640565
252640756
252640791
252641001
252641108
252641332
252641522
252641737
252641875
252641952
252642382
252642779
252643027
252643160
252643323
252643466
252643551
252643675
252643931
252644020
252644043
252644277
252644329
252644501
252644614
252644654
252644670
252644672
252645287
252645327
252645588
252645678
252645769
252645987
252646098
252646394
252646560
252646618
252646799
252647252
252647458
252647818
252647916
252648128
252648134
252648193
252648539
252648919
252648966
252649141
252649884
252650031
252650313
252650447
252650551
252650669
252650908
252651360
252651580
252651845
252651994
252652033
252652161
252652169
252652297
252652685
252652791
252652936
252653021
252653268
252653282
252653344
252653364
252653380
252653381
252653410
252653449
252653641
252653786
252654027
252654041
252654073
252654162
252654656
252654856
252655002
252655052
252655134
252655224
252655255
252655324
252655432
252655661
252655803
252656031
252656258
252656432
252656538
252656540
252656788
252656890
252656937
252657009
252657015
252657548
252657674
252657713
252657752
252658076
252658175
252658180
252658365
252658566
252658623
252658701
252658773
252658982
252659453
252659479
252659485
252659493
252659546
252659668
252659812
252659841
252660369
252660498
252660516
252660576
252660738
252660739
252660908
252660966
252661046
252661130
252661147
252661221
252661323
252661344
252661415
252661471
252661474
252661555
252661567
252661706
252661969
252661999
252662247
252662295
252662556
252662641
252662654
252662666
252662723
252662877
252662923
252662972
252663279
252663356
252663367
252663414
252663503
252663525
252663715
252663794
252663845
252663988
252664151
252664173
252664217
252664228
252664627
252665037
252665190
252665469
252665675
252665723
252665899
252665933
252665985
252665989
252666078
252666111
252666362
252666614
252666632
252666651
252666745
252666752
252666812
252666921
252666922
252666992
252667099
252667120
252667164
252667430
252667501
252667636
252667711
252667804
252667907
252668009
252668121
252668159
252668164
252668286
252668341
252668372
252668702
252668892
252668929
252669092
252669154
252669306
252669318
252669369
252669445
252669451
252669572
252669594
252669613
252669636
252669678
252669756
252669839
252669854
252669899
252669934
252670057
252670327
252670490
252670556
252670629
252670693
252670705
252671030
252671184
252671259
252671340
252671446
252671621
252671639
252671702
252671783
252671790
252671833
252671890
252672061
252672344
252672574
252672728
252672898
252672937
252672990
252673093
252673168
252673376
252673590
252673717
252673958
252674036
252674091
252674165
252674195
252674546
252674747
252674844
252675029
252675362
252675398
252675476
252675482
252675512
252675529
252675590
252675733
252675757
252675876
252675938
252676100
252676267
252676283
252676359
252676500
252676875
252676928
252676957
252677034
252677103
252677376
252677472
252677729
252677830
252678029
252678453
252678468
252678472
252678477
252678697
252679007
252679024
252679037
252679135
252679248
252679324
252679611
252679635
252679725
252679863
252679879
252679890
252679912
252680243
252680732
252681036
252681143
252681282
252681287
252681363
252712821
252712907
252713166
252713463
252713482
252713543
252713889
252713901
252713919
252713933
252713977
252713987
252713988
252714131
252714185
252714242
252714253
252714399
252714415
252714429
252714435
252714549
252714575
252714586
252714756
252714826
252714876
252715049
252715136
252715137
252715232
252715323
252715365
252715383
252715396
252715671
252715820
252715829
252715948
252715967
252716025
252716053
252716153
252716193
252716202
252716259
252716275
252716294
252716562
252716638
252716703
252716759
252716835
252716962
252716978
252717089
252717134
252717136
252717243
252717273
252717276
252717351
252717382
252717393
252717422
252717464
252717507
252717650
252717666
252717819
252717949
252718035
252718051
252718241
252718341
252718428
252718449
252718573
252718926
252718968
252718991
252719003
252719089
252719225
252719264
252719540
252719659
252719670
252719695
252719732
252719907
252719932
252719938
252719962
252719969
252720056
252720064
252720065
252720114
252720164
252720308
252720508
252720515
252720517
252720736
252720879
252720978
252721042
252721195
252721430
252721438
252721486
252721580
252721778
252721876
252722112
252722162
252722233
252722416
252722420
252722455
252722504
252722582
252722685
252722686
252722813
252722908
252723173
252723454
252723515
252723526
252723566
252723745
252724336
252724792
252725050
252725058
252725119
252725246
252725253
252725256
252725318
252725356
252725384
252725447
252725461
252725590
252725690
252725813
252725835
252725865
252725941
252725946
252726078
252726164
252726187
252726236
252726494
252726652
252726709
252726813
252726844
252726929
252727117
252727197
252727756
252727788
252727860
252728083
252728138
252728154
252728231
252728567
252728903
252729403
252729536
252730459
252730610
252730817
252730862
252731125
252731137
252731155
252731685
252731875
252731935
252732026
252732055
252732392
252732455
252732507
252732639
252732704
252732861
252732958
252733220
252733266
252733359
252733424
252733549
252733648
252733679
252733695
252733731
252733788
252733818
252733839
252733860
252733906
252733918
252734042
252734165
252734167
252734287
252734406
252734421
252734481
252734671
252734706
252734728
252734789
252734816
252734886
252734909
252735086
252735088
252735253
252735337
252735355
252735596
252735602
252735711
252735847
252736010
252736141
252736190
252736312
252736340
252736426
252736456
252736526
252736596
252736632
252736757
252736850
252736860
252736933
252736964
252736989
252737005
252737010
252737022
252737177
252737230
252737276
252737300
252737447
252737458
252737566
252737591
252737651
252737726
252737829
252738078
252738111
252738155
252738220
252738227
252738277
252738293
252738340
252738371
252738375
252738466
252738523
252738545
252738598
252738643
252738691
252738718
252738874
252738886
252738925
252738931
252738968
252738981
252739291
252739419
252739561
252739576
252739677
252739740
252739911
252739918
252740259
252740476
252740683
252740702
252740704
252740741
252740747
252740765
252740808
252741151
252741268
252741881
252742033
252742187
252682779
252682884
252682941
252683030
252683032
252683151
252683229
252683267
252683332
252683361
252683363
252683408
252683497
252683579
252683586
252683593
252683608
252683699
252683714
252683736
252683737
252683885
252683988
252684230
252684375
252684447
252684478
252684563
252684719
252684751
252684881
252684991
252685004
252685082
252685086
252685121
252685122
252685142
252685161
252685195
252685258
252685297
252685317
252685390
252685553
252685630
252685777
252685897
252685931
252685935
252686017
252686175
252686242
252686282
252686487
252686501
252686555
252686566
252686574
252686619
252686673
252686702
252686713
252686832
252686892
252686913
252686921
252687213
252687684
252687826
252687951
252688027
252688409
252688481
252688487
252688545
252688642
252688699
252688943
252688986
252689049
252689153
252689234
252689291
252689337
252689387
252689434
252689470
252689491
252689507
252689525
252689585
252689630
252689695
252689760
252690160
252690238
252690429
252690446
252690497
252690535
252690573
252690850
252691303
252691440
252691470
252691554
252691730
252691743
252691805
252691831
252691865
252692042
252692043
252692095
252692352
252692470
252692786
252692888
252692940
252692972
252692998
252693025
252693270
252693917
252694268
252694497
252694610
252694654
252694739
252694793
252694836
252694851
252694871
252694886
252695192
252695241
252695332
252695377
252695409
252695450
252695478
252695493
252695545
252695550
252695563
252695749
252695866
252695956
252696293
252696646
252696664
252696963
252697173
252697625
252697628
252697633
252697945
252698052
252698843
252698884
252698892
252699277
252699469
252699795
252700169
252700235
252700334
252700396
252700469
252700583
252700790
252700840
252700917
252701095
252701114
252701479
252701545
252701926
252702013
252702074
252702342
252702713
252702809
252702844
252702900
252702986
252703064
252703074
252703089
252703106
252703211
252703222
252703240
252703244
252703272
252703320
252703327
252703339
252703367
252703526
252703537
252703559
252703688
252703805
252704015
252704041
252704279
252704341
252704342
252704477
252704520
252704528
252704538
252704548
252704693
252704765
252704776
252705005
252705084
252705098
252705358
252705591
252705598
252705774
252705787
252705789
252705815
252705901
252705937
252705957
252706007
252706060
252706061
252706163
252706302
252706371
252706394
252706395
252706398
252706409
252706460
252706607
252706649
252706656
252706792
252706829
252706943
252707102
252707148
252707426
252707430
252707594
252707689
252707727
252707728
252707851
252707935
252707952
252708060
252708218
252708269
252708270
252708286
252708325
252708509
252708639
252708672
252708743
252708863
252708909
252708974
252709020
252709039
252709103
252709193
252709256
252709300
252709451
252709489
252709808
252710087
252710211
252710265
252710696
252710814
252710836
252710884
252710924
252711269
252711348
252711358
252743441
252743881
252743935
252744034
252744042
252744059
252744348
252744390
252744441
252744480
252744490
252744495
252744544
252744831
252744858
252744864
252745133
252745269
252745482
252745486
252745634
252745719
252745749
252745820
252745868
252745916
252745975
252746019
252746058
252746192
252746221
252746228
252746235
252746237
252746296
252746304
252746333
252746380
252746405
252746428
252746466
252746554
252746705
252746717
252746740
252747023
252747037
252747226
252747252
252747288
252747306
252747318
252747413
252747499
252747508
252747546
252747582
252747587
252747609
252747647
252747708
252747739
252747770
252747912
252748019
252748049
252748339
252748421
252748547
252748578
252748850
252748910
252748914
252749093
252749372
252749380
252749535
252749568
252749708
252749761
252750051
252750052
252750063
252750071
252750141
252750159
252750190
252750204
252750209
252750340
252750342
252750368
252750378
252750391
252750510
252750511
252750522
252750534
252750540
252750566
252750588
252750591
252750635
252750636
252750685
252750696
252750972
252751011
252751179
252751208
252751428
252751479
252751498
252751561
252751977
252752215
252752354
252752401
252752452
252752545
252752546
252752582
252752907
252752932
252752994
252753143
252753168
252753388
252753702
252753816
252754013
252754028
252754039
252754607
252755007
252755383
252755578
252755700
252755781
252755784
252755806
252755821
252755918
252755980
252756165
252756235
252756249
252756318
252756345
252756447
252756646
252756653
252756995
252757095
252757344
252757536
252757669
252757997
252758232
252758307
252758421
252758603
252758723
252758771
252758997
252759128
252759872
252760030
252760391
252760425
252760936
252761267
252761311
252761330
252761676
252761756
252761833
252761875
252762162
252762409
252762578
252762584
252762905
252762926
252763079
252763143
252763151
252763270
252763439
252763475
252763489
252763532
252763594
252763606
252763693
252763978
252763980
252764094
252764148
252764177
252764288
252764298
252764330
252764388
252764406
252764409
252764411
252764653
252764745
252764826
252764856
252764941
252764962
252765079
252765144
252765185
252765200
252765240
252765333
252765360
252765387
252765421
252765637
252765651
252765658
252765772
252765914
252765930
252766119
252766127
252766264
252766398
252766555
252766733
252766743
252766744
252766759
252766835
252766967
252767000
252767046
252767096
252767139
252767178
252767195
252767229
252767374
252767401
252767431
252767447
252767539
252767572
252767629
252767776
252767837
252767842
252767844
252768071
252768119
252768176
252768234
252768293
252768311
252768328
252768441
252768581
252768594
252768596
252768623
252768683
252768715
252768825
252768858
252768910
252769077
252769140
252769142
252769147
252769343
252769424
252769470
252769476
252769504
252769506
252769516
252769517
252769537
252769551
252769570
252769649
252769845
252769900
252770169
252770225
252770257
252770466
252770652
252770656
252770796
252771063
252771249
252771252
252772076
252772229
252772307
252772364
252772438
252772735
252984866
252985254
252985405
252985738
252985757
252986137
252986196
252986658
252986739
252986891
252986946
252986980
252987082
252987173
252987345
252987420
252987430
252987437
252987565
252987605
252987738
252987750
252987753
252987944
252988037
252988060
252988375
252988608
252988887
252989010
252989075
252989082
252989125
252989153
252989180
252989357
252989373
252989848
252989877
252990241
252990319
252990499
252990983
252991100
252991360
252991390
252991717
252991733
252991830
252991946
252992014
252992423
252992537
252992615
252992676
252992844
252992856
252993323
252993497
252993637
252993684
252993715
252993766
252994260
252994269
252994329
252994392
252994448
252994501
252994605
252996273
252996431
252996584
252997000
252997425
252997435
252997582
252997615
252998011
252999846
253000315
253000919
253001584
253001890
253002434
253003001
253003012
253003056
253003896
253003916
253004320
253004728
253004750
253005186
253005435
253005651
253005770
253005827
253005965
253006031
253006140
253006386
253006434
253006448
253006453
253006463
253006468
253006724
253006880
253007128
253007140
253007178
253007315
253007367
253007397
253007644
253007660
253007828
253007915
253007954
253008257
253008274
253008411
253008458
253008462
253008688
253008752
253008754
253008768
253008911
253009234
253009384
253009486
253009567
253009587
253009595
253009647
253009789
253009934
253010272
253010291
253010538
253010585
253010675
253010732
253011074
253011237
253011247
253011420
253011499
253011501
253011605
253011610
253011614
253011851
253011900
253011919
253012501
253012512
253012522
253012805
253012845
253012984
253013081
253013864
253013963
252774230
252774601
252774607
252774712
252774812
252774838
252774880
252775053
252775160
252775177
252775275
252775347
252775359
252775437
252775504
252775522
252775547
252775725
252776083
252776290
252776296
252776334
252776429
252776498
252776553
252776590
252776782
252776893
252776968
252776993
252777005
252777036
252777048
252777092
252777157
252777158
252777316
252777401
252777672
252777746
252777748
252777777
252777850
252777879
252777927
252778060
252778190
252778210
252778227
252778256
252778324
252778375
252778390
252778394
252778398
252778415
252778463
252778624
252778743
252779057
252779247
252779652
252779750
252779768
252780084
252780168
252780243
252780356
252780379
252780638
252780794
252780797
252780814
252780860
252780988
252781060
252781075
252781082
252781181
252781193
252781216
252781230
252781233
252781246
252781301
252781309
252781342
252781373
252781379
252781389
252781445
252781652
252781763
252781801
252781817
252781927
252781974
252782184
252782247
252782290
252782329
252782426
252782468
252782827
252782968
252782970
252783103
252783112
252783187
252783188
252783225
252783472
252783473
252783652
252783671
252783692
252783982
252784087
252784481
252784896
252784934
252785004
252785528
252785903
252786063
252786447
252786482
252786676
252786705
252786728
252786789
252786851
252787017
252787024
252787054
252787194
252787212
252787331
252787444
252787906
252787943
252788045
252788192
252788293
252788350
252788511
252788652
252788928
252789631
252789689
252789971
252790141
252790400
252791350
252791437
252792024
252792488
252792539
252792566
252792739
252792782
252792831
252792958
252793017
252793217
252793763
252793858
252794133
252794247
252794297
252794312
252794445
252794527
252794582
252794632
252794656
252794725
252794986
252795036
252795085
252795187
252795216
252795241
252795339
252795404
252795405
252795418
252795439
252795482
252795581
252795589
252795615
252795645
252795729
252795858
252795862
252795883
252795917
252795982
252796117
252796142
252796350
252796409
252796527
252796563
252796626
252796766
252796818
252797159
252797212
252797221
252797242
252797251
252797339
252797358
252797508
252797677
252797742
252797765
252797778
252797987
252798008
252798014
252798207
252798211
252798218
252798257
252798281
252798358
252798412
252798475
252798497
252798593
252798781
252798881
252798882
252798892
252798929
252799018
252799187
252799359
252799361
252799485
252799486
252799720
252799815
252799918
252799950
252800168
252800295
252800443
252800484
252800488
252800554
252800555
252800618
252800655
252800781
252800799
252800807
252800820
252800844
252801034
252801223
252801377
252801496
252801546
252801649
252801757
252801835
252801863
252801890
252801940
252802064
252802194
252802358
252802469
252802602
252802799
252803044
252803152
252803356
252803427
252803768
252803879
252803989
252804444
252804796
252804893
252804919
252804920
252804955
252805017
252805020
252805244
252805743
252805971
252806030
252806251
252806438
252806621
252806660
252807045
252807078
252807117
252807321
252807331
252807567
252807865
252807883
252807938
252808061
252808068
252808089
252808167
252808310
252808370
252809022
252809169
252809390
252809398
252809529
252809758
252809868
252809872
252810062
252810072
252810275
252810600
252810711
252810737
252810817
252810884
252810955
252811011
252811150
252811267
252811397
252811424
252811688
252811742
252811853
252811923
252812034
252812476
252812607
252812767
252812803
252812871
252812887
252813024
252813229
252813303
252813420
252813472
252813623
252813667
252814011
252814101
252814188
252814255
252814351
252814482
252814534
252814654
252814741
252814810
252814874
252815128
252815505
252815634
252815646
252815675
252815677
252815769
252815864
252815928
252816158
252816230
252816261
252816329
252816356
252816437
252816448
252816565
252816620
252816661
252816945
252817180
252817247
252817471
252817947
252817985
252818113
252818325
252818328
252818551
252818555
252818832
252818852
252818898
252818957
252819510
252819537
252819562
252819674
252819706
252819794
252819960
252820118
252820240
252820369
252820697
252820921
252821452
252821498
252821503
252821507
252821581
252821655
252821678
252821697
252821702
252821795
252821805
252821850
252821980
252822156
252822190
252822215
252822321
252822326
252822429
252822476
252822481
252822511
252822517
252822549
252822971
252823176
252823345
252823445
252823526
252823984
252823992
252824225
252824337
252824451
252824459
252824484
252824718
252824766
252824779
252824875
252825049
252825134
252825181
252825773
252825809
252825870
252826010
252826069
252826101
252826160
252826187
252826248
252826250
252826355
252826357
252826761
252826819
252826839
252827095
252827339
252827458
252827546
252828071
252828134
252828542
252828640
252828716
252828771
252829049
252829141
252829497
252829505
252829580
252829629
252829655
252829656
252829661
252829680
252829733
252829768
252829783
252829868
252830018
252830475
252830535
252830699
252830901
252830985
252831169
252831227
252831583
252831641
252831790
252831847
252831895
252831978
252832154
252832258
252832297
252832313
252832368
252832571
252832597
252832631
252832670
252832912
252833064
252833076
252833258
252833279
252833359
252833429
252833596
252833604
252834021
252834042
252834111
252834150
252834217
252834540
252834630
252834699
252834931
252835200
252835214
252835448
252954030
252954726
252954907
252954977
252955285
252955356
252955404
252955615
252955743
252955798
252956004
252956048
252956086
252956150
252956303
252956315
252956334
252956564
252956684
252956723
252956787
252956790
252956844
252956991
252957104
252957128
252957270
252957561
252957572
252957876
252958050
252958116
252958157
252958174
252958239
252958373
252958452
252958466
252958506
252958700
252958892
252958967
252959164
252959186
252959232
252959249
252959583
252959590
252960117
252960245
252960440
252960450
252960733
252960771
252960869
252960902
252960965
252961187
252961340
252961548
252961687
252961773
252961800
252961845
252961936
252961962
252961969
252961971
252962499
252962593
252962598
252962649
252962660
252962701
252962802
252963169
252963230
252963370
252963431
252963549
252963741
252964244
252964261
252964316
252965177
252965697
252965980
252965996
252966100
252966101
252966259
252966357
252966439
252966896
252967211
252967329
252967347
252967364
252967495
252967529
252967565
252967920
252968086
252969105
252969182
252969511
252970245
252971036
252971263
252971659
252971718
252971838
252972225
252972624
252973169
252973340
252973450
252974330
252974407
252974495
252974500
252974750
252974777
252974843
252975047
252975366
252975422
252975559
252975573
252975726
252975798
252975802
252976065
252976070
252976326
252976367
252976375
252976382
252976812
252976837
252976960
252977134
252977156
252977353
252977354
252977484
252977487
252977554
252977594
252977611
252977663
252977676
252978034
252978070
252978143
252978228
252978295
252978344
252978546
252978555
252978651
252979001
252979030
252979102
252979285
252979329
252979342
252979355
252979358
252979373
252979384
252979400
252979467
252979562
252979609
252979696
252979726
252979835
252979898
252980005
252980044
252980118
252980527
252980734
252980918
252981484
252981599
252981757
252982136
252982335
252982557
252982942
252982944
252982998
252983047
252923739
252924599
252924620
252924654
252924667
252924830
252925074
252925428
252925522
252925596
252925635
252925688
252925752
252925958
252926161
252926181
252926278
252926392
252926452
252926486
252926492
252926565
252926581
252926601
252926647
252926668
252926894
252926903
252926991
252927008
252927266
252927642
252927721
252927738
252927822
252927862
252927873
252927887
252927957
252928092
252928122
252928187
252928580
252928681
252928805
252929087
252929188
252929234
252929318
252929735
252929823
252929932
252930015
252930147
252930173
252930209
252930383
252930391
252930417
252930474
252930539
252930549
252930583
252930586
252930590
252930619
252930622
252930655
252930689
252930748
252930987
252931160
252931235
252931469
252931631
252931659
252931765
252932419
252932468
252932477
252932656
252932729
252933213
252933290
252933753
252934115
252934209
252934344
252934716
252934831
252935002
252935145
252935716
252935845
252935885
252935905
252936008
252936061
252936084
252936117
252936304
252936388
252936439
252936501
252936532
252936695
252936985
252937306
252937330
252937628
252938484
252938907
252939342
252939785
252939864
252939894
252940253
252940370
252940377
252940654
252940911
252941812
252942132
252942452
252942460
252942566
252942929
252942972
252943119
252943530
252943914
252944000
252944140
252944145
252944241
252944295
252944383
252944497
252944556
252944580
252944584
252944833
252944936
252944982
252944996
252945038
252945054
252945060
252945099
252945222
252945435
252945593
252945700
252945751
252945758
252945926
252946081
252946090
252946148
252946524
252946534
252946605
252946705
252946785
252946808
252946948
252947255
252947330
252947358
252947538
252947580
252947722
252947788
252947802
252948032
252948037
252948048
252948156
252948166
252948380
252948452
252948527
252948594
252948597
252948648
252948665
252948709
252948725
252948907
252949086
252949248
252949313
252949323
252949333
252949356
252949553
252949653
252949700
252949865
252950416
252951009
252951510
252951769
252952066
252952147
252952228
252952241
252952471
252835515
252835540
252835761
252836073
252836288
252836371
252836676
252836686
252836815
252836955
252836979
252837059
252837232
252837599
252837612
252837640
252837896
252837939
252838028
252838235
252838680
252838700
252838784
252838825
252839223
252839412
252839474
252839699
252839994
252840017
252840127
252840293
252840599
252840605
252840625
252840741
252841051
252841054
252841168
252841254
252841334
252841557
252841691
252841702
252841862
252842157
252842263
252842513
252843041
252843189
252843476
252843500
252843562
252843598
252843613
252843921
252844049
252844158
252844197
252844312
252844429
252844557
252844629
252844638
252844874
252845043
252845194
252845403
252845424
252845509
252845531
252846018
252846258
252846541
252846895
252847204
252847594
252847893
252847949
252848038
252848587
252848711
252848716
252848757
252848855
252848856
252848950
252848995
252849133
252849139
252849235
252849592
252849740
252849959
252849968
252850046
252850138
252850144
252850150
252850382
252850469
252850635
252850702
252850780
252851288
252851321
252851338
252851393
252851636
252851811
252851906
252852001
252852068
252852225
252852317
252852339
252852462
252852474
252852584
252852691
252852836
252853210
252853252
252853261
252853328
252853389
252853505
252853861
252853929
252854329
252854365
252854442
252854446
252854606
252854632
252854943
252854968
252855143
252855691
252855743
252855833
252856043
252856161
252856206
252856637
252856723
252857191
252857197
252857267
252857347
252857354
252857492
252857560
252857633
252857682
252857753
252858092
252858415
252858532
252858971
252858991
252858996
252859020
252859257
252859430
252859575
252859593
252859846
252860091
252860377
252860590
252860670
252860723
252860851
252860859
252861083
252861102
252861113
252861343
252861350
252861360
252861382
252861471
252861482
252861540
252861855
252862060
252862067
252862123
252862211
252862274
252862351
252862447
252862469
252863811
252864238
252864385
252864529
252864577
252864608
252864617
252864922
252865168
252865266
252865298
252865450
252865532
252865602
252865662
252865709
252865724
252865834
252865888
252865922
252866018
252866071
252866112
252866142
252866178
252866249
252866516
252866636
252866873
252866935
252866950
252866965
252867083
252867092
252867097
252867314
252867430
252867503
252867521
252867564
252867930
252868049
252868343
252868855
252868981
252869202
252869221
252869248
252869419
252869632
252869640
252869726
252869789
252869790
252869822
252869825
252869923
252870113
252870141
252870148
252870176
252870249
252870339
252870484
252870587
252870702
252870937
252871231
252871273
252871301
252871453
252871488
252871538
252871680
252871840
252871907
252872015
252872095
252872212
252872595
252872933
252872940
252872954
252873017
252873843
252873871
252874581
252875272
252875281
252875522
252875810
252875842
252875878
252876265
252876294
252876385
252876413
252876478
252876919
252877046
252877315
252877768
252879896
252880067
252880084
252880224
252880518
252880781
252880901
252880922
252881197
252881314
252881723
252881964
252882064
252882272
252882603
252882619
252882954
252882981
252882994
252883092
252883100
252883319
252883387
252883455
252883527
252883560
252883779
252883925
252884001
252884005
252884033
252884066
252884157
252884310
252884337
252884359
252884513
252884620
252884722
252884863
252884911
252884921
252884938
252884968
252884984
252885023
252885189
252885212
252885391
252885392
252885398
252885690
252885797
252885812
252885958
252886000
252886101
252886224
252886227
252886238
252886260
252886470
252886665
252886733
252886744
252886842
252886981
252887077
252887082
252887092
252887145
252887286
252887300
252887352
252887383
252887469
252887512
252887542
252887661
252887669
252887732
252887803
252887881
252888052
252888053
252888154
252888313
252888434
252888460
252888493
252888515
252888572
252888631
252888635
252888655
252888689
252888841
252888879
252888959
252889221
252889228
252889434
252889571
252889783
252889788
252889836
252889853
252889912
252890139
252890177
252890180
252890265
252890429
252890678
252890719
252890936
252891378
252892939
252893292
252893482
252893563
252893811
252893817
252893945
252894007
252894058
252894340
252894351
252894554
252894557
252894630
252894665
252894726
252894739
252895043
252895100
252895115
252895116
252895192
252895207
252895240
252895241
252895403
252895433
252895509
252895585
252895676
252895734
252895736
252895795
252895824
252895858
252895930
252896023
252896055
252896161
252896275
252896484
252896527
252896584
252896631
252896668
252896810
252896848
252896857
252896920
252896931
252896943
252897074
252897120
252897172
252897247
252897278
252897310
252897530
252897635
252897664
252897806
252897890
252897898
252898084
252898120
252898205
252898224
252898345
252898587
252898675
252898715
252898749
252898822
252898972
252898998
252899192
252899284
252899285
252899382
252899458
252899460
252899521
252899579
252899594
252899656
252899672
252899720
252899742
252899757
252899816
252899880
252899889
252899913
252899971
252899997
252900023
252900030
252900073
252900434
252900577
252900672
252900730
252900737
252900845
252900916
252901043
252901061
252901218
252901377
252901389
252901543
252901627
252901761
252901815
252901819
252901896
252902045
252902110
252902299
252902316
252902638
252902720
252902868
252903048
252903105
252903252
252903417
252903495
252903515
252903958
252904094
252904210
252904549
252904877
252905331
252905357
252905381
252905566
252905790
252905829
252906312
252906392
252906457
252906616
252906648
252906794
252907187
252907602
252907693
252907836
252907994
252908180
252908375
252908522
252908873
252909402
252909799
252909891
252910089
252910203
252910243
252910458
252910529
252910678
252910701
252910704
252910715
252910755
252910966
252911306
252911331
252911679
252912015
252912404
252912468
252912614
252912756
252912943
252913666
252913721
252913783
252913904
252914039
252914137
252914175
252914185
252914511
252914530
252914675
252914706
252914822
252914997
252915002
252915052
252915107
252915144
252915158
252915179
252915286
252915309
252915327
252915419
252915546
252915548
252915568
252915575
252915643
252915729
252916001
252916127
252916132
252916147
252916324
252916348
252916363
252916385
252916391
252916405
252916407
252916488
252916543
252916622
252916855
252916898
252916969
252916976
252916981
252917196
252917233
252917338
252917526
252917599
252917629
252917706
252917733
252917911
252917920
252917991
252918022
252918068
252918103
252918147
252918151
252918154
252918258
252918281
252918332
252918346
252918386
252918564
252918579
252918714
252918745
252918746
252918789
252918840
252918851
252918883
252918952
252919019
252919065
252919099
252919344
252919348
252919493
252919618
252919638
252919693
252920162
252920305
252920357
252920417
252920478
252920488
252920611
252920623
252920642
252920657
252920838
252920877
252921776
252921862
252921929
252921931
252922231
252922530
253015252
253015449
253015452
253015514
253015728
253015729
253016059
253016132
253016138
253016244
253016289
253016390
253016517
253016574
253016727
253016886
253016982
253016986
253017042
253017051
253017096
253017143
253017272
253017372
253017378
253017405
253017423
253017468
253017587
253017611
253017660
253017689
253017690
253017878
253018037
253018124
253018151
253018422
253018564
253018629
253018724
253018778
253018938
253019112
253019190
253019240
253019284
253019295
253019315
253019353
253019603
253019609
253019656
253019739
253019749
253019986
253020074
253020234
253020444
253020660
253020785
253020798
253020821
253020973
253021156
253021273
253021313
253021317
253021334
253021359
253021409
253021443
253021661
253021780
253021858
253021871
253022065
253022163
253022308
253022315
253022330
253022344
253022401
253022495
253022580
253022623
253022626
253022639
253022716
253022746
253022830
253022989
253023064
253023126
253023127
253023177
253023337
253023356
253023362
253023388
253023465
253023551
253023610
253023734
253024061
253024106
253024463
253024493
253024519
253024633
253024709
253025062
253025135
253025224
253025605
253025625
253025930
253026002
253026020
253026278
253026465
253026514
253026581
253026708
253026732
253026851
253026875
253027087
253027100
253027311
253027345
253027400
253027666
253027745
253027767
253028053
253028154
253028639
253028655
253029015
253029163
253029198
253029255
253029323
253029352
253029413
253029432
253029447
253029534
253029547
253029578
253029593
253030201
253030447
253030484
253030754
253030980
253031050
253031052
253031476
253031570
253031677
253031719
253032097
253032412
253032484
253032658
253032683
253032800
253032922
253033009
253033111
253033189
253033271
253033327
253033447
253033666
253033725
253034180
253034257
253034358
253034492
253034582
253034924
253035277
253035308
253035708
253035743
253035852
253035963
253036257
253036265
253036639
253036686
253036763
253036932
253036937
253036960
253036974
253037173
253037241
253037277
253037301
253037331
253037373
253037446
253037512
253037615
253037803
253037815
253037983
253038201
253038714
253038965
253039015
253039164
253039205
253039598
253039640
253040012
253040178
253040240
253040584
253040697
253040859
253040978
253040998
253041159
253041397
253041673
253041686
253041710
253041944
253041974
253042290
253042318
253042380
253042565
253042593
253042619
253042658
253042732
253042749
253042855
253043002
253043354
253043700
253044087
253044145
253044160
253044459
253044626
253044814
253044827
253044830
253044943
253045190
253045265
253045337
253045430
253045433
253045508
253045844
253045893
253045968
253046015
253046115
253046217
253046244
253046347
253046407
253046508
253047278
253047294
253047336
253076209
253076336
253076516
253076574
253076577
253076625
253076800
253076845
253077083
253077169
253077217
253077297
253077396
253077805
253077873
253077940
253077950
253078100
253078238
253078451
253078459
253078463
253078541
253079468
253079546
253079963
253080019
253080342
253080427
253080600
253080888
253081007
253081136
253081271
253081404
253081409
253081499
253081517
253081544
253081669
253081782
253081852
253081928
253081997
253082132
253082208
253082286
253082290
253082292
253082544
253082557
253082742
253082750
253082785
253082830
253082865
253083266
253083465
253083486
253083546
253083631
253083656
253083701
253083814
253084009
253084222
253084341
253084401
253084451
253084739
253084751
253084760
253084850
253085080
253085481
253085603
253085828
253086006
253086064
253086146
253086184
253086198
253086366
253086489
253086635
253086696
253086958
253087004
253087038
253087077
253087140
253087481
253087592
253088058
253088176
253088400
253088438
253088601
253089019
253089078
253089287
253089424
253089737
253089916
253090033
253090037
253090165
253090551
253090624
253090739
253090762
253091131
253091195
253091630
253091876
253091935
253092331
253092337
253092458
253092527
253092644
253092697
253092722
253092843
253093019
253093081
253093109
253093183
253093237
253093438
253093459
253093572
253093625
253093839
253093876
253093957
253094039
253094581
253094745
253094782
253094827
253094906
253095061
253095117
253095157
253095315
253095343
253095579
253095628
253095833
253096022
253096039
253096105
253096108
253096112
253096160
253096183
253096924
253097031
253097171
253097189
253097261
253097279
253097505
253097523
253097607
253097649
253097703
253097764
253097802
253097869
253098222
253098247
253098304
253098398
253098479
253098498
253098509
253098567
253098645
253098720
253098728
253098900
253098901
253098950
253098980
253099052
253099058
253099077
253099114
253099137
253099179
253099634
253099671
253099881
253099882
253099914
253099963
253099979
253100104
253100107
253100108
253100313
253100652
253100808
253101103
253101161
253101236
253101402
253101416
253101618
253101706
253101911
253102030
253102198
253102537
253102660
253102668
253102853
253103040
253103094
253103115
253103274
253103308
253103336
253103352
253103569
253103573
253103718
253103730
253103804
253104007
253104127
253104203
253104300
253104422
253104439
253104440
253104515
253104579
253104641
253104733
253104735
253104923
253105083
253105122
253105252
253105323
253105601
253105649
253105723
253105927
253105983
253106000
253106143
253106229
253106311
253106371
253107325
253108044
253108099
253108265
253108441
253108455
253108463
253108537
253108576
253108763
253109061
253109251
253109253
253109321
253109357
253109646
253109683
253109827
253109879
253109983
253110184
253110216
253110219
253110267
253110308
253110331
253110379
253110387
253110409
253110423
253110465
253110483
253110556
253110599
253110627
253110671
253110703
253110907
253110967
253111043
253111055
253111140
253111166
253111311
253111450
253111482
253111513
253111558
253111577
253111579
253111687
253111707
253111720
253111845
253111923
253112143
253112485
253112498
253112692
253112809
253113151
253113172
253113392
253113501
253113532
253113652
253113757
253113856
253114006
253114018
253114074
253114075
253114203
253114228
253114333
253114344
253114359
253114360
253114393
253114414
253114415
253114444
253114644
253114808
253114912
253114913
253115010
253115079
253115129
253115137
253115156
253115162
253115245
253115368
253115414
253115573
253115698
253115911
253115998
253116401
253116447
253116581
253116614
253116659
253116877
253116960
253116986
253117009
253117105
253117166
253117587
253117820
253117830
253118063
253118152
253118241
253118384
253118552
253118580
253118781
253119076
253119081
253119493
253119963
253120067
253120093
253120116
253120503
253120994
253121104
253121240
253121314
253121366
253121387
253121538
253122164
253122204
253122418
253122424
253122443
253122444
253122489
253122507
253122759
253122805
253123386
253123596
253123678
253124174
253124422
253124578
253124902
253124904
253125137
253125528
253125665
253125700
253125787
253125788
253126137
253126300
253126845
253126864
253127302
253127357
253127769
253127784
253127816
253127891
253127911
253128146
253128151
253128162
253128292
253128330
253128495
253128517
253128538
253128628
253128656
253128753
253128894
253128953
253128969
253129046
253129051
253129118
253129195
253129260
253129454
253129504
253129516
253129529
253129703
253129740
253129842
253129909
253129941
253130000
253130026
253130119
253130244
253130254
253130376
253130571
253130663
253130945
253130964
253131014
253131053
253131084
253131097
253131171
253131189
253131230
253131384
253131475
253131558
253131574
253131781
253131833
253131843
253132027
253132064
253132079
253132249
253132260
253132273
253132336
253132488
253132509
253132524
253132552
253132568
253132594
253132597
253132704
253132714
253132767
253132951
253132990
253132991
253133077
253133143
253133161
253133209
253133237
253133348
253133411
253133431
253133473
253133654
253133661
253133671
253133699
253133747
253133753
253133789
253133822
253133871
253133902
253134006
253134233
253134241
253134282
253134288
253134348
253134386
253134395
253134532
253134753
253134974
253135017
253135387
253135593
253135680
253135781
253136426
253136790
253136824
253136849
253136905
253137192
253047868
253048314
253048420
253048536
253048927
253048985
253049039
253049470
253049783
253050567
253050718
253050813
253050879
253050941
253050946
253051001
253051164
253051253
253051494
253051508
253051635
253051807
253051888
253051921
253052111
253052544
253052754
253052791
253052856
253052965
253053121
253053132
253053184
253053206
253053304
253053613
253053764
253053901
253053905
253054267
253054279
253054339
253054387
253054435
253054641
253054742
253054926
253055039
253055345
253055358
253055538
253056059
253056125
253056146
253056183
253056237
253056257
253056296
253056631
253056808
253057208
253057240
253057332
253057458
253057616
253057637
253057779
253057871
253057926
253058056
253058090
253058304
253058309
253058604
253058653
253058767
253059019
253059022
253059086
253059135
253059160
253059268
253059355
253059688
253059725
253059820
253060094
253060148
253060380
253060498
253060532
253061058
253061282
253061347
253061392
253061434
253061436
253061438
253061472
253061482
253061573
253061592
253061636
253061687
253061789
253062069
253062076
253062306
253062351
253062509
253062746
253062834
253062857
253062950
253063298
253063342
253063476
253063650
253063874
253063940
253064134
253064322
253064348
253064378
253064404
253064569
253064602
253064675
253064714
253064807
253065048
253065131
253065169
253065782
253065806
253066006
253066144
253066151
253066329
253066441
253066477
253066931
253066960
253067355
253067493
253067588
253067621
253067877
253067987
253068009
253068241
253068288
253068364
253068461
253068539
253068642
253068877
253068900
253069032
253069240
253069379
253069676
253069769
253069903
253069926
253069970
253070016
253070044
253070108
253070226
253070389
253070537
253070776
253070888
253071027
253071301
253071527
253071584
253071642
253071644
253071894
253072005
253072148
253072561
253072628
253072689
253072867
253072958
253072970
253072985
253073013
253073256
253073294
253073452
253073480
253073487
253073696
253073717
253073725
253073737
253073795
253074140
253074156
253074389
253074546
253074782
253074831
253074849
253075118
253075285
253075334
253075343
253075414
253075484
253075494
253075615
253075632
253075738
253075739
253075922
253137503
253138625
253139421
253139575
253139745
253139748
253139820
253139940
253140030
253140339
253140479
253140552
253140574
253140727
253140780
253140930
253140946
253141040
253141074
253141087
253141146
253141193
253141308
253141383
253141471
253141512
253141522
253141620
253141623
253141629
253141657
253141725
253141839
253141942
253142064
253142209
253142233
253142308
253142391
253142512
253142720
253142840
253142841
253142914
253142933
253142959
253143052
253143210
253143212
253143718
253143954
253144357
253144379
253144743
253144842
253144910
253145146
253145280
253145416
253145478
253145492
253145504
253145575
253145595
253145608
253145644
253145688
253145721
253145886
253146062
253146194
253146213
253146214
253146313
253146466
253146506
253146602
253146713
253146890
253147007
253147047
253147073
253147139
253147483
253147571
253147919
253148238
253148488
253148782
253149115
253149666
253150028
253150242
253150382
253150430
253150596
253150894
253150916
253150922
253151066
253151165
253151417
253151418
253151438
253151531
253151882
253151993
253152156
253152332
253152400
253152401
253152720
253152919
253153051
253153571
253153753
253154299
253154324
253154385
253154919
253155652
253155749
253156180
253156239
253156877
253156918
253157028
253157082
253157204
253157226
253157368
253157537
253157937
253157969
253157985
253158274
253158869
253158954
253159116
253159166
253159169
253159181
253159218
253159237
253159350
253159595
253159637
253159638
253159709
253159730
253159773
253159945
253159968
253159986
253160055
253160068
253160113
253160178
253160182
253160184
253160209
253160426
253160483
253160484
253160526
253160546
253160733
253160833
253160873
253161123
253161298
253161612
253161737
253161766
253161812
253161894
253161985
253162034
253162294
253162315
253162387
253162438
253162456
253162473
253162682
253162781
253162802
253162848
253162868
253162890
253162941
253162968
253162977
253163129
253163141
253163234
253163264
253163286
253163330
253163361
253163412
253163652
253163751
253163791
253163835
253163978
253164009
253164036
253164115
253164169
253164224
253164292
253164378
253164422
253164459
253164530
253164693
253164749
253164772
253164830
253164855
253164876
253164880
253164903
253165153
253165407
253166172
253166794
253166901
253166945
253167348
253169043
253169601
253169777
253170025
253170197
253170259
253170317
253170606
253170709
253170919
253170974
253170999
253171180
253171192
253171317
253171383
253171423
253171453
253171511
253171557
253171731
253171786
253171916
253171952
253171965
253172115
253172116
253172155
253172165
253172243
253172384
253172455
253172474
253172534
253172584
253172619
253172769
253173042
253173215
253173230
253173251
253173395
253173537
253173645
253173669
253173842
253174286
253174367
253174736
253175234
253175342
253175377
253175612
253175618
253175673
253175703
253175772
253175826
253175866
253175923
253176023
253176036
253176045
253176075
253176082
253176112
253176288
253176445
253176506
253176536
253176554
253176648
253176680
253176681
253176769
253176836
253176846
253176936
253177085
253177098
253177200
253177454
253177680
253177704
253177948
253178177
253178229
253178577
253178589
253179034
253179409
253179414
253179679
253179697
253179933
253180104
253180855
253181040
253181284
253181328
253181567
253181571
253181627
253181662
253181987
253182726
253182832
253183010
253183086
253183106
253183121
253183197
253183480
253183904
253183969
253184002
253184508
253184587
253184999
253185202
253185589
253185778
253185782
253185808
253185974
253186137
253186164
253186326
253186774
253186842
253187325
253187571
253187752
253188143
253188362
253188462
253188571
253188602
253188732
253189087
253189287
253189325
253189400
253189923
253190138
253190230
253190238
253190356
253190362
253190421
253190510
253190573
253190643
253190665
253190769
253191168
253191255
253191399
253191583
253191630
253191633
253191813
253192108
253192169
253192175
253192291
253192375
253192381
253192405
253192406
253192666
253192906
253192942
253192993
253193091
253193099
253193144
253193312
253193399
253193413
253193530
253193572
253193593
253193603
253193605
253193621
253193760
253193794
253193797
253193840
253194066
253194073
253194101
253194102
253194210
253194297
253194317
253194382
253194388
253194431
253194487
253194650
253194748
253194803
253194839
253194870
253194921
253194954
253195007
253195025
253195056
253195109
253195146
253195341
253195408
253195476
253195492
253195501
253195536
253195721
253195806
253195867
253195892
253196043
253196087
253196165
253196175
253196275
253196358
253196381
253196477
253196675
253197171
253197418
253197782
253197902
253197927
253198168
253198618
253198670
253200343
253201308
253201379
253201476
253201493
253201645
253201971
253202222
253202439
253202544
253202647
253202649
253202748
253202773
253202884
253202906
253202942
253203056
253203057
253203062
253203066
253203133
253203134
253203159
253203174
253203239
253203350
253203412
253203422
253203436
253203509
253203551
253203555
253203562
253203715
253203752
253203773
253203885
253203891
253204052
253204119
253204216
253204423
253204504
253204509
253204568
253204773
253204834
253204841
253205020
253205608
253205637
253205825
253205883
253206333
253206640
253207067
253207096
253207151
253207342
253207351
253207352
253207393
253207398
253207464
253207502
253207529
253207676
253207682
253207827
253207848
253208012
253208119
253208256
253208348
253208355
253208474
253208568
253208633
253208659
253208730
253208849
253209099
253209626
253209724
253209747
253210016
253210079
253210321
253210369
253210388
253210911
253211141
253211334
253211485
253211580
253212544
253212718
253212780
253212944
253213038
253213094
253213173
253213181
253213355
253213470
253213520
253213770
253214160
253214270
253214621
253214627
253214665
253215048
253215466
253215539
253215898
253216271
253216810
253216842
253216956
253217339
253217940
253217979
253218219
253218874
253219737
253219788
253219996
253220034
253220182
253220365
253220590
253220594
253220684
253220706
253220810
253220827
253221017
253221158
253221515
253221640
253221756
253221825
253221863
253221899
253221949
253222043
253222219
253222220
253222290
253222559
253222613
253222649
253222718
253222719
253222768
253222809
253222882
253222926
253223007
253223112
253223198
253223208
253223295
253223380
253223505
253223561
253223718
253223759
253223921
253223955
253224091
253224508
253224582
253224622
253224653
253224680
253224686
253224713
253224815
253224887
253225083
253225139
253225227
253225280
253225370
253225486
253225487
253225636
253225798
253225893
253226360
253226425
253226480
253226488
253226521
253226532
253226534
253226657
253226662
253226742
253226748
253226777
253226801
253226945
253227122
253227279
253227364
253227447
253227449
253227461
253227541
253227598
253227626
253227745
253227757
253227839
253227917
253227968
253228050
253228177
253228188
253228334
253228563
253228592
253228619
253229069
253229510
253229556
253229630
253229702
253230130
253230365
253230386
253230402
253230436
253232176
253232394
253232710
253232942
253233026
253233253
253233280
253233303
253233392
253233407
253233567
253233717
253234152
253234197
253234369
253234399
253234415
253234527
253234581
253234689
253234729
253234827
253234916
253235017
253235026
253235113
253235181
253235253
253235324
253235362
253235448
253235557
253235608
253235779
253235954
253235984
253236161
253236352
253236414
253236415
253236509
253236568
253236618
253236633
253236789
253237318
253237934
253237962
253238312
253238523
253238612
253238616
253238735
253238895
253238936
253238952
253239023
253239186
253239287
253239326
253239336
253239419
253239652
253239728
253239772
253239838
253239859
253239866
253240031
253240055
253240064
253240070
253240105
253240138
253240168
253240197
253240374
253240401
253240523
253240561
253240570
253240575
253240833
253240892
253241441
253241483
253241562
253241908
253241926
253241957
253242163
253242232
253242328
253242959
253243844
253244076
253244341
253244455
253244705
253244763
253244983
253244988
253245014
253245015
253245119
253245240
253245653
253245897
253246536
253246651
253246660
253246757
253246836
253247105
253247137
253247146
253247391
253247433
253247650
253247835
253248531
253248576
253250023
253250066
253250561
253250767
253251244
253251436
253251581
253251885
253251894
253251953
253251968
253251977
253252147
253252276
253252337
253252472
253252490
253252814
253252824
253253215
253253284
253253377
253253676
253253769
253253857
253253906
253253911
253254022
253254059
253254121
253254182
253254192
253254248
253254307
253254434
253254446
253254463
253254466
253254512
253254816
253254856
253254964
253255026
253255049
253255168
253255177
253255490
253255699
253255781
253255837
253255887
253255910
253255949
253256009
253256074
253256115
253256243
253256288
253256290
253256521
253256605
253256628
253256641
253256681
253256783
253256838
253256845
253256864
253256867
253256972
253257039
253257156
253257199
253257320
253257417
253257564
253257574
253257842
253257853
253257989
253258073
253258129
253258130
253258212
253258273
253258316
253258360
253258389
253258407
253258571
253258578
253258615
253258668
253258733
253258921
253258954
253258962
253259047
253259051
253259066
253259164
253259227
253259260
253259429
253259510
253259528
253259531
253259547
253259684
253260094
253260169
253260198
253260319
253260321
253260361
253260443
253260485
253260581
253260715
253260883
253261259
253261287
253261304
253261478
253261500
253261509
253261965
253261987
253262056
253262336
253262770
253262862
253263059
253294038
253294056
253294244
253294711
253294721
253294846
253295217
253295276
253295306
253295394
253295597
253295598
253295712
253295859
253295887
253296032
253296167
253296177
253296198
253296236
253296318
253296334
253296364
253296410
253296415
253296516
253296519
253296578
253296673
253296870
253296909
253297119
253297240
253297262
253297267
253297277
253297391
253297553
253297718
253297753
253297811
253297998
253298013
253298036
253298094
253298533
253298560
253298750
253298995
253299117
253299176
253299182
253299263
253299284
253299458
253299523
253299589
253299649
253299680
253299758
253299825
253299850
253299890
253299894
253300017
253300018
253300035
253300054
253300104
253300137
253300141
253300301
253300386
253300470
253300513
253300625
253300673
253300696
253300722
253300824
253301480
253301591
253301681
253301769
253302110
253302120
253302194
253302294
253302734
253302838
253303220
253303314
253303365
253303531
253304153
253304570
253304584
253304608
253304809
253304889
253304891
253305038
253305090
253305205
253305575
253306218
253306340
253306639
253307321
253308014
253308022
253308062
253308250
253309337
253310040
253310182
253310400
253310466
253310669
253311113
253311452
253311500
253311505
253311526
253311626
253311956
253312333
253312434
253312482
253312708
253312720
253312750
253313317
253313347
253313547
253313581
253313584
253313649
253313763
253313844
253314001
253314069
253314076
253314095
253314096
253314585
253314713
253314824
253314951
253314981
253315041
253315045
253315114
253315273
253315303
253315491
253315505
253315508
253315589
253315604
253315837
253315934
253316042
253316136
253316147
253316238
253316361
253316367
253316513
253316566
253316879
253316960
253317009
253317021
253317026
253317098
253317109
253317237
253317245
253317273
253317460
253317536
253317553
253317597
253317655
253317725
253317748
253317860
253318029
253318146
253318184
253318330
253318449
253318457
253318549
253318643
253318739
253318842
253318880
253319019
253319126
253319134
253319160
253319191
253319315
253319353
253319398
253319530
253319550
253319660
253319690
253319761
253319791
253320560
253320705
253320735
253320792
253320795
253320872
253321018
253321283
253321294
253321346
253321651
253322627
253355386
253355921
253356143
253356154
253356241
253356456
253356538
253356778
253357073
253357115
253357159
253357355
253357356
253357435
253357603
253357659
253357711
253357774
253357831
253357868
253357921
253357939
253358098
253358106
253358135
253358160
253358177
253358187
253358248
253358260
253358371
253358373
253358562
253358573
253358589
253358632
253358695
253359010
253359048
253359057
253359231
253359366
253359442
253359449
253359457
253359490
253359860
253360004
253360328
253360544
253360571
253360996
253361121
253361172
253361464
253361470
253361475
253361481
253361591
253361720
253361747
253361748
253361754
253361827
253361873
253361881
253361907
253361911
253361918
253362004
253362279
253362341
253362400
253362433
253362505
253362562
253362673
253362700
253362773
253362956
253363025
253363054
253363056
253363324
253363352
253363427
253363504
253363690
253363792
253364030
253364185
253364266
253364293
253364570
253364870
253365161
253365979
253366542
253366598
253367308
253367487
253367488
253367673
253368412
253368527
253368619
253368735
253369441
253369636
253369637
253369650
253369692
253370759
253371409
253372413
253373487
253373567
253373619
253373635
253373667
253373833
253374402
253374421
253374561
253374674
253375118
253375325
253375611
253375702
253375764
253375818
253376086
253376122
253376128
253376193
253376412
253376458
253376590
253376743
253377009
253377046
253377193
253377264
253377322
253377326
253377359
253377631
253377908
253378101
253378126
253378151
253378256
253378340
253378396
253378550
253378813
253378902
253379227
253379320
253379357
253379368
253379372
253379592
253379628
253379663
253379673
253379706
253379795
253379856
253380108
253380124
253380147
253380195
253380434
253380473
253380643
253380753
253380840
253380874
253381003
253381021
253381336
253381479
253381500
253382302
253382377
253382400
253382509
253383276
253383722
253383736
253383749
253324260
253324388
253324531
253324572
253324614
253324690
253324744
253324880
253324927
253325063
253325153
253325243
253325250
253325333
253325371
253325700
253325732
253325747
253325903
253326066
253326167
253326297
253326360
253326545
253326580
253326621
253326658
253326703
253326715
253326717
253326747
253326791
253326807
253326817
253326821
253326839
253326909
253327022
253327032
253327093
253327140
253327307
253327409
253327513
253327536
253327572
253327653
253327712
253327787
253327927
253328059
253328161
253328180
253328216
253328245
253328333
253328400
253328569
253328761
253328984
253329206
253329257
253329573
253329590
253329650
253330015
253330316
253330429
253330450
253330461
253330505
253330559
253330679
253330705
253330746
253330769
253330791
253330826
253330852
253330861
253330862
253330878
253331012
253331076
253331086
253331108
253331266
253331520
253331633
253331657
253331864
253331913
253332029
253332042
253332125
253332160
253332288
253332416
253332528
253332846
253332948
253332977
253333255
253333329
253333353
253333408
253333558
253333606
253333954
253334286
253334363
253334486
253334668
253334980
253335325
253335629
253336044
253336138
253336246
253336252
253336462
253336495
253336588
253336610
253336804
253336908
253337103
253337116
253337344
253337631
253337710
253337845
253337883
253337911
253337974
253337993
253338344
253338684
253338828
253338994
253339173
253339472
253339519
253339691
253339706
253340043
253340606
253340662
253340785
253341010
253341131
253341750
253342055
253342092
253342600
253342663
253343148
253343168
253343623
253343722
253343740
253343920
253343944
253344018
253344118
253344128
253344423
253344520
253344662
253344856
253344883
253344889
253344950
253344994
253345050
253345117
253345174
253345235
253345270
253345363
253345384
253345385
253345422
253345500
253345524
253345594
253345618
253345648
253345840
253345981
253346121
253346129
253346174
253346186
253346196
253346252
253346330
253346397
253346424
253346531
253346821
253346911
253346977
253347043
253347270
253347347
253347487
253347575
253347612
253347701
253347766
253347834
253347846
253348005
253348023
253348094
253348128
253348154
253348228
253348309
253348379
253348389
253348549
253348618
253348620
253348651
253348652
253348721
253348904
253348915
253349244
253349306
253349443
253349489
253349543
253349632
253349634
253349734
253349796
253349805
253349839
253349893
253349907
253349912
253349963
253349999
253350035
253350060
253350170
253350177
253350431
253350434
253350449
253350585
253350816
253350856
253350963
253351018
253351089
253351515
253351568
253351735
253351748
253351842
253351864
253352180
253352333
253352386
253352443
253353143
253353154
253353184
253263969
253264598
253265132
253265380
253265381
253265594
253265662
253265749
253265836
253265874
253266009
253266032
253266448
253266539
253266711
253266861
253267018
253267058
253267095
253267116
253267146
253267225
253267284
253267447
253267490
253267502
253267513
253267575
253267645
253267731
253267798
253267873
253267876
253268059
253268106
253268129
253268223
253268351
253268496
253268503
253268573
253268720
253268747
253268782
253268860
253268871
253269499
253269905
253269982
253270139
253270498
253270634
253270716
253270887
253270906
253270946
253271044
253271091
253271116
253271190
253271192
253271231
253271337
253271368
253271416
253271472
253271679
253271711
253271761
253271836
253271991
253272028
253272117
253272384
253272896
253273076
253273153
253273368
253273370
253273471
253273710
253273736
253273966
253274030
253274163
253274366
253274880
253275470
253275935
253275956
253276031
253276131
253276478
253276677
253276707
253276791
253276849
253276863
253277016
253277113
253277129
253277467
253277495
253277593
253277679
253277727
253277829
253277914
253278869
253279034
253279335
253279494
253279617
253279653
253280063
253280194
253281056
253281442
253281505
253281782
253281927
253282381
253282499
253282577
253282837
253283241
253283756
253283902
253283978
253284444
253284491
253284547
253284677
253284730
253284744
253284763
253285021
253285499
253285593
253285868
253285869
253285882
253286157
253286251
253286428
253286789
253286811
253286877
253286975
253287084
253287121
253287180
253287199
253287593
253287834
253288052
253288072
253288096
253288166
253288243
253288380
253288627
253288681
253288751
253288786
253288852
253289011
253289175
253289187
253289278
253289305
253289607
253289729
253289741
253289761
253289769
253289861
253289905
253289959
253289992
253290098
253290102
253290390
253290541
253290715
253290723
253290863
253384586
253384801
253384817
253384889
253384938
253385141
253385151
253385618
253385670
253385712
253385770
253385859
253385899
253385999
253386030
253386237
253386358
253386752
253386770
253386802
253387016
253387187
253387220
253387221
253387449
253387578
253387612
253387880
253388134
253388444
253388625
253388686
253388700
253388747
253389269
253389302
253389679
253389714
253389805
253390161
253390190
253390435
253390436
253390488
253390562
253390780
253390896
253391301
253391364
253391507
253391610
253391614
253391696
253391735
253391768
253391903
253392094
253392319
253392428
253392453
253392509
253392572
253392690
253392805
253392839
253392977
253393544
253393570
253393639
253393773
253393835
253394134
253394210
253394218
253394246
253394421
253394737
253394772
253395020
253395689
253396031
253396282
253396318
253396569
253396885
253397143
253397148
253397159
253397644
253397874
253397877
253397905
253398082
253398151
253398273
253398500
253398510
253399143
253399283
253399348
253399539
253399589
253399731
253399978
253399981
253400000
253400159
253400249
253400264
253400552
253400774
253400815
253400878
253401054
253401225
253401469
253402045
253402257
253402884
253403036
253403171
253403214
253403287
253403327
253403357
253403465
253403470
253403508
253403519
253403557
253403624
253403737
253403842
253404099
253404256
253404379
253404391
253404429
253404449
253404477
253404625
253404661
253404682
253404716
253404912
253404936
253405919
253406377
253406719
253406773
253407034
253407083
253407227
253407270
253407463
253407816
253407897
253408156
253408263
253408495
253408693
253408760
253408826
253408835
253409064
253409072
253409330
253409493
253409551
253409579
253409863
253410188
253410349
253410497
253410503
253410596
253410847
253410937
253410968
253411334
253411802
253411927
253411999
253412080
253412267
253412431
253412459
253412631
253412651
253412762
253412872
253412947
253413017
253413374
253413444
253413495
253414036
253414058
253414136
253414819
253415026
253415068
253415070
253415142
253415222
253415337
253415344
253415482
253415902
253415915
253416004
253416073
253416444
253416551
253416661
253417238
253417271
253417557
253417668
253417734
253417808
253417932
253418021
253418287
253418295
253418400
253418423
253418620
253418719
253418760
253419277
253419458
253419565
253419739
253419931
253419932
253419935
253419973
253420214
253420230
253420251
253420280
253420433
253420561
253421030
253421078
253421259
253421363
253421611
253422052
253422081
253422307
253422449
253422600
253422652
253422671
253422702
253422755
253422848
253423056
253423163
253423304
253423403
253423548
253423634
253423865
253424132
253424148
253424180
253424320
253424812
253424868
253425012
253425435
253425451
253425489
253425766
253426071
253426137
253426284
253426374
253426442
253426595
253426756
253426762
253426956
253427070
253427247
253427418
253427488
253427588
253427617
253427654
253427933
253428097
253428259
253428267
253428269
253428279
253428306
253428346
253428724
253428876
253429000
253429368
253429441
253429559
253429580
253429592
253429664
253429847
253429863
253429897
253430062
253430138
253430181
253430208
253430442
253430529
253430583
253430619
253430654
253430847
253430906
253430922
253431367
253431533
253431541
253431588
253431648
253431977
253432399
253432572
253432577
253432687
253432791
253432809
253432966
253433120
253433146
253433292
253433396
253433510
253434031
253434204
253434566
253434630
253434718
253434756
253434844
253435198
253435421
253435504
253435779
253435898
253436144
253436233
253436266
253436282
253436686
253436796
253436801
253436807
253437069
253437107
253437215
253437328
253437352
253437439
253437678
253437726
253437834
253437868
253437874
253437986
253438147
253438614
253438628
253438742
253439012
253439246
253439254
253439414
253439485
253439500
253439625
253439854
253439872
253440032
253440247
253440392
253440398
253440457
253440653
253440800
253440895
253440911
253440951
253440977
253441022
253441161
253441544
253441603
253441737
253441753
253441895
253441971
253441985
253442573
253442576
253442594
253443051
253443128
253443293
253443319
253443371
253443413
253443450
253443596
253443959
253444023
253444089
253444186
253444363
253444489
253445030
253445031
253445046
253445079
253445126
253445160
253445201
253445483
253445671
253445723
253445935
253446208
253446243
253446399
253446508
253446769
253446851
253446858
253446877
253446970
253447516
253447728
253447821
253447829
253447868
253447869
253447922
253447934
253448453
253448482
253448541
253448555
253448580
253448646
253448997
253449099
253449117
253449303
253449830
253449884
253449894
253450342
253450343
253450446
253450508
253450529
253450557
253450619
253450624
253451120
253451380
253451410
253451447
253451755
253451793
253451924
253452099
253452140
253452486
253452640
253453274
253453478
253453510
253453522
253453591
253453604
253453817
253454158
253454644
253454750
253454811
253455331
253455384
253455446
253455620
253455632
253455681
253455734
253455866
253455947
253456199
253456222
253456261
253456487
253456507
253456538
253456570
253456713
253456889
253456919
253456970
253457242
253457467
253457878
253457896
253457922
253458068
253458150
253458237
253458331
253458867
253458933
253459073
253459388
253459861
253459880
253460427
253460498
253460590
253460699
253460984
253461377
253461419
253461439
253461487
253461658
253461682
253461703
253461879
253461929
253462042
253462367
253462457
253462625
253462751
253462764
253462778
253462862
253463218
253463303
253463417
253463435
253463493
253463722
253463994
253464237
253464496
253464497
253464625
253464689
253464824
253464857
253464866
253464877
253464948
253465150
253465244
253465307
253465448
253465486
253465556
253465595
253465746
253465983
253466026
253466357
253466451
253466532
253466711
253466787
253466891
253466939
253466998
253467239
253467382
253467641
253467694
253467756
253467788
253468129
253468606
253468608
253468831
253468864
253469005
253469396
253469464
253469490
253469698
253469858
253469881
253470247
253470332
253470737
253470960
253471227
253471282
253471388
253471806
253472064
253472168
253472357
253472466
253472750
253472993
253473255
253473277
253473544
253473564
253473644
253473667
253473697
253473946
253473967
253474084
253474417
253474628
253474630
253474701
253474713
253474859
253475159
253475233
253475300
253475350
253475649
253475799
253475894
253476045
253476218
253476269
253476280
253476388
253476437
253476564
253476806
253476834
253476899
253476947
253476971
253477001
253477060
253477100
253477132
253477420
253477490
253477666
253507294
253507561
253507597
253507599
253507710
253507753
253507834
253508221
253508274
253508314
253508453
253508479
253508535
253508697
253508953
253509622
253509702
253509862
253509884
253509942
253510336
253510364
253510395
253510398
253510542
253510717
253511098
253511120
253511320
253511539
253511766
253511835
253511973
253512059
253512139
253512267
253512439
253512457
253512513
253512555
253512731
253512789
253512807
253512847
253512855
253513076
253513200
253513233
253513236
253513344
253513517
253513759
253513766
253513908
253513936
253514048
253514184
253514207
253514273
253514292
253514367
253514377
253514530
253514742
253515136
253515220
253515331
253515464
253515570
253515622
253515899
253515931
253515958
253516132
253516302
253516431
253516633
253516922
253517436
253517469
253517633
253517681
253517887
253517956
253518123
253518244
253518420
253518447
253518459
253518589
253518639
253518661
253518922
253519113
253519278
253519281
253519406
253519425
253519701
253519744
253519895
253520023
253520275
253520324
253520388
253520635
253520945
253521042
253521351
253521528
253521862
253521895
253521958
253522191
253522275
253522421
253522511
253522668
253522798
253522831
253522851
253522875
253523073
253523464
253523994
253524099
253524331
253524350
253524368
253524401
253524672
253524739
253524924
253525087
253525438
253525520
253525643
253525725
253525761
253525779
253525865
253525869
253526453
253526584
253526716
253526849
253526942
253526953
253527104
253527119
253527342
253527465
253527564
253527578
253528007
253528130
253528273
253528332
253528514
253528637
253528888
253528971
253529123
253529211
253529487
253529514
253529555
253529707
253529768
253529790
253529898
253529907
253529917
253529919
253529985
253530010
253530051
253530195
253530223
253530264
253530444
253530641
253530700
253530853
253530998
253531048
253531269
253531429
253531780
253531855
253532041
253532108
253532533
253532695
253532884
253532936
253532973
253533106
253533312
253533352
253533449
253533759
253533784
253534036
253534247
253534495
253534962
253535342
253535522
253535603
253535903
253535983
253536230
253536237
253536338
253536427
253536466
253536561
253536579
253536632
253536857
253536888
253537138
253537264
253537268
253537347
253537545
253537549
253537554
253537659
253537896
253538047
253538138
253538442
253538531
253538536
253538538
253538554
253538630
253538723
253538911
253538976
253539030
253539337
253539519
253539532
253539545
253539650
253539883
253539907
253539932
253539966
253539969
253540037
253540228
253540358
253540469
253540515
253540715
253541068
253541100
253541142
253541195
253541224
253541265
253541277
253541789
253541825
253541951
253541994
253542159
253542276
253542307
253542511
253542512
253542885
253542910
253542944
253542970
253542987
253543003
253543017
253543327
253543500
253543519
253543608
253543916
253543920
253544175
253544334
253544359
253544385
253544566
253544572
253544630
253544667
253544714
253545240
253545281
253545381
253545399
253545514
253546017
253546020
253546266
253546676
253547340
253547416
253547429
253547480
253547751
253547807
253547811
253548009
253548020
253548174
253548266
253548558
253548593
253548701
253548736
253548821
253548994
253549115
253549360
253549381
253549492
253549772
253550168
253550183
253550331
253550352
253550375
253550991
253551229
253551591
253551700
253552033
253552095
253552143
253552543
253552906
253553115
253553119
253553259
253553290
253553555
253553611
253553862
253554031
253554182
253554207
253554379
253554388
253554468
253554530
253554537
253554698
253554770
253555100
253555490
253555571
253555579
253555649
253555735
253555768
253555798
253555800
253556003
253556128
253556363
253556548
253556812
253556815
253556881
253556997
253557125
253557150
253557452
253557511
253557766
253557871
253557872
253557960
253557967
253557987
253558131
253558180
253558310
253558565
253559112
253559186
253559311
253559398
253559477
253559559
253559877
253560150
253560255
253560298
253560521
253560574
253560619
253560645
253560768
253560861
253560884
253561408
253561718
253561791
253561907
253561962
253562050
253562120
253562160
253562784
253562846
253562907
253562932
253563425
253563476
253563736
253563780
253563788
253563841
253564039
253564181
253564221
253564900
253564983
253564999
253565109
253565141
253565251
253565277
253565422
253565662
253566023
253566185
253566354
253566376
253566497
253566583
253566893
253566976
253567043
253567445
253567650
253567665
253477905
253477993
253478186
253478221
253478346
253478597
253478646
253478760
253478780
253478882
253478907
253478926
253478972
253479281
253479545
253479677
253480221
253480321
253480324
253480369
253480508
253480630
253480724
253480747
253480783
253480865
253480895
253480969
253480996
253481052
253481180
253481181
253481339
253481787
253482077
253482142
253482228
253482346
253482404
253482493
253482752
253482771
253482787
253483136
253483317
253483467
253483958
253484121
253484131
253484454
253484519
253484520
253484617
253484708
253484800
253484841
253484916
253484936
253484947
253485134
253485252
253485824
253485864
253485876
253485999
253486106
253486136
253486231
253486413
253486924
253486946
253487247
253487290
253487490
253487538
253487691
253487706
253487735
253487886
253487967
253488071
253488451
253488707
253488951
253489033
253489244
253489324
253489341
253489375
253489398
253489699
253489719
253489791
253489806
253490079
253490183
253490349
253490361
253490527
253490568
253490758
253491012
253491050
253491266
253491278
253491409
253492096
253492260
253492340
253492364
253492390
253492508
253492895
253492897
253492985
253493348
253493399
253493598
253493635
253493967
253494063
253494613
253494620
253494672
253494715
253494774
253495162
253495285
253495392
253495500
253495584
253495753
253496223
253496372
253496476
253496514
253496548
253496648
253497415
253497597
253497659
253497855
253497886
253498063
253498166
253498398
253498475
253498632
253498642
253498938
253499066
253499260
253499265
253499300
253500283
253500326
253500568
253501222
253501298
253501354
253501544
253501871
253501885
253501908
253502041
253502076
253502149
253502238
253502321
253503433
253503685
253504038
253504285
253504709
253504713
253504951
253505554
253505642
253505790
253506630
253568017
253568043
253568093
253568159
253568230
253568259
253568314
253568564
253568600
253568666
253568759
253568859
253569320
253569617
253569742
253569813
253569899
253570019
253570042
253570264
253570511
253571167
253571661
253571698
253572127
253572285
253572366
253572385
253572526
253572532
253572617
253572723
253572733
253572772
253572848
253572961
253573065
253573128
253573179
253573294
253573300
253573350
253573356
253573357
253573411
253573445
253573546
253573749
253573756
253573879
253574275
253574291
253574382
253574391
253574534
253574989
253575034
253575316
253575439
253575489
253575527
253576192
253576303
253576369
253576478
253576904
253576916
253577282
253577290
253577396
253577427
253577493
253577554
253577631
253577772
253577849
253577893
253577932
253578074
253578218
253578303
253578336
253578432
253578507
253578681
253579072
253579428
253579448
253579462
253579880
253579985
253580081
253580205
253580214
253580273
253580388
253580469
253580497
253580671
253580754
253580768
253580786
253580811
253581164
253581200
253581248
253581442
253581521
253581685
253581756
253582182
253582220
253582235
253582259
253582306
253582316
253582500
253582576
253582606
253582657
253582761
253583078
253583278
253583592
253583598
253583652
253583865
253584106
253584270
253584305
253584498
253584560
253584835
253584841
253585009
253585010
253585031
253585140
253585287
253585472
253585619
253585722
253585745
253585949
253586068
253586167
253586199
253586645
253586703
253586726
253586800
253586803
253586834
253587049
253587553
253587665
253587673
253587776
253587826
253588228
253588312
253588534
253588543
253588592
253588632
253588743
253588830
253588884
253589220
253589259
253589421
253589621
253589653
253589794
253590029
253590490
253590491
253590502
253590674
253590687
253590783
253591143
253591189
253591232
253591236
253591584
253591589
253591635
253591754
253591792
253591884
253591922
253591939
253592123
253592174
253592313
253592379
253592491
253592492
253592561
253592678
253592865
253592902
253592933
253592956
253593033
253593111
253593152
253593229
253593279
253593304
253593519
253593535
253593549
253593797
253594216
253594236
253594776
253594907
253595025
253595038
253595074
253595176
253595203
253595206
253595358
253595418
253595443
253596111
253596178
253596321
253596386
253596486
253596500
253596554
253596621
253596652
253596978
253597044
253597221
253597254
253597259
253597493
253597521
253597620
253597703
253598032
253598033
253598038
253598058
253598162
253598168
253598206
253598438
253598474
253598761
253598826
253598845
253598903
253599031
253599403
253599536
253599655
253599698
253599716
253600049
253600065
253600182
253600188
253600440
253600535
253600615
253600904
253600926
253600975
253601104
253601125
253601273
253601280
253601322
253601338
253601356
253601365
253601450
253602034
253602284
253602286
253602483
253602539
253602633
253602686
253603483
253603756
253603764
253603785
253603877
253603905
253603967
253604011
253604194
253604392
253604435
253604440
253604636
253604792
253605185
253605193
253605245
253605252
253605509
253605576
253605682
253605725
253605836
253605911
253605946
253605961
253606345
253606438
253606441
253606770
253606777
253606783
253607028
253607195
253607318
253607411
253607433
253607790
253607831
253607948
253608040
253608142
253608152
253608171
253608203
253608246
253608294
253608588
253608836
253608907
253608952
253609071
253609185
253609259
253609368
253609424
253609489
253609924
253609926
253610096
253610119
253610215
253610279
253610612
253610655
253610685
253610751
253610821
253611120
253611377
253611387
253611408
253611480
253611563
253611930
253612169
253612181
253612221
253612558
253612842
253612915
253613106
253613138
253613502
253613602
253613873
253614053
253614309
253614350
253614415
253614422
253614729
253614808
253615009
253615137
253615225
253615282
253615305
253615434
253615659
253615848
253615919
253616101
253616151
253616440
253616498
253616512
253616528
253616630
253616656
253616678
253616693
253617241
253618063
253618275
253618351
253618622
253618809
253618839
253618968
253619008
253619076
253619118
253619254
253619361
253619378
253619411
253619492
253619514
253619670
253619805
253619922
253620058
253620150
253620173
253620223
253620404
253620507
253620635
253620753
253620848
253620919
253620950
253621065
253621135
253621232
253621696
253621741
253621825
253621843
253621888
253621890
253622084
253622123
253622463
253622524
253622614
253622685
253622797
253622943
253623001
253623015
253623057
253623162
253623460
253623589
253623594
253623804
253623931
253624016
253624091
253624191
253624225
253624249
253624358
253624525
253625327
253625492
253625570
253625826
253625865
253625950
253626027
253626107
253626135
253626145
253626510
253626516
253626783
253626841
253626876
253626880
253627012
253627019
253627174
253627643
253627775
253627788
253627794
253627814
253627871
253628120
253628281
253628499
253628500
253628525
253628591
253628637
253628759
253628857
253629101
253660781
253660836
253661517
253661671
253661703
253662133
253662164
253662292
253662370
253662539
253662594
253662606
253662831
253662937
253662939
253663016
253663048
253663123
253663188
253663223
253663354
253663406
253663777
253663832
253663949
253664192
253664207
253664472
253664474
253664729
253664958
253665031
253665174
253665432
253665671
253665709
253665792
253665859
253666172
253666390
253666455
253666678
253667484
253667532
253667678
253667747
253667754
253667821
253667938
253667986
253668345
253668347
253668501
253668515
253668620
253668734
253668834
253668859
253668872
253669075
253669328
253669481
253669488
253669503
253669922
253670486
253670529
253670596
253670680
253670716
253670797
253670871
253671118
253671142
253671303
253671586
253671608
253671743
253672041
253672223
253672264
253672305
253672650
253672994
253673097
253673152
253673212
253673254
253673504
253674078
253674172
253674293
253674412
253674467
253674571
253674652
253674789
253674898
253675032
253675255
253675313
253675367
253675567
253675593
253675716
253675983
253675984
253675986
253676005
253676164
253676206
253676493
253676529
253676641
253676930
253676961
253677020
253677143
253677162
253677171
253677429
253677434
253677681
253677738
253677755
253677765
253677775
253678048
253678086
253678192
253678201
253678205
253678317
253678407
253678592
253678720
253679189
253679553
253679566
253679587
253679903
253680020
253680189
253680673
253680961
253680976
253681486
253681746
253681993
253682145
253682288
253682295
253682410
253682555
253682665
253682822
253682868
253683118
253683313
253683420
253683477
253683512
253683548
253683556
253683778
253683804
253684115
253684122
253684200
253684241
253684301
253684424
253684499
253684766
253684865
253684940
253685645
253685843
253686058
253686162
253686183
253686204
253686313
253686370
253686410
253686433
253686742
253686793
253687169
253687353
253687689
253687702
253687938
253688072
253688131
253688309
253688393
253688715
253688750
253688756
253688797
253688880
253688895
253689355
253689416
253689547
253689618
253689759
253690015
253690416
253690505
253690554
253690688
253691328
253691335
253691421
253691856
253691912
253692013
253692072
253692097
253692172
253692534
253692544
253629185
253629263
253629356
253629436
253629692
253629958
253630068
253630169
253630197
253630244
253630301
253630763
253630766
253630800
253630829
253630879
253631039
253631104
253631110
253631153
253631394
253631646
253631669
253631791
253631910
253632116
253632131
253632385
253632443
253632665
253632687
253632792
253632806
253632980
253633101
253633537
253633877
253633947
253634046
253634284
253634669
253634757
253635184
253635654
253635715
253635911
253636025
253636241
253636265
253636275
253636290
253636551
253636597
253636602
253636688
253636905
253637018
253637199
253637332
253637388
253637597
253637767
253637864
253637897
253638369
253638477
253638620
253638661
253639082
253639480
253639568
253639616
253639693
253639775
253639825
253639970
253640011
253640208
253640325
253640616
253640796
253640819
253640833
253640840
253640863
253640966
253641245
253641260
253641391
253641512
253641528
253641880
253641965
253642070
253642128
253642187
253642406
253642408
253642449
253642450
253642543
253642563
253642598
253642824
253642936
253643332
253643335
253643586
253643922
253644353
253644464
253644538
253644681
253644971
253645024
253645118
253645750
253645794
253645926
253646158
253646223
253646229
253646359
253646534
253646602
253646771
253646776
253647148
253647153
253647384
253647491
253647563
253647600
253647619
253647645
253647669
253647957
253648021
253648047
253648056
253648169
253648185
253648201
253648208
253648281
253648425
253648572
253648885
253648896
253649423
253649492
253649553
253649948
253650123
253650240
253650350
253650363
253650415
253650490
253650724
253650766
253650841
253650884
253650939
253651073
253651115
253651179
253651371
253651373
253651551
253651652
253651706
253652025
253652198
253652335
253652385
253652398
253652453
253652482
253652660
253652697
253652706
253652723
253652732
253652805
253652927
253653042
253653107
253653302
253653426
253653563
253653660
253653877
253653883
253653899
253654277
253654307
253654360
253654443
253654449
253654460
253654561
253654690
253654800
253654921
253654955
253655080
253655107
253655148
253655303
253655471
253655709
253655807
253655956
253656076
253656205
253656443
253656541
253656705
253656733
253656878
253657062
253657078
253657102
253657177
253657233
253657237
253657277
253657304
253657335
253657340
253657347
253657372
253657634
253657697
253657710
253657763
253657776
253657865
253658001
253658012
253658066
253658328
253658428
253658496
253658595
253658598
253658863
253658874
253659069
253659124
253659353
253659656
253659757
253659802
253659810
253660436
253660469
253660520
253660668
253937097
253937159
253937289
253937601
253938102
253938106
253938205
253938233
253938242
253938597
253938716
253938953
253939279
253939420
253939453
253939725
253939803
253939851
253940090
253940229
253940277
253940306
253940456
253940483
253940746
253940755
253941273
253941677
253941919
253942020
253942286
253942456
253943011
253943037
253943100
253943173
253943215
253943424
253943835
253944096
253944221
253944521
253944740
253944762
253945255
253945289
253945508
253946256
253946288
253946436
253946526
253947103
253947483
253947850
253947918
253947953
253948015
253948078
253948191
253948279
253948295
253949326
253949430
253949535
253949611
253949911
253950158
253950645
253951098
253951382
253951908
253952059
253952086
253952160
253952299
253952666
253952922
253953604
253953636
253953661
253953812
253953830
253953843
253953924
253953954
253954110
253954292
253954381
253954596
253954613
253954704
253954748
253955334
253955435
253955536
253955858
253956000
253956041
253956051
253956285
253956291
253956356
253956654
253956975
253957315
253957404
253957643
253957720
253957764
253957778
253958060
253958516
253958673
253959021
253959136
253959578
253959685
253959757
253959907
253960079
253960359
253960659
253960664
253960732
253961218
253961345
253961742
253962055
253962065
253962156
253962469
253962587
253963330
253963697
253963760
253963879
253964116
253964525
253964879
253965368
253965716
253965886
253966195
253966380
253966421
253966457
253966473
253966550
253966795
253967317
253967536
253967557
253722226
253722355
253722370
253722492
253722566
253722574
253722647
253722751
253722934
253723041
253723170
253723177
253723185
253723307
253723323
253723483
253723783
253723789
253723874
253724070
253724080
253724139
253724476
253724648
253724700
253724793
253724799
253725247
253725336
253725338
253725565
253725717
253725757
253725783
253726071
253726236
253726299
253726401
253726549
253726584
253726704
253726725
253726727
253726747
253726786
253726871
253726877
253726907
253726911
253727181
253727192
253727327
253727386
253727525
253727619
253727680
253727707
253727807
253727824
253727911
253727944
253727975
253728507
253728879
253728983
253729059
253729217
253729386
253729464
253729553
253729565
253729686
253729856
253730117
253730168
253730172
253730354
253730359
253730567
253730722
253731154
253731486
253731675
253731701
253731808
253731812
253731862
253732317
253732385
253732388
253732647
253732680
253732812
253732953
253733182
253733237
253733351
253733409
253733665
253733794
253733808
253733896
253733914
253733925
253734536
253734591
253734696
253734739
253734787
253734884
253734991
253735120
253735186
253735213
253735275
253735521
253735549
253735712
253735742
253736341
253736401
253736738
253737001
253737018
253737131
253737510
253737653
253737707
253737778
253738300
253738339
253738660
253738662
253738676
253738721
253738832
253739149
253739371
253739401
253739424
253739474
253739492
253739605
253739848
253739885
253739905
253740511
253740684
253740932
253741362
253741373
253741389
253741742
253742207
253742292
253742478
253742514
253742551
253742652
253742940
253743067
253743271
253743410
253743421
253743548
253743564
253743719
253744321
253744333
253744358
253744545
253744744
253744852
253745046
253745194
253745232
253745262
253746472
253746477
253746593
253746864
253746934
253746962
253747049
253747268
253747365
253747540
253747573
253747771
253748116
253748475
253748500
253748917
253748940
253749037
253749105
253749142
253749175
253749657
253749817
253749950
253750211
253750587
253750773
253750839
253750913
253751092
253751264
253751366
253751417
253751432
253751473
253751827
253752194
253907749
253907933
253909293
253909534
253909834
253909901
253909985
253910144
253910226
253910401
253910552
253910603
253910616
253910942
253910969
253911263
253911437
253911488
253911593
253911707
253911808
253911933
253912063
253912227
253912308
253912924
253913322
253913772
253913823
253913848
253914309
253914557
253914626
253914700
253914888
253914934
253915062
253915159
253915351
253915538
253915896
253915900
253916036
253916159
253916305
253916551
253916758
253917040
253917092
253917543
253917610
253918129
253918317
253918439
253918770
253919280
253920500
253920573
253920869
253921130
253921166
253921428
253922060
253922101
253922195
253922739
253922781
253922981
253923211
253923933
253924074
253924275
253924421
253925074
253925702
253926006
253926214
253926396
253926479
253926602
253926893
253927031
253927493
253927697
253927770
253927869
253927930
253927992
253928095
253929108
253929259
253929969
253930017
253930208
253930296
253930443
253930563
253930796
253931940
253932149
253932417
253932633
253932635
253932674
253933076
253933346
253933693
253934012
253935215
253935251
253935330
253935373
253935628
253935707
253935716
253935878
253936913
253936949
253937015
253784444
253784905
253785181
253785239
253785252
253785316
253785522
253785730
253785843
253786315
253786393
253786547
253786672
253786901
253786933
253787235
253787298
253787322
253787407
253787473
253787540
253787628
253787734
253787770
253787787
253787884
253787979
253788034
253788163
253788335
253788362
253788363
253788438
253788624
253788637
253788666
253788892
253788953
253789057
253789116
253789233
253789483
253789657
253789719
253789841
253790136
253790262
253790277
253790289
253790674
253790775
253790804
253791120
253791135
253791146
253791199
253791342
253791379
253791466
253791508
253791528
253791533
253791545
253791551
253791564
253791760
253792062
253792135
253792430
253792484
253792488
253792553
253792811
253792907
253792911
253793062
253793075
253793268
253793343
253793390
253793606
253793819
253794166
253794407
253794780
253794999
253795117
253795458
253795899
253796131
253796380
253796780
253796800
253796881
253796982
253797270
253797404
253797669
253797962
253798114
253798343
253798355
253798369
253798420
253798435
253798631
253798713
253799126
253799203
253799250
253799251
253799513
253800445
253800994
253801494
253801553
253801732
253801861
253801912
253802443
253802770
253803055
253803241
253803690
253803707
253803926
253804010
253804096
253804322
253804890
253805127
253805149
253805230
253805464
253805529
253805531
253805561
253805566
253805668
253805680
253805719
253805773
253805817
253805890
253806068
253806095
253806120
253806276
253806454
253806525
253806627
253806729
253806788
253806886
253807036
253807046
253807210
253807710
253807716
253807720
253807763
253807860
253807897
253807906
253807938
253808251
253808375
253808400
253808553
253808613
253808662
253808706
253808780
253808801
253808814
253808852
253808860
253808881
253809044
253809059
253809083
253809120
253809135
253809149
253809163
253809195
253809229
253809254
253809256
253809323
253809446
253809496
253809504
253809533
253809558
253809602
253809632
253809777
253809943
253809971
253810044
253810222
253810233
253810259
253810286
253810339
253810440
253810445
253810560
253810575
253810642
253810702
253810753
253810762
253810809
253810851
253811527
253811538
253811630
253812032
253812397
253812430
253812437
253812496
253813164
253813191
253813208
253813227
253813267
253753145
253753839
253753856
253753990
253754178
253754235
253754256
253754267
253754278
253754632
253755142
253755153
253755448
253755758
253755857
253755881
253756012
253756038
253756084
253756085
253756106
253756162
253756213
253756214
253756218
253756319
253756339
253756370
253756495
253756505
253756531
253756785
253756822
253756830
253756886
253756950
253757055
253757101
253757138
253757154
253757316
253757364
253757388
253757424
253757458
253757477
253757495
253757535
253757570
253757606
253757655
253757704
253757819
253757877
253758086
253758205
253758285
253758315
253758613
253758825
253758979
253759017
253759447
253759473
253759678
253759876
253759933
253760030
253760129
253760188
253760236
253760240
253760257
253760266
253760304
253760320
253760372
253760384
253760536
253760601
253760755
253760961
253761010
253761049
253761081
253761093
253761100
253761189
253761337
253761392
253761421
253761435
253761437
253761755
253761852
253761942
253762414
253762427
253762467
253762697
253762751
253762844
253762877
253762962
253763474
253763777
253763969
253764011
253764045
253764074
253764081
253764088
253764342
253764462
253764561
253765004
253765528
253765534
253765866
253765889
253765936
253766276
253766836
253766948
253767140
253767200
253767421
253767526
253767530
253767532
253768053
253768320
253768361
253768809
253769005
253769175
253769508
253770744
253770776
253771187
253771208
253771320
253771479
253771495
253771501
253771520
253771600
253771899
253772080
253772129
253772418
253772779
253772888
253773122
253773166
253773224
253773319
253773437
253773542
253773643
253773715
253774051
253774086
253774322
253774408
253774436
253774496
253774540
253774747
253774881
253774887
253774949
253774992
253775214
253775368
253775506
253775545
253775655
253775680
253775817
253775823
253776098
253776106
253776107
253776173
253776352
253776615
253776714
253776767
253776773
253777084
253777125
253777156
253777186
253777255
253777519
253777521
253777617
253777646
253777662
253777663
253777723
253777785
253777967
253778224
253778228
253778231
253778345
253778409
253778495
253778503
253778525
253778554
253778622
253778655
253778669
253778774
253778849
253778867
253778902
253778924
253778997
253779006
253779048
253779078
253779082
253779185
253779247
253779322
253779408
253779454
253779477
253779550
253779630
253779710
253779809
253780048
253780053
253780060
253780138
253780174
253780175
253780316
253780385
253780469
253780482
253780727
253780888
253781192
253781491
253781608
253781926
253781966
253781982
253782240
253782659
253693296
253693361
253693378
253693696
253693754
253694254
253694332
253694343
253694519
253694564
253694578
253694684
253694977
253695188
253695226
253695263
253695401
253695710
253695918
253696045
253696090
253696159
253696194
253696295
253696753
253696876
253696932
253697004
253697023
253697288
253697696
253697972
253698308
253698433
253698489
253698514
253698655
253698752
253698754
253698797
253699503
253699513
253699572
253699621
253699643
253699972
253700125
253700197
253700244
253700491
253700503
253700540
253701064
253701146
253701165
253701209
253701298
253701434
253701532
253701666
253701832
253702001
253702086
253702168
253702289
253702460
253702492
253702503
253702636
253702819
253702862
253702929
253703171
253703388
253703727
253703850
253703890
253703920
253704207
253704216
253704243
253704309
253704406
253704534
253704710
253704797
253704807
253705040
253705252
253705253
253705258
253705269
253705326
253705411
253705539
253705925
253706060
253706085
253706356
253706504
253706527
253706697
253707316
253707602
253708072
253708322
253709037
253709115
253709213
253709310
253709752
253709813
253709899
253709953
253709995
253710120
253710374
253710660
253710690
253710766
253711494
253712503
253712553
253712568
253712636
253712654
253712882
253712904
253713019
253713147
253713296
253713490
253713563
253713640
253713668
253713924
253714095
253714106
253714235
253714265
253714429
253714454
253714512
253714632
253714777
253715299
253715474
253715559
253715663
253716133
253716336
253716528
253716790
253716984
253717089
253717107
253717329
253717359
253717497
253717521
253718050
253718066
253718350
253718447
253718478
253718716
253718758
253718933
253719094
253719151
253719244
253719364
253719631
253719662
253719740
253719884
253721093
253721529
253721864
253721879
253722056
253844951
253845793
253845952
253846037
253846073
253846143
253846172
253846383
253846639
253846652
253846793
253846848
253846894
253846915
253846920
253847067
253847106
253847192
253847384
253847388
253847633
253847707
253847736
253847835
253847888
253847892
253847903
253847930
253847952
253847984
253848011
253848133
253848248
253848315
253848317
253848640
253848670
253848863
253848882
253848924
253848942
253848972
253849070
253849139
253849146
253849369
253849452
253849545
253849572
253849593
253849719
253850008
253850082
253850248
253850391
253850660
253850825
253850850
253850978
253851079
253851126
253851191
253851334
253851493
253851605
253851634
253851687
253851861
253851866
253851867
253851869
253852044
253852070
253852200
253852351
253852432
253852505
253852532
253852661
253852704
253852774
253852801
253852817
253852870
253852933
253853076
253853112
253853131
253853491
253853565
253853691
253853752
253853946
253854012
253854108
253854156
253854586
253854834
253854854
253855244
253855434
253855706
253855707
253856709
253857038
253857111
253857158
253857628
253857667
253857721
253857788
253857832
253858002
253858245
253858810
253858993
253859024
253859085
253859123
253859203
253859537
253859700
253859870
253860040
253860549
253860907
253862562
253863007
253863133
253863328
253863646
253864239
253864992
253865188
253865313
253865406
253865450
253865509
253865803
253865891
253866055
253866079
253866202
253866219
253866249
253866266
253866374
253866402
253866448
253866458
253866603
253866605
253866616
253866715
253866877
253867077
253867147
253867181
253867194
253867350
253867429
253867603
253867672
253867725
253867881
253867993
253868283
253868465
253868680
253868741
253868751
253868763
253868848
253868855
253868871
253868911
253868948
253869015
253869024
253869027
253869057
253869084
253869140
253869223
253869347
253869355
253869589
253869822
253869842
253869867
253869946
253870089
253870107
253870144
253870166
253870189
253870317
253870318
253870344
253870415
253870553
253870574
253870638
253870640
253870707
253870780
253870843
253870996
253871028
253871040
253871116
253871232
253871239
253871400
253871428
253871555
253871559
253871598
253871768
253871823
253871980
253872117
253872159
253872324
253872364
253872635
253872934
253873092
253873284
253873455
253874073
253874152
253874219
253874363
253874707
253874717
253874785
253874975
253814960
253815791
253816100
253816121
253816172
253816495
253816606
253816790
253816805
253816807
253816809
253816826
253817293
253817306
253817717
253817729
253817751
253817831
253817871
253818034
253818165
253818170
253818175
253818261
253818282
253818327
253818385
253818468
253818606
253818701
253818751
253818826
253818879
253818880
253818987
253818992
253819163
253819424
253819425
253819737
253820154
253820496
253820635
253820675
253820969
253820975
253820991
253820992
253821052
253821315
253821409
253821417
253821457
253821563
253821614
253821664
253821679
253821719
253821776
253821852
253821885
253821894
253821915
253821968
253821974
253821996
253822020
253822070
253822281
253822678
253822715
253822862
253823034
253823056
253823263
253823278
253823621
253823654
253823793
253824190
253824223
253824241
253824441
253824756
253825250
253825520
253825989
253826011
253826224
253826371
253826786
253826929
253827059
253827061
253827073
253827096
253827241
253827350
253827471
253827484
253827609
253827720
253827963
253828531
253828540
253828550
253828577
253829261
253829300
253829407
253829409
253829419
253830139
253830283
253830587
253830880
253831102
253831829
253831830
253832904
253832975
253833166
253833353
253833475
253833706
253833728
253833736
253833811
253833955
253834274
253834466
253834502
253834596
253834664
253834912
253835044
253835057
253835114
253835208
253835279
253835299
253835420
253835421
253835569
253835603
253835629
253835650
253835737
253835802
253835935
253836157
253836186
253836202
253836204
253836229
253836234
253836267
253836347
253836516
253836581
253836587
253836627
253836681
253836906
253836961
253837039
253837288
253837732
253837733
253837741
253837751
253837955
253837992
253838066
253838074
253838093
253838094
253838486
253838499
253838521
253838913
253838964
253838965
253839120
253839206
253839274
253839282
253839300
253839431
253839526
253839562
253839571
253839644
253839727
253839733
253839754
253839816
253839929
253839971
253840034
253840214
253840249
253840272
253840340
253840424
253840479
253840545
253840697
253840803
253840852
253840871
253840876
253840894
253840934
253841059
253841173
253841402
253841733
253841926
253842097
253842248
253842652
253842732
253842912
253843168
253875741
253875910
253875954
253875958
253876177
253876271
253876402
253876426
253876511
253876559
253876882
253877012
253877036
253877120
253877278
253877533
253877617
253877680
253877736
253877799
253877840
253877917
253878104
253878151
253878209
253878279
253878636
253878731
253878806
253878847
253878965
253879041
253879113
253879140
253879189
253879427
253879654
253879717
253879907
253880001
253880034
253880045
253880094
253880561
253880940
253881005
253881470
253881988
253882059
253882108
253882111
253882379
253882426
253882465
253882570
253882580
253882648
253883312
253883460
253883477
253883640
253883827
253883862
253884227
253884367
253884580
253884608
253884645
253884877
253884960
253884987
253885064
253885189
253885302
253885360
253885386
253885413
253885573
253885872
253885904
253886019
253886081
253886139
253886301
253886307
253886369
253886423
253886543
253886546
253886681
253886871
253886907
253886961
253886999
253887207
253887463
253887572
253887978
253888081
253888241
253888747
253888847
253888869
253888873
253889164
253889194
253889447
253889473
253889543
253889719
253889726
253889922
253889953
253889997
253890017
253890029
253890073
253890146
253890196
253890509
253890651
253890762
253890869
253890967
253891016
253891147
253891206
253891224
253891241
253891243
253891339
253891530
253892383
253892467
253892500
253892594
253892658
253892789
253892849
253892934
253893099
253893155
253893237
253893446
253893578
253893875
253893880
253893939
253894001
253894065
253894203
253894375
253894604
253894626
253894872
253894906
253894932
253895239
253895329
253895336
253895465
253895572
253895605
253895694
253895743
253895872
253895975
253896116
253896156
253896230
253896279
253896820
253896912
253897133
253897242
253897410
253897784
253897833
253898007
253898518
253898575
253898629
253899240
253899245
253899371
253899414
253899453
253899456
253899471
253899527
253899760
253899870
253899881
253899898
253900209
253900230
253900337
253900498
253901177
253901319
253901392
253901598
253901828
253901944
253902016
253902216
253902419
253902435
253902454
253902461
253902491
253902559
253902653
253902727
253902753
253902760
253902812
253902922
253903151
253903254
253903386
253903730
253903733
253903811
253904113
253904215
253904604
253904745
253905303
253905350
253905402
253906340
253906498
253906609
253906623
253906711
253906852
253906870
253906969
253907048
253907196
253907212
253907281
253907327
253907348
253907520
253999959
254000459
254000654
254000857
254000935
254001039
254001087
254001138
254001228
254001255
254001861
254001869
254001880
254002005
254002094
254002198
254002202
254002303
254002494
254002602
254002630
254002724
254002771
254002857
254002901
254002932
254002991
254003146
254003167
254003269
254003458
254003489
254003600
254003708
254003778
254003821
254003859
254003861
254003872
254004018
254004086
254004105
254004164
254004256
254004344
254004455
254004530
254004545
254004885
254005028
254005165
254005691
254005746
254005806
254005962
254005987
254005997
254006035
254006163
254006300
254006430
254006506
254006518
254006529
254006660
254006699
254006766
254006767
254006830
254006831
254006852
254006860
254006972
254007280
254007311
254007378
254007389
254007880
254007890
254007987
254008138
254008300
254008324
254008405
254008657
254008835
254008865
254009295
254010064
254010377
254010378
254010450
254010461
254010515
254010944
254011076
254011296
254011896
254012111
254012136
254012227
254012316
254012688
254012845
254012943
254013032
254013523
254013732
254014118
254014246
254014589
254014623
254014697
254014698
254014798
254015228
254015255
254015274
254015647
254015706
254016761
254017064
254017245
254017800
254017801
254018439
254018638
254018873
254018894
254018906
254019022
254019258
254019511
254019701
254019888
254020264
254020418
254020523
254020540
254020553
254020556
254020610
254020642
254020691
254020692
254020703
254020795
254020910
254020942
254021137
254021238
254021311
254021456
254021488
254021504
254021513
254021575
254021648
254021840
254021863
254021923
254021954
254021967
254022013
254022139
254022158
254022332
254022355
254022478
254022543
254022635
254022830
254023075
254023145
254023164
254023190
254023287
254023526
254023711
254023913
254023950
254024005
254024129
254024158
254024169
254024261
254024274
254024298
254024357
254024405
254024417
254024445
254024561
254024669
254024781
254024818
254024829
254024866
254024871
254024977
254024978
254025077
254025177
254025233
254025313
254025443
254025457
254025559
254025573
254025638
254025672
254025673
254025793
254025797
254025809
254025849
254025922
254026067
254026097
254026111
254026142
254026162
254026315
254026964
254027004
254027329
254027401
254027763
254027782
254027844
254027847
254028005
254028561
254028570
254028595
254030256
254030952
254031004
254031090
254031100
254031285
254031360
254031629
254031661
254031789
254031892
254031930
254031936
254032124
254032168
254032243
254032412
254032452
254032549
254032550
254032559
254032696
254032742
254032832
254032959
254033048
254033114
254033214
254033270
254033276
254033279
254033283
254033402
254033541
254033561
254033655
254034120
254034162
254034341
254034427
254034477
254034555
254034588
254034621
254034644
254034679
254034774
254034937
254035029
254035353
254035585
254035681
254035759
254035929
254036105
254036134
254036358
254036398
254036437
254036705
254036814
254036882
254036986
254037048
254037144
254037152
254037154
254037224
254037229
254037237
254037255
254037266
254037268
254037291
254037329
254037472
254037527
254037594
254037638
254037833
254037839
254037878
254037890
254037934
254037940
254038174
254038218
254038259
254038285
254038310
254038700
254038768
254039245
254039333
254039561
254039700
254039787
254039956
254040020
254040165
254040187
254040602
254040763
254040770
254040822
254040853
254040858
254040882
254040925
254040952
254041099
254041197
254041793
254041999
254042674
254042679
254042799
254042858
254043001
254043256
254043390
254044059
254044206
254044482
254044605
254045585
254045843
254046367
254047571
254047686
254048066
254048226
254048405
254048868
254048999
254049358
254049424
254049479
254049556
254049880
254049915
254050190
254050633
254050689
254050713
254050980
254051070
254051084
254051147
254051167
254051201
254051208
254051228
254051254
254051297
254051340
254051473
254051543
254051755
254051777
254051819
254051823
254051987
254052004
254052065
254052145
254052155
254052197
254052411
254052440
254052466
254052559
254052582
254052620
254052629
254052652
254052691
254052790
254052887
254052947
254052990
254053131
254053470
254053557
254053563
254053591
254053636
254053664
254053690
254053711
254053727
254053899
254054224
254054265
254054277
254054331
254054340
254054486
254054506
254054542
254054571
254054659
254054710
254054719
254054771
254054811
254054852
254054893
254054977
254055034
254055141
254055173
254055339
254055414
254055582
254055618
254055629
254055722
254055785
254055822
254055906
254055969
254056026
254056043
254056068
254056145
254056157
254056210
254056389
254056424
254056456
254056577
254056699
254056703
254056737
254056925
254056945
254056967
254057571
254057610
254057861
254057903
254057917
254057956
254058008
254058357
254058445
254058461
254058494
254059135
254059147
254060862
254061639
254061647
254061706
254061758
254061892
254061992
254062299
254062406
254062601
254062677
254062747
254062824
254062899
254063080
254063215
254063250
254063277
254063332
254063345
254063398
254063544
254063663
254063670
254063712
254063791
254063806
254063892
254063913
254063914
254064110
254064125
254064172
254064213
254064217
254064233
254064390
254064475
254064525
254064688
254064780
254064825
254064880
254064907
254065119
254065187
254065278
254065333
254065431
254065449
254065497
254065578
254066258
254066325
254066342
254066677
254067021
254067353
254067450
254067470
254067491
254067565
254067619
254067641
254067730
254067744
254067745
254067771
254067772
254067832
254067866
254067884
254067933
254068093
254068102
254068149
254068298
254068441
254068592
254068673
254068745
254068860
254068914
254069007
254069057
254069071
254069143
254069361
254069476
254069487
254069898
254069952
254070049
254070374
254070412
254070474
254071545
254072406
254072978
254073088
254073091
254073182
254073269
254073313
254073475
254073546
254073675
254073709
254073752
254073916
254073949
254074176
254074429
254074639
254074758
254074759
254075018
254075503
254075643
254075722
254075792
254075937
254076103
254076187
254076347
254076374
254076407
254076680
254077712
254078094
254078365
254078404
254078756
254078790
254078829
254079318
254079845
254080176
254080483
254080678
254080857
254081461
254081478
254081550
254081556
254081602
254081677
254081754
254081807
254081815
254081937
254081986
254082048
254082110
254082122
254082138
254082164
254082220
254082278
254082304
254082407
254082641
254082701
254082714
254082755
254082833
254082876
254082915
254083008
254083102
254083115
254083140
254083199
254083214
254083393
254083624
254083874
254083883
254084059
254084109
254084148
254084271
254084415
254084450
254084490
254084518
254084599
254084643
254085007
254085064
254085231
254085255
254085290
254085414
254085419
254085425
254085428
254085483
254085543
254085641
254085746
254085981
254086029
254086058
254086063
254086083
254086138
254086218
254086229
254086239
254086246
254086303
254086353
254086372
254086483
254086500
254086532
254086754
254086828
254086906
254086969
254086971
254087125
254087211
254087222
254087494
254087502
254087517
254087537
254087563
254087596
254087719
254087737
254087939
254088113
254088123
254088598
254088601
254088815
254088816
254089475
254089504
254089999
253968554
253969292
253969639
253969686
253969687
253969695
253969732
253969832
253969870
253969952
253970171
253970393
253970469
253970480
253970520
253970748
253970797
253971015
253971082
253971128
253971242
253971424
253971462
253971473
253971524
253971588
253971658
253971664
253971695
253971778
253971827
253971890
253971929
253971957
253971968
253972212
253972216
253972282
253972310
253972353
253972408
253972510
253972639
253972698
253972720
253972757
253972795
253973027
253973035
253973119
253973121
253973374
253973746
253973925
253974261
253974566
253974627
253974707
253974764
253974848
253974885
253975047
253975172
253975240
253975254
253975270
253975351
253975429
253975462
253975495
253975522
253975579
253975580
253975625
253975658
253975673
253975714
253975745
253975799
253975850
253976054
253976089
253976097
253976310
253976315
253976341
253976399
253976492
253976585
253976600
253976618
253976961
253977530
253977798
253978047
253978217
253978553
253978774
253979103
253979311
253979317
253979347
253979563
253979783
253980542
253981208
253981230
253981238
253981312
253981522
253981783
253981921
253981950
253982237
253982481
253982573
253982689
253982776
253982864
253983165
253983695
253983851
253983979
253984199
253984200
253984345
253984998
253985068
253985521
253986133
253986592
253986805
253986899
253986957
253986974
253987077
253987275
253987646
253988593
253988616
253988727
253989067
253989078
253989413
253989542
253989679
253989696
253989713
253989786
253989923
253989969
253990007
253990103
253990129
253990204
253990271
253990394
253990659
253990700
253990776
253990818
253990869
253990904
253990915
253990916
253991040
253991133
253991188
253991197
253991228
253991252
253991349
253991386
253991465
253991652
253991777
253991788
253991975
253991983
253992506
253992525
253992545
253992651
253992696
253992701
253992733
253993019
253993342
253993361
253993405
253993641
253993739
253993826
253993905
253993978
253994070
253994091
253994151
253994185
253994382
253994400
253994446
253994471
253994523
253994535
253994563
253994631
253994697
253994715
253994756
253994789
253994804
253994838
253994954
253994983
253994991
253995004
253995104
253995362
253995375
253995558
253995571
253995608
253995631
253995641
253995684
253995768
253995771
253995897
253996051
253996244
253996645
253996803
253996889
253996952
253996968
253997001
253997607
253997808
253997953
253997970
253998238
253998247
254090789
254091145
254091292
254091346
254091867
254091885
254092002
254092020
254092170
254092460
254092782
254093011
254093066
254093076
254093191
254093199
254093302
254093416
254093529
254093540
254093570
254093727
254094046
254094094
254094165
254094369
254094450
254094742
254094791
254094887
254095028
254095124
254095171
254095414
254095528
254095582
254095620
254095644
254095819
254095914
254096068
254096137
254096371
254096428
254096566
254096653
254097105
254097125
254097164
254097248
254097269
254097533
254097547
254097647
254097794
254097823
254097962
254098043
254098112
254098175
254098186
254098219
254098274
254098452
254098826
254099319
254099877
254099916
254100038
254100072
254100158
254100345
254100544
254100582
254100760
254100775
254100814
254100893
254101091
254101318
254101330
254101363
254101406
254101914
254102337
254102349
254102383
254103013
254103056
254103149
254103153
254103302
254103354
254103738
254103819
254104058
254104099
254104311
254104458
254104466
254104515
254105130
254105263
254105271
254105332
254105494
254105891
254105983
254106267
254106399
254106586
254106725
254106735
254106782
254106791
254106846
254106945
254106962
254107033
254107160
254107216
254107237
254107375
254107381
254107618
254107655
254107703
254108256
254108395
254108559
254109025
254109090
254109357
254109360
254109696
254110001
254110275
254110460
254110537
254110750
254110960
254111010
254111164
254111426
254111615
254111636
254111668
254111944
254112060
254112086
254112231
254112338
254112507
254112599
254112719
254112730
254112751
254113027
254113086
254113365
254113475
254113702
254113716
254113747
254113830
254113942
254114020
254114172
254114496
254114781
254114814
254114861
254114905
254115221
254115554
254115636
254116155
254116183
254116690
254116927
254117051
254117140
254117143
254117272
254117302
254117438
254117482
254117529
254117595
254117610
254117634
254117783
254117788
254118157
254118159
254118163
254118263
254118338
254118413
254118455
254118472
254118478
254118516
254118678
254118948
254119033
254119119
254119190
254119241
254119267
254119313
254119321
254119403
254119439
254119478
254119640
254119740
254119779
254120034
254120146
254120156
254120159
254120178
254120296
254120443
254120474
254120510
254120586
254120610
254120621
254120636
254120714
254120715
254120726
254120735
254120743
254120756
254120973
254120994
254121000
254121241
254121326
254121329
254121522
254121632
254121711
254122049
254122157
254122296
254122300
254122445
254122594
254122744
254123876
254123996
254124117
254124198
254124237
254124349
254124496
254124588
254124608
254124760
254124834
254124927
254124949
254124996
254125331
254125339
254125440
254125684
254125753
254126122
254126313
254126459
254126639
254126680
254126841
254126896
254127474
254127860
254128308
254128462
254128523
254128761
254129030
254129131
254129427
254129626
254129713
254129784
254129804
254130068
254130112
254130430
254130465
254130480
254130757
254130792
254130810
254131192
254131280
254131627
254131677
254131902
254132064
254132234
254132246
254132303
254132495
254132598
254132891
254132983
254133322
254133430
254133687
254133714
254134035
254134403
254134829
254135048
254135178
254135492
254135970
254136103
254136557
254136660
254136960
254137248
254137261
254137320
254137482
254137647
254137812
254138070
254138182
254138239
254138312
254138336
254138337
254138490
254138528
254138627
254138732
254138828
254138928
254139022
254139226
254139531
254139712
254139747
254139842
254140167
254140459
254140489
254140569
254140992
254141038
254141193
254141198
254141389
254141601
254141948
254142053
254142181
254142291
254142292
254142352
254142523
254142554
254142791
254143056
254143261
254143505
254143508
254143516
254143534
254143545
254143562
254143604
254143631
254144082
254144124
254144155
254144463
254144849
254144985
254144994
254145146
254145649
254145664
254146173
254146226
254146251
254146303
254146316
254146338
254146473
254146602
254146710
254146790
254147076
254147161
254147523
254147626
254147636
254147692
254147697
254147711
254147779
254148030
254148744
254148943
254149230
254149415
254149836
254150040
254150375
254150987
254151119
254152347
254152449
254152960
254153136
254153362
254153394
254153489
254153491
254153565
254153642
254153906
254153949
254154109
254154161
254154171
254154326
254154416
254154513
254154563
254154874
254154917
254154940
254155118
254155207
254155224
254155323
254155348
254155501
254155629
254155634
254155883
254155884
254155903
254156049
254156063
254156070
254156163
254156316
254156768
254156831
254157216
254157248
254157318
254157818
254157952
254157961
254157979
254158027
254158069
254158145
254158202
254158242
254158252
254158293
254158374
254158469
254158635
254158641
254158758
254158786
254158792
254159277
254159278
254159288
254159502
254160306
254160398
254160426
254160947
254161022
254161236
254162064
254162130
254162173
254162294
254162789
254163047
254163082
254163428
254163583
254163811
254163880
254164005
254164116
254164122
254164149
254164293
254164333
254164343
254164940
254164998
254165203
254165897
254166231
254166612
254166713
254166794
254167115
254167257
254167782
254168048
254168196
254168573
254169178
254169414
254169663
254169792
254169810
254170040
254170242
254170266
254170304
254170512
254170548
254170573
254170631
254170707
254170743
254170913
254170920
254171048
254171053
254171239
254171463
254171996
254172109
254172179
254172204
254172241
254172247
254172288
254172330
254172372
254172502
254172758
254172933
254173041
254173069
254173139
254173212
254173295
254173296
254173315
254173382
254173542
254173683
254173824
254173832
254174095
254174104
254174107
254174131
254174132
254174141
254174220
254174377
254174395
254174692
254174735
254174739
254174767
254174864
254174969
254175150
254175186
254175315
254175657
254175843
254175844
254175856
254175864
254175918
254176080
254176168
254176170
254176191
254176220
254176221
254176248
254176418
254176510
254176562
254176721
254176792
254176829
254176874
254176951
254177005
254177022
254177150
254177249
254177278
254177304
254177359
254177450
254177508
254177517
254177534
254177702
254177744
254177755
254177779
254177991
254178014
254178085
254178106
254178107
254178253
254178271
254178307
254178333
254178465
254178491
254178513
254178610
254178744
254178997
254179067
254179083
254179226
254179407
254179691
254179825
254179870
254179892
254180250
254180523
254182321
254182406
254182806
254183094
254183326
254183395
254183472
254183613
254183705
254183824
254183847
254184287
254184297
254184405
254184565
254184638
254184801
254184844
254185097
254185115
254185244
254185254
254185327
254185390
254185395
254185421
254185461
254185594
254185668
254185676
254185939
254186029
254186113
254186226
254186240
254186264
254186344
254186423
254186508
254186526
254186625
254186647
254186661
254186706
254186731
254186825
254186914
254186961
254187399
254187451
254187542
254187560
254188231
254188565
254188572
254188611
254188616
254188684
254188744
254188959
254189013
254189053
254189138
254189175
254189207
254189223
254189283
254189357
254189363
254189378
254189411
254189414
254189459
254189534
254189785
254189930
254190078
254190093
254190096
254190150
254190194
254190209
254190318
254190400
254190447
254190476
254190574
254190657
254190725
254190826
254191266
254191289
254191407
254191457
254191774
254191939
254192092
254192102
254192121
254193376
254193776
254193864
254193881
254194068
254194245
254194775
254194870
254194871
254194917
254194921
254195093
254195339
254195340
254195361
254195396
254195552
254195553
254195568
254195626
254195842
254195860
254196089
254196207
254196319
254196417
254196421
254196982
254197062
254197190
254197330
254197721
254197860
254197868
254198144
254198749
254199142
254199928
254200366
254200453
254200547
254200642
254200734
254200847
254201566
254201718
254201722
254202040
254202111
254202176
254202235
254202381
254202540
254202814
254202987
254203139
254203156
254203293
254203304
254203377
254203438
254203453
254203517
254203533
254203708
254203718
254203723
254203885
254204212
254204244
254204282
254204289
254204301
254204311
254204343
254204432
254204458
254204465
254204466
254204671
254204713
254204880
254204881
254204884
254204968
254205155
254205218
254205459
254205479
254205497
254205703
254205734
254205925
254205954
254205996
254206064
254206225
254206242
254206260
254206453
254206648
254206670
254206843
254206857
254206953
254207020
254207021
254207091
254207167
254207183
254207213
254207303
254207330
254207431
254207442
254207448
254207465
254207466
254207575
254207577
254207621
254207776
254207852
254207857
254207892
254207916
254207999
254208124
254208125
254208323
254208343
254208345
254208370
254208403
254208419
254208434
254208576
254208816
254208886
254208966
254209013
254209182
254209184
254209185
254209246
254209299
254209457
254209496
254209511
254209742
254210139
254210170
254210216
254210353
254210854
254211103
254211474
254211524
254243296
254243989
254244080
254244082
254244319
254244448
254244480
254244633
254244756
254245097
254245209
254245229
254245232
254245353
254245464
254245541
254245596
254245695
254245785
254245791
254245820
254245861
254245896
254246070
254246072
254246098
254246174
254246195
254246292
254246299
254246363
254246427
254246474
254246487
254246574
254246593
254246936
254247184
254247227
254247265
254247373
254247382
254247395
254247396
254247450
254247530
254247532
254247646
254247666
254247867
254248012
254248104
254248273
254248810
254248877
254248954
254249166
254249308
254249351
254249373
254249402
254249471
254249550
254249708
254249711
254249777
254249838
254249879
254249909
254249955
254250098
254250165
254250181
254250183
254250208
254250223
254250284
254250307
254250318
254250492
254250724
254250738
254250795
254250821
254251029
254251234
254251347
254251532
254251578
254251730
254251827
254251952
254252296
254252595
254252693
254252897
254253262
254253283
254253641
254253875
254253888
254254459
254254651
254255096
254255300
254255575
254255622
254255705
254255886
254255909
254255956
254256040
254256059
254256095
254256158
254256386
254256673
254257058
254257290
254257297
254257406
254257960
254258116
254258123
254258147
254258150
254258203
254258728
254258926
254258929
254259051
254259200
254259895
254260483
254260707
254260872
254260959
254261192
254261648
254261693
254261833
254262095
254262424
254262452
254262492
254262576
254262881
254262953
254263188
254263377
254263386
254263508
254263514
254263668
254263687
254263712
254263791
254263804
254263813
254263921
254264008
254264013
254264092
254264097
254264098
254264189
254264281
254264308
254264582
254264645
254264750
254264863
254264909
254265030
254265068
254265069
254265077
254265128
254265223
254265438
254265444
254265466
254265482
254265506
254265745
254266038
254266166
254266257
254266528
254266655
254266663
254266773
254266800
254266885
254267040
254267175
254267378
254267412
254267546
254267554
254267590
254267651
254267679
254267707
254267791
254267814
254267921
254268081
254268099
254268126
254268130
254268153
254268191
254268327
254268361
254268400
254268463
254268547
254268550
254268573
254268607
254268662
254268664
254268679
254268782
254268858
254268886
254268921
254269078
254269083
254269206
254269207
254269237
254269245
254269530
254269548
254269610
254269806
254269823
254269921
254269927
254270247
254270316
254270328
254270616
254270723
254270965
254271049
254271071
254271506
254271508
254272208
254272259
254272315
254272425
254213241
254214003
254214016
254214059
254214324
254214328
254214566
254214704
254214971
254215281
254215489
254215679
254215684
254215751
254215831
254215965
254215990
254216035
254216044
254216090
254216148
254216155
254216209
254216262
254216272
254216311
254216379
254216448
254216484
254216496
254216553
254216707
254216898
254217044
254217171
254217177
254217189
254217293
254217335
254217426
254217436
254217644
254217717
254217739
254217752
254218090
254218133
254218223
254218317
254218340
254218503
254218724
254218772
254219078
254219230
254219489
254219678
254219712
254219718
254219830
254219898
254219942
254219958
254219959
254219967
254219989
254220062
254220083
254220122
254220134
254220142
254220159
254220227
254220463
254220499
254220620
254220728
254220758
254220782
254220807
254220956
254221029
254221144
254221279
254221421
254221576
254221679
254221974
254222275
254222968
254222988
254223534
254223567
254223646
254224298
254224446
254224545
254224672
254225216
254225319
254225349
254225384
254225406
254225486
254225805
254225880
254225920
254226028
254226043
254226338
254226673
254227451
254227756
254227819
254227976
254228762
254228796
254228824
254228834
254229029
254229051
254230587
254230986
254231046
254231293
254231407
254231778
254231932
254232386
254232527
254232839
254232895
254233151
254233256
254233325
254233349
254233355
254233356
254233515
254233553
254233661
254233680
254233701
254233901
254233942
254233982
254234041
254234066
254234174
254234188
254234461
254234512
254234535
254234612
254234768
254234803
254234846
254234853
254234908
254235003
254235024
254235131
254235190
254235222
254235239
254235345
254235581
254235608
254235919
254235945
254236140
254236205
254236270
254236335
254236343
254236518
254236628
254236722
254236874
254236889
254236936
254236960
254237165
254237176
254237226
254237260
254237383
254237386
254237411
254237513
254237666
254237709
254237769
254237775
254237834
254237887
254237921
254238031
254238049
254238083
254238189
254238208
254238230
254238374
254238405
254238495
254238527
254238533
254238591
254238692
254238745
254238813
254238823
254238905
254239073
254239083
254239226
254239313
254239576
254239680
254240103
254240165
254240212
254240360
254240710
254240824
254240832
254241007
254241534
254241803
254364664
254364847
254364936
254364948
254365038
254365162
254365412
254365529
254365581
254365928
254365977
254365988
254366016
254366035
254366093
254366116
254366299
254366431
254366489
254366491
254366506
254366560
254366656
254366706
254366907
254367015
254367031
254367046
254367304
254367490
254367605
254367618
254367714
254367724
254367884
254368056
254368690
254368754
254368802
254369090
254369091
254369434
254369533
254369535
254369686
254369698
254369967
254370008
254370010
254370070
254370109
254370127
254370201
254370336
254370538
254370587
254370635
254370932
254370942
254371023
254371086
254371137
254371177
254371214
254371474
254371810
254371945
254372084
254372128
254372134
254372414
254372560
254372705
254372804
254373178
254373258
254373343
254373348
254373561
254373672
254373733
254373872
254373992
254374483
254375153
254375258
254375270
254375287
254375393
254375423
254375565
254376029
254376129
254376246
254376349
254376437
254376687
254376695
254376730
254377184
254377224
254377687
254377841
254378087
254378094
254378333
254378414
254378478
254378770
254378873
254378934
254378979
254379122
254379255
254379389
254379407
254379478
254379511
254379708
254379710
254379805
254380056
254380243
254380328
254380391
254380487
254380544
254380581
254380738
254381051
254381337
254382170
254382404
254382492
254382614
254382648
254382861
254382905
254382958
254383107
254383244
254383349
254384007
254384048
254384486
254384582
254384673
254384970
254385061
254385128
254385198
254385249
254385286
254385388
254385397
254385475
254385721
254385818
254385827
254385988
254386030
254386295
254386322
254386381
254386511
254386535
254386917
254386927
254386969
254387127
254387180
254387210
254387221
254387280
254387375
254387382
254387471
254387480
254387509
254387673
254387885
254387911
254388018
254388063
254388071
254388138
254388304
254388361
254388407
254388445
254388481
254388506
254388639
254388667
254388765
254388767
254388864
254388978
254389082
254389255
254389451
254389508
254389592
254389652
254389700
254389917
254389933
254390019
254390157
254390269
254390278
254390448
254390480
254390532
254390605
254390866
254391420
254391947
254391956
254392169
254392469
254392547
254392757
254392834
254393074
254393194
254393210
254393303
254393403
254393442
254393471
254393644
254393708
254393766
254394086
254394179
254394208
254394304
254394418
254303932
254304037
254304070
254304220
254304244
254304295
254304306
254304486
254304736
254304750
254304815
254304901
254305079
254305348
254305349
254305488
254305617
254305654
254306022
254306225
254306369
254306484
254306811
254306862
254307036
254307164
254307293
254307306
254307514
254307546
254307571
254307672
254307694
254307873
254307903
254308029
254308040
254308240
254308437
254308793
254308910
254308958
254309302
254309434
254309470
254309639
254309713
254309878
254309892
254309957
254310023
254310127
254310198
254310277
254310385
254310523
254310799
254310834
254310908
254310981
254311003
254311088
254311391
254311396
254311457
254311505
254311665
254311924
254312038
254312062
254312140
254312153
254312156
254312169
254312412
254312472
254312674
254312736
254312830
254313053
254313088
254313102
254313383
254313559
254313572
254313641
254313667
254313713
254313724
254313749
254314293
254314334
254314388
254314402
254314413
254314445
254314626
254314753
254314935
254315316
254315475
254315531
254315537
254315724
254315782
254315875
254316434
254316779
254317079
254317165
254317246
254317339
254317372
254317600
254317638
254317830
254317940
254318248
254318442
254318735
254318751
254318823
254318859
254318959
254319085
254319214
254319691
254319996
254320102
254320130
254320211
254320236
254320470
254320691
254320739
254320898
254320978
254321065
254321247
254321611
254321758
254321795
254321818
254322009
254322208
254322287
254322368
254322465
254322488
254322599
254322959
254323033
254323559
254323774
254323788
254324217
254324310
254324566
254324703
254325391
254325439
254325612
254325873
254326219
254326388
254326448
254326489
254326502
254326547
254326657
254326707
254326769
254326799
254326878
254326946
254327068
254327239
254327289
254327640
254327655
254327702
254327824
254327986
254328142
254328365
254328402
254328463
254328464
254328575
254328667
254328684
254328695
254328808
254328849
254328932
254328961
254329153
254329205
254329274
254329319
254329327
254329448
254329626
254329862
254330079
254330291
254330378
254330577
254330754
254330885
254331159
254331392
254331474
254331849
254332062
254332403
254332468
254332591
254332766
254332815
254332986
254333030
254333277
254333466
254333522
254333540
254333747
254333759
254333867
254334041
254334093
254334392
254334835
254334994
254335088
254335350
254273960
254274684
254274712
254274770
254274951
254274990
254275039
254275224
254275226
254275459
254275682
254275744
254275882
254275898
254276191
254276289
254276364
254276441
254276475
254276556
254276582
254276707
254276761
254276799
254276857
254276872
254276906
254276914
254276960
254276971
254276975
254276992
254277125
254277215
254277232
254277266
254277330
254277332
254277629
254277637
254277751
254277773
254277803
254277846
254277940
254277941
254278079
254278097
254278102
254278139
254278203
254278312
254278421
254278545
254278669
254279009
254279220
254279324
254279620
254280112
254280166
254280279
254280565
254280594
254280606
254280607
254280610
254280691
254280813
254280841
254280851
254280871
254280880
254280929
254280974
254280984
254281018
254281019
254281064
254281096
254281130
254281144
254281165
254281309
254281347
254281393
254281641
254281861
254281901
254281971
254281973
254281978
254282068
254282118
254282484
254282662
254282918
254283098
254283375
254283415
254283815
254283819
254284482
254284520
254284556
254284599
254284624
254284863
254284982
254285118
254285946
254286357
254286392
254286540
254286606
254286815
254286868
254287411
254287629
254287693
254287741
254287926
254288120
254288544
254288741
254288807
254288896
254289230
254289323
254289426
254289854
254290658
254290708
254291479
254292179
254292734
254292874
254292880
254293004
254293066
254293131
254293450
254293543
254293759
254293944
254293973
254294296
254294303
254294565
254294648
254294696
254294739
254294770
254294785
254294797
254294807
254294870
254294917
254295085
254295104
254295131
254295215
254295226
254295432
254295459
254295464
254295500
254295553
254295620
254295660
254295699
254295701
254295809
254295965
254296045
254296075
254296099
254296228
254296278
254296286
254296356
254296462
254296530
254296550
254296619
254296733
254296925
254297133
254297138
254297209
254297371
254297402
254297406
254297430
254297587
254297893
254298008
254298058
254298142
254298221
254298267
254298307
254298323
254298459
254298502
254298510
254298547
254298709
254298744
254298752
254298817
254298873
254298911
254299083
254299090
254299193
254299253
254299259
254299273
254299281
254299309
254299327
254299330
254299357
254299387
254299397
254299564
254299590
254299618
254299647
254299678
254299909
254299916
254299935
254299938
254299943
254300008
254300057
254300087
254300126
254300153
254300154
254300183
254300233
254300418
254300440
254300467
254300546
254300732
254300830
254301121
254301286
254301436
254301453
254301629
254301662
254301776
254301791
254301835
254302414
254302641
254302642
254303012
254303013
254303071
254394517
254394543
254394580
254394687
254394928
254395212
254395438
254395490
254395524
254395633
254395736
254395879
254396045
254396108
254396132
254396135
254396164
254396231
254396540
254396564
254396665
254396880
254396906
254396956
254396989
254397084
254397119
254397124
254397174
254397219
254397322
254397618
254397862
254398283
254398349
254398354
254398541
254398553
254398712
254398919
254398942
254398981
254399004
254399117
254399248
254399308
254399324
254399422
254399451
254399652
254399697
254399820
254399822
254399928
254399958
254400012
254400022
254400322
254400490
254400528
254401037
254401062
254401095
254401361
254401402
254401486
254401543
254401559
254401661
254401970
254402256
254402289
254402345
254402432
254402571
254402610
254402803
254402870
254402906
254402929
254402933
254403038
254403055
254403107
254403160
254403189
254403201
254403370
254403403
254403473
254403651
254403964
254404034
254404099
254404157
254404361
254404370
254404447
254404472
254404569
254404670
254404796
254404912
254404926
254405190
254405281
254405320
254405328
254405353
254405360
254405378
254405428
254405447
254405498
254405569
254405744
254405763
254405795
254406025
254406037
254406207
254406349
254406389
254406596
254406725
254406896
254407083
254407103
254407170
254407176
254407183
254407304
254407306
254407384
254407431
254407679
254407701
254407826
254407957
254408046
254408110
254408143
254408254
254408341
254408374
254408423
254408647
254408661
254408910
254409064
254409116
254409123
254409369
254409537
254409846
254409898
254409968
254410005
254410122
254410168
254410465
254410695
254410720
254410760
254410865
254411127
254411209
254411245
254411247
254411304
254411390
254411467
254411541
254411791
254412041
254412109
254412315
254412487
254412632
254412718
254412844
254413099
254413302
254413329
254413343
254413723
254413725
254413792
254413859
254413901
254414140
254414144
254414266
254414357
254414394
254414422
254414672
254414758
254414892
254414969
254415036
254415095
254415106
254415288
254415643
254415694
254415796
254415833
254415856
254416013
254416048
254416331
254416595
254416881
254416914
254416958
254417007
254417109
254417133
254417310
254417387
254417608
254417727
254417728
254417738
254417813
254417872
254417911
254418105
254418109
254418140
254418216
254418286
254418307
254418429
254418504
254418615
254418854
254418985
254419166
254419311
254419401
254419429
254419489
254419520
254419632
254419757
254419965
254420059
254420136
254420229
254420399
254420613
254420627
254420723
254420746
254420810
254420900
254421110
254421236
254421348
254421595
254421657
254421710
254422108
254422249
254422414
254422479
254422504
254422641
254422757
254422803
254422846
254422881
254422898
254422944
254423089
254423213
254423263
254423326
254423365
254423465
254423522
254423529
254423556
254423576
254423594
254423612
254423647
254423649
254423669
254423755
254423785
254423812
254423862
254423914
254424144
254424159
254424190
254424216
254424240
254424405
254424513
254424644
254424685
254424694
254335477
254335520
254335570
254335661
254335735
254335989
254336074
254336477
254336515
254336595
254336763
254336842
254337157
254337275
254337396
254337565
254337867
254338364
254338654
254338683
254338715
254338851
254339083
254339092
254339118
254339233
254339468
254339501
254339508
254339533
254339588
254339708
254339910
254339923
254339929
254340016
254340242
254340291
254340639
254340822
254340965
254341093
254341250
254341408
254341432
254342016
254342277
254342715
254342722
254343126
254343380
254343397
254343627
254343654
254343720
254343777
254343801
254343858
254343922
254344032
254344248
254344348
254344528
254344633
254344774
254344880
254345043
254345050
254345217
254345288
254345396
254345471
254345555
254345705
254345854
254345914
254345920
254346293
254346372
254346616
254346722
254346871
254346921
254347075
254347136
254347138
254347289
254347475
254347506
254347684
254348030
254348322
254348436
254348444
254348499
254348665
254348878
254348888
254348908
254349249
254349294
254349365
254349370
254349546
254350203
254350236
254350365
254350433
254350570
254350745
254350963
254351336
254351523
254352034
254352339
254352491
254352810
254352975
254352980
254353055
254353131
254353324
254353500
254353576
254353677
254353735
254353786
254353882
254353968
254354459
254354645
254354956
254355015
254355544
254355598
254355655
254355737
254355935
254356098
254356129
254356491
254356727
254356745
254356824
254357371
254357564
254357591
254357782
254357812
254357946
254358170
254358557
254358595
254358613
254359110
254359130
254359255
254359393
254359589
254359798
254359994
254360094
254360193
254360365
254360787
254361178
254361298
254361388
254361466
254361719
254361768
254361789
254361887
254362180
254362486
254362571
254362725
254362790
254362859
254363054
254363262
254363320
254363578
254363687
254363705
254363759
254363964
254363989
254363999
254364037
254364163
254364448
254456484
254456589
254456723
254456785
254456786
254456843
254456856
254456894
254456911
254456997
254457069
254457126
254457144
254457171
254457200
254457230
254457364
254457384
254457445
254457546
254457630
254457644
254457648
254457780
254457790
254457809
254458055
254458070
254458085
254458123
254458233
254458236
254458250
254458352
254458379
254458518
254458519
254458613
254458635
254458649
254458655
254458663
254458664
254458738
254458767
254458776
254458949
254458973
254459003
254459052
254459074
254459386
254459476
254459642
254459731
254459846
254459945
254459972
254459973
254459998
254460014
254460037
254460070
254460104
254460201
254460274
254460326
254460578
254460662
254460885
254461202
254461235
254461284
254461368
254461415
254461585
254461659
254461792
254462001
254462083
254462210
254462395
254462396
254462481
254462502
254462510
254462628
254462629
254462647
254462727
254462736
254462740
254462781
254462800
254462806
254462824
254462993
254463080
254463179
254463222
254463268
254463367
254463548
254463705
254463728
254463830
254464063
254464171
254464190
254464827
254465126
254465155
254465194
254465717
254466000
254466243
254466264
254466360
254466606
254466726
254466867
254467208
254467785
254467852
254467955
254468073
254468103
254468127
254468188
254468316
254468538
254468590
254468776
254468932
254469484
254469547
254470338
254470373
254470502
254470894
254470934
254471113
254472064
254473071
254473115
254473327
254473336
254473409
254473534
254473606
254473854
254473929
254473936
254474295
254474311
254474321
254474635
254474640
254474918
254474932
254475011
254475038
254475323
254475413
254475478
254475607
254475795
254475950
254476027
254476138
254476163
254476231
254476265
254476288
254476294
254476379
254476550
254476591
254476666
254476669
254476698
254476767
254477099
254477200
254477334
254477404
254477537
254477576
254477593
254477643
254477819
254477920
254478101
254478144
254478291
254478303
254478429
254478521
254478612
254478619
254478725
254478726
254478761
254478818
254478866
254478894
254479076
254479086
254479205
254479268
254479310
254479394
254479444
254479452
254479495
254479552
254479592
254479633
254479645
254479682
254479691
254479952
254479986
254480009
254480336
254480376
254480379
254480404
254480439
254480474
254480603
254480609
254480694
254480695
254480711
254480785
254480879
254480908
254480909
254480937
254481137
254481253
254481311
254481324
254481350
254481379
254481421
254481527
254481673
254481679
254482022
254482079
254482193
254482300
254482437
254482535
254482629
254482695
254482787
254483010
254483327
254483396
254483494
254483841
254484241
254484247
254424808
254424967
254425065
254425201
254425229
254425266
254425543
254425748
254425915
254425968
254426126
254426137
254426232
254426493
254426642
254426666
254426838
254426929
254427333
254427390
254427443
254427668
254427796
254427810
254428050
254428321
254428398
254428416
254428831
254428884
254428907
254428921
254429075
254429116
254429193
254429308
254429503
254429639
254429690
254429884
254429893
254430249
254430437
254430528
254430558
254431025
254431151
254431361
254431392
254431424
254431425
254431554
254431615
254431976
254432017
254432024
254432416
254432508
254432605
254432758
254432818
254433003
254433007
254433063
254433142
254433299
254433337
254433358
254433359
254433393
254433414
254433446
254433470
254433518
254433651
254433719
254433739
254433834
254434067
254434185
254434206
254434318
254434765
254434849
254434930
254435107
254435318
254435378
254435433
254435476
254435630
254435632
254435683
254435767
254435787
254436020
254436032
254436096
254436213
254436221
254436482
254436837
254436891
254437039
254437042
254437066
254437122
254437269
254437280
254437735
254437756
254437986
254438021
254438036
254438074
254438152
254438175
254438194
254438209
254438296
254438342
254438429
254438494
254438931
254438947
254439186
254439567
254439668
254439705
254439781
254439992
254440062
254440363
254440555
254440591
254440703
254440730
254440783
254440805
254441012
254441076
254441313
254441421
254441509
254441834
254442038
254442072
254442368
254442371
254442407
254442614
254442801
254442945
254442962
254443150
254443205
254443241
254443275
254443293
254443430
254443471
254443570
254443661
254443769
254444113
254444208
254444237
254444244
254444466
254444468
254444499
254444539
254444744
254444779
254444793
254444809
254444925
254444957
254444992
254445185
254445219
254445300
254445344
254445383
254445389
254445438
254445583
254445705
254445720
254445732
254445817
254446052
254446056
254446222
254446393
254446407
254446475
254446609
254446810
254447080
254447220
254447506
254447745
254447766
254448005
254448040
254448113
254448143
254448161
254448207
254448208
254448411
254448486
254448596
254448657
254448857
254448939
254448989
254449091
254449510
254449561
254449583
254449780
254449866
254449938
254450035
254450201
254450232
254450278
254450376
254450395
254450469
254450512
254450539
254450947
254451001
254451151
254451248
254451341
254451609
254451649
254451868
254451892
254451897
254452052
254452063
254452066
254452212
254452263
254452302
254452341
254452374
254452429
254452553
254452647
254452774
254452783
254453083
254453120
254453159
254453226
254453282
254453316
254453563
254453768
254453774
254453920
254453991
254454340
254454377
254454382
254454407
254454456
254454461
254454547
254486166
254486764
254486788
254486839
254486937
254487008
254487062
254487091
254487092
254487101
254487134
254487141
254487260
254487354
254487516
254487545
254487569
254487618
254487658
254487790
254487914
254488262
254488334
254488336
254488396
254488488
254488514
254488592
254488615
254488747
254488927
254488952
254488969
254489001
254489077
254489079
254489092
254489111
254489260
254489331
254489400
254489457
254489763
254489861
254489896
254489960
254489961
254489972
254490050
254490115
254490221
254490271
254490355
254490424
254490445
254490463
254490508
254490748
254491481
254491639
254491904
254491964
254492057
254492079
254492188
254492228
254492380
254492636
254492668
254492682
254492714
254492765
254492804
254492852
254492913
254492929
254492960
254492961
254492993
254493008
254493061
254493095
254493171
254493209
254493260
254493266
254493465
254493508
254493529
254493538
254493659
254493690
254493787
254493792
254493930
254493972
254494057
254494101
254494259
254494295
254494326
254494640
254495012
254495381
254495632
254496192
254496719
254497019
254497025
254497390
254497773
254497784
254497925
254497932
254498085
254498137
254498294
254498395
254498417
254498432
254498523
254498599
254498614
254498930
254499076
254499712
254499844
254499879
254499982
254500055
254500098
254500406
254500709
254500914
254501028
254501315
254501402
254501411
254501495
254501800
254501937
254501997
254503263
254503349
254503601
254504050
254504072
254504394
254504447
254504555
254504748
254505028
254505168
254505247
254505255
254505616
254505641
254505702
254505892
254505960
254505965
254505976
254506072
254506078
254506300
254506364
254506488
254506635
254506737
254506805
254506930
254506945
254506960
254507051
254507080
254507088
254507144
254507273
254507332
254507356
254507377
254507698
254507708
254507788
254507841
254507904
254507909
254507980
254508004
254508020
254508056
254508130
254508290
254508332
254508391
254508484
254508499
254508533
254508566
254508711
254508740
254508972
254509041
254509292
254509310
254509314
254509350
254509351
254509503
254509504
254509617
254509711
254509741
254509768
254509842
254509919
254509943
254510042
254510181
254510231
254510242
254510279
254510370
254510416
254510425
254510515
254510537
254510689
254510711
254510714
254510732
254510892
254510908
254511108
254511190
254511208
254511293
254511364
254511455
254511487
254511521
254511522
254511549
254511688
254511801
254511873
254511890
254512011
254512331
254512432
254512440
254512584
254512591
254512608
254512612
254512621
254512659
254512733
254512868
254512948
254513003
254513194
254513257
254513523
254513786
254513878
254513940
254514437
254514518
254514529
254515235
254515257
254515302
254547889
254548108
254548334
254548375
254548759
254548930
254548992
254549315
254549644
254549682
254549802
254549941
254549963
254550015
254550542
254550963
254551079
254551364
254551553
254551601
254552192
254553107
254553133
254553404
254553869
254553938
254554065
254554282
254554332
254554484
254554982
254555390
254555573
254555682
254555701
254555729
254555776
254555835
254555921
254556244
254556313
254556318
254556819
254556895
254557160
254557716
254557909
254557939
254557961
254558011
254558374
254558542
254558959
254559063
254559105
254559151
254559258
254559300
254559380
254559646
254559679
254559718
254559781
254559834
254559952
254560255
254560281
254560708
254560892
254560934
254561013
254561112
254561191
254561554
254561999
254562225
254562247
254562309
254562479
254562483
254562635
254562663
254562681
254563060
254563156
254563348
254563840
254563981
254564058
254564071
254565126
254565207
254565410
254565459
254565726
254566406
254566745
254566826
254567098
254567147
254567239
254567734
254568369
254568512
254568535
254568795
254568840
254569164
254569165
254569445
254569467
254569551
254569781
254570145
254570586
254570922
254571118
254571167
254571213
254571310
254571514
254571916
254572046
254572069
254572909
254573022
254573101
254573392
254573421
254573477
254573796
254574170
254574174
254574208
254574485
254574808
254574876
254574885
254574897
254575044
254575080
254575386
254575478
254575542
254575587
254575652
254575807
254575875
254575897
254576077
254576504
254576908
254607382
254607547
254607561
254607735
254607793
254608036
254608126
254608204
254608226
254608304
254608515
254608529
254608614
254608774
254609060
254609111
254609122
254609489
254609502
254609567
254609617
254610120
254610145
254610319
254610395
254610431
254610616
254610619
254610672
254610692
254610720
254610959
254611152
254611186
254611215
254611251
254611640
254611871
254611923
254612108
254612209
254612257
254612347
254612458
254612519
254612585
254612864
254613199
254613218
254613382
254613472
254613681
254613751
254614172
254614270
254614307
254614685
254614727
254614926
254614956
254615376
254615403
254615464
254615543
254615803
254616223
254616279
254616969
254616979
254617184
254617352
254617389
254617413
254617444
254617496
254617542
254617566
254618087
254618371
254618648
254619037
254619095
254619097
254619295
254619334
254619719
254619858
254620025
254620150
254620262
254620393
254620450
254620567
254620838
254620992
254621076
254621080
254621176
254621297
254621637
254621816
254622006
254622074
254622330
254622387
254622562
254622567
254622618
254622689
254622696
254623165
254623289
254623519
254623773
254623816
254623894
254623935
254624147
254624174
254624189
254624422
254624479
254624531
254624809
254624923
254624934
254624977
254625340
254625678
254625904
254626090
254626338
254626474
254626525
254626620
254626714
254626756
254626869
254626887
254627147
254627399
254627419
254627539
254627559
254627563
254627646
254627725
254627836
254627931
254628536
254628641
254628724
254629026
254629477
254629494
254629588
254629648
254629700
254629876
254629999
254630301
254630348
254630593
254630739
254630759
254631343
254631380
254631511
254631609
254631638
254631643
254631913
254632102
254632272
254632347
254632481
254632494
254632795
254633241
254633308
254633369
254633656
254633815
254633892
254633923
254633946
254634120
254634364
254634429
254634566
254634670
254634776
254634783
254634809
254634847
254634850
254634892
254635254
254635451
254635664
254635993
254636029
254636259
254636295
254636351
254636429
254636513
254636652
254636658
254636700
254636917
254636973
254637006
254637029
254637130
254637259
254637637
254637641
254637924
254638031
254638097
254638276
254638356
254577308
254577415
254577482
254577588
254577654
254577815
254577921
254578371
254578387
254578551
254578557
254578569
254578739
254578752
254578871
254578925
254579144
254579178
254579267
254579360
254579475
254579518
254579564
254579677
254579704
254579874
254579991
254580039
254580278
254580298
254580443
254580460
254580461
254580470
254580496
254580599
254580608
254580691
254580998
254581034
254581097
254581369
254581371
254581443
254581458
254581484
254581759
254581870
254582006
254582151
254582507
254582556
254582813
254582886
254583124
254583294
254583614
254583638
254583870
254584051
254584089
254584547
254584966
254584970
254585159
254585222
254585441
254585475
254585574
254585613
254585763
254585914
254586040
254586086
254586089
254586432
254586479
254586850
254586995
254587144
254587352
254587503
254587692
254587717
254587782
254587783
254589097
254589163
254589176
254589487
254589558
254589600
254589708
254589770
254589876
254590129
254590213
254590379
254590743
254590772
254590888
254590961
254591405
254591438
254591494
254591563
254591777
254591815
254592057
254592210
254592483
254592642
254592686
254592774
254592840
254592920
254593034
254593172
254593280
254593298
254593536
254593561
254594003
254594391
254594729
254594754
254594814
254594875
254594946
254595162
254595397
254595436
254595850
254595869
254596112
254596514
254596554
254596706
254596925
254596996
254597103
254597284
254597396
254597542
254597544
254598046
254598092
254598157
254598291
254598316
254598493
254598573
254598588
254598663
254598773
254599158
254599216
254599327
254599363
254599366
254599565
254599623
254599712
254599730
254599770
254599882
254600019
254600199
254600281
254600383
254600412
254600599
254600686
254600844
254601164
254601262
254601305
254601403
254601443
254601488
254601604
254601616
254601663
254601669
254601790
254601821
254601897
254601906
254601915
254602485
254602533
254602578
254602705
254602822
254602876
254602909
254602958
254602993
254603383
254603389
254603424
254603482
254603536
254603543
254603574
254603596
254603772
254603779
254604279
254604485
254604526
254604534
254604698
254604909
254604944
254605145
254605346
254605468
254605664
254605941
254606086
254606273
254606372
254606740
254606789
254606846
254606967
254607039
254607265
254516851
254517391
254517980
254518183
254518190
254518222
254518309
254518327
254518367
254518507
254518545
254518588
254518772
254518863
254519042
254519124
254519327
254519346
254519387
254519504
254519600
254519689
254519806
254519833
254519859
254520001
254520131
254520146
254520182
254520210
254520215
254520234
254520342
254520432
254520561
254520578
254520784
254520909
254521075
254521079
254521173
254521244
254521307
254521327
254521348
254521399
254521407
254521443
254521505
254521506
254521564
254521574
254521575
254521771
254521772
254521959
254522580
254522698
254522765
254522877
254523065
254523385
254523412
254523476
254523852
254523883
254523898
254524055
254524096
254524126
254524185
254524237
254524300
254524310
254524312
254524319
254524364
254524365
254524392
254524466
254524590
254524647
254524685
254524752
254524890
254524966
254524984
254525049
254525191
254525566
254525714
254525754
254525893
254526349
254526441
254527739
254527938
254528166
254528259
254528404
254528543
254529301
254529330
254529436
254529503
254529622
254529780
254529829
254529846
254530252
254530287
254530453
254530696
254530706
254530975
254531089
254531235
254531309
254531357
254531447
254531675
254532010
254532214
254532391
254532464
254532843
254533185
254533396
254533441
254533563
254533608
254534128
254534973
254534980
254535035
254535055
254535702
254535714
254535970
254536119
254536285
254536445
254536453
254536729
254536793
254536835
254536845
254536989
254537171
254537238
254537296
254537432
254537504
254537590
254537603
254537702
254537795
254537920
254538279
254538322
254538584
254538586
254538596
254538654
254538677
254538721
254538802
254538879
254538951
254538980
254539015
254539034
254539096
254539455
254539520
254539527
254539530
254539672
254539773
254539879
254539903
254539904
254540185
254540233
254540319
254540354
254540405
254540455
254540897
254540987
254541026
254541174
254541267
254541278
254541379
254541413
254541425
254541472
254541515
254541603
254541625
254541634
254541700
254541812
254541837
254541870
254541872
254542110
254542162
254542330
254542368
254542386
254542405
254542437
254542448
254542531
254542595
254542617
254542653
254542726
254542813
254542835
254542848
254542933
254542967
254543039
254543171
254543173
254543243
254543305
254543380
254543397
254543471
254543549
254543743
254543799
254543887
254544086
254544135
254544381
254544399
254544448
254544458
254544464
254544478
254544556
254544581
254544618
254544739
254544839
254544960
254544967
254544996
254545002
254545162
254545408
254545526
254545653
254545740
254545974
254546255
254546466
254546557
254546922
254547014
254547207
254886975
254887983
254888082
254888111
254888164
254888644
254888946
254889160
254889348
254889441
254889500
254889543
254889683
254889777
254889927
254889940
254890003
254890083
254890133
254890347
254890742
254890945
254891110
254891208
254891562
254891676
254891814
254892156
254892303
254892451
254893083
254893357
254893465
254893564
254893741
254893755
254893796
254893808
254893897
254894037
254894153
254894169
254894176
254894410
254894671
254894852
254895020
254895089
254895288
254895340
254895786
254896039
254896109
254896242
254896419
254896984
254897642
254897832
254898203
254899625
254899791
254899841
254899962
254900138
254900148
254900419
254900732
254901068
254902367
254903482
254905107
254905329
254906653
254906684
254906823
254907039
254907233
254907385
254907640
254907746
254908395
254908473
254908543
254908596
254908634
254908731
254908737
254908798
254908808
254909055
254909502
254909533
254909600
254909636
254909863
254909927
254909937
254910153
254910214
254910252
254910408
254910471
254910662
254911004
254911006
254911142
254911261
254911473
254911751
254911780
254911904
254911975
254911985
254912003
254912086
254912119
254912288
254912381
254912382
254912585
254912825
254912884
254912885
254912946
254912988
254913009
254913061
254913192
254913203
254913228
254913229
254913321
254913465
254913650
254913786
254913814
254914270
254914352
254914443
254914490
254914557
254914751
254914837
254915466
254915586
254916174
254916458
254857149
254857300
254857340
254857870
254858163
254858503
254858546
254858667
254858718
254858883
254858937
254858978
254859064
254859083
254859102
254859108
254859167
254859284
254859371
254859376
254859621
254859990
254860292
254860528
254860531
254861065
254861286
254862076
254862785
254862794
254862809
254862825
254863071
254863094
254863128
254863276
254863297
254863299
254863337
254863437
254863655
254863711
254863890
254863919
254863977
254864323
254865057
254865322
254865667
254865668
254866238
254867010
254867038
254867051
254867190
254867925
254868331
254868622
254868698
254868847
254868987
254869183
254869297
254869742
254870109
254870216
254870355
254871922
254872214
254872221
254872261
254872453
254873496
254873653
254873684
254873755
254874511
254875428
254875586
254875843
254875948
254876789
254876830
254877235
254877302
254877555
254877594
254877759
254877825
254878045
254878126
254878166
254878546
254878557
254878707
254878767
254878823
254879082
254879086
254879095
254879124
254879269
254879694
254879712
254879743
254880099
254880288
254880436
254880644
254880685
254880686
254880904
254880991
254881208
254881241
254881348
254881463
254881571
254881589
254881669
254881671
254881715
254881736
254881758
254881805
254881863
254881936
254881961
254882003
254882041
254882139
254882364
254882454
254882550
254882559
254882847
254882922
254883031
254883195
254883360
254883756
254883898
254884067
254884086
254885194
254885216
254885274
254885291
254885367
254670522
254670704
254670715
254670782
254670840
254670885
254670998
254671076
254671093
254671199
254671201
254671294
254671337
254671443
254671511
254671531
254671636
254671718
254671743
254671872
254671993
254672025
254672215
254672276
254672376
254672404
254672770
254672803
254672806
254672885
254672921
254672926
254672937
254672940
254672949
254672954
254673031
254673119
254673144
254673238
254673271
254673345
254673348
254673447
254673653
254673709
254673765
254673821
254673925
254674071
254674074
254674118
254674146
254674190
254674201
254674271
254674410
254674413
254674442
254674622
254674723
254675051
254675470
254675757
254675787
254676013
254676145
254676302
254676461
254676463
254676560
254676721
254676789
254676825
254676867
254676914
254677075
254677111
254677114
254677135
254677187
254677205
254677207
254677215
254677224
254677234
254677397
254677497
254677508
254677552
254677826
254677845
254677899
254678132
254678313
254678473
254678655
254678691
254679094
254679100
254679237
254679372
254679529
254679556
254679611
254679673
254679742
254679754
254680318
254680898
254680928
254680957
254681083
254681192
254681245
254681308
254681870
254682314
254682323
254682351
254682522
254682627
254682762
254682791
254683098
254683111
254683112
254683132
254683395
254683412
254683881
254684147
254684585
254684644
254684792
254685574
254685586
254685719
254685965
254686285
254686827
254687288
254687383
254687387
254687469
254687919
254688283
254688519
254688757
254688821
254689047
254689069
254689233
254689236
254689584
254689795
254689835
254689845
254689962
254689977
254690033
254690081
254690119
254690386
254690387
254690957
254691129
254691150
254691226
254691244
254691277
254691367
254691377
254691471
254691582
254691673
254691684
254691749
254691763
254691792
254691811
254691834
254691866
254692020
254692091
254692223
254692260
254692306
254692350
254692359
254692516
254692552
254692696
254692721
254692755
254692968
254693077
254693221
254693258
254693768
254693783
254693804
254693992
254694109
254694201
254694298
254694324
254694330
254694457
254694491
254694597
254694621
254694659
254694678
254694712
254694747
254694786
254694924
254694941
254694972
254694984
254694996
254695143
254695226
254695260
254695272
254695290
254695378
254695395
254695422
254695490
254695514
254695528
254695621
254695688
254695703
254695801
254695902
254695948
254696061
254696076
254696165
254696273
254696348
254696565
254696618
254696675
254696704
254696756
254696758
254696892
254696998
254697048
254697213
254697216
254697234
254697361
254697486
254697694
254698254
254698304
254698410
254698452
254698843
254698890
254699066
254699482
254699528
254699534
254732136
254732283
254732332
254732344
254732541
254732616
254732658
254732780
254732946
254732954
254732992
254733037
254733041
254733090
254733635
254733729
254733790
254733852
254733978
254734366
254734393
254734427
254734432
254734494
254734571
254734694
254735009
254735082
254735088
254735383
254735682
254735712
254735743
254735916
254736199
254736220
254736296
254736303
254736373
254736424
254736446
254736512
254736658
254736886
254737005
254737614
254737653
254737761
254737853
254737978
254738194
254738222
254738284
254738357
254738437
254738509
254738601
254738822
254738891
254739126
254739489
254739594
254739794
254739844
254739943
254739997
254740034
254740044
254740188
254740764
254740954
254741048
254741126
254741151
254741248
254741265
254741317
254741383
254741488
254741605
254741680
254741693
254742015
254742044
254742049
254742109
254742134
254742196
254742207
254742399
254742701
254742705
254742996
254743011
254743181
254743259
254743348
254743505
254743529
254743564
254743799
254743814
254743892
254743912
254743915
254743928
254743980
254744362
254744421
254744786
254745000
254745066
254745081
254745207
254745238
254745468
254745547
254745580
254745691
254745709
254745799
254745839
254746029
254746066
254746287
254746433
254746639
254746703
254747011
254747012
254747110
254747271
254747291
254747304
254747331
254747538
254747787
254747932
254748475
254748685
254748777
254749238
254749335
254749369
254749489
254749501
254749650
254749777
254749785
254749973
254749976
254750114
254750199
254750456
254750500
254750583
254750716
254750787
254750826
254750841
254750847
254750858
254750908
254751214
254751354
254751449
254751543
254751631
254751681
254751689
254751769
254751787
254751794
254751934
254752031
254752474
254752549
254752593
254752907
254752979
254753053
254753305
254753314
254753560
254753601
254753896
254754193
254754315
254754484
254754632
254754813
254755157
254755170
254755209
254755271
254755290
254755338
254755406
254755460
254755771
254755816
254755997
254756004
254756106
254756133
254756245
254756256
254756283
254756296
254756327
254756381
254756484
254756487
254756559
254756632
254756689
254756841
254756880
254757044
254757058
254757145
254757167
254757620
254757635
254757673
254757843
254758166
254758680
254758954
254758970
254759004
254759507
254759621
254759657
254759791
254759854
254759946
254760042
254760049
254760152
254760153
254760266
254760324
254760621
254760697
254761011
254761035
254761077
254761475
254761705
254761834
254761919
254762015
254762182
254762442
254762508
254762776
254762803
254763053
254763126
254763371
254763684
254763868
254763871
254764040
254701953
254701996
254702266
254702284
254702285
254702348
254702420
254702444
254702472
254702568
254702658
254702702
254702723
254702781
254702864
254703080
254703289
254703575
254703650
254703655
254703657
254703708
254703782
254703879
254704074
254704081
254704102
254704131
254704246
254704263
254704293
254704306
254704324
254704409
254704417
254704424
254704600
254704617
254704626
254704681
254704692
254704897
254705003
254705056
254705089
254705228
254705307
254705350
254705505
254705539
254705549
254705585
254705668
254705669
254705680
254705926
254705973
254706024
254706154
254706761
254706978
254707099
254707262
254707619
254707787
254707797
254708010
254708041
254708130
254708149
254708265
254708322
254708334
254708363
254708387
254708433
254708479
254708552
254708566
254708567
254708686
254708708
254708738
254708778
254708922
254708965
254709012
254709055
254709087
254709198
254709244
254709275
254709279
254709299
254709449
254709467
254709550
254709655
254710057
254710084
254710169
254710225
254710366
254710458
254710480
254710539
254710594
254710991
254711198
254711283
254711591
254711661
254712082
254712243
254712521
254712609
254712623
254713059
254713604
254713622
254713711
254713841
254713924
254714001
254714002
254714019
254714050
254714106
254714207
254714330
254714387
254714404
254714503
254714789
254715215
254715393
254715531
254715653
254715656
254715736
254715822
254715885
254715913
254716160
254716436
254716464
254716565
254716815
254716862
254716972
254717273
254717894
254719386
254719747
254719752
254719854
254720091
254720265
254720272
254720613
254720692
254720700
254721110
254721372
254721559
254721676
254721863
254721867
254721901
254722009
254722073
254722404
254722436
254722569
254722671
254722796
254722819
254722889
254722939
254722958
254723270
254723338
254723434
254723478
254723570
254723719
254723822
254723841
254723869
254723912
254723919
254723991
254724057
254724070
254724132
254724171
254724335
254724425
254724501
254724513
254724680
254724727
254724922
254725012
254725027
254725226
254725267
254725273
254725274
254725349
254725540
254725587
254725656
254725737
254725785
254725996
254726054
254726123
254726146
254726201
254726224
254726332
254726417
254726452
254726640
254726662
254726682
254726699
254726756
254726785
254726793
254726810
254726859
254726890
254726909
254726953
254727033
254727078
254727161
254727176
254727195
254727207
254727286
254727287
254727292
254727417
254727420
254727462
254727484
254727592
254727671
254727737
254727876
254727889
254727973
254728005
254728038
254728112
254728156
254728216
254728247
254728277
254728295
254728364
254728397
254728514
254728524
254728586
254728619
254728870
254728951
254729218
254729645
254729991
254730161
254730169
254730574
254730587
254731169
254731261
254731262
254639433
254639951
254640147
254640149
254640230
254640450
254640483
254640498
254640690
254640720
254640726
254640727
254640951
254641025
254641600
254641714
254641798
254642178
254642253
254642302
254642324
254642421
254642476
254642576
254642583
254642718
254642776
254642816
254642843
254643244
254643404
254643407
254643628
254643633
254643674
254643730
254643808
254643821
254643856
254643958
254644069
254644408
254644571
254644600
254644861
254644982
254645082
254645096
254645299
254645407
254645675
254645806
254646027
254646079
254646081
254646308
254646369
254646495
254646508
254646512
254646518
254646556
254646592
254646625
254646627
254646640
254646754
254646768
254646944
254647023
254647167
254647185
254647217
254647468
254647634
254647978
254648286
254648393
254648412
254648532
254648836
254648908
254648989
254649196
254649575
254650050
254650097
254650666
254650993
254651480
254651500
254651523
254651524
254651605
254651668
254651791
254651820
254651856
254651960
254652159
254652227
254652256
254652309
254652363
254652819
254653274
254653325
254653352
254653494
254653701
254654084
254654209
254654351
254654367
254654943
254655305
254655475
254655524
254656032
254657190
254657196
254657334
254657468
254657513
254657837
254658209
254658872
254658915
254659043
254659050
254659176
254659352
254659470
254659950
254660067
254660088
254660128
254660207
254660234
254660237
254660297
254660350
254660364
254660382
254660411
254660550
254660657
254660790
254660807
254660825
254661036
254661208
254661215
254661405
254661594
254661744
254661798
254661856
254661930
254661984
254662005
254662217
254662257
254662390
254662615
254662714
254662916
254662974
254663022
254663061
254663104
254663197
254663200
254663257
254663330
254663435
254663438
254663689
254663742
254663945
254663967
254664002
254664031
254664050
254664122
254664171
254664180
254664186
254664189
254664240
254664303
254664305
254664361
254664422
254664675
254664727
254664773
254664779
254664848
254664871
254665041
254665298
254665325
254665373
254665461
254665471
254665494
254665664
254665725
254665760
254665895
254665976
254666021
254666061
254666922
254666926
254667073
254667499
254667509
254667564
254668193
254668265
254668267
254668280
254793307
254793738
254793928
254793955
254793993
254794071
254794310
254794467
254794603
254794619
254794827
254794999
254795091
254795108
254795116
254795126
254795240
254795246
254795285
254795297
254795328
254795442
254795607
254795723
254796132
254796182
254796456
254796468
254796488
254796489
254796575
254796600
254796665
254796690
254796765
254796792
254796897
254796967
254796996
254797063
254797598
254797622
254797667
254797785
254797787
254797807
254797880
254797902
254797978
254798122
254798610
254798657
254798770
254799095
254799187
254799214
254799424
254799466
254799484
254799729
254799935
254799993
254800118
254800165
254800269
254800437
254800482
254800671
254801000
254801204
254801335
254801421
254801665
254801795
254801829
254801889
254801910
254801966
254802101
254802132
254802311
254802436
254802474
254802524
254802742
254802833
254803172
254803312
254803362
254803391
254803418
254803490
254803754
254803793
254803858
254803945
254804000
254804040
254804438
254804606
254804632
254804698
254804707
254804832
254804864
254805010
254805186
254805238
254805512
254805562
254805592
254805723
254805798
254806292
254806306
254806750
254806973
254807170
254807578
254807993
254808039
254808077
254808180
254808258
254808260
254808548
254808691
254808830
254808886
254808930
254809042
254809088
254809203
254809319
254809416
254809448
254809615
254809652
254809665
254809733
254809740
254809929
254810120
254810253
254810266
254810423
254810424
254810541
254810605
254810959
254811002
254811061
254811461
254811469
254811699
254811783
254811844
254811903
254812017
254812105
254812244
254812339
254812610
254812765
254812817
254812985
254812997
254813137
254813204
254813407
254813570
254813620
254813641
254813675
254814213
254814233
254814450
254814502
254814567
254814723
254814937
254814964
254814973
254815167
254815269
254815281
254815297
254815322
254815388
254815522
254815560
254815747
254815806
254815946
254816114
254816466
254816508
254816547
254816757
254816802
254817328
254817569
254817685
254818073
254818103
254818208
254818210
254818295
254818440
254818580
254818599
254818631
254818748
254819128
254819209
254819245
254819834
254819886
254820070
254820115
254820150
254820318
254820501
254820693
254820779
254820799
254820817
254820875
254820929
254821011
254821588
254821852
254821869
254821943
254822015
254822082
254822116
254822154
254822347
254822360
254822424
254822668
254822721
254822770
254822774
254822878
254822905
254822907
254822994
254823025
254823093
254823370
254823413
254823516
254823577
254823653
254764238
254764391
254764528
254764738
254764966
254765015
254765038
254765244
254765429
254765500
254765575
254765682
254765915
254765987
254766054
254766261
254766654
254766757
254766997
254767165
254767250
254767310
254767395
254767434
254767516
254767850
254768143
254768165
254768358
254768534
254768595
254768895
254768905
254769047
254769061
254769367
254769462
254769588
254769697
254769909
254769946
254770222
254770246
254770642
254770757
254770759
254770841
254770960
254770992
254771013
254771262
254771444
254772490
254772545
254772626
254772697
254772698
254772897
254773030
254773036
254773506
254773665
254774621
254775152
254775489
254775660
254776089
254776309
254776357
254776398
254776603
254776760
254776987
254777200
254777201
254777206
254777303
254777414
254777545
254777563
254777916
254778492
254778733
254778820
254778847
254778923
254779877
254779898
254780254
254780553
254780648
254780681
254780853
254781012
254781156
254781200
254781406
254781507
254781646
254781659
254782148
254782464
254782590
254782608
254782813
254783002
254783047
254783065
254783888
254783944
254784281
254784376
254784431
254784536
254784652
254784867
254784887
254785027
254785117
254785449
254785574
254786476
254786573
254786690
254787292
254787323
254787662
254787993
254788101
254788217
254788331
254788394
254788425
254788639
254788790
254789358
254789486
254789543
254789643
254789816
254789826
254789895
254789940
254790227
254790270
254790279
254790394
254790934
254790984
254791304
254791625
254791659
254791810
254791842
254791968
254792067
254792253
254792403
254792758
254792862
254792864
254793037
254793132
254793174
254824479
254824575
254825094
254825261
254825292
254825349
254825410
254825557
254825588
254825600
254825669
254825728
254825733
254825798
254825829
254826025
254826065
254826296
254826322
254826533
254826579
254826813
254826814
254826887
254826904
254827160
254827243
254827456
254827479
254827505
254827597
254827602
254827610
254827635
254827666
254827713
254827714
254827968
254827984
254828009
254828123
254828401
254828412
254828511
254828516
254828538
254828737
254828818
254828834
254828924
254829026
254829033
254829044
254829062
254829195
254829260
254829279
254829438
254829740
254829796
254830075
254830157
254830504
254830513
254830518
254830616
254830699
254830845
254830889
254830937
254830973
254831037
254831040
254831103
254831115
254831324
254831382
254831438
254831478
254831537
254831605
254831613
254831643
254831668
254831726
254831727
254831736
254831899
254831921
254831939
254832318
254832375
254832528
254832536
254832603
254832645
254832757
254832821
254832904
254832936
254832977
254833002
254833305
254833314
254833350
254833504
254833532
254833550
254833769
254833879
254833888
254833938
254833939
254834001
254834346
254834366
254834947
254835548
254835771
254835832
254836531
254836724
254837261
254837310
254837325
254837358
254837388
254837404
254837412
254837451
254837478
254837481
254837672
254837678
254837784
254837857
254837882
254837899
254837917
254838029
254838120
254838144
254838689
254838912
254838991
254839433
254839814
254839887
254840374
254840469
254840539
254840985
254842824
254843094
254843269
254843358
254843646
254843665
254843967
254844036
254844082
254844322
254844724
254844876
254845068
254845090
254845110
254845121
254845194
254845242
254845265
254845324
254845398
254845412
254845584
254845699
254845785
254845899
254845946
254846005
254846135
254846157
254846181
254846248
254846249
254846274
254846300
254846372
254846408
254846507
254846576
254846657
254846752
254846818
254846895
254847081
254847095
254847156
254847227
254847284
254847343
254847486
254847528
254847624
254847782
254848066
254848072
254848257
254848270
254848305
254848555
254848610
254848622
254848631
254848637
254848826
254849003
254849120
254849225
254849273
254849357
254849369
254849441
254849464
254849679
254849866
254849883
254849904
254849975
254850018
254850045
254850129
254850130
254850305
254850323
254850352
254850400
254850556
254850645
254850656
254850690
254850719
254850778
254850818
254850828
254850851
254850904
254850924
254850948
254850994
254851112
254851295
254851352
254851358
254851406
254851430
254851490
254851503
254851733
254851868
254851927
254851957
254851996
254852060
254852143
254852536
254852945
254852974
254852989
254853122
254853216
254853218
254853639
254853668
254853711
254853992
254854138
254854340
254854371
254854429
254949402
254949433
254949492
254949524
254949692
254949793
254949853
254950052
254950081
254950324
254950570
254950576
254950768
254950777
254950875
254950882
254950972
254951087
254951184
254951185
254951248
254951712
254951736
254951790
254951944
254951984
254952101
254952125
254952360
254952440
254952448
254953017
254953139
254953141
254953167
254953182
254953261
254953632
254953633
254953910
254954064
254954141
254954377
254954486
254954606
254954615
254954737
254954763
254954769
254954947
254955047
254955159
254955432
254955537
254955797
254955918
254955942
254956473
254956727
254956833
254956938
254957074
254957232
254957279
254957333
254957341
254957363
254957376
254957473
254957574
254957786
254958029
254958107
254958138
254958142
254958172
254958323
254958324
254958384
254958395
254958441
254958543
254958547
254958805
254959029
254959137
254959212
254959213
254959266
254959386
254959430
254959473
254959740
254959940
254960033
254960075
254960239
254960285
254960316
254960331
254960554
254960644
254960677
254960720
254960726
254960729
254960968
254961443
254961722
254961804
254961955
254962120
254962144
254962265
254962515
254962534
254962574
254962582
254962640
254962658
254962717
254962834
254963175
254963267
254963291
254963454
254963731
254963811
254963973
254964056
254964061
254964120
254964124
254964130
254964151
254964309
254964342
254964354
254964547
254964684
254964702
254964760
254965062
254965188
254965206
254965246
254965311
254965405
254965625
254965682
254965735
254965858
254965877
254965891
254965945
254965959
254966044
254966161
254966222
254966329
254966725
254966869
254966983
254967012
254967021
254967118
254967437
254967666
254967677
254967705
254967852
254968085
254968110
254968120
254968321
254968351
254968353
254968573
254968590
254968649
254969073
254969097
254969150
254969267
254969390
254969427
254969492
254969686
254969820
254970031
254970047
254970146
254970253
254970444
254970485
254970543
254970700
254970896
254971084
254971224
254971266
254971275
254971276
254971338
254971344
254971411
254971569
254971579
254971595
254971606
254971663
254971754
254971790
254971865
254972011
254972021
254972097
254972272
254972312
254972376
254972380
254972421
254972462
254972511
254972578
254972611
254972664
254972831
254972917
254972994
254973004
254973106
254973163
254973189
254973304
254973309
254973332
254973364
254973412
254973461
254973487
254973506
254973594
254973938
254974042
254974210
254974220
254974221
254974357
254974406
254974463
254974482
254974520
254974552
254974721
254974763
254974801
254974917
254974984
254975344
254975364
254975407
254975449
254975469
254975492
254975551
254975828
254975892
254975955
254976022
254976090
254976168
254976282
254976393
254976466
254976551
254976575
254976622
254976681
254976767
254976828
254976922
254977225
254977423
254977786
254977801
254977972
254978020
254978040
254978066
254978391
254978546
254978713
254978898
254979087
254979125
254979272
254979405
254979412
254979985
254980095
254918478
254919029
254919177
254919211
254919249
254919297
254919483
254919541
254919555
254919621
254919635
254919680
254919862
254919870
254919886
254919917
254919928
254920045
254920498
254920513
254920802
254920875
254920914
254921014
254921108
254921311
254921336
254921400
254921411
254921415
254921423
254921460
254921497
254921514
254921553
254921563
254921566
254921587
254921592
254921621
254921769
254921778
254921792
254921866
254921891
254921908
254922158
254922486
254922512
254922629
254922732
254922750
254922885
254922886
254922925
254922930
254922958
254923106
254923162
254923194
254923220
254923414
254923676
254923750
254924189
254924415
254924589
254924795
254924798
254924815
254924944
254925007
254925098
254925220
254925259
254925282
254925304
254925329
254925335
254925351
254925403
254925545
254925546
254925561
254925614
254925616
254925667
254925676
254925694
254925723
254925746
254925768
254925816
254925846
254925922
254925933
254926089
254926100
254926279
254926342
254926387
254926452
254926573
254926675
254926738
254926851
254926883
254927174
254927208
254927254
254927512
254927686
254927734
254927775
254928020
254928119
254928161
254928398
254928724
254929075
254929140
254929355
254929378
254929407
254929496
254929498
254929511
254930026
254930163
254930364
254930731
254930791
254930879
254930976
254931128
254931156
254931162
254931209
254931255
254931257
254931261
254931277
254931426
254931498
254931546
254931679
254931785
254931821
254932051
254932174
254932482
254932493
254932926
254933228
254933498
254933559
254933581
254933804
254933873
254934196
254934255
254934642
254934996
254935464
254935500
254936700
254936812
254937068
254937287
254937289
254937294
254937301
254937361
254937674
254937743
254937745
254937749
254937795
254938193
254938224
254938275
254938586
254938728
254938741
254938748
254939019
254939026
254939051
254939060
254939321
254939584
254939667
254939818
254939858
254939866
254939880
254939980
254940016
254940039
254940068
254940217
254940287
254940359
254940371
254940409
254940492
254940572
254940582
254940634
254940696
254940839
254940867
254940936
254940966
254940973
254940983
254940993
254941062
254941284
254941322
254941600
254941606
254941632
254941907
254941992
254942003
254942043
254942148
254942161
254942233
254942273
254942463
254942542
254942561
254942565
254942705
254942766
254942841
254942920
254943117
254943144
254943246
254943316
254943517
254943622
254943701
254943815
254943863
254943875
254943876
254943917
254943984
254944007
254944088
254944092
254944169
254944208
254944239
254944300
254944367
254944385
254944419
254944484
254944550
254944636
254944708
254944717
254944732
254944745
254944756
254944858
254944924
254944961
254945183
254945192
254945205
254945261
254945281
254945295
254945333
254945368
254945438
254945495
254945500
254945504
254945669
254945745
254945793
254945822
254945881
254946008
254946101
254946125
254946371
254946411
254946506
254946563
254946703
254946827
254947086
254947127
254947628
254947704
254948393
254948440
254948460
254980472
254980579
254980655
254980660
254981007
254981037
254981082
254981247
254981494
254981594
254981937
254982039
254982122
254982404
254982509
254982696
254982845
254982929
254982949
254983147
254983352
254983595
254983596
254983915
254983935
254984063
254984073
254984135
254984419
254985044
254985098
254985148
254985443
254985712
254985808
254985930
254985952
254986016
254986112
254986213
254986251
254986511
254986748
254987146
254987165
254987200
254987244
254987264
254987368
254987426
254987457
254987612
254987926
254987986
254988055
254988124
254988153
254988177
254988347
254988396
254988501
254988598
254988634
254988655
254988895
254989053
254989055
254989166
254989335
254989605
254989715
254989716
254990003
254990081
254990140
254990270
254990296
254990470
254990507
254991007
254991092
254991259
254991532
254991770
254991930
254992049
254992182
254992325
254992600
254992602
254992692
254992735
254992905
254992922
254992931
254992937
254993305
254993322
254993499
254993538
254993647
254993960
254994377
254994404
254994410
254994446
254994489
254994635
254995035
254995104
254995288
254995310
254995387
254995502
254996034
254996395
254996589
254996614
254996863
254996997
254997001
254997189
254997371
254997629
254997670
254997935
254997970
254998099
254998180
254998827
254998876
254998944
254999025
254999633
254999678
254999817
254999839
255000093
255000300
255000303
255000327
255000384
255000409
255000680
255000880
255000964
255001113
255001205
255001494
255001710
255001981
255002179
255002337
255002596
255002772
255002810
255002998
255003011
255003203
255003378
255003824
255003943
255004068
255004276
255004750
255005043
255005198
255005331
255005413
255005433
255005622
255005881
255005972
255006260
255006333
255006386
255006424
255006446
255006591
255006658
255006843
255006956
255007241
255007504
255007587
255007681
255008096
255008172
255008242
255008661
255008705
255010184
255010499
255010828
255010837
255010992
255011255
255011287
255011297
255011402
255011489
255011600
255011687
255011714
255011773
255011836
255011850
255011955
255011983
255012006
255012266
255012323
255012341
255012346
255012347
255012387
255012429
255012451
255012717
255012720
255012800
255012839
255012886
255012969
255013012
255013050
255013129
255013186
255013284
255013417
255013440
255013568
255013632
255013670
255013799
255013803
255013811
255013896
255013998
255014615
255014887
255015027
255015057
255015095
255015170
255015224
255015336
255015500
255015541
255015543
255015632
255015635
255015644
255015665
255015768
255015830
255015832
255015907
255015916
255015917
255015929
255015991
255016031
255016033
255016075
255016076
255016295
255016380
255016430
255016520
255016558
255016620
255016635
255016743
255016762
255016770
255016841
255016984
255016989
255017003
255017048
255017070
255017414
255017555
255017700
255017789
255017952
255018222
255018542
255018826
255018944
255018991
255019002
255019054
255019067
255019376
255019430
255019508
255019858
255020033
255020038
255020083
255020150
255020252
255020270
255020809
255021162
255021188
255021443
255021515
255021710
255021869
255021909
255021948
255022141
255022154
255022323
255022661
255022764
255022785
255022903
255023284
255023360
255023422
255023794
255024003
255024045
255024547
255024622
255024773
255024810
255025652
255025748
255025823
255027016
255027064
255027109
255027236
255027282
255027644
255027647
255027844
255027845
255027944
255027968
255028028
255028095
255028129
255028186
255028352
255028412
255028456
255028507
255028556
255028628
255028963
255029153
255029219
255029410
255029515
255029524
255029592
255029648
255029685
255029705
255029818
255029874
255029897
255029988
255030126
255030146
255030254
255030608
255030709
255030879
255030983
255031119
255031142
255031155
255031216
255031249
255031516
255031604
255031679
255031718
255031758
255031822
255031876
255031947
255031965
255032132
255032222
255032256
255032324
255032335
255032445
255032460
255032550
255032554
255032612
255032659
255032692
255032729
255032765
255032935
255033042
255033221
255033369
255033372
255033440
255033442
255033465
255033493
255033640
255033665
255033704
255033716
255033991
255034072
255034078
255034203
255034331
255034604
255034618
255034744
255034784
255034787
255034817
255034863
255034919
255034923
255034946
255034968
255035021
255035038
255035048
255035051
255035091
255035152
255035220
255035251
255035321
255035328
255035440
255035468
255035553
255035621
255035634
255035669
255035877
255035905
255036015
255036122
255036130
255036159
255036314
255036774
255036968
255037011
255037058
255037144
255037559
255037650
255037749
255037916
255038704
255132355
255132545
255132770
255132893
255133050
255133284
255133336
255133348
255133409
255133484
255133488
255133512
255133576
255133603
255133677
255133702
255133805
255133824
255133837
255133838
255133919
255133999
255134046
255134089
255134273
255134366
255134439
255134510
255134588
255134620
255134874
255134894
255134961
255134963
255135014
255135057
255135147
255135244
255135275
255135286
255135315
255135323
255135324
255135332
255135357
255135426
255135470
255135483
255135491
255135606
255135662
255135677
255135706
255135754
255135869
255136060
255136316
255136402
255136531
255136575
255136611
255136646
255136716
255136717
255136758
255136763
255136822
255136847
255136882
255136924
255137057
255137062
255137093
255137170
255137418
255137498
255137573
255137586
255137589
255137873
255137903
255138102
255138152
255138228
255138325
255138574
255138693
255138827
255138868
255138962
255139033
255139048
255139141
255139184
255139222
255139289
255139353
255139450
255139472
255139478
255139527
255139546
255139556
255139567
255139586
255139607
255139626
255139648
255139651
255139719
255139737
255139752
255139912
255140129
255140235
255140236
255140289
255140318
255140330
255140407
255140427
255140602
255140620
255140685
255140884
255141021
255141032
255141091
255141109
255141169
255141294
255141401
255141414
255141453
255141460
255141566
255141575
255141639
255141957
255141991
255142219
255142275
255142335
255142417
255142517
255143101
255143130
255143344
255143551
255143579
255144060
255144153
255144453
255144621
255144639
255144798
255144815
255144850
255144868
255144926
255144959
255145015
255145141
255145326
255145502
255145519
255145550
255145740
255146176
255146380
255146513
255146522
255146815
255146839
255146848
255146897
255147015
255147061
255147240
255147398
255147405
255147789
255147858
255148537
255148690
255149218
255149332
255149500
255149672
255149881
255149895
255149988
255150116
255150339
255150449
255150472
255150595
255150831
255150883
255150980
255150983
255151047
255151217
255151353
255151470
255151814
255151896
255152103
255152205
255152372
255152413
255152485
255152488
255152528
255152529
255152589
255152634
255152657
255152690
255152733
255153008
255153034
255153149
255153164
255153276
255153320
255153356
255153435
255153526
255153586
255153623
255153635
255153653
255153973
255154069
255154236
255154290
255154324
255154360
255154394
255154461
255154520
255154531
255154537
255154539
255154629
255154647
255154680
255154712
255154838
255154915
255154940
255154991
255155043
255155133
255155162
255155228
255155237
255155314
255155355
255155457
255155553
255155564
255155587
255155699
255155744
255155858
255155902
255156048
255156049
255156271
255156305
255156316
255156333
255156397
255156400
255156468
255156494
255156589
255156642
255156661
255156685
255156844
255156900
255156906
255156930
255156933
255157015
255157105
255157136
255157162
255157321
255157401
255157590
255157597
255157636
255157645
255157707
255157744
255157763
255157824
255157921
255158028
255158119
255158131
255158167
255158181
255158270
255158281
255158293
255158295
255158448
255158454
255158612
255158690
255158777
255158938
255159113
255159191
255159246
255159354
255159522
255159563
255159565
255159621
255159678
255159868
255159931
255159971
255160177
255160251
255160355
255160391
255160426
255160534
255160572
255160640
255160641
255160756
255160931
255161164
255161558
255161800
255161863
255161889
255161943
255162719
255162913
255162934
255162960
255163017
255163306
255163550
255163895
255163902
255164056
255164060
255164101
255164251
255164306
255164321
255164332
255164587
255164726
255164741
255164852
255164896
255165105
255165150
255165378
255165436
255165598
255165705
255165851
255165917
255165950
255165974
255166145
255166149
255166333
255166335
255166462
255166695
255166736
255166768
255166901
255166927
255166950
255166979
255166994
255167018
255167038
255167135
255167592
255167616
255167617
255167772
255167874
255167966
255168161
255168180
255168191
255168413
255168444
255168454
255168501
255168584
255168653
255168987
255169162
255169227
255169366
255169457
255169519
255169591
255169659
255169692
255169779
255169817
255170038
255170085
255170133
255170177
255170196
255170213
255170254
255170574
255170614
255170656
255170907
255171045
255171055
255171073
255171089
255171175
255171232
255171303
255171325
255171527
255171578
255171592
255171892
255171896
255171929
255171951
255172003
255172207
255172357
255172474
255172515
255172561
255172654
255172670
255172791
255172973
255173118
255173170
255173236
255173260
255173332
255173345
255173358
255173400
255173521
255173522
255173667
255173704
255173790
255173796
255174033
255174190
255174389
255174406
255174470
255174493
255174498
255174515
255174553
255174651
255174656
255174719
255174746
255174835
255175358
255175561
255175581
255175615
255175740
255175742
255175756
255175775
255175817
255175913
255175950
255176058
255176113
255176243
255176544
255176658
255176748
255176841
255176903
255177095
255177274
255177294
255177432
255177457
255177514
255177531
255177596
255177685
255177744
255178056
255178073
255178130
255178135
255178242
255178349
255178467
255178534
255178577
255178648
255178660
255178769
255178874
255178995
255179017
255179053
255179208
255179279
255179411
255179433
255179479
255179529
255179640
255179766
255179772
255179876
255180103
255180149
255180242
255180274
255180467
255180500
255180556
255180590
255180608
255180804
255180848
255180920
255180973
255180984
255181003
255181013
255181172
255181176
255181184
255181239
255181354
255181418
255181477
255181507
255181546
255181617
255181626
255181718
255181732
255181754
255181779
255181821
255181898
255181995
255182235
255182298
255182625
255182681
255182787
255182788
255183239
255183288
255183311
255183340
255183753
255183805
255183820
255183850
255183905
255183936
255183941
255184036
255184431
255184438
255184448
255184529
255184545
255184709
255184831
255184836
255184960
255184973
255185005
255185147
255185421
255185543
255185673
255185770
255185845
255185892
255185962
255186010
255186022
255186074
255186298
255186415
255186469
255186484
255186508
255186640
255186999
255187117
255187140
255187199
255187581
255187630
255187631
255187632
255187708
255187763
255187776
255187777
255187802
255187963
255188015
255188111
255188175
255188242
255188275
255188302
255188326
255188338
255188344
255188349
255188403
255188452
255188606
255188614
255188624
255188642
255188670
255188771
255188795
255188923
255188973
255189192
255189381
255189605
255189862
255189926
255190015
255190227
255190247
255190374
255190520
255190577
255190598
255190775
255190843
255190854
255190875
255190922
255191038
255191103
255191150
255191420
255191492
255191714
255191719
255191793
255191878
255191886
255191965
255191980
255192046
255192083
255192195
255192276
255192348
255192393
255192405
255192492
255192493
255192769
255192900
255192925
255193193
255193214
255193282
255193495
255193709
255193760
255193776
255193788
255193793
255194003
255194019
255194288
255071680
255071915
255071937
255071970
255071971
255072140
255072159
255072167
255072245
255072268
255072312
255072400
255072429
255072434
255072538
255072676
255072807
255072826
255073068
255073210
255073306
255073389
255073418
255073456
255073502
255073652
255073688
255073697
255073722
255073734
255073836
255073855
255073882
255073917
255073934
255073942
255074000
255074024
255074065
255074084
255074086
255074109
255074124
255074144
255074158
255074187
255074208
255074229
255074236
255074297
255074324
255074333
255074418
255074480
255074493
255074784
255074794
255074844
255075033
255075055
255075099
255075319
255075320
255075351
255075388
255075445
255075486
255075487
255075499
255075563
255075601
255075602
255075666
255075747
255075809
255075814
255076083
255076191
255076230
255076247
255076292
255076380
255076589
255076799
255076805
255076976
255077072
255077094
255077192
255077222
255077408
255077427
255077549
255077564
255077630
255077827
255077843
255077903
255077948
255077986
255078037
255078105
255078116
255078134
255078164
255078192
255078209
255078228
255078237
255078252
255078282
255078311
255078478
255078496
255078513
255078603
255078620
255078642
255078764
255078870
255078916
255078980
255079257
255079402
255079581
255079848
255079859
255079983
255080048
255080078
255080131
255080149
255080280
255080441
255080448
255080589
255080610
255080633
255080779
255080985
255081170
255081183
255081378
255081393
255081630
255081721
255081757
255081872
255081926
255082066
255082101
255082502
255082849
255082930
255082987
255083061
255083119
255083246
255083306
255083314
255083325
255083332
255083345
255083445
255083454
255083483
255083615
255083673
255083727
255083859
255083906
255083933
255083986
255084008
255084093
255084303
255084331
255084513
255084551
255084720
255084882
255084979
255084999
255085028
255085305
255085322
255085639
255086133
255086181
255086259
255086261
255086264
255086432
255086591
255086961
255087317
255088687
255088717
255088791
255088819
255088872
255088965
255089056
255089066
255089244
255089258
255089523
255089663
255089703
255089951
255089979
255090025
255090085
255090248
255090394
255090408
255090453
255090526
255090601
255090736
255090839
255090869
255091153
255091309
255091447
255091487
255091551
255091594
255091627
255091639
255091674
255091724
255091747
255091833
255091840
255091881
255092128
255092135
255092195
255092208
255092546
255092574
255092591
255092608
255092625
255092655
255092682
255092740
255092759
255092778
255092782
255092839
255092881
255092941
255092995
255093044
255093045
255093050
255093210
255093294
255093370
255093377
255093425
255093436
255093453
255093545
255093623
255093661
255093723
255093752
255093762
255093827
255093892
255093955
255094120
255094149
255094164
255094304
255094323
255094324
255094410
255094471
255094539
255094542
255094613
255094657
255094664
255094749
255094830
255094852
255094879
255094911
255094927
255094971
255094979
255095074
255095184
255095202
255095213
255095230
255095390
255095453
255095469
255095494
255095496
255095503
255095658
255095728
255095773
255095878
255095889
255095995
255096052
255096088
255096122
255096177
255096180
255096239
255096243
255096338
255096524
255096580
255096628
255096724
255096869
255096875
255096878
255096887
255096913
255096929
255096987
255097006
255097008
255097063
255097087
255097179
255097224
255097253
255097289
255097369
255097441
255097476
255097482
255097577
255097798
255097863
255098000
255098036
255098219
255098280
255098547
255098578
255098899
255098936
255099161
255099684
255099724
255194724
255194767
255195076
255195147
255195475
255195623
255195757
255195851
255195954
255196069
255196117
255196141
255196185
255196282
255196290
255196318
255196335
255196442
255196622
255196720
255196773
255196918
255196992
255197108
255197111
255197120
255197211
255197287
255197676
255197750
255197940
255197968
255198022
255198148
255198171
255198196
255198520
255198521
255198720
255198760
255198846
255198955
255199190
255199258
255199597
255199651
255200103
255200561
255200606
255200940
255201101
255201135
255201150
255201485
255201501
255201687
255201897
255201964
255202140
255202145
255202463
255202605
255202731
255202737
255202746
255202757
255202844
255202895
255203068
255203186
255203292
255203609
255203747
255203897
255203956
255204189
255204194
255204348
255204570
255204841
255204930
255204948
255204961
255205094
255205304
255205587
255206229
255206434
255206524
255206691
255206703
255206736
255206775
255206788
255206893
255207057
255207124
255207263
255207527
255207752
255208065
255208081
255208526
255208720
255208854
255208856
255208935
255209108
255209158
255209367
255209385
255209386
255209647
255209881
255210013
255210095
255210124
255210133
255210161
255210172
255210324
255210976
255211007
255211351
255211432
255211457
255211772
255211848
255211928
255211961
255212190
255212231
255212426
255212428
255212542
255212678
255213004
255213006
255213012
255213026
255213126
255213139
255213190
255213318
255213666
255213763
255213788
255213884
255213912
255214042
255214241
255214266
255214291
255214353
255214385
255214638
255214687
255214803
255214939
255214951
255215080
255215159
255215168
255215223
255215250
255215295
255215699
255215763
255215883
255215939
255216152
255216258
255216545
255216681
255216707
255216763
255216831
255217180
255217257
255217338
255217400
255217569
255217742
255218045
255218235
255218326
255218379
255218455
255218547
255219153
255219165
255219301
255219388
255219465
255219515
255219585
255219648
255219760
255219814
255220140
255220389
255220824
255221007
255221011
255221020
255221316
255221581
255221621
255222049
255222054
255222337
255222473
255040155
255040425
255040742
255040750
255040764
255040930
255040942
255040968
255040983
255041036
255041039
255041069
255041091
255041097
255041175
255041306
255041352
255041408
255041433
255041461
255041764
255041850
255041901
255041931
255041957
255041960
255042007
255042027
255042089
255042108
255042132
255042152
255042155
255042278
255042358
255042367
255042369
255042413
255042536
255042565
255042785
255042878
255042886
255042929
255042930
255042988
255042989
255042992
255042993
255043004
255043069
255043376
255043424
255043592
255043896
255043908
255043965
255044038
255044060
255044079
255044237
255044253
255044286
255044368
255044442
255044452
255044455
255044475
255044483
255044508
255044522
255044691
255044732
255044827
255045148
255045287
255045337
255045403
255045470
255045523
255045721
255045766
255045863
255045972
255046072
255046148
255046264
255046342
255046483
255046647
255046818
255046834
255046880
255047002
255047100
255047104
255047124
255047140
255047196
255047234
255047254
255047271
255047296
255047390
255047401
255047405
255047425
255047455
255047691
255047723
255047749
255048012
255048096
255048104
255048127
255048242
255048307
255048381
255048407
255048417
255048451
255048729
255048764
255048804
255048990
255049156
255049171
255049182
255049244
255049487
255049701
255049822
255049840
255049941
255050105
255050107
255050160
255050280
255050423
255050932
255050963
255050981
255051320
255051324
255051492
255051548
255051974
255052165
255052251
255052254
255052382
255052458
255052532
255052556
255052688
255052737
255052782
255052784
255052785
255052828
255052942
255052963
255052978
255052980
255053007
255053044
255053092
255053104
255053112
255053212
255053243
255053258
255053343
255053346
255053423
255053447
255053461
255053493
255053561
255053914
255053986
255054236
255054712
255055123
255055189
255055285
255055609
255055722
255055755
255055795
255055864
255056136
255056189
255056255
255056456
255056912
255056950
255057495
255057562
255058059
255058269
255058272
255058277
255058532
255058779
255059059
255059152
255059207
255059639
255059691
255059753
255059920
255059972
255060049
255060102
255060223
255060335
255060413
255060423
255060445
255060582
255060600
255060785
255061077
255061175
255061187
255061201
255061210
255061377
255061394
255061401
255061402
255061412
255061563
255061618
255061685
255061746
255061796
255061822
255061850
255061905
255062007
255062162
255062222
255062349
255062389
255062535
255062701
255062702
255062837
255062870
255062944
255063244
255063280
255063295
255063371
255063438
255063483
255063636
255063771
255063910
255063925
255064054
255064068
255064170
255064252
255064274
255064315
255064323
255064358
255064501
255064547
255064557
255064596
255064672
255064691
255064730
255064867
255064885
255064924
255064979
255065008
255065076
255065082
255065100
255065133
255065435
255065444
255065468
255065691
255065693
255065744
255065777
255065799
255065819
255065876
255065958
255065959
255065968
255066066
255066117
255066224
255066244
255066261
255066298
255066325
255066373
255066483
255066542
255066592
255066601
255066741
255066745
255066795
255066880
255067057
255067091
255067198
255067237
255067391
255067392
255067426
255067764
255068011
255068042
255068065
255068073
255068305
255068398
255068886
255068926
255069523
255069563
255069618
255069649
255069701
255070303
255222834
255222905
255223171
255223186
255223442
255223669
255223808
255223846
255223926
255224019
255224052
255224369
255224411
255224480
255224717
255224815
255224929
255225084
255225349
255225456
255225483
255225592
255225665
255225703
255225765
255225925
255225976
255226010
255226015
255226036
255226082
255226151
255226173
255226244
255226587
255226616
255226747
255226752
255226905
255226916
255227130
255227391
255227433
255227568
255227871
255227884
255227935
255228058
255228137
255228328
255228355
255228401
255228523
255228534
255228869
255228949
255228951
255229057
255229206
255229337
255229370
255229413
255229468
255229684
255229712
255229863
255230018
255230052
255230081
255230125
255230148
255230201
255230213
255230322
255230327
255230432
255230535
255230624
255230660
255231024
255231055
255231141
255231193
255231329
255231363
255231587
255231733
255231916
255232028
255232059
255232079
255232271
255232279
255232348
255232436
255232502
255232507
255232525
255232683
255232768
255232912
255232917
255232933
255233003
255233472
255233537
255233543
255233569
255233783
255233843
255233845
255233909
255234051
255234071
255234095
255234129
255234290
255234324
255234371
255234518
255234772
255234843
255234855
255235144
255235192
255235208
255235263
255235301
255235341
255235515
255235614
255235645
255235685
255235714
255235958
255236102
255236121
255236685
255236744
255236745
255236834
255236908
255236925
255236983
255237312
255237323
255237569
255237890
255238065
255238078
255238218
255238302
255238538
255238817
255238824
255238893
255238938
255238981
255238991
255239032
255239047
255239069
255239074
255239248
255239400
255239638
255239765
255240221
255240331
255240384
255240495
255240671
255240800
255240917
255240992
255241082
255241137
255241236
255241363
255241429
255241597
255241724
255241843
255241971
255242071
255242150
255242244
255242275
255242317
255242506
255242690
255242731
255242746
255242765
255243076
255243119
255243153
255243208
255243222
255243385
255243450
255243548
255243644
255243666
255243712
255243766
255243847
255243908
255244309
255244436
255244703
255244721
255244857
255244917
255244960
255245121
255245332
255245409
255245658
255245853
255245915
255246080
255246139
255246292
255246334
255246367
255246425
255246451
255246467
255246540
255246729
255246735
255246804
255246852
255246947
255246993
255247049
255247197
255247233
255247415
255247418
255247475
255247479
255247485
255247562
255247568
255247817
255248117
255248214
255248322
255248383
255248391
255248513
255248532
255248688
255248773
255248800
255248866
255248965
255249059
255249683
255249753
255250047
255250085
255250087
255250136
255250150
255250222
255250288
255250420
255250496
255250512
255250582
255250594
255250646
255250770
255251028
255251035
255251182
255251395
255251628
255251687
255251776
255251807
255251896
255251930
255252156
255252210
255252258
255252455
255252548
255252613
255101360
255101714
255101815
255102063
255102071
255102111
255102127
255102292
255102316
255102344
255102360
255102428
255102438
255102502
255102591
255102638
255102727
255102758
255102845
255102952
255102955
255103019
255103065
255103077
255103206
255103221
255103281
255103290
255103493
255103500
255103523
255103545
255103599
255103633
255103698
255103717
255103774
255103786
255103909
255103938
255104123
255104137
255104140
255104200
255104228
255104243
255104256
255104277
255104283
255104287
255104302
255104355
255104377
255104385
255104398
255104453
255104534
255104594
255104676
255104732
255104846
255105055
255105067
255105192
255105273
255105420
255105496
255105554
255105555
255105615
255105689
255105698
255105699
255105700
255105774
255105832
255105867
255105954
255105958
255105977
255106262
255106276
255106371
255106460
255106479
255106514
255106549
255106581
255106698
255106754
255106865
255106885
255107025
255107097
255107167
255107180
255107413
255107445
255107498
255107504
255107553
255107637
255108043
255108069
255108074
255108106
255108174
255108204
255108225
255108254
255108319
255108323
255108324
255108331
255108366
255108403
255108490
255108500
255108514
255108523
255108544
255108664
255108683
255108692
255108882
255109029
255109035
255109162
255109175
255109219
255109259
255109279
255109682
255109689
255109961
255110018
255110160
255110301
255110421
255110494
255110545
255110557
255110667
255110670
255110941
255110965
255110995
255111126
255111134
255111177
255111226
255111296
255112074
255112183
255112573
255112641
255113177
255113303
255113307
255113523
255113704
255113721
255113760
255113808
255113842
255113843
255113847
255113863
255113868
255113890
255114109
255114196
255114227
255114435
255114481
255114505
255114554
255114574
255114581
255114923
255114961
255115034
255115250
255115343
255115384
255115726
255116035
255116093
255116189
255116302
255116371
255116687
255116724
255116741
255116745
255116766
255116789
255117086
255117254
255117528
255118156
255119028
255119208
255119531
255119539
255119685
255119851
255119876
255119966
255120080
255120121
255120279
255120414
255120633
255120732
255120915
255121122
255121156
255121240
255121350
255121405
255121448
255121473
255121481
255121490
255121507
255122081
255122085
255122133
255122202
255122221
255122361
255122374
255122383
255122494
255122518
255122553
255122652
255122698
255122727
255122789
255122813
255122817
255122831
255122852
255122857
255122873
255122956
255122963
255123279
255123314
255123341
255123395
255123405
255123436
255123440
255123450
255123475
255123487
255123639
255123802
255123825
255123832
255123836
255123851
255123874
255123994
255124087
255124089
255124144
255124297
255124323
255124445
255124514
255124553
255124572
255124620
255124623
255124769
255124781
255124799
255124848
255124956
255125173
255125188
255125262
255125291
255125317
255125413
255125428
255125532
255125607
255125779
255125791
255125839
255125848
255125973
255126017
255126025
255126070
255126080
255126242
255126327
255126355
255126356
255126364
255126414
255126469
255126599
255126682
255126751
255126843
255126916
255126935
255126988
255127024
255127025
255127089
255127121
255127129
255127164
255127269
255127344
255127380
255127446
255127537
255127559
255127611
255127632
255127633
255127721
255127726
255127746
255127757
255127764
255127794
255128016
255128196
255128334
255128410
255128433
255128540
255128601
255128608
255128816
255128997
255129123
255129255
255129282
255129324
255129335
255129378
255129456
255129889
255129938
255130190
255130325
255130645
255130646
255130688
255284401
255285068
255285090
255285125
255285311
255285339
255285348
255285356
255285391
255285420
255285425
255285451
255285466
255285639
255285690
255285775
255285804
255285844
255285852
255285930
255286002
255286051
255286121
255286242
255286301
255286335
255286338
255286393
255286505
255286529
255286593
255286604
255286715
255286818
255286835
255287053
255287055
255287084
255287218
255287272
255287296
255287298
255287300
255287336
255287351
255287360
255287403
255287431
255287454
255287504
255287648
255287653
255287662
255287717
255287727
255287728
255288022
255288057
255288104
255288123
255288208
255288211
255288230
255288343
255288479
255288508
255288536
255288566
255288582
255288590
255288647
255288682
255288694
255288725
255288770
255288782
255288899
255288933
255288979
255288980
255289017
255289427
255289467
255289528
255289549
255289786
255289857
255289890
255289891
255290118
255290208
255290279
255290584
255290635
255290729
255290751
255290848
255291019
255291025
255291051
255291077
255291120
255291199
255291250
255291276
255291286
255291287
255291305
255291352
255291374
255291407
255291411
255291418
255291420
255291452
255291465
255291519
255291533
255291534
255291556
255291652
255291686
255291848
255291888
255292180
255292188
255292333
255292337
255292351
255292425
255292769
255292783
255292798
255293128
255293135
255293236
255293282
255293306
255293325
255293424
255293533
255293557
255293663
255293767
255293845
255294106
255294207
255294303
255294681
255294813
255294886
255294894
255294931
255295062
255295179
255295411
255295526
255295596
255295826
255295927
255296085
255296102
255296257
255296294
255296408
255296460
255296470
255296473
255296474
255296550
255296578
255296579
255296589
255296642
255296945
255296989
255297108
255297156
255297158
255297237
255297265
255297280
255297425
255297433
255297738
255297815
255297904
255297922
255298126
255298129
255298374
255298655
255298833
255298914
255299064
255299335
255299389
255299393
255299721
255301090
255301104
255302009
255302161
255302311
255302400
255302536
255302749
255302911
255302931
255303321
255303486
255303544
255303582
255303610
255303613
255303781
255303787
255303860
255304006
255304026
255304048
255304118
255304370
255304422
255304475
255304644
255304738
255304825
255304849
255304913
255304916
255304929
255304930
255304950
255305037
255305041
255305055
255305069
255305141
255305144
255305199
255305242
255305257
255305386
255305397
255305412
255305472
255305698
255305803
255305807
255305836
255305953
255305986
255305993
255306052
255306099
255306190
255306223
255306308
255306367
255306409
255306489
255306517
255306546
255306585
255306616
255306803
255306876
255306877
255306894
255306904
255307014
255307111
255307118
255307196
255307275
255307294
255307398
255307449
255307501
255307509
255307521
255307585
255307706
255307730
255307741
255307806
255307883
255308058
255308059
255308061
255308130
255308333
255308341
255308365
255308386
255308409
255308424
255308461
255308562
255308569
255308672
255308677
255308690
255308699
255308862
255308880
255308891
255308898
255308913
255308933
255308989
255309004
255309042
255309131
255309165
255309294
255309368
255309403
255309407
255309444
255309480
255309663
255309671
255309727
255309747
255309768
255309936
255309938
255309965
255310052
255310082
255310099
255310137
255310193
255310212
255310374
255310411
255310413
255310417
255310560
255310648
255310741
255310985
255311026
255311142
255311374
255311380
255311434
255311486
255311542
255311650
255312109
255312112
255312242
255312751
255312756
255252747
255252792
255253026
255253115
255253119
255253191
255253313
255253391
255253449
255253541
255253549
255253699
255253768
255253831
255253947
255253985
255254051
255254085
255254226
255254236
255254244
255254262
255254284
255254326
255254593
255254636
255254652
255254979
255254992
255255067
255255145
255255186
255255382
255255403
255255920
255255951
255256037
255256049
255256071
255256073
255256146
255256183
255256237
255256371
255256377
255256676
255256796
255256832
255257038
255257085
255257095
255257223
255257264
255257268
255257301
255257315
255257386
255257422
255257465
255257513
255257556
255257561
255257693
255257760
255257797
255257938
255257941
255257949
255257996
255258068
255258181
255258492
255258501
255258641
255258698
255258951
255259040
255259314
255259379
255259708
255259772
255259925
255259969
255260111
255260114
255260176
255260260
255260261
255260355
255260450
255260510
255260572
255260637
255260703
255260743
255260834
255261062
255261366
255261396
255261472
255261704
255261730
255261862
255261937
255262045
255262050
255262098
255262132
255262168
255262176
255262317
255262416
255262458
255262546
255262647
255262721
255262762
255262816
255262942
255263044
255263105
255263148
255263164
255263316
255263438
255263493
255263544
255263612
255263759
255263817
255263886
255264055
255264131
255264175
255264351
255264395
255264612
255264637
255264695
255264700
255264793
255264860
255264947
255265045
255265062
255265072
255265119
255265145
255265198
255265215
255265293
255265377
255265573
255265811
255265887
255265910
255265982
255266021
255266207
255266213
255266305
255266387
255266451
255266452
255266620
255266656
255266777
255266778
255267034
255267071
255267106
255267117
255267150
255267189
255267281
255267288
255267325
255267327
255267352
255267455
255267574
255267869
255267900
255267927
255267956
255268256
255268319
255268399
255268401
255268446
255268545
255268554
255268569
255268590
255268706
255268747
255268850
255268875
255268891
255268958
255269100
255269251
255269258
255269262
255269275
255269382
255269406
255269455
255269607
255269703
255269725
255269842
255269857
255269868
255269901
255269933
255270087
255270191
255270426
255270430
255270798
255270823
255271081
255271152
255271167
255271294
255271368
255271577
255271587
255271661
255271681
255271687
255271806
255271878
255271978
255271985
255272016
255272049
255272080
255272094
255272289
255272380
255272546
255272599
255272623
255272688
255272717
255272764
255272765
255272987
255273101
255273231
255273240
255273246
255273252
255273290
255273313
255273395
255273449
255273464
255273476
255273702
255273710
255273774
255273791
255273796
255273856
255273947
255273981
255274252
255274315
255274383
255274436
255274440
255274462
255274509
255274746
255274865
255274954
255275015
255275041
255275049
255275105
255275198
255275221
255275320
255275434
255275504
255275647
255275837
255276046
255276477
255276524
255276878
255276945
255276987
255277633
255277640
255277916
255278115
255278170
255278560
255278863
255279017
255279060
255279106
255279131
255279325
255279357
255279390
255279467
255279497
255279531
255279548
255279658
255279737
255279817
255279852
255279854
255279971
255280018
255280027
255280308
255280327
255280523
255280657
255280775
255280785
255280796
255280811
255281050
255281111
255281152
255281276
255281476
255281517
255281676
255281733
255281857
255281883
255281911
255282092
255282289
255282311
255282312
255282541
255282674
255282845
255282857
255282943
255283002
255283013
255283156
255283235
255283242
255283263
255283415
255313608
255313667
255313676
255313694
255313723
255313853
255313869
255313923
255313942
255314136
255314209
255314277
255314341
255314359
255314376
255314423
255314424
255314510
255314560
255314561
255314797
255314849
255314868
255314883
255314894
255314907
255315043
255315055
255315061
255315122
255315270
255315272
255315389
255315398
255315406
255315442
255315587
255315612
255315812
255315887
255315888
255315968
255316422
255316602
255316832
255316878
255316925
255316958
255316967
255317107
255317173
255317216
255317259
255317333
255317550
255317756
255317865
255317932
255318000
255318114
255318126
255318409
255318488
255318536
255318546
255318564
255318732
255318867
255318899
255318901
255319116
255319132
255319331
255319380
255319391
255319474
255319696
255319725
255320070
255320113
255320152
255320288
255320536
255320588
255320596
255320782
255320893
255320945
255321109
255321114
255321251
255321305
255321381
255321423
255321494
255321806
255321931
255322101
255322110
255322111
255322183
255322209
255322251
255322446
255322508
255322715
255322753
255322798
255323051
255323154
255323157
255323159
255323239
255323473
255323754
255323814
255323990
255324137
255324282
255324298
255324335
255324370
255324407
255324448
255324485
255324510
255324536
255324667
255324740
255324759
255324805
255324830
255325036
255325119
255325191
255325225
255325368
255325465
255325552
255325554
255325733
255325966
255326012
255326078
255326093
255326221
255326430
255326443
255326466
255326785
255326808
255327014
255327113
255327129
255327225
255327290
255327317
255327597
255327716
255327822
255327943
255327949
255328016
255328163
255328332
255328377
255328432
255328591
255328607
255328685
255328761
255328764
255328888
255328910
255329322
255329428
255329519
255329583
255329745
255329825
255330034
255330137
255330166
255330210
255330217
255330355
255330430
255330460
255330544
255330691
255330973
255331001
255331034
255331191
255331369
255331440
255331665
255331811
255331900
255332045
255332125
255332127
255332204
255332247
255332557
255332589
255332695
255332778
255332800
255332849
255332899
255332914
255332953
255333081
255333104
255333129
255333224
255333277
255333341
255333360
255333411
255333505
255333582
255333586
255333632
255333676
255333793
255333902
255333918
255334111
255334120
255334206
255334279
255334436
255334443
255334483
255334515
255334524
255334613
255334666
255334827
255334896
255334930
255334963
255335156
255335219
255335348
255335418
255335456
255335493
255335510
255335572
255335672
255335697
255335729
255335791
255335846
255335855
255335932
255335941
255336000
255336031
255336185
255336249
255336266
255336428
255336930
255337058
255337088
255337186
255337310
255337525
255337573
255337649
255337674
255337815
255337831
255337904
255337936
255337972
255338085
255338131
255338135
255338137
255338154
255338212
255338340
255338485
255338613
255338626
255338675
255338691
255338793
255338866
255339071
255339133
255339222
255339378
255339416
255339477
255339629
255339787
255339788
255339838
255339843
255340134
255340229
255340309
255340440
255340638
255340807
255340834
255340845
255340939
255341075
255341125
255341173
255341253
255341258
255341288
255341341
255341530
255341561
255341653
255341657
255341757
255341818
255341840
255341938
255341999
255342039
255342048
255342153
255342494
255342560
255342644
255342674
255342845
255342901
255342906
255342913
255342925
255342926
255343018
255343201
255343224
255343292
255343370
255343416
255343588
255343658
255343681
255343751
255343796
255375655
255375837
255375930
255375950
255375970
255376117
255376120
255376224
255376372
255376466
255376493
255376549
255376594
255376620
255376727
255376857
255376895
255376972
255377012
255377056
255377059
255377066
255377126
255377414
255377416
255377432
255377740
255377766
255378010
255378032
255378044
255378087
255378090
255378098
255378167
255378280
255378331
255378379
255378394
255378450
255378498
255378509
255378754
255378771
255378786
255378954
255378972
255378976
255379074
255379109
255379152
255379290
255379296
255379413
255379565
255379840
255380036
255380121
255380204
255380272
255380283
255380385
255380394
255380425
255380557
255380651
255380682
255380981
255381116
255381125
255381188
255381236
255381369
255381416
255381491
255381513
255381554
255381662
255381790
255381810
255381823
255381856
255382084
255382142
255382443
255382544
255382644
255382793
255382863
255382922
255382961
255383208
255383355
255383436
255383478
255383484
255383565
255383667
255383778
255383850
255384102
255384156
255384184
255384237
255384343
255384397
255384451
255384645
255384781
255384977
255385038
255385043
255385286
255385438
255385492
255385556
255385763
255385842
255385923
255386081
255386094
255386140
255386160
255386247
255386268
255386271
255386406
255386493
255386504
255386728
255386767
255386801
255386922
255387259
255387325
255387345
255387402
255387462
255387487
255387489
255387596
255387663
255387766
255387848
255387907
255387909
255388039
255388065
255388090
255388143
255388201
255388263
255388314
255388325
255388417
255388508
255388706
255388779
255388860
255388911
255389015
255389184
255389192
255389204
255389277
255389331
255389504
255389554
255389627
255389662
255389758
255389772
255389915
255389957
255389984
255390065
255390375
255390404
255390420
255390542
255390700
255390729
255390773
255390893
255391239
255391349
255391643
255391676
255391700
255391774
255391962
255391964
255392056
255392315
255392335
255392365
255392426
255392493
255392777
255392828
255393206
255393238
255393274
255393292
255393383
255393452
255393522
255393674
255393714
255393827
255393995
255394022
255394026
255394071
255394092
255394204
255394259
255394283
255394319
255394421
255394525
255394533
255394627
255394645
255394893
255394967
255395026
255395414
255395478
255395479
255395562
255395691
255395741
255396124
255396137
255396177
255396280
255396328
255396386
255396562
255396657
255396694
255396925
255397090
255397200
255397202
255397235
255397490
255397545
255397605
255397735
255397800
255397853
255397862
255397934
255398149
255398169
255398187
255398248
255398295
255398357
255398415
255398524
255398551
255398835
255398845
255398969
255398986
255399183
255399191
255399298
255399392
255399516
255399865
255399879
255399980
255400034
255400125
255400229
255400237
255400394
255400884
255400956
255400969
255401092
255401150
255401224
255401327
255401329
255401334
255401390
255401423
255401460
255401557
255401651
255401842
255402006
255402020
255402061
255402152
255402286
255402300
255402327
255402530
255402546
255402576
255402578
255402582
255402606
255402690
255403010
255403053
255403176
255403193
255403323
255403326
255403385
255403557
255403560
255403579
255403596
255403598
255403709
255403717
255403764
255404042
255404139
255404251
255404455
255344012
255344047
255344112
255344161
255344412
255344429
255344442
255344447
255344595
255344619
255344670
255344710
255344803
255344830
255345015
255345292
255345360
255345396
255345482
255345530
255345598
255345606
255345646
255345657
255345678
255345696
255345817
255345879
255345981
255346025
255346333
255346360
255346486
255346500
255346663
255346691
255346751
255346770
255347063
255347129
255347159
255347176
255347264
255347353
255347400
255347419
255347608
255347805
255347844
255347903
255347946
255348124
255348177
255348229
255348277
255348328
255348336
255348341
255348445
255348651
255348726
255348780
255348781
255348851
255349002
255349211
255349213
255349272
255349287
255349450
255349668
255349691
255349746
255349858
255349917
255350027
255350144
255350289
255350373
255350479
255350510
255350524
255350560
255350572
255350616
255350737
255350781
255350874
255350976
255351117
255351166
255351267
255351587
255351633
255351686
255351708
255351804
255351980
255352017
255352270
255352274
255352278
255352290
255352305
255352470
255352724
255352766
255352793
255352819
255352876
255352960
255353156
255353169
255353186
255353191
255353248
255353381
255353510
255353548
255353602
255353752
255353825
255354021
255354025
255354107
255354353
255354508
255354556
255354642
255354725
255354738
255354783
255354833
255354970
255355072
255355078
255355321
255355352
255355380
255355450
255355478
255355515
255355528
255355530
255355576
255355700
255355748
255355857
255355961
255355983
255356113
255356190
255356260
255356392
255356487
255356565
255356600
255356684
255356686
255356711
255356783
255356940
255356980
255357058
255357353
255357378
255357492
255357576
255357651
255357671
255357677
255357759
255357873
255357874
255357974
255357994
255358096
255358126
255358281
255358290
255358428
255358677
255358762
255358862
255358905
255358931
255359043
255359069
255359089
255359104
255359154
255359287
255359432
255359447
255359465
255359659
255359680
255359732
255359769
255359803
255359840
255359867
255359894
255359946
255360026
255360067
255360083
255360099
255360138
255360147
255360272
255360449
255360459
255360582
255360656
255360689
255360841
255360873
255360894
255360917
255360996
255361075
255361115
255361328
255361510
255361644
255361649
255361763
255361813
255361814
255362022
255362027
255362074
255362215
255362267
255362304
255362481
255362516
255362567
255362695
255362805
255363025
255363233
255363254
255363366
255363470
255363493
255363654
255363755
255363926
255364056
255364143
255364210
255364260
255364297
255364327
255364346
255364399
255364427
255364576
255364584
255364674
255364679
255364688
255364806
255364933
255364958
255364977
255364985
255365014
255365213
255365425
255365493
255365500
255365540
255365570
255365585
255365595
255365648
255365881
255365920
255366001
255366013
255366057
255366156
255366302
255366331
255366422
255366478
255366503
255366525
255366566
255366577
255366597
255366615
255366637
255366638
255366833
255366856
255366932
255367010
255367018
255367228
255367345
255367625
255367678
255367690
255367848
255367862
255367877
255368017
255368072
255368103
255368182
255368218
255368607
255368695
255368798
255368799
255368834
255368839
255368847
255368904
255368954
255369072
255369087
255369115
255369122
255369215
255369305
255369317
255369377
255369437
255369556
255369587
255369642
255369751
255369989
255370079
255370163
255370193
255370231
255370238
255370305
255370531
255370856
255371063
255371069
255371101
255371131
255371224
255371349
255371376
255371503
255371580
255371608
255371623
255371709
255371780
255371802
255371844
255371918
255371942
255371983
255372063
255372191
255372238
255372272
255372314
255372404
255372477
255372492
255372658
255372740
255372995
255373065
255373169
255373234
255373383
255373431
255373452
255373560
255373640
255373724
255373730
255373753
255373784
255373795
255373879
255373984
255374021
255374094
255374326
255374465
255374560
255374566
255374581
255374856
255374919
255374937
255374970
255375058
255375069
255375149
255375168
255375189
255375351
255375362
255375409
255491703
255491704
255491928
255492025
255492075
255492136
255492166
255492513
255492530
255492781
255492782
255492795
255492826
255493054
255493189
255493297
255493450
255493758
255493812
255493934
255493978
255494000
255494069
255494155
255494170
255494252
255494381
255494452
255494610
255494668
255494858
255494966
255495037
255495417
255495648
255495904
255495950
255495984
255496028
255496064
255496419
255496527
255496563
255496590
255496674
255496719
255496903
255496948
255496983
255496987
255497372
255497651
255497794
255497806
255497902
255497935
255497962
255497984
255497989
255498261
255498355
255498445
255498484
255498547
255498613
255498658
255498720
255498831
255499021
255499069
255499171
255499449
255499581
255499693
255499857
255499884
255499904
255500067
255500085
255500220
255500288
255500396
255500418
255500455
255500622
255500657
255500675
255500857
255500925
255500991
255501142
255501300
255501378
255502116
255502215
255502332
255502473
255502735
255502749
255502846
255502874
255502957
255502990
255503030
255503037
255503117
255503217
255503315
255503349
255503407
255503690
255503729
255503964
255503993
255504069
255504147
255504157
255504335
255504482
255504502
255505052
255505107
255505176
255505377
255505583
255505776
255505782
255505914
255506010
255506101
255506116
255506189
255506195
255506282
255506403
255506574
255506587
255506616
255506746
255506783
255506845
255506923
255506972
255507070
255507091
255507099
255507124
255507129
255507271
255507303
255507628
255507673
255507677
255507848
255507940
255508409
255508537
255508641
255508669
255508921
255508998
255509016
255509247
255509303
255509318
255509593
255509621
255509629
255509690
255509744
255509877
255509955
255510095
255510164
255510457
255510471
255510513
255510518
255510609
255510801
255511001
255511112
255511203
255511312
255511363
255511502
255511678
255511830
255512058
255512139
255512177
255512236
255512278
255512339
255512371
255512479
255512495
255512571
255512622
255512649
255512713
255512715
255513021
255513208
255513268
255513381
255513570
255513642
255513796
255513855
255513857
255513891
255513969
255514018
255514024
255514245
255514345
255514387
255514450
255514562
255514718
255514721
255514732
255515096
255515166
255515344
255515689
255515693
255515715
255515895
255516025
255516027
255516077
255516086
255516177
255516239
255516418
255516494
255516506
255516611
255516653
255516697
255516861
255516981
255517002
255517029
255517362
255517534
255517544
255517913
255518026
255518162
255518178
255518280
255518548
255518637
255518822
255518830
255519235
255519356
255519519
255519581
255519593
255519799
255519813
255519845
255519969
255520626
255520627
255520646
255520691
255520959
255521188
255404708
255404718
255404762
255404767
255405187
255405219
255405242
255405319
255405384
255405697
255405752
255405992
255406025
255406039
255406099
255406267
255406458
255406670
255406682
255406827
255407140
255407684
255407690
255407994
255408269
255408348
255408389
255408423
255408563
255408576
255408604
255408688
255408811
255408895
255409076
255409274
255409425
255409427
255409765
255409785
255409958
255410017
255410039
255410137
255410507
255410692
255410743
255410809
255410817
255410860
255411144
255411285
255411332
255411371
255411508
255411591
255411769
255411926
255412084
255412164
255412208
255412232
255412344
255412747
255412785
255412874
255412955
255412973
255413078
255413257
255413330
255413457
255413497
255413606
255413615
255413650
255413771
255413948
255414069
255414087
255414120
255414670
255414785
255414822
255415003
255415266
255415387
255415791
255416063
255416261
255416387
255416400
255416440
255416651
255416965
255417020
255417130
255417420
255417499
255417670
255417685
255417767
255417857
255417937
255418031
255418151
255418361
255418402
255418510
255418556
255418639
255419255
255419374
255419600
255419697
255419862
255419967
255420168
255420229
255420422
255420433
255420637
255420723
255421046
255421176
255421223
255421375
255421440
255421452
255421686
255421718
255421761
255421922
255422063
255422196
255422267
255422558
255422665
255422916
255422925
255422955
255422973
255423020
255423229
255423243
255423613
255423709
255423964
255423974
255424139
255424255
255424515
255424520
255424745
255424984
255425157
255425347
255425398
255425450
255425583
255425644
255425696
255425726
255425876
255425922
255425964
255426060
255426148
255426158
255426423
255426649
255426964
255426983
255427070
255427080
255427191
255427251
255427281
255427474
255427485
255427858
255427918
255427948
255427961
255428213
255428872
255429000
255429329
255429443
255429510
255429709
255429866
255429879
255429914
255430330
255430335
255430379
255430440
255430643
255430684
255430863
255430998
255431019
255431178
255431213
255431339
255431416
255431418
255431438
255431528
255431681
255431746
255431936
255431945
255461733
255461772
255461790
255461833
255461898
255461937
255462005
255462063
255462398
255462538
255462701
255462703
255462817
255462839
255462960
255463034
255463283
255463525
255463544
255463671
255463736
255463912
255464048
255464054
255464069
255464070
255464275
255464454
255464592
255464839
255465048
255465080
255465127
255465252
255465268
255465385
255465410
255465473
255465530
255465609
255465624
255465883
255465969
255466047
255466090
255466102
255466178
255466438
255466472
255466554
255466785
255466837
255467063
255467090
255467167
255467240
255467344
255467507
255467550
255467600
255467670
255467867
255467951
255468018
255468142
255468147
255468229
255468395
255468491
255468564
255468595
255468606
255468682
255468719
255468779
255468824
255468834
255468905
255468957
255468979
255469091
255469364
255469748
255470008
255470029
255470058
255470440
255470758
255471020
255471045
255471059
255471115
255471132
255471152
255471266
255471462
255471499
255471598
255471676
255471769
255472023
255472183
255472256
255472298
255472340
255472567
255472692
255472788
255472962
255473303
255473745
255473903
255473919
255474049
255474111
255474199
255474471
255474515
255474646
255474712
255474745
255474971
255475096
255475122
255475187
255475191
255475230
255475254
255475359
255475397
255475470
255475521
255475522
255475536
255475551
255475562
255475586
255475858
255475914
255476090
255476128
255476130
255476206
255476242
255476332
255476367
255476670
255476896
255477308
255477317
255477318
255477379
255477481
255477499
255477569
255477655
255477692
255477860
255477942
255477959
255478070
255478137
255478138
255478232
255478250
255478353
255478562
255478599
255478632
255478643
255478673
255478681
255478731
255478759
255478803
255478833
255478902
255478906
255479010
255479055
255479082
255479167
255479173
255479184
255479206
255479237
255479273
255479274
255479379
255479572
255479644
255479691
255479933
255480334
255480392
255480630
255480861
255480922
255481023
255481108
255481354
255481478
255481490
255481491
255481501
255481562
255481640
255481836
255481842
255481965
255481982
255482226
255482256
255482329
255482553
255482576
255482749
255482761
255482994
255483002
255483073
255483115
255483315
255483318
255483400
255483426
255483451
255483503
255483742
255483757
255483873
255483980
255484020
255484161
255484164
255484232
255484288
255484313
255484359
255484370
255484379
255484515
255484556
255484587
255484592
255484670
255484788
255484964
255485335
255485451
255485473
255485487
255485491
255485521
255485545
255485638
255485731
255485733
255485801
255485815
255485825
255485865
255485941
255485958
255486220
255486265
255486285
255486368
255486412
255486463
255486587
255486634
255486688
255486838
255486878
255486944
255486960
255487121
255487148
255487367
255487510
255487549
255487558
255487670
255487727
255487784
255487789
255487977
255488108
255488237
255488332
255488409
255488432
255488436
255488468
255488509
255488516
255488613
255488759
255488800
255489422
255489427
255489474
255489489
255489530
255489549
255489644
255489658
255489696
255489827
255489832
255489860
255489878
255489896
255489906
255490145
255490617
255490713
255490774
255491007
255491076
255491194
255491251
255491268
255491396
255491422
255491526
255491545
255432218
255432358
255432509
255432513
255432635
255432760
255433022
255433079
255433353
255433357
255433512
255433570
255433577
255433642
255433658
255433933
255433970
255433976
255434092
255434266
255434280
255434328
255434496
255434554
255434559
255434718
255434880
255434906
255434907
255434936
255434996
255435170
255435226
255435458
255435481
255435507
255435641
255435657
255435661
255435999
255436113
255436119
255436122
255436213
255436268
255436283
255436400
255436641
255436834
255436905
255436971
255437062
255437164
255437235
255437367
255437468
255437517
255437612
255437647
255437833
255438357
255438376
255438410
255438546
255438578
255438679
255439210
255439268
255439516
255439677
255439680
255439775
255439885
255440178
255440328
255440355
255440498
255440607
255440617
255440652
255440701
255440814
255440837
255440952
255441512
255441749
255441805
255441866
255441872
255441964
255441989
255442280
255442291
255442413
255442428
255442517
255442520
255442526
255442581
255442603
255442626
255442773
255442818
255442941
255443158
255443167
255443332
255443439
255443466
255443499
255443505
255443582
255443615
255443957
255443976
255444112
255444119
255444166
255444358
255444522
255444576
255444654
255444691
255444747
255444803
255444865
255445129
255445357
255445412
255445555
255445646
255445651
255445724
255445732
255445882
255445906
255446363
255446609
255446811
255446950
255447003
255447032
255447130
255447151
255447291
255447660
255447736
255447855
255447871
255448000
255448198
255448203
255448243
255448260
255448533
255448598
255448983
255449034
255449057
255449065
255449299
255449521
255449573
255449623
255449694
255449869
255449921
255449960
255449962
255449969
255450033
255450104
255450188
255450264
255450293
255450320
255450342
255450501
255450664
255450894
255450924
255451091
255451286
255451459
255451471
255451692
255451693
255451741
255451774
255451941
255451986
255452002
255452142
255452200
255452294
255452441
255452566
255452650
255452653
255452777
255452975
255453153
255453229
255453303
255453356
255453690
255453715
255453791
255453901
255453912
255453989
255454133
255454282
255454604
255454635
255454815
255455138
255455228
255455403
255455485
255455510
255455902
255456132
255456158
255456229
255456233
255456271
255456392
255456455
255456552
255456600
255456610
255456778
255456803
255456838
255456846
255456853
255456859
255456877
255457295
255457376
255457701
255457720
255457878
255457892
255457964
255458383
255458488
255458645
255458688
255458747
255458796
255458915
255458976
255459072
255459231
255459235
255459251
255459382
255459472
255459484
255459665
255459836
255459857
255459914
255459942
255459980
255460034
255460042
255460175
255460256
255460370
255460400
255460413
255460490
255460597
255460612
255460723
255460760
255460762
255460837
255461091
255461110
255461241
255461252
255461273
255461287
255551441
255551487
255551604
255551632
255551762
255551912
255551966
255552230
255552240
255552260
255552550
255552579
255552624
255552678
255552844
255552853
255552881
255552951
255552966
255553054
255553281
255553350
255553386
255553508
255553529
255553540
255553576
255553673
255553768
255554087
255554138
255554196
255554393
255554604
255554658
255554873
255554926
255555021
255555040
255555261
255555326
255555372
255555444
255555466
255555533
255555620
255555849
255555860
255555938
255556501
255556571
255556649
255556720
255556952
255556994
255557203
255557215
255557366
255557431
255557472
255557493
255558131
255558151
255558230
255558237
255558365
255558513
255558644
255558653
255558862
255558927
255558967
255559047
255559080
255559241
255559311
255559331
255559344
255559391
255559397
255559430
255559629
255559686
255559828
255559913
255559946
255559992
255560128
255560159
255560177
255560282
255560305
255560311
255560615
255560692
255561033
255561045
255561078
255561083
255561129
255561144
255561170
255561223
255561295
255561596
255561600
255561706
255561787
255561813
255561876
255562103
255562234
255562235
255562351
255562378
255562396
255562435
255562552
255562578
255562582
255562802
255562906
255563004
255563123
255563133
255563176
255563202
255563281
255563310
255563476
255563687
255563977
255564012
255564087
255564269
255564294
255564486
255564518
255564571
255564626
255564718
255564774
255564880
255564885
255564958
255564989
255565046
255565097
255565152
255565446
255565520
255565631
255565633
255565784
255565852
255565884
255565891
255566117
255566270
255566292
255566480
255566788
255566817
255567108
255567367
255567430
255567445
255567555
255567723
255567821
255567860
255567929
255568334
255568350
255568741
255568873
255569009
255569145
255569157
255569189
255569249
255569283
255569689
255569795
255569895
255569933
255570135
255570192
255570267
255570539
255570556
255570560
255570595
255570803
255570835
255570855
255571101
255571106
255571417
255571608
255571642
255571722
255572096
255572313
255572418
255572511
255573017
255573036
255573121
255573185
255573254
255573305
255573493
255573844
255573905
255573929
255573958
255574010
255574017
255574269
255574359
255574390
255574534
255574539
255574559
255574586
255574661
255574686
255574876
255574998
255575366
255575406
255575473
255575484
255575519
255575553
255575645
255575683
255575883
255576017
255576156
255576200
255576262
255576379
255576491
255576571
255576763
255576779
255576954
255577019
255577103
255577211
255577295
255577441
255577625
255577679
255577898
255577980
255577993
255578006
255578031
255578046
255578182
255578247
255578270
255578758
255579311
255579322
255579586
255579637
255579717
255579776
255579922
255579949
255580038
255580135
255580330
255580382
255580500
255580557
255580693
255580891
255581003
255581044
255581490
255581534
255581714
255581755
255581840
255581930
255582227
255582254
255582377
255582408
255789030
255789942
255789963
255790050
255790108
255790443
255790582
255790779
255790830
255790832
255790864
255791000
255791076
255791200
255791278
255791330
255791444
255791487
255791559
255791662
255791761
255791834
255791864
255791871
255791902
255792018
255792072
255792219
255792267
255792659
255792815
255793070
255793194
255793213
255793432
255793473
255793725
255793925
255794047
255794598
255794841
255795223
255795301
255795314
255795798
255795905
255795917
255795923
255796498
255796554
255796569
255796573
255796807
255797363
255797527
255797784
255797816
255797932
255798291
255798343
255798371
255798446
255798804
255799202
255799241
255799712
255800109
255801034
255801091
255801224
255801294
255801462
255801852
255801869
255801927
255801981
255802064
255802114
255802273
255802382
255802714
255802880
255803283
255803327
255803338
255803842
255804254
255806646
255806796
255807203
255807722
255807803
255808031
255808095
255808178
255808436
255808646
255808928
255809147
255809229
255809245
255809462
255809554
255809902
255809931
255810146
255810325
255810336
255810340
255810428
255810432
255810536
255810547
255810601
255810679
255811065
255811185
255811195
255811284
255811286
255811333
255811473
255811988
255812149
255812333
255812617
255812715
255812831
255812868
255813115
255813361
255813492
255813517
255813968
255814001
255814011
255814018
255814274
255814289
255814391
255814520
255814576
255814612
255814613
255814696
255814812
255814826
255814939
255814994
255815008
255815066
255815149
255815371
255815425
255815463
255815605
255815666
255815750
255815950
255815990
255816014
255816056
255816171
255816642
255816789
255816902
255817126
255817201
255817327
255818042
255729180
255730076
255730106
255730156
255730284
255730489
255730549
255730855
255730962
255730964
255731091
255731223
255731295
255731361
255731470
255731614
255731660
255731912
255731954
255731965
255731979
255732011
255732023
255732024
255732152
255732195
255732318
255732384
255732447
255732746
255732762
255732783
255733331
255733477
255733538
255733593
255733653
255733674
255733899
255734027
255734112
255734235
255734625
255734679
255734736
255734834
255735082
255735110
255735396
255735708
255735727
255735739
255735777
255735786
255736007
255736086
255736143
255736160
255736163
255736195
255736235
255736350
255736469
255736591
255736924
255737017
255737205
255737219
255737594
255737685
255738212
255738560
255738791
255738811
255739059
255739071
255739099
255739728
255739840
255739865
255740569
255740825
255741091
255741143
255741355
255741637
255741807
255741812
255741831
255742064
255742212
255742374
255742600
255743003
255743418
255743825
255743915
255744248
255744359
255745002
255745425
255746471
255747250
255748118
255748185
255748381
255748518
255748550
255748884
255748984
255749074
255749167
255749300
255749530
255749822
255749850
255749868
255749889
255749998
255750072
255750132
255750272
255750295
255750384
255750570
255750600
255750809
255750876
255750924
255751125
255751400
255751417
255751674
255752159
255752231
255752304
255752323
255752546
255752549
255752853
255752866
255752977
255753208
255753264
255753295
255753392
255753401
255753410
255753411
255753639
255753659
255754002
255754279
255754300
255754355
255754405
255754503
255754644
255754683
255754814
255754823
255754824
255754954
255755109
255755156
255755176
255755550
255755854
255756212
255756348
255756649
255757545
255757553
255582614
255582825
255582837
255582884
255582886
255582914
255582984
255583266
255583309
255583316
255583506
255583552
255583822
255584173
255584192
255584453
255584481
255584555
255584570
255584884
255585045
255585486
255585739
255585771
255585944
255586016
255586131
255586392
255586536
255586658
255586986
255587021
255587075
255587140
255587187
255587188
255587387
255587456
255587663
255587716
255588053
255588066
255588084
255588191
255588435
255588664
255588859
255588936
255589287
255589429
255589444
255589525
255589581
255589711
255589728
255589944
255590089
255590173
255590211
255590246
255590478
255590519
255590643
255590713
255590860
255590911
255590924
255590926
255591009
255591116
255591165
255591346
255591596
255591622
255591660
255591673
255591699
255591717
255591856
255591867
255591969
255592113
255592151
255592218
255592232
255592548
255592580
255592646
255592728
255593073
255593142
255593246
255593328
255593366
255593407
255593453
255593746
255593769
255593795
255594029
255594103
255594122
255594191
255594235
255594449
255594508
255594529
255594617
255594698
255594711
255594719
255594777
255594778
255594804
255594871
255594992
255595331
255595332
255595365
255595400
255595413
255595521
255595556
255595732
255596102
255596154
255596212
255596275
255596412
255596439
255596533
255596584
255596673
255596846
255596874
255596886
255596970
255597107
255597422
255597620
255597823
255597883
255598050
255598091
255598297
255598346
255598595
255598706
255598707
255598897
255599035
255599041
255599126
255599341
255599432
255599437
255599445
255599523
255599857
255599964
255600071
255600135
255600156
255600166
255600252
255600280
255600316
255600429
255600652
255600789
255600884
255601270
255601827
255601908
255602112
255602159
255602221
255602364
255602393
255602576
255602761
255602839
255603270
255603369
255603426
255603517
255603575
255603578
255603590
255603618
255603688
255604122
255604143
255604311
255604954
255605034
255605053
255605221
255605319
255605329
255605358
255605593
255605720
255605739
255605896
255605992
255606065
255606071
255606273
255606322
255606364
255606438
255606562
255606635
255606747
255607087
255607112
255607132
255607256
255607290
255607310
255607399
255607549
255607628
255607638
255607746
255607806
255607865
255607942
255608018
255608022
255608057
255608069
255608233
255608579
255608829
255608853
255608934
255608935
255609379
255609458
255609544
255609564
255609616
255609747
255609857
255609973
255609983
255610314
255610349
255610372
255610446
255610450
255610485
255611035
255611108
255611130
255611193
255611312
255611549
255611746
255611835
255612342
255612470
255612493
255612535
255612698
255612816
255613010
255613030
255613139
255613211
255613218
255613533
255613618
255613739
255613766
255613791
255613799
255613814
255613887
255613986
255614248
255614321
255614384
255614615
255614627
255614763
255614856
255615039
255615083
255615337
255615344
255615429
255615510
255615635
255615652
255615979
255616184
255616312
255616381
255616498
255616625
255616948
255616963
255616995
255617076
255617091
255617486
255617576
255617718
255618055
255618116
255618397
255618511
255618598
255618749
255618854
255619088
255619115
255619165
255619328
255619343
255619403
255619432
255619842
255620164
255620272
255620354
255620422
255620521
255620569
255620574
255620578
255620638
255620684
255620726
255620747
255620909
255620948
255621189
255621193
255621271
255621324
255621458
255621460
255621547
255621559
255621643
255621854
255621921
255622052
255622200
255622574
255622663
255622835
255622935
255623316
255623360
255623427
255623594
255623921
255623964
255624106
255624134
255624397
255624466
255624517
255624647
255624829
255624908
255624923
255624990
255625000
255625265
255625277
255625316
255625639
255625675
255625720
255625905
255625911
255626044
255626075
255626092
255626096
255626233
255626409
255626479
255626492
255626759
255627190
255627335
255627348
255627513
255627629
255628281
255628417
255628665
255628695
255629002
255629095
255629168
255629298
255629322
255629478
255629568
255629830
255629901
255629955
255630011
255630075
255630161
255630437
255630547
255630629
255630728
255630729
255630795
255630973
255631320
255631369
255632012
255632018
255632094
255632169
255632191
255632305
255632418
255632490
255632777
255633097
255633124
255633163
255633272
255633274
255633278
255633562
255633592
255633714
255633748
255633794
255633892
255633917
255633962
255634189
255634246
255634424
255634515
255634894
255634958
255635413
255635833
255635880
255635948
255636018
255636236
255636307
255636354
255636383
255636861
255636889
255636938
255637093
255637370
255637426
255637928
255638082
255638113
255638159
255638228
255638621
255638682
255638773
255639533
255639964
255640173
255640411
255640664
255640711
255521434
255521496
255521782
255521793
255521822
255521829
255521846
255521865
255521987
255521999
255522038
255522063
255522236
255522345
255522366
255522414
255522514
255522550
255522589
255522639
255522662
255522891
255522898
255522941
255522991
255522997
255523014
255523090
255523234
255523268
255523282
255523366
255523428
255523613
255523630
255523733
255523803
255523844
255524156
255524257
255524261
255524307
255524349
255524384
255524525
255524633
255524634
255524673
255524697
255524918
255524928
255525086
255525158
255525276
255525515
255525917
255525987
255526036
255526098
255526339
255526561
255526720
255526968
255527082
255527149
255527444
255527601
255527674
255527679
255527705
255527753
255527805
255528004
255528169
255528528
255528567
255528724
255528757
255528767
255528768
255528803
255528896
255528956
255528971
255529148
255529531
255529541
255529639
255529648
255529807
255529813
255529865
255529927
255529957
255529977
255529993
255530220
255530456
255530459
255530511
255530527
255530664
255530779
255531020
255531057
255531104
255531189
255531329
255531383
255531423
255531539
255531830
255532062
255532063
255532070
255532205
255532372
255532409
255532416
255532561
255532693
255532998
255533086
255533182
255533223
255533249
255533343
255533369
255533391
255533497
255533541
255533571
255533577
255533670
255533692
255533727
255533814
255533955
255533971
255534010
255534040
255534198
255534368
255534425
255534443
255534571
255534766
255534806
255534822
255534907
255535036
255535584
255535586
255535711
255535905
255536052
255536086
255536124
255536269
255536370
255536394
255536441
255536629
255536759
255537025
255537096
255537128
255537172
255537227
255537493
255537703
255537776
255537787
255537825
255537954
255537991
255538302
255538329
255538351
255538419
255538463
255538492
255538897
255538972
255539037
255539056
255539115
255539146
255539189
255539217
255539253
255539257
255539341
255539529
255540104
255540148
255540192
255540263
255540324
255540422
255540780
255541039
255541303
255541516
255541633
255541735
255541807
255541865
255541922
255541949
255542025
255542135
255542175
255542244
255542639
255542659
255542666
255542901
255543039
255543077
255543116
255543132
255543169
255543206
255543230
255543292
255543321
255543574
255543576
255543586
255543630
255543643
255544041
255544244
255544452
255544454
255544609
255544741
255544789
255544925
255544930
255544960
255545357
255545461
255545559
255545797
255545877
255545928
255545969
255545997
255546050
255546105
255546218
255546423
255546495
255546510
255546525
255546682
255546692
255546761
255546865
255546964
255546998
255547086
255547446
255547466
255547512
255547555
255547575
255547651
255547741
255547791
255547797
255547948
255547955
255548136
255548299
255548407
255548441
255548462
255548522
255548550
255548630
255548651
255548674
255548918
255549083
255549085
255549208
255549381
255549455
255549625
255549626
255549735
255549803
255549896
255549946
255550005
255550048
255550099
255550152
255550208
255550253
255550289
255550326
255550406
255550662
255550719
255550933
255551036
255551089
255551131
255551346
255640810
255640889
255641229
255641430
255641462
255641569
255641627
255641797
255641808
255641876
255641904
255642020
255642031
255642074
255642259
255642283
255642661
255642885
255643106
255643259
255643355
255643377
255643475
255643945
255643959
255644046
255644158
255644436
255644498
255644544
255644664
255644846
255645047
255645085
255645431
255645649
255645855
255645859
255645924
255645994
255646127
255646336
255646585
255646600
255646622
255646645
255646769
255646778
255646873
255646983
255647206
255647252
255647277
255647361
255647387
255647442
255647505
255647508
255647663
255647704
255647737
255647767
255647939
255648011
255648095
255648150
255648379
255648525
255648552
255648723
255648847
255648869
255648918
255649135
255649410
255649773
255649777
255649784
255649801
255649856
255650037
255650089
255650297
255650894
255651062
255651146
255651322
255651331
255651336
255651423
255651678
255651711
255651833
255651867
255651871
255651921
255651979
255652722
255653001
255653096
255653126
255653172
255653247
255653256
255653278
255653409
255653465
255653597
255653623
255653633
255653660
255653730
255653796
255653939
255653981
255654010
255654125
255654206
255654289
255654525
255654562
255654618
255654733
255654817
255654823
255654831
255654836
255654905
255654909
255654932
255654947
255654987
255655038
255655055
255655077
255655107
255655262
255655301
255655547
255655594
255655659
255655889
255655964
255656000
255656036
255656059
255656088
255656245
255656371
255656387
255656470
255656482
255656577
255656611
255656615
255656680
255656794
255656797
255656940
255657031
255657075
255657161
255657448
255657576
255657619
255657643
255657672
255657967
255658089
255658206
255658255
255658322
255658364
255658413
255658539
255658692
255658809
255658811
255659044
255659091
255659096
255659123
255659313
255659366
255659381
255659460
255659481
255659511
255659602
255659655
255659948
255660038
255660051
255660052
255660106
255660107
255660251
255660268
255660297
255660401
255660616
255660871
255661152
255661321
255661422
255661558
255661703
255661720
255661744
255661766
255662136
255662217
255662380
255662472
255662745
255663098
255663202
255663220
255663671
255663681
255663687
255663784
255663946
255664112
255664242
255664329
255664364
255664375
255664402
255664416
255664578
255664674
255664723
255664911
255665059
255665062
255665098
255665196
255665205
255665419
255665536
255665540
255665650
255666087
255666267
255666273
255666555
255666650
255666693
255666836
255666984
255667076
255667143
255667279
255667298
255667500
255667917
255667920
255668005
255668108
255668240
255668283
255668476
255668491
255668515
255668730
255668750
255668847
255668869
255668899
255668927
255668961
255669011
255669015
255669147
255669229
255669304
255759077
255759780
255760095
255760136
255760264
255760462
255760503
255760620
255761063
255761266
255761352
255761407
255761454
255761501
255761704
255761895
255761898
255761911
255761930
255761939
255762061
255762064
255762070
255762163
255762293
255762306
255762362
255762458
255762482
255762760
255763194
255763316
255763343
255763466
255763639
255763827
255764048
255764092
255764369
255764443
255764768
255764906
255765041
255765422
255765562
255765592
255765867
255765983
255766030
255766080
255766142
255766578
255766589
255766795
255766835
255766910
255766939
255766969
255767000
255767051
255767539
255767749
255767817
255768176
255768699
255768798
255769121
255770029
255770295
255770806
255770874
255771015
255771050
255771239
255771362
255771461
255771694
255771924
255772301
255772422
255772497
255773210
255774649
255774993
255775373
255775920
255776002
255776426
255776726
255777040
255777098
255777234
255777619
255777684
255777776
255778193
255778422
255778515
255778621
255779070
255779175
255779191
255779330
255779352
255779357
255779404
255779443
255779500
255779717
255780031
255780415
255780424
255780660
255780663
255780728
255780994
255781171
255781303
255781354
255781386
255781451
255781578
255781676
255781708
255781729
255782036
255782176
255782339
255782372
255782579
255782894
255783013
255783027
255783264
255783379
255783554
255783616
255783634
255783667
255783717
255783783
255783862
255783958
255783964
255784003
255784005
255784250
255784348
255784386
255784448
255784555
255784634
255784875
255785060
255785065
255785254
255785318
255785395
255785430
255785515
255785883
255786018
255786148
255786267
255786889
255787318
255787449
255787620
255787751
255669464
255669470
255669518
255669734
255669736
255669826
255669930
255669965
255670031
255670166
255670182
255670309
255670322
255670327
255670330
255670552
255670606
255670652
255670767
255670835
255670901
255670907
255670972
255670985
255671008
255671026
255671074
255671144
255671163
255671270
255671561
255671700
255672204
255672308
255672327
255672342
255672378
255672433
255672441
255672465
255672523
255672531
255672591
255672622
255672673
255672733
255672736
255672848
255672901
255673080
255673145
255673440
255673443
255673449
255673489
255673499
255673507
255673588
255673727
255673922
255673969
255674003
255674174
255674214
255674284
255674299
255674344
255674392
255674447
255674607
255674667
255674738
255674856
255674914
255674928
255674976
255675003
255675077
255675120
255675352
255675474
255675639
255675649
255675763
255675784
255675813
255675842
255675873
255675993
255676093
255676182
255676622
255676633
255676654
255676703
255676753
255676795
255676844
255677012
255677014
255677062
255677151
255677186
255677187
255677206
255677218
255677359
255677385
255677491
255677552
255677629
255677704
255677720
255677900
255678014
255678053
255678268
255678406
255678410
255678423
255678788
255678941
255678978
255679229
255679236
255679330
255679610
255679729
255680258
255680283
255680291
255680346
255680357
255680640
255680665
255680767
255680916
255681119
255681469
255681500
255681577
255681743
255681766
255681799
255681832
255681842
255682229
255682256
255682388
255682443
255682486
255682640
255682680
255682967
255682993
255682996
255683062
255683072
255683098
255683250
255683271
255683349
255683600
255683610
255683637
255683741
255683913
255683975
255684132
255684153
255684158
255684243
255684246
255684524
255684720
255684777
255685178
255685568
255685585
255685685
255685686
255685740
255685759
255685903
255685930
255686004
255686256
255686263
255686373
255686529
255686720
255686871
255686890
255686958
255687022
255687073
255687212
255687483
255687683
255687720
255687810
255687906
255688053
255688210
255688225
255688465
255688760
255688787
255688891
255688921
255689022
255689090
255689272
255689298
255689314
255689379
255689549
255689949
255690050
255690156
255690257
255690267
255690441
255690573
255690600
255690689
255690724
255690764
255690772
255690839
255690902
255691026
255691199
255691208
255691244
255691350
255691433
255691455
255691494
255691819
255692037
255692052
255692195
255692292
255692380
255692563
255692587
255692724
255692760
255692771
255692840
255692857
255692886
255693007
255693076
255693130
255693224
255693237
255693244
255693301
255693321
255693407
255693415
255693568
255693644
255693795
255693922
255693946
255693954
255694055
255694062
255694182
255694454
255694534
255694572
255694677
255694696
255694724
255694857
255694923
255695046
255695159
255695178
255695267
255695284
255695323
255695344
255695398
255695445
255695577
255695633
255695661
255695678
255695694
255695835
255695970
255696027
255696069
255696113
255696137
255696468
255696528
255697055
255697391
255697450
255697582
255697675
255697694
255697703
255697962
255698147
255698262
255698526
255698837
255698840
255698870
255700542
255700598
255700789
255700813
255700823
255700930
255700974
255701001
255701052
255701084
255701103
255701230
255701252
255701318
255701355
255701436
255701498
255701548
255701596
255701617
255701635
255701849
255701891
255701927
255701933
255702009
255702071
255702123
255702237
255702272
255702352
255702397
255702590
255702592
255702674
255702726
255702776
255702810
255702813
255702837
255703115
255703144
255703168
255703189
255703258
255703501
255703521
255703529
255703733
255703911
255703922
255703924
255703980
255704001
255704016
255704050
255704079
255704080
255704081
255704147
255704175
255704290
255704377
255704418
255704565
255704801
255704847
255704857
255704959
255705019
255705309
255705394
255705493
255705523
255705801
255705989
255706095
255706227
255706254
255706299
255706310
255706402
255706445
255706616
255706648
255706667
255706692
255706726
255706741
255706767
255706779
255706800
255706806
255706882
255706904
255707005
255707295
255707466
255707671
255707707
255707756
255707830
255708061
255708065
255708135
255708258
255708267
255708437
255708466
255708548
255709025
255709212
255709263
255709312
255709359
255709391
255709914
255710100
255710131
255710546
255710915
255711061
255711267
255711447
255711464
255711628
255711641
255711755
255711790
255711848
255712012
255712019
255712079
255712210
255712285
255712293
255712328
255712715
255712928
255713072
255713599
255713629
255714452
255714490
255714604
255714610
255714638
255714656
255714896
255714930
255715232
255716544
255716801
255717098
255717356
255717390
255717625
255717863
255717891
255718227
255718254
255718262
255718338
255718587
255718634
255718830
255718886
255718944
255719292
255719575
255719778
255719803
255719862
255720035
255720051
255720114
255720156
255720281
255720351
255720361
255720376
255720438
255720496
255720672
255720692
255720741
255720756
255720775
255720926
255721027
255721126
255721195
255721273
255721541
255721545
255721598
255721696
255721701
255721815
255721885
255722042
255722171
255722181
255722242
255722332
255722339
255722443
255722571
255722612
255722636
255722677
255722703
255722715
255722806
255722855
255723015
255723046
255723075
255723243
255723500
255723588
255723636
255723738
255723750
255723777
255723797
255723800
255723817
255724107
255724175
255724244
255724370
255724423
255724579
255724647
255724794
255724896
255724949
255724966
255725054
255725086
255725104
255725123
255725263
255725297
255725379
255725633
255725656
255725920
255725925
255725950
255725986
255726126
255726262
255726332
255726450
255726545
255726641
255727020
255727065
255727639
255845865
255846052
255846085
255846238
255846286
255846297
255846768
255846818
255846839
255847121
255847238
255847467
255847613
255848099
255848111
255848417
255848685
255848875
255849004
255849045
255849136
255849235
255849432
255849638
255849649
255849681
255849806
255849901
255850041
255850175
255850321
255850411
255850415
255850602
255850719
255850797
255850799
255851031
255851111
255851265
255851310
255851358
255851362
255851436
255851459
255851575
255851594
255852259
255852331
255852402
255852501
255852513
255852576
255852669
255852687
255852873
255852874
255852943
255853147
255853171
255853554
255853578
255853740
255853741
255853902
255854020
255854158
255854383
255854424
255854446
255854558
255854769
255854876
255855137
255855388
255855392
255855393
255855521
255855524
255856269
255856299
255856357
255856367
255856416
255856478
255856562
255856708
255856710
255856997
255857012
255857169
255857267
255857444
255857577
255857733
255857852
255857901
255857953
255858335
255858498
255858599
255858620
255859159
255859181
255859480
255859634
255859654
255859670
255859786
255859832
255860100
255860121
255860396
255860511
255860563
255860799
255860882
255860910
255861127
255861285
255861564
255861671
255861741
255861970
255862272
255862282
255862332
255862358
255862462
255862534
255862654
255862806
255862905
255863310
255863374
255863409
255863418
255863711
255863859
255864018
255864038
255864090
255864298
255864353
255864404
255864585
255864596
255864691
255864803
255864862
255864924
255865269
255865445
255865481
255865549
255865790
255865863
255866151
255866173
255866202
255866272
255866339
255866362
255866668
255866706
255866713
255866812
255866912
255867132
255867151
255867246
255867362
255867434
255867481
255867511
255867637
255867668
255867788
255868043
255868149
255868204
255868379
255868709
255868769
255868811
255868913
255868938
255869076
255869436
255869507
255869532
255869589
255870180
255870402
255870503
255870813
255870820
255870959
255871310
255871461
255871630
255871652
255871657
255871692
255871724
255871844
255871964
255872165
255872190
255872440
255872602
255872648
255872852
255873049
255873062
255873193
255873431
255873776
255873809
255873985
255874050
255819387
255819420
255819423
255819465
255819524
255819986
255820028
255820193
255820217
255820430
255820441
255820522
255820813
255821320
255821805
255821865
255821882
255821902
255822095
255822166
255822219
255822697
255822818
255822869
255822980
255823147
255823277
255823380
255823426
255823498
255823499
255823898
255823926
255824233
255824323
255824891
255825008
255825087
255825197
255825232
255825313
255825820
255825924
255826032
255826034
255826070
255826234
255826245
255826274
255826532
255826595
255826757
255826960
255826971
255827143
255827146
255827170
255827287
255827296
255827307
255827349
255827393
255827435
255827524
255827540
255827557
255827579
255827864
255827892
255827894
255827987
255828171
255828279
255828481
255828554
255828804
255828932
255829107
255829349
255829411
255829512
255829845
255829855
255829888
255829968
255830239
255830254
255830312
255830445
255830612
255830648
255830761
255830962
255831044
255831327
255831382
255831404
255831506
255831550
255831823
255831946
255832523
255832832
255833170
255833488
255833620
255833939
255834145
255834212
255834610
255834611
255834790
255835000
255835004
255835019
255835232
255835237
255835297
255835300
255835404
255835441
255835636
255835711
255836420
255836474
255836871
255836900
255836982
255837182
255837751
255837984
255837987
255838178
255838240
255838378
255838629
255838867
255838913
255839052
255839336
255839526
255839528
255839843
255839861
255840264
255840370
255840839
255841116
255841532
255841584
255841596
255841761
255842022
255842616
255842882
255843012
255843383
255843394
255843591
255843979
255844341
255844448
255844466
255844832
255844844
255845086
255845371
255845578
255904325
255904785
255904925
255904960
255904964
255905150
255905199
255905225
255905238
255905295
255905345
255905363
255905468
255905481
255905513
255905571
255905573
255905597
255905643
255905689
255905887
255906102
255906150
255906161
255906261
255906269
255906481
255906486
255906501
255906799
255906858
255906874
255906875
255907026
255907048
255907051
255907068
255907087
255907100
255907129
255907130
255907135
255907293
255907406
255907469
255907472
255907866
255907958
255908086
255908194
255908250
255908268
255908297
255908317
255908368
255908371
255908402
255908422
255908427
255908450
255908514
255908615
255908628
255908683
255908730
255908965
255908990
255909084
255909111
255909199
255909422
255909558
255909572
255909737
255909768
255909910
255910021
255910174
255910443
255910484
255910582
255910678
255910690
255910765
255910770
255910771
255910863
255910919
255910924
255910977
255911096
255911218
255911428
255911447
255911769
255912153
255912240
255912291
255912315
255912324
255912407
255912542
255912595
255912639
255913189
255913378
255913442
255913458
255913495
255913496
255913864
255913969
255914196
255914294
255914868
255914959
255914969
255915042
255915355
255915426
255915684
255915687
255915694
255915773
255915774
255915783
255915791
255915803
255915808
255915848
255915925
255916068
255916087
255916098
255916146
255916198
255916350
255916386
255916410
255916427
255916802
255917119
255917310
255917346
255917545
255917564
255917625
255917899
255918506
255918512
255918702
255918713
255918848
255920006
255920643
255920861
255920995
255921121
255921214
255921264
255921368
255921729
255921738
255921986
255922002
255922079
255922269
255922378
255922611
255922680
255922878
255923060
255923197
255923253
255923291
255923403
255923431
255923433
255923521
255923537
255923678
255923914
255923932
255923967
255924023
255924135
255924316
255924352
255924378
255924455
255924466
255924538
255924575
255924591
255924659
255924672
255924725
255924726
255924731
255924764
255924880
255925020
255925025
255925103
255925112
255925232
255925298
255925335
255925368
255925396
255925491
255925927
255925982
255926011
255926086
255926162
255926199
255926254
255926303
255926390
255926469
255926471
255926749
255926873
255926933
255926964
255927002
255927126
255927184
255927185
255927199
255927213
255927371
255927510
255927639
255927705
255927722
255927741
255927780
255927874
255927937
255927962
255927984
255928047
255928152
255928198
255928263
255928303
255928392
255928401
255928590
255928631
255928635
255928636
255928789
255928873
255928901
255928971
255929061
255929062
255929188
255929284
255929382
255929632
255929719
255929898
255929936
255930247
255930289
255930785
255930797
255874226
255874298
255874361
255874395
255874406
255874561
255874583
255874732
255874858
255874935
255875086
255875168
255875208
255875266
255875279
255875286
255875288
255875291
255875366
255875473
255875629
255875639
255876180
255876191
255876212
255876408
255876433
255876470
255876545
255876568
255876602
255876632
255876663
255876674
255876675
255876683
255876697
255876928
255876966
255876969
255877070
255877332
255877734
255878474
255878490
255878912
255878997
255879383
255879496
255879605
255879762
255879955
255880088
255880266
255880268
255880287
255880338
255880546
255880576
255880594
255880629
255880737
255880887
255880931
255880959
255880996
255881035
255881120
255881121
255881500
255881628
255881728
255881899
255881983
255881986
255882169
255882291
255882913
255882918
255883190
255883311
255883440
255883461
255883480
255883592
255883713
255883774
255883827
255883916
255884000
255884043
255884059
255884144
255884154
255884171
255884172
255884216
255884231
255884238
255884336
255884461
255884508
255884576
255884653
255884827
255884901
255884968
255884969
255885346
255885490
255885575
255885639
255886187
255886324
255886544
255886554
255886574
255886593
255886764
255887014
255887090
255887107
255887183
255887306
255887484
255887543
255887715
255887755
255887797
255888066
255888138
255888170
255888255
255888499
255888527
255888689
255888695
255888782
255888793
255888948
255889081
255889260
255889269
255889281
255889551
255889562
255889651
255889862
255889929
255889959
255890026
255890050
255890066
255890152
255890317
255890324
255890422
255890465
255890471
255890505
255890883
255890934
255891000
255891265
255891534
255891559
255891683
255891739
255892020
255892089
255892303
255892404
255892495
255892523
255892695
255892884
255893047
255893288
255893331
255893335
255893418
255893428
255893476
255893568
255893627
255893671
255893793
255893925
255893974
255893990
255894000
255894346
255894460
255894602
255894683
255894754
255895182
255895283
255895503
255895532
255895644
255895658
255895727
255895737
255895959
255895985
255896051
255896176
255896191
255896331
255896346
255896399
255896436
255896491
255896497
255896515
255896516
255896666
255896695
255896717
255896780
255896913
255896966
255897090
255897373
255897416
255897432
255897470
255897495
255897601
255897703
255897846
255897859
255898029
255898056
255898147
255898261
255898275
255898348
255898355
255898595
255898687
255898700
255898948
255899044
255899353
255899396
255899401
255899423
255899459
255899628
255899826
255899843
255899853
255900109
255900170
255900404
255900993
255901217
255901267
255901277
255901461
255901590
255901610
255901793
255901982
255902056
255902081
255902180
255902240
255902364
255902373
255902524
255902569
255902596
255902700
255902713
255902798
255902830
255902865
255902917
255902928
255903355
255903429
255903464
255932646
255932828
255932829
255932933
255932947
255933047
255933060
255933065
255933075
255933111
255933143
255933366
255933408
255933425
255933486
255933561
255933664
255933909
255933931
255933986
255934119
255934195
255934204
255934283
255934427
255934508
255934525
255934538
255934729
255934754
255934781
255934811
255934833
255934840
255934920
255934960
255935044
255935083
255935251
255935252
255935345
255935361
255935602
255935611
255935619
255935692
255935752
255935857
255935858
255935895
255936004
255936011
255936055
255936160
255936192
255936235
255936267
255936420
255936466
255936788
255936864
255936920
255937016
255937204
255937263
255937332
255937391
255937420
255937463
255937499
255937720
255937750
255937812
255937915
255937925
255938061
255938103
255938106
255938441
255938481
255938607
255938624
255938627
255938702
255938719
255938723
255938739
255938747
255938789
255938798
255938816
255938927
255939058
255939135
255939247
255939259
255939392
255939420
255939438
255939443
255939753
255939772
255939857
255940014
255940366
255940463
255940493
255940524
255940589
255940642
255940660
255941061
255941070
255941224
255941306
255941394
255941580
255941754
255941888
255941952
255942169
255942204
255942227
255942478
255942594
255942746
255942907
255943019
255943024
255943133
255943320
255943336
255943555
255943587
255943602
255943662
255943793
255943806
255943872
255943991
255943993
255944007
255944071
255944118
255944128
255944129
255944139
255944192
255944238
255944324
255944368
255944371
255945051
255945173
255945364
255945490
255945507
255945655
255945791
255946022
255946374
255946436
255946455
255946527
255946683
255946718
255947141
255947911
255948372
255948443
255948622
255948829
255948874
255949052
255949188
255949190
255949481
255949600
255949652
255949993
255950038
255950204
255950305
255950357
255950469
255950472
255950763
255950772
255950817
255950821
255950911
255951018
255951072
255951355
255951433
255951489
255951493
255951527
255951554
255951634
255951734
255951757
255951843
255951888
255951953
255952021
255952094
255952149
255952250
255952298
255952309
255952548
255952571
255952576
255952602
255952604
255952622
255952624
255952670
255952705
255952857
255952930
255953012
255953146
255953229
255953273
255953424
255953442
255953501
255953578
255953619
255953629
255953692
255953717
255953931
255953981
255954140
255954146
255954163
255954164
255954275
255954338
255954377
255954388
255954509
255954700
255954711
255954786
255954803
255954956
255955038
255955121
255955205
255955219
255955368
255955389
255955417
255955497
255955600
255955717
255955735
255955796
255955820
255955874
255955950
255955964
255956002
255956136
255956177
255956181
255956292
255956373
255956397
255956472
255956478
255956493
255956502
255956503
255956596
255956619
255956648
255956695
255956929
255956954
255957062
255957082
255957238
255957285
255957459
255957562
255957799
255958025
255958055
255958073
255958459
255958469
255958475
255958767
255958978
255959022
256045077
256045110
256045154
256045514
256045879
256045912
256046032
256046138
256046222
256046470
256046969
256047074
256047124
256047171
256047475
256047708
256047783
256047800
256047821
256047935
256048138
256048205
256048287
256048388
256048635
256048686
256048797
256048985
256049044
256049163
256049198
256049253
256049456
256049494
256049557
256049575
256049626
256049649
256049652
256049842
256050247
256050444
256050451
256050597
256050682
256050791
256050853
256050865
256050970
256051017
256051170
256051317
256051348
256051405
256051548
256051555
256051560
256051615
256051843
256051861
256051949
256052055
256052098
256052137
256052241
256052254
256052280
256052306
256052426
256052433
256052457
256052496
256052577
256052581
256052606
256052931
256053060
256053095
256053139
256053433
256053450
256053478
256053484
256053658
256053737
256053751
256053766
256053785
256053809
256053818
256053836
256053838
256053975
256054039
256054179
256054197
256054393
256054434
256054644
256054803
256054870
256054906
256054952
256055056
256055082
256055140
256055153
256055189
256055303
256055356
256055392
256055566
256055650
256055817
256055925
256055957
256055963
256056067
256056104
256056107
256056858
256057073
256057080
256057224
256057297
256057324
256057405
256057416
256057458
256057468
256057508
256057528
256057605
256057627
256057637
256057657
256058169
256058193
256058263
256058284
256058321
256058373
256058381
256058389
256058391
256058397
256058575
256058653
256058740
256058765
256058853
256058889
256059003
256059118
256059222
256059460
256059493
256059500
256059550
256060006
256060129
256060241
256060247
256060407
256060415
256060417
256060542
256060622
256060895
256061115
256061124
256061335
256061482
256061661
256061674
256061688
256061714
256061793
256061822
256061834
256061864
256061893
256062232
256062237
256062319
256062631
256062711
256062813
256062829
256062838
256062849
256063122
256063142
256063201
256063293
256063468
256063520
256063566
256063617
256063876
256063892
256063913
256064002
256064166
256064231
256064350
256064358
256064410
256064433
256064440
256064517
256064520
256064546
256064562
256064691
256064953
256065022
256065027
256065071
256065199
256065209
256065290
256065391
256065647
256066090
256066137
256066703
256066749
256067059
256067482
256067577
256067580
256067697
256067714
256067972
256067973
256068014
256068248
256068306
256068816
256069425
256069492
256069652
256069747
256069778
256069791
256069964
256070112
256070154
256070501
256070514
256070586
256070607
256070629
256070806
256070810
256070819
256070855
256070867
256070932
256071130
256071553
256071645
256071955
256072143
256072479
256072481
256072606
256072616
256072618
256072655
256072657
255989118
255989158
255989519
255989576
255989624
255989628
255989746
255989789
255989793
255989827
255990060
255990144
255990212
255990254
255990562
255990601
255990603
255990714
255990844
255990899
255990952
255990980
255991030
255991129
255991170
255991227
255991260
255991291
255991361
255991365
255991526
255991574
255991677
255991707
255991758
255991808
255991812
255992055
255992211
255992229
255992324
255992663
255992686
255992767
255992771
255992928
255993028
255993091
255993158
255993244
255993279
255993341
255993353
255993355
255993452
255993528
255993582
255993623
255993669
255993790
255993919
255993923
255993929
255993962
255994245
255994257
255994406
255994457
255994506
255994529
255994655
255994730
255994753
255994895
255994980
255995009
255995027
255995103
255995149
255995168
255995339
255995435
255995500
255995567
255995577
255995614
255995640
255995776
255996027
255996030
255996224
255996298
255996351
255996437
255996718
255996759
255996798
255996872
255996957
255996972
255997227
255997326
255997411
255997475
255997544
255997721
255997784
255997810
255997916
255997932
255997991
255998086
255998133
255998187
255998255
255998564
255998839
255998976
255999003
255999146
255999172
255999294
255999312
255999511
255999556
255999574
255999659
255999873
256000022
256000047
256000048
256000175
256000287
256000403
256000411
256000485
256000508
256000752
256000791
256000809
256000937
256000976
256001120
256001123
256001132
256001239
256001322
256001514
256001597
256001837
256001898
256002099
256002132
256002135
256002585
256002612
256002757
256002879
256002880
256002913
256002961
256003057
256003095
256003132
256003211
256003233
256003317
256003326
256003544
256004021
256004213
256004253
256004326
256004377
256004380
256004393
256004477
256004578
256004655
256004726
256004922
256004950
256005044
256005195
256005497
256005499
256005604
256005623
256005659
256005730
256005783
256005870
256005886
256006099
256006182
256006194
256006334
256006535
256006559
256006737
256007166
256007187
256007190
256007382
256007423
256007789
256007825
256007827
256007939
256007973
256008086
256008098
256008206
256008226
256008366
256008387
256008545
256008610
256008622
256008893
256008933
256008936
256008954
256008968
256009152
256009428
256009623
256009682
256010166
256010245
256010721
256010767
256010905
256010971
256011210
256011428
256011465
256011607
256012005
256012044
256012215
256012371
256012610
256012633
256012666
256012819
256012879
256013170
256013276
256013330
256013472
256013540
256013564
256013636
256013907
256014255
256014262
256014318
256014340
256014605
256014907
256014992
256015014
256015168
256015197
256015320
256015459
256015492
256015496
256015561
256015569
256015584
256015600
256015606
256015688
256015721
256015932
256015959
256015980
256016096
256016193
256016272
256016304
256016335
256016339
256016359
256016467
256016472
256016600
256016652
256016743
256016770
256016814
256016955
256017070
256017083
256017193
256017197
256017213
256017334
256017353
256017372
256017383
256017425
256017498
256017723
256017786
256017792
256017842
256017896
256017952
256018014
256018047
256018142
256018267
256018341
256018452
256018609
256018658
256018826
256018979
256019028
255960547
255960990
255961243
255961370
255961386
255961406
255961479
255961488
255961525
255961598
255961613
255961863
255961986
255962010
255962095
255962199
255962283
255962370
255962790
255962809
255962889
255963016
255963064
255963106
255963136
255963211
255963246
255963268
255963281
255963325
255963349
255963378
255963394
255963482
255963594
255963611
255963627
255963673
255963707
255963792
255963971
255964000
255964055
255964069
255964142
255964194
255964262
255964480
255964487
255964528
255964569
255964628
255964652
255964654
255964668
255964688
255964712
255964824
255964870
255964982
255964998
255965271
255965322
255965346
255965479
255965498
255965694
255965888
255965922
255965954
255966262
255966468
255966492
255966668
255966864
255966892
255966913
255966916
255966971
255967074
255967110
255967145
255967167
255967210
255967255
255967267
255967309
255967326
255967335
255967352
255967388
255967447
255967487
255967619
255967773
255967851
255967969
255968045
255968049
255968087
255968372
255968409
255968547
255968706
255968845
255969101
255969117
255969458
255969571
255969578
255969617
255969744
255969816
255969821
255969827
255969977
255970402
255970430
255970645
255970653
255970993
255971294
255971360
255971490
255971536
255971620
255971727
255971935
255972095
255972141
255972183
255972273
255972327
255972342
255972345
255972402
255972406
255972429
255972434
255972643
255972646
255972693
255972877
255972936
255972960
255972973
255972974
255973370
255973399
255973494
255973549
255974134
255974595
255974723
255974854
255975134
255975158
255975756
255976346
255977463
255977677
255977828
255978227
255978251
255978439
255978696
255978721
255978838
255979074
255979108
255979116
255979166
255979188
255979217
255979240
255979284
255979379
255979449
255979478
255979479
255979491
255979587
255979601
255979624
255979736
255979778
255979781
255979958
255980089
255980196
255980236
255980241
255980423
255980448
255980496
255980504
255980629
255980671
255980845
255980860
255980901
255980914
255980970
255980971
255981016
255981250
255981282
255981352
255981437
255981440
255981451
255981467
255981537
255981662
255981784
255981839
255981872
255981959
255982124
255982144
255982238
255982252
255982405
255982433
255982477
255982486
255982579
255982592
255982753
255982791
255982872
255982886
255982977
255983021
255983099
255983250
255983324
255983377
255983563
255983596
255983679
255983680
255983702
255983777
255983785
255983866
255983902
255983969
255984108
255984113
255984119
255984146
255984186
255984368
255984376
255984378
255984432
255984455
255984456
255984529
255984580
255984715
255984734
255984746
255984820
255984927
255985028
255985130
255985228
255985286
255985353
255985389
255985409
255985425
255985466
255985563
255985572
255985574
255985591
255985603
255985729
255985730
255985785
255985823
255985859
255986096
255986169
255986247
255986256
255986307
255986574
255986730
255986790
255986987
255987059
255987220
255987369
255987385
255987521
255987718
255987723
255987726
255988278
255988290
255988318
255988334
255988369
256073527
256073616
256073828
256073892
256073915
256074132
256074157
256074191
256074213
256074363
256074366
256074394
256074420
256074432
256074515
256074575
256074609
256074865
256074936
256074968
256075072
256075083
256075213
256075240
256075373
256075494
256075643
256075715
256075724
256075858
256075888
256075990
256076000
256076082
256076109
256076134
256076215
256076283
256076303
256076347
256076351
256076465
256076548
256076587
256076614
256076644
256076666
256076899
256076977
256077044
256077101
256077374
256077420
256077481
256077666
256077681
256077682
256077829
256077845
256077880
256078030
256078081
256078168
256078248
256078320
256078375
256078610
256078654
256078846
256078867
256078879
256078944
256078966
256079047
256079126
256079193
256079288
256079482
256079535
256079654
256079696
256079812
256079846
256080075
256080115
256080140
256080195
256080235
256080253
256080282
256080294
256080324
256080386
256080420
256080445
256080470
256080498
256080601
256080733
256080764
256080769
256080775
256080915
256080976
256081027
256081044
256081085
256081225
256081302
256081345
256081626
256081733
256081818
256081871
256081997
256082009
256082029
256082036
256082233
256082279
256082435
256082443
256082600
256082610
256082757
256082865
256082925
256083125
256083408
256083767
256083860
256083967
256084083
256084158
256084291
256084488
256084704
256085111
256085142
256085154
256085279
256085283
256085311
256085314
256085321
256085324
256085470
256085490
256085541
256085606
256085671
256085775
256085841
256085861
256085936
256085989
256086012
256086086
256086211
256086456
256086843
256087459
256087484
256088023
256088091
256088151
256088256
256088405
256088617
256088895
256090363
256090509
256090664
256090934
256091057
256091115
256091504
256091795
256091850
256092064
256092094
256092126
256092216
256092260
256092534
256092561
256092720
256092979
256093030
256093138
256093175
256093260
256093283
256093367
256093384
256093385
256093406
256093432
256093457
256093654
256093671
256093715
256093747
256093748
256093765
256093775
256093816
256093826
256093877
256094195
256094227
256094317
256094326
256094417
256094504
256094572
256094603
256094614
256094728
256094769
256094811
256094868
256094892
256094940
256094986
256095088
256095239
256095260
256095262
256095285
256095419
256095614
256095618
256095634
256095636
256095731
256095760
256095769
256095802
256095808
256095830
256095897
256096019
256096054
256096060
256096091
256096140
256096171
256096234
256096300
256096308
256096520
256096627
256096676
256096881
256096925
256096933
256096957
256097106
256097150
256097347
256097456
256097543
256097693
256097702
256097806
256097834
256097837
256097928
256097946
256098111
256098176
256098275
256098276
256098332
256098457
256098524
256098555
256098629
256098652
256098732
256098854
256098957
256099014
256099027
256099157
256099421
256099443
256099557
256099606
256099680
256099764
256099901
256099996
256100277
256100825
256100851
256159255
256159399
256159451
256159471
256159640
256159677
256159707
256159814
256159846
256159891
256160004
256160030
256160085
256160115
256160203
256160282
256160350
256160455
256160589
256160673
256160726
256160876
256160981
256161004
256161028
256161039
256161104
256161139
256161177
256161364
256161415
256161467
256161468
256161498
256161581
256161594
256161604
256161668
256161680
256161716
256161721
256161724
256161731
256161761
256161768
256161932
256162023
256162255
256162257
256162376
256162389
256162474
256162552
256162613
256162719
256162722
256162786
256162793
256162836
256162915
256162952
256162955
256162965
256162969
256162975
256163059
256163113
256163132
256163167
256163286
256163299
256163581
256163600
256163703
256163860
256164164
256164198
256164429
256164513
256164531
256164545
256164574
256164686
256165067
256165105
256165142
256165214
256165259
256165271
256165294
256165401
256165403
256165417
256165427
256165433
256165455
256165473
256165503
256165517
256165526
256165554
256165569
256165615
256165769
256165852
256166045
256166783
256166790
256166825
256167178
256167233
256167274
256167678
256167727
256167940
256168037
256168063
256168299
256168787
256168902
256168987
256169157
256169344
256169434
256169558
256169641
256169643
256170152
256170159
256170201
256170208
256170349
256170421
256170432
256170453
256170473
256170475
256170511
256170601
256170616
256170714
256170889
256171123
256171290
256171340
256171432
256171813
256171900
256171905
256172563
256172567
256172882
256173128
256173194
256173273
256173288
256173308
256173401
256173473
256173706
256173801
256173807
256174951
256175084
256175603
256175669
256175700
256175727
256175790
256175844
256175869
256175985
256176232
256176341
256176405
256176536
256176929
256177106
256177220
256177315
256177325
256177388
256177421
256177724
256177851
256177949
256177968
256178032
256178188
256178494
256178502
256178606
256178675
256178706
256178719
256178760
256178764
256178808
256178848
256178857
256179009
256179019
256179082
256179108
256179162
256179174
256179574
256179577
256179637
256179638
256179655
256179663
256179683
256179705
256179722
256179806
256179846
256179893
256179929
256179937
256179962
256180001
256180142
256180224
256180312
256180332
256180416
256180488
256180571
256180621
256180634
256180718
256180756
256180765
256180820
256180836
256180867
256180939
256181036
256181055
256181156
256181229
256181363
256181491
256181513
256181541
256181550
256181593
256181601
256181604
256181854
256181912
256181936
256182150
256182167
256182302
256182328
256182333
256182347
256182406
256182571
256182599
256182816
256182969
256182986
256183079
256183135
256183151
256183177
256183178
256183258
256183316
256183339
256183357
256183566
256183730
256183775
256183799
256183869
256183987
256183989
256184079
256184090
256184138
256184150
256184170
256184187
256184226
256184267
256184396
256184781
256184856
256185112
256185127
256185207
256185231
256185233
256185451
256185515
256185865
256185891
256186186
256186437
256186461
256186473
256130617
256130626
256130790
256130853
256130930
256131057
256131064
256131072
256131133
256131176
256131202
256131207
256131351
256131458
256131631
256131637
256131647
256131689
256131807
256131891
256132162
256132226
256132299
256132315
256132360
256132455
256132597
256132661
256132674
256132708
256132733
256132801
256132804
256132837
256132902
256132909
256132914
256132943
256132993
256133046
256133071
256133167
256133249
256133283
256133291
256133373
256133585
256133689
256133938
256133979
256134013
256134065
256134081
256134087
256134135
256134140
256134185
256134212
256134220
256134231
256134314
256134353
256134386
256134499
256134511
256134929
256135026
256135137
256135420
256135424
256135617
256135675
256135694
256135852
256135912
256135957
256136081
256136137
256136444
256136462
256136540
256136607
256136623
256136653
256136661
256136725
256136840
256136849
256136860
256136864
256136884
256136906
256136907
256136930
256137015
256137026
256137195
256137279
256137300
256137417
256137731
256137761
256137769
256137833
256137947
256138174
256138211
256138331
256138576
256138823
256139105
256139344
256139421
256139429
256139545
256139581
256139964
256140108
256140188
256140393
256140540
256140860
256140929
256140961
256140968
256141150
256141588
256141590
256141749
256141776
256141844
256141866
256141959
256141987
256141988
256141992
256142010
256142079
256142152
256142206
256142296
256142357
256142399
256142404
256142717
256142804
256142967
256143156
256143235
256143327
256143614
256143623
256144150
256144351
256144453
256144463
256144506
256144508
256144749
256145088
256146488
256146793
256146869
256147043
256147064
256147252
256147392
256147430
256147577
256147614
256147728
256147870
256148502
256148562
256148652
256148697
256148866
256149069
256149105
256149107
256149186
256149227
256149655
256149804
256149811
256149816
256149833
256149858
256149860
256149919
256150006
256150079
256150138
256150156
256150231
256150245
256150249
256150309
256150410
256150479
256150722
256150736
256150768
256150850
256150880
256150958
256150992
256150998
256151096
256151144
256151173
256151185
256151249
256151539
256151591
256151625
256152045
256152100
256152404
256152408
256152532
256152587
256152622
256152627
256152636
256152694
256152697
256152827
256152834
256152836
256152913
256152934
256152978
256152990
256153006
256153254
256153259
256153438
256153491
256153494
256153512
256153566
256153576
256153651
256153900
256154028
256154063
256154163
256154296
256154307
256154330
256154457
256154472
256154490
256154587
256154708
256154746
256154775
256154811
256154820
256154866
256154937
256155035
256155052
256155054
256155107
256155208
256155376
256155420
256155506
256155718
256155731
256155909
256156142
256156190
256156227
256156283
256156363
256156460
256156797
256156802
256157027
256157324
256102295
256102391
256102731
256102883
256102921
256102970
256102971
256102978
256102997
256103071
256103119
256103127
256103182
256103275
256103286
256103409
256103430
256103605
256103672
256103714
256103924
256104120
256104225
256104231
256104249
256104352
256104364
256104385
256104411
256104513
256104623
256104793
256104969
256104978
256104981
256104983
256104988
256105002
256105052
256105104
256105295
256105300
256105346
256105392
256105585
256105630
256105656
256105764
256105993
256105996
256106064
256106116
256106161
256106175
256106233
256106298
256106326
256106383
256106397
256106450
256106478
256106507
256106565
256106580
256106600
256106844
256107003
256107251
256107261
256107454
256107544
256107809
256107985
256108145
256108460
256108480
256108552
256108571
256108744
256108830
256108865
256108871
256108889
256108891
256108896
256108905
256108906
256108914
256108935
256109026
256109033
256109064
256109075
256109259
256109537
256109581
256109760
256109799
256109861
256109895
256109905
256109990
256110179
256110511
256110585
256110622
256111092
256111116
256111138
256111431
256111491
256111903
256112087
256112135
256112144
256112205
256112289
256112381
256112475
256112482
256112572
256112872
256113016
256113058
256113288
256113424
256113623
256113626
256113635
256113735
256113804
256113815
256114050
256114071
256114074
256114130
256114133
256114202
256114311
256114353
256114378
256114551
256114587
256114591
256114800
256114951
256115021
256115095
256115195
256115265
256115483
256115488
256115514
256115627
256115708
256115731
256115771
256115911
256116318
256116333
256116360
256116364
256116373
256116458
256116485
256116712
256116984
256117028
256118367
256118622
256118682
256118838
256118882
256118890
256119136
256119255
256119451
256119583
256119643
256119927
256120042
256120273
256120459
256120602
256120620
256120669
256120705
256120800
256120811
256120882
256120932
256120984
256120992
256121056
256121211
256121218
256121230
256121326
256121345
256121463
256121589
256121636
256121691
256121804
256121831
256121833
256121867
256121874
256121909
256121930
256122031
256122217
256122306
256122308
256122336
256122337
256122380
256122401
256122410
256122440
256122573
256122615
256122654
256122829
256122914
256122987
256123039
256123045
256123058
256123286
256123297
256123401
256123425
256123670
256123699
256123816
256123829
256123873
256123902
256123908
256124074
256124078
256124134
256124251
256124366
256124468
256124629
256124708
256124798
256124948
256124963
256124997
256125013
256125054
256125069
256125154
256125192
256125211
256125221
256125284
256125321
256125446
256125587
256125600
256125668
256125681
256125687
256125696
256125775
256125891
256125910
256125920
256125981
256126010
256126022
256126120
256126227
256126247
256126345
256126388
256126475
256126501
256126555
256126569
256126629
256126679
256126701
256126747
256126900
256127002
256127085
256127166
256127193
256127350
256127660
256127821
256127885
256128205
256128222
256128493
256128727
256128762
256128792
256019239
256019276
256019379
256019383
256019384
256019488
256019548
256019560
256019756
256020033
256020357
256020372
256020747
256020860
256021980
256022252
256022257
256022540
256022690
256022777
256022824
256023162
256023422
256023476
256023730
256023875
256023926
256023955
256024179
256024364
256024385
256024422
256024533
256024720
256024853
256025043
256025084
256025105
256025260
256025394
256025488
256025519
256025549
256025728
256025813
256026213
256026304
256026315
256026366
256026443
256026612
256026704
256026818
256026825
256027130
256027152
256027633
256027747
256027910
256027953
256028074
256028226
256028228
256028265
256028337
256028449
256028564
256028606
256028644
256028698
256028960
256028993
256029048
256029295
256029470
256029547
256029681
256029684
256030151
256030169
256030382
256030475
256030661
256030680
256030763
256030904
256030980
256031007
256031066
256031178
256031291
256031595
256031609
256031685
256031875
256031965
256032321
256032351
256032457
256032465
256032499
256032579
256032612
256032740
256033083
256033129
256033138
256033276
256033292
256033302
256033491
256033508
256033589
256033658
256033868
256033993
256034070
256034224
256034343
256034525
256034722
256034740
256034772
256035378
256035468
256035530
256035560
256035607
256035842
256035887
256035993
256036049
256036258
256036343
256036503
256036723
256036841
256036857
256037018
256037202
256037372
256037391
256037432
256037441
256037488
256037609
256038028
256038089
256038234
256038360
256038413
256038817
256039019
256039031
256039177
256039304
256039340
256039349
256039510
256039592
256039912
256039923
256040033
256040299
256040486
256040740
256041336
256041400
256041403
256041523
256041534
256041562
256041957
256042133
256042174
256042219
256042309
256042615
256042622
256042798
256042858
256042878
256042909
256042916
256043202
256043235
256043412
256043500
256043761
256043797
256044138
256044246
256044274
256044458
256044821
256044862
256044871
256187223
256187256
256187332
256187371
256187378
256187451
256187552
256187724
256187743
256187804
256187873
256187889
256187970
256188033
256188128
256188129
256188203
256188343
256188492
256188584
256188754
256188953
256189119
256189164
256189226
256189236
256189240
256189348
256189463
256189629
256189711
256189770
256189803
256189828
256189866
256189934
256190101
256190114
256190139
256190203
256190432
256190698
256190705
256190759
256190959
256191103
256191143
256191248
256191249
256191308
256191435
256191443
256191522
256191639
256191861
256191872
256192079
256192208
256192210
256192460
256192509
256192631
256192674
256192896
256192918
256193069
256193110
256193114
256193301
256193629
256193643
256193690
256193743
256193745
256193827
256194047
256194084
256194110
256194192
256194341
256194368
256194452
256194504
256194548
256194697
256194831
256194844
256194982
256194998
256195012
256195078
256195110
256195118
256195184
256195264
256195336
256195339
256195405
256195499
256195501
256195530
256195671
256195795
256196126
256196211
256196306
256196404
256196534
256196617
256196663
256196847
256196906
256196980
256197044
256197099
256197226
256197383
256197928
256198105
256198233
256198239
256198266
256198279
256198373
256198476
256198565
256198622
256198712
256198885
256199071
256199157
256199289
256199405
256199469
256199507
256199716
256199852
256199876
256199921
256199923
256200057
256200232
256200327
256200532
256200560
256200568
256200606
256200622
256200704
256200806
256200897
256201067
256201240
256201258
256201259
256201422
256201578
256201586
256201755
256202017
256202106
256202315
256202645
256202695
256202834
256202858
256202905
256202932
256202936
256203152
256203263
256203383
256203488
256203716
256203975
256204230
256204313
256204428
256204517
256204592
256204641
256204974
256205099
256205452
256205560
256205832
256205986
256206242
256206312
256206325
256206401
256206507
256206534
256206612
256206643
256206784
256206841
256207012
256207191
256207334
256207379
256207433
256207493
256207506
256207579
256207720
256207751
256207850
256207852
256208005
256208045
256208149
256208377
256208404
256208464
256208504
256208583
256208745
256208756
256208792
256208812
256208857
256209121
256209173
256209237
256209261
256209582
256209821
256209839
256209923
256210029
256210061
256210102
256210242
256210294
256210297
256210540
256210633
256210684
256210711
256210901
256211144
256211179
256211392
256211407
256211457
256211990
256211992
256212048
256212071
256212075
256212090
256212375
256212701
256212715
256212740
256212765
256212782
256212795
256212899
256212974
256213196
256213248
256213250
256213346
256213453
256213474
256213478
256213531
256213906
256213994
256214005
256214063
256214064
256214152
256214165
256214347
256214441
256214458
256214467
256214499
256214526
256214868
256215015
256215056
256215204
256215247
256215698
256215721
256215731
256216169
256216315
256216323
256216344
256216647
256216725
256217218
256217330
256217418
256217511
256217517
256217892
256217977
256217988
256218005
256218028
256218162
256218168
256218430
256218459
256218471
256218482
256218514
256218572
256218643
256219236
256219262
256219301
256219478
256219765
256219771
256219942
256220287
256220513
256220632
256220639
256221088
256221235
256221236
256221335
256221517
256221638
256221763
256221888
256222056
256222169
256222196
256222215
256222421
256222589
256222707
256222759
256222895
256222909
256223010
256223088
256223490
256223667
256224131
256224132
256224253
256224437
256224641
256224675
256224774
256224871
256225024
256225042
256225290
256225294
256225354
256225507
256225901
256226059
256226108
256226333
256226341
256226349
256226504
256226788
256226794
256226833
256226854
256226923
256227151
256227311
256227340
256227352
256227395
256227402
256227466
256227676
256227982
256228013
256228019
256228305
256228457
256228581
256228597
256228731
256228825
256228880
256229090
256229405
256229447
256229521
256229719
256230034
256230084
256230283
256230354
256230479
256230498
256230527
256230562
256230586
256230852
256231126
256231173
256231427
256231547
256231581
256231682
256231836
256231892
256231925
256231932
256232062
256232101
256232166
256232281
256232347
256232723
256232754
256232812
256232857
256233467
256233548
256233595
256233620
256233891
256233932
256234013
256234362
256234632
256234952
256234987
256235312
256235386
256235388
256235389
256235574
256235645
256235651
256235811
256236199
256236651
256236722
256236726
256237345
256237598
256237708
256237829
256237854
256237924
256238040
256238213
256238283
256238296
256238398
256238486
256238489
256238639
256238844
256238866
256238875
256238959
256239041
256239086
256239117
256239220
256239374
256239428
256239460
256239721
256239925
256239949
256240155
256240185
256240221
256240301
256240311
256240314
256240477
256240617
256240705
256240792
256240822
256240950
256241093
256241222
256241343
256241677
256241827
256241832
256241979
256242090
256242184
256242303
256242425
256242729
256242734
256242823
256242898
256242943
256243003
256243031
256243235
256243373
256243592
256243656
256243943
256244070
256244103
256244333
256244472
256244566
256244570
256244633
256244650
256244695
256244778
256244856
256244935
256244974
256245074
256245110
256245251
256245285
256245292
256245364
256245457
256245721
256245904
256246026
256246272
256246446
256246543
256246646
256246765
256246821
256247113
256247236
256247240
256247246
256247603
256247912
256247916
256247930
256248177
256248271
256248272
256248318
256248373
256248450
256248521
256248560
256248637
256248693
256248853
256249480
256249673
256249838
256249881
256249915
256249949
256249989
256250066
256250134
256250154
256250486
256250529
256250577
256250651
256250702
256250833
256250939
256251007
256251029
256251144
256251338
256251366
256251415
256251431
256251593
256251606
256251730
256252098
256252285
256252462
256252632
256252679
256252690
256252985
256253119
256253133
256253386
256253440
256253531
256253596
256253619
256253685
256253702
256253724
256253725
256253807
256253838
256254175
256254552
256254612
256254643
256254842
256255012
256255035
256255073
256255254
256255277
256255450
256255460
256255564
256255585
256255728
256255749
256255797
256256336
256256451
256256501
256256824
256256906
256256915
256256970
256257078
256257388
256257662
256257759
256257785
256257825
256257852
256257909
256257998
256258017
256258242
256258275
256258310
256258333
256258460
256258712
256258814
256258907
256258922
256258955
256259135
256259402
256259517
256259590
256259683
256259793
256259806
256260114
256260155
256260174
256260392
256260499
256260560
256260615
256260632
256260640
256260792
256261187
256261191
256261196
256261237
256261274
256261339
256261506
256261520
256261891
256261929
256262086
256262196
256262440
256262540
256262593
256262617
256262673
256262726
256262749
256262820
256263028
256263150
256263179
256263193
256263208
256263264
256263333
256263394
256263497
256263498
256263559
256263666
256263879
256264281
256264644
256264827
256264871
256264986
256265084
256265196
256265416
256265575
256265648
256265760
256265766
256265772
256265814
256265857
256265918
256265934
256265960
256266132
256266176
256266220
256266339
256266340
256266393
256266478
256266526
256266734
256266839
256267109
256267156
256267287
256267325
256267340
256267436
256267482
256267524
256267723
256267754
256267824
256267879
256267884
256268214
256268228
256268502
256268556
256268773
256268788
256268938
256268964
256268999
256269220
256269247
256269437
256269528
256269559
256269601
256269866
256269891
256270016
256270187
256270228
256270237
256270303
256270311
256270554
256271513
256271777
256271965
256272022
256272067
256272070
256272084
256272096
256272264
256272287
256272368
256272404
256272481
256272503
256272606
256272617
256272707
256272737
256272751
256272769
256272892
256272953
256272985
256273015
256273090
256273116
256273134
256273236
256273241
256273347
256273384
256273399
256273438
256273568
256273599
256273611
256273678
256273685
256273735
256273741
256273778
256273863
256273930
256273990
256274052
256274091
256274134
256274212
256274217
256274237
256274343
256274382
256274527
256274539
256274595
256274705
256274836
256274911
256275157
256275193
256275247
256275270
256275313
256275365
256275408
256275430
256275448
256275463
256275509
256275532
256275683
256275741
256275757
256275817
256275900
256275958
256276031
256276063
256276089
256276259
256276266
256276513
256276517
256276568
256276742
256276812
256276866
256276868
256277041
256277082
256277249
256277343
256277530
256277557
256277572
256277640
256277641
256277645
256277805
256277814
256277896
256278048
256278050
256278073
256278092
256278115
256278137
256278217
256278290
256278293
256278458
256278517
256278663
256278696
256278727
256278785
256279120
256279156
256279353
256279437
256279505
256279659
256279742
256279849
256279879
256279900
256280383
256280404
256280476
256280534
256280826
256280953
256281334
256281466
256281762
256281818
256281966
256282018
256282256
256282375
256282392
256282584
256282603
256282689
256282850
256282900
256282937
256283037
256283055
256283073
256283160
256283176
256283189
256283336
256283407
256283474
256283477
256283562
256283563
256283692
256283697
256283738
256283750
256283822
256284132
256284133
256284270
256284338
256284595
256285255
256285379
256285400
256285475
256285485
256285557
256285707
256285843
256285855
256285908
256285915
256286058
256286065
256287581
256287856
256288288
256288677
256288738
256288810
256289420
256289447
256289459
256289468
256289732
256289839
256289874
256290013
256290075
256290185
256290412
256290443
256290651
256290834
256290889
256290943
256290970
256291039
256291064
256291167
256291275
256291307
256291398
256291401
256291567
256291654
256291801
256291877
256291989
256292001
256292023
256292053
256292054
256292061
256292063
256292106
256292138
256292151
256292161
256292286
256292420
256292459
256292641
256292698
256292726
256292739
256292830
256292981
256293020
256293057
256293181
256293195
256293224
256293246
256293262
256293298
256293364
256293396
256293468
256293539
256293589
256293826
256293866
256293961
256293975
256294039
256294321
256294378
256294468
256294589
256294641
256294643
256294650
256294668
256294697
256294809
256294835
256294889
256294926
256294935
256295100
256295144
256295176
256295195
256295428
256295462
256295535
256295536
256295717
256295723
256295780
256295795
256295807
256295822
256295858
256295869
256295927
256295994
256296025
256296098
256296136
256296294
256296430
256296488
256296522
256296801
256296884
256297117
256297224
256297268
256297327
256297367
256297402
256297443
256297852
256298209
256298417
256299204
256299212
256299226
256299460
256299667
256299691
256299760
256299805
256299858
256299986
256300155
256300157
256300337
256300415
256300507
256300569
256300586
256300604
256300847
256300864
256300955
256300996
256301067
256301182
256301567
256301753
256301849
256301857
256301880
256301967
256302203
256302225
256302228
256302249
256302343
256302469
256302856
256303000
256303068
256303106
256303192
256303195
256303311
256303355
256303492
256303514
256303753
256304019
256304036
256304038
256304109
256304428
256304723
256304799
256304890
256305069
256305116
256305255
256305256
256305293
256305352
256305506
256305522
256305590
256305722
256305728
256305783
256305889
256305941
256306060
256306312
256306464
256306469
256306491
256306509
256306521
256306621
256306719
256306726
256306773
256306788
256306789
256306886
256307006
256307028
256307070
256307116
256307182
256307183
256307185
256307375
256307423
256307463
256307586
256307626
256307628
256307771
256307796
256307800
256307965
256307981
256307983
256308069
256308092
256308115
256308298
256308319
256308430
256308517
256308615
256308681
256308698
256308712
256308847
256308895
256308980
256309035
256309114
256309224
256309248
256309319
256309371
256309562
256309621
256309809
256309846
256309867
256309951
256310055
256310093
256310125
256310129
256310160
256310245
256310286
256310336
256310411
256310412
256310414
256310421
256310550
256310582
256310679
256310789
256310985
256311386
256311481
256311664
256311707
256311718
256311800
256311811
256311828
256311908
256311983
256312004
256312044
256312269
256312373
256312413
256312589
256312735
256312820
256312905
256313045
256313153
256313204
256313311
256313399
256313435
256313526
256313569
256313711
256313769
256313856
256313953
256313997
256314135
256314478
256314652
256314665
256314686
256314973
256315010
256315178
256315234
256315470
256315702
256315754
256315937
256315981
256315984
256316416
256316449
256316457
256316481
256316592
256316662
256316721
256316796
256316805
256316897
256316905
256316971
256317266
256317312
256317326
256317543
256317721
256317895
256317917
256317949
256317961
256318010
256318042
256318144
256318219
256318333
256318352
256318641
256318676
256318807
256318839
256318937
256319046
256319107
256319184
256319217
256319275
256319350
256319478
256319485
256319501
256319537
256319639
256319652
256319736
256320008
256320017
256320059
256320077
256320088
256320115
256320164
256320196
256320307
256320634
256320678
256320747
256320860
256321148
256321404
256321668
256321739
256322076
256322080
256322090
256322172
256322397
256322402
256322472
256322560
256322929
256322930
256323150
256323243
256323355
256323368
256323409
256323452
256323512
256323729
256323919
256324163
256324641
256324724
256324765
256324969
256325329
256325518
256325533
256325619
256325700
256325915
256325968
256325986
256326080
256326129
256326195
256326654
256326869
256326991
256327002
256327267
256327287
256327296
256327398
256327530
256327572
256327643
256327730
256327839
256327842
256327844
256328000
256328085
256328109
256328498
256328543
256328786
256328788
256328800
256328926
256329134
256329196
256329377
256329638
256329740
256329763
256329823
256329990
256330024
256330073
256330091
256330203
256330228
256330366
256330411
256330657
256330659
256330790
256330825
256330865
256330987
256331022
256331419
256331487
256331524
256331564
256331735
256331836
256332215
256332458
256332471
256332606
256332666
256332740
256332886
256332899
256332929
256333122
256333281
256333299
256333441
256333592
256333691
256333893
256334020
256334044
256334244
256334335
256334475
256334635
256334849
256334977
256335359
256335412
256335509
256335522
256335825
256335969
256336153
256336210
256336367
256336415
256336452
256336494
256336534
256336623
256336672
256336678
256336730
256336953
256337032
256337107
256337134
256337355
256337516
256337535
256337815
256338057
256338304
256338561
256338652
256338706
256338711
256338810
256338834
256338873
256338882
256339266
256339285
256339349
256339466
256339508
256339554
256339605
256339607
256339676
256339757
256339942
256339983
256340060
256340067
256340807
256341056
256341179
256341198
256341312
256341393
256341599
256341662
256341834
256341862
256341921
256342022
256342172
256342389
256342724
256342841
256342967
256343212
256343389
256343414
256343419
256343424
256343550
256343564
256343713
256343906
256344048
256344158
256344168
256344214
256344424
256344670
256344678
256345063
256345125
256345166
256345239
256345262
256345293
256345395
256345422
256345459
256345482
256345690
256345736
256345974
256346036
256346170
256346207
256346261
256346308
256346401
256346545
256346622
256346799
256346981
256347005
256347038
256347106
256347151
256347230
256347367
256347423
256347478
256347557
256347688
256347745
256347776
256347840
256347976
256348149
256348227
256348238
256348728
256348855
256348893
256348954
256349104
256349343
256349350
256349352
256349408
256349488
256349646
256349760
256349784
256349850
256349920
256350168
256350226
256350266
256350276
256350303
256350376
256350556
256350640
256351051
256351142
256351176
256351236
256351249
256351262
256351279
256351310
256351414
256351464
256351467
256351600
256351602
256351788
256351987
256352153
256352163
256352414
256352445
256352867
256352990
256353120
256353135
256353171
256353244
256353352
256353393
256353523
256353565
256353600
256353649
256353681
256353874
256353893
256353918
256354002
256354043
256354486
256354506
256354727
256354779
256354831
256354970
256355152
256355166
256355718
256355738
256355774
256355807
256355865
256355891
256355892
256355979
256356246
256356295
256356429
256356502
256356523
256356592
256356786
256356821
256356925
256357060
256357248
256357300
256357304
256357673
256357788
256357795
256357885
256357888
256358000
256358013
256358204
256358678
256359016
256359297
256359314
256359442
256359457
256359461
256359507
256359522
256359600
256359636
256359773
256359795
256359812
256359923
256360041
256360114
256360211
256360309
256360351
256360504
256360721
256360814
256360940
256360947
256361067
256361163
256361306
256361332
256361340
256361408
256362006
256362035
256362054
256362059
256362096
256362149
256362162
256362361
256362536
256362644
256362752
256362800
256362914
256363090
256363194
256363286
256363315
256363377
256363415
256363485
256363604
256363709
256363715
256363722
256363902
256364018
256364029
256364270
256364287
256364292
256364519
256364587
256364695
256364720
256364937
256364953
256365055
256365080
256365361
256365362
256365475
256365646
256365798
256365821
256365858
256365890
256365974
256366031
256366113
256366167
256366183
256366241
256366272
256366284
256366433
256366455
256366547
256366708
256366877
256366948
256367036
256367166
256367195
256367277
256367385
256367386
256367507
256367773
256367860
256367945
256368483
256368627
256368660
256368663
256368674
256368710
256368823
256369088
256369121
256369181
256369354
256369574
256369587
256369806
256369867
256370002
256370159
256370272
256370277
256370378
256370663
256370729
256370803
256370813
256370872
256371007
256371178
256371219
256371237
256371268
256371344
256371398
256371433
256371461
256371465
256371588
256371718
256371736
256371816
256371859
256371960
256372013
256372073
256372152
256372185
256372235
256372351
256372428
256372499
256372546
256372667
256372880
256372886
256372901
256373063
256373327
256373434
256373509
256373711
256373765
256373909
256374116
256374168
256374185
256374283
256374475
256374656
256374657
256374715
256374747
256374780
256374830
256374951
256375317
256375328
256375456
256375789
256375915
256375934
256376203
256376307
256376313
256376322
256376323
256376495
256376582
256376753
256376768
256376829
256377009
256377339
256377341
256377741
256377909
256377992
256378011
256378013
256378076
256378142
256378355
256378477
256378706
256378945
256379026
256379211
256379257
256379311
256379336
256379395
256379439
256379447
256379837
256379896
256379992
256380074
256380242
256380298
256380346
256380424
256380505
256380817
256380968
256381135
256381282
256381365
256381385
256381476
256381812
256381818
256382043
256382186
256382442
256382461
256382511
256382650
256382685
256382768
256382890
256383002
256656651
256657003
256657723
256657776
256658094
256658285
256658334
256658407
256658489
256658556
256658583
256658621
256658647
256658736
256658752
256658769
256658818
256658839
256658862
256658873
256658958
256658960
256658967
256658968
256658993
256658996
256659010
256659079
256659131
256659144
256659205
256659334
256659496
256659520
256660142
256660161
256660177
256660291
256660378
256660626
256660774
256660925
256661071
256661072
256661076
256661089
256661169
256661199
256661502
256661674
256661694
256661923
256661998
256662060
256662106
256662211
256662243
256662250
256662255
256662324
256662399
256662440
256662477
256662548
256662614
256662626
256662631
256662633
256662644
256662707
256663070
256663089
256663256
256663343
256663363
256663430
256663459
256663524
256664133
256664228
256664288
256664790
256664926
256665055
256665533
256665668
256665970
256666230
256666264
256666303
256666365
256666569
256667059
256667168
256667384
256667401
256667432
256667773
256667931
256668228
256668870
256669338
256669435
256669666
256669714
256669725
256669869
256670046
256670311
256670428
256670481
256670603
256670642
256670713
256670758
256670775
256670802
256670804
256670805
256670915
256671489
256671534
256671562
256672039
256672197
256672499
256672590
256672719
256672984
256673273
256673318
256673331
256673347
256673786
256673930
256674108
256674276
256674282
256674344
256674378
256674436
256674480
256674629
256674648
256674664
256674699
256674726
256674917
256674977
256675023
256675086
256675095
256675105
256675115
256675144
256675196
256675213
256675309
256675359
256675405
256675738
256675782
256675867
256675976
256676111
256676360
256676361
256676475
256676633
256676683
256676731
256677198
256677249
256677250
256677256
256677257
256677300
256677305
256677484
256677499
256677614
256677641
256677719
256677765
256677803
256677817
256677862
256677865
256677887
256677936
256677976
256677986
256678002
256678014
256678024
256678074
256678101
256678114
256678131
256678275
256678368
256678435
256678547
256678673
256678853
256678889
256678992
256679212
256679384
256679449
256679546
256679564
256679871
256679892
256384066
256384524
256384536
256384596
256384653
256384705
256384727
256384756
256384772
256384907
256384977
256385030
256385041
256385210
256385295
256385325
256385436
256385437
256385480
256385591
256385640
256385719
256385881
256385884
256385897
256385956
256386012
256386106
256386121
256386215
256386300
256386409
256386484
256386492
256386495
256386513
256386548
256386560
256386606
256386607
256386645
256386683
256386751
256386756
256386766
256386884
256386922
256386943
256386995
256387009
256387174
256387175
256387330
256387358
256387417
256387579
256387592
256387619
256387633
256387725
256387770
256387816
256387823
256387851
256387852
256387857
256387982
256387986
256387997
256388028
256388048
256388060
256388069
256388375
256388389
256388476
256388484
256388667
256388715
256388967
256389035
256389061
256389076
256389215
256389226
256389349
256389417
256389484
256389493
256389583
256389607
256389756
256389858
256389901
256389911
256389954
256390107
256390119
256390139
256390203
256390239
256390295
256390315
256390346
256390360
256390379
256390393
256390397
256390410
256390417
256390447
256390526
256390580
256390623
256390708
256390771
256390807
256390865
256390925
256390982
256391222
256391471
256391478
256391537
256391549
256391818
256391853
256391912
256391915
256392243
256392260
256392416
256392470
256392505
256392739
256392759
256393060
256393229
256393294
256393397
256393496
256393513
256393809
256393821
256393940
256393958
256394038
256394194
256394432
256394465
256394707
256394733
256394789
256394798
256394835
256394841
256394852
256394855
256394901
256394905
256395081
256395190
256395258
256395326
256395541
256395567
256395580
256395634
256395816
256396010
256396239
256396572
256396992
256396999
256397012
256397252
256397300
256397309
256397396
256397686
256397739
256397832
256398458
256399273
256399427
256399565
256399627
256399696
256399727
256399829
256399937
256399994
256400299
256400438
256400536
256400542
256400735
256400871
256400886
256401056
256401111
256401169
256401182
256401280
256401405
256401509
256401588
256401624
256401731
256401996
256402247
256402249
256402285
256402340
256402384
256402415
256402418
256402419
256402441
256402540
256402651
256402667
256402671
256402675
256402722
256402728
256402734
256402770
256403119
256403201
256403264
256403300
256403310
256403339
256403351
256403396
256403474
256403480
256403589
256403614
256403618
256403633
256403682
256403759
256403835
256403875
256403942
256403985
256404034
256404102
256404247
256404249
256404323
256404433
256404441
256404476
256404492
256404531
256404642
256404684
256404701
256404844
256404860
256404865
256404956
256405023
256405081
256405188
256405374
256405422
256405491
256405529
256405634
256405676
256405696
256405734
256405885
256405914
256405951
256406006
256406120
256406160
256406288
256406289
256406326
256406356
256406368
256406431
256406434
256406511
256406519
256406604
256406657
256406758
256406789
256406796
256406815
256407007
256407015
256407048
256407145
256407251
256407277
256407373
256407380
256407505
256407554
256407655
256407715
256407758
256407779
256407862
256407896
256407930
256408028
256408305
256408532
256408629
256408640
256408741
256408776
256408877
256408895
256408912
256408938
256409022
256409205
256409401
256409446
256409702
256409761
256410031
256410068
256410093
256410124
256630385
256630433
256630501
256630683
256630732
256630747
256630988
256631158
256631276
256631456
256631765
256631937
256632122
256632240
256632341
256632403
256632510
256632671
256632679
256632707
256632742
256632806
256632834
256632883
256632916
256633103
256633309
256633370
256633517
256633720
256633752
256633873
256634008
256634100
256634496
256634650
256634660
256634744
256634793
256634896
256635196
256635241
256635372
256635411
256635540
256635618
256635702
256635789
256635815
256635959
256636063
256636400
256637041
256637140
256637351
256637418
256637446
256637516
256637565
256637687
256637781
256638489
256638629
256638641
256638777
256639415
256639540
256639541
256639542
256639686
256639707
256639740
256639776
256639804
256639883
256639974
256640121
256640159
256640167
256640209
256640210
256640555
256640800
256641154
256641156
256641159
256641382
256641455
256641576
256641622
256641754
256641798
256641931
256641960
256642014
256642094
256642195
256642310
256642367
256642419
256642520
256642608
256642901
256642952
256643001
256643029
256643154
256643274
256643357
256643364
256643717
256643757
256643764
256643799
256643842
256643971
256644090
256644238
256644314
256644535
256644706
256644708
256644711
256644907
256644944
256645257
256645321
256645491
256645524
256645910
256646069
256646218
256646406
256646425
256646464
256646467
256646543
256646760
256646830
256647042
256647065
256647253
256647295
256647350
256647356
256647409
256647438
256647566
256647596
256647653
256647663
256647739
256647939
256648211
256648298
256648384
256648403
256648877
256648987
256649044
256649068
256649331
256649453
256649535
256649606
256649680
256649757
256649784
256649944
256649958
256649992
256650038
256650259
256650377
256650535
256650665
256650910
256650916
256651058
256651081
256651143
256651325
256651403
256651565
256651614
256651768
256651839
256651913
256651958
256652033
256652305
256652351
256652359
256652461
256652614
256652637
256652756
256652939
256653011
256653086
256653247
256653375
256653599
256653613
256653664
256653942
256653961
256653987
256654028
256654160
256654368
256654421
256654532
256654627
256654673
256654808
256654976
256655060
256655137
256655201
256655203
256655241
256655274
256655482
256410841
256410952
256411064
256411153
256411158
256411344
256411396
256411541
256411597
256411881
256411902
256411982
256412014
256412027
256412036
256412040
256412114
256412139
256412228
256412348
256412522
256412583
256412766
256412956
256413139
256413455
256413527
256413594
256413609
256413769
256413817
256414009
256414023
256414157
256414196
256414286
256414340
256414433
256414450
256414486
256414650
256414655
256414717
256414736
256414815
256414991
256415405
256415434
256415704
256415885
256416092
256416231
256416305
256416313
256416319
256416468
256416490
256416515
256416587
256416635
256416672
256416697
256416749
256416805
256416974
256417101
256417176
256417184
256417213
256417294
256417427
256417633
256417748
256417784
256417915
256417938
256418146
256418155
256418193
256418249
256418328
256418347
256418402
256418458
256418509
256418613
256418837
256419206
256419293
256419320
256419348
256419497
256419498
256419541
256419639
256419650
256419926
256420170
256420298
256420397
256420432
256420438
256420512
256420561
256420675
256420753
256420804
256420963
256421113
256421413
256421429
256421469
256421618
256421644
256421786
256421789
256422127
256422128
256422162
256422267
256422520
256422634
256422707
256422756
256422810
256422840
256422947
256422972
256423199
256423474
256423478
256423660
256424011
256424055
256424107
256424522
256424584
256424641
256424713
256424747
256425175
256425236
256425400
256425468
256425494
256425741
256425863
256425872
256426088
256426231
256426319
256426320
256426770
256427122
256427290
256427477
256427813
256427881
256427958
256428030
256428055
256428196
256428222
256428446
256428618
256428757
256428790
256428805
256429018
256429066
256429107
256429125
256429156
256429266
256429524
256430073
256430371
256430438
256430528
256430529
256430546
256430636
256430643
256430900
256430959
256430974
256431121
256431248
256431553
256431692
256431793
256431866
256431933
256432018
256432100
256432438
256432453
256432494
256432797
256433012
256433047
256433185
256433296
256433328
256433394
256433463
256433612
256433651
256433820
256433869
256433923
256433990
256434218
256434296
256434377
256435086
256435356
256435478
256435499
256435699
256435958
256436006
256436441
256682506
256682613
256682631
256682645
256682724
256682782
256682891
256682915
256682953
256683060
256683150
256683169
256683207
256683261
256683277
256683351
256683395
256683408
256683477
256683504
256683531
256683623
256683709
256683747
256683871
256683962
256683980
256684012
256684016
256684100
256684144
256684258
256684269
256684309
256684370
256684424
256684426
256684600
256684618
256684663
256684784
256684831
256685031
256685061
256685088
256685179
256685211
256685218
256685238
256685289
256685303
256685403
256685416
256685430
256685563
256685724
256685955
256686014
256686043
256686047
256686126
256686395
256686470
256686618
256686662
256686758
256686760
256686881
256686953
256687043
256687048
256687068
256687134
256687168
256687194
256687215
256687236
256687324
256687371
256687400
256687429
256687447
256687505
256687539
256687542
256687619
256687736
256687790
256687820
256687831
256687848
256687968
256687985
256687996
256688041
256688060
256688102
256688179
256688180
256688400
256688469
256688501
256688645
256688860
256689204
256689265
256689353
256689357
256689606
256689687
256689699
256689758
256689942
256690081
256690136
256690272
256690665
256690729
256690818
256690831
256690906
256691078
256691383
256691458
256691498
256691507
256691534
256691640
256691641
256691668
256691761
256691773
256691894
256692050
256692127
256692239
256692301
256692427
256692694
256692786
256692794
256692827
256692842
256692993
256693348
256693435
256693591
256693614
256693631
256693641
256693684
256693743
256693770
256693947
256694059
256694071
256694384
256694390
256694401
256694565
256694586
256694588
256694688
256694782
256694808
256694999
256695032
256695128
256695355
256695424
256695454
256695510
256695793
256695826
256695837
256695942
256696016
256696131
256696144
256696145
256696168
256696372
256696616
256696771
256696874
256696895
256697034
256697270
256697377
256697512
256697532
256697542
256697550
256697588
256697744
256697789
256697848
256698015
256698043
256698075
256698136
256698144
256698182
256698240
256698241
256698247
256698270
256698290
256698442
256698492
256698520
256698526
256698540
256698788
256698796
256698858
256698898
256698963
256698967
256698974
256698985
256699080
256699113
256699192
256699287
256699323
256699373
256699378
256699463
256699604
256699654
256699658
256699921
256699947
256699989
256700001
256700121
256700199
256700264
256700305
256700318
256700356
256700418
256700656
256700758
256700858
256700862
256701004
256701022
256701038
256701082
256701139
256701189
256701216
256701219
256701228
256701270
256701277
256701301
256701314
256701372
256701373
256701391
256701458
256701517
256701565
256701573
256701692
256701733
256701854
256701919
256701939
256701971
256701986
256702021
256702038
256702045
256702061
256702102
256702103
256702202
256702233
256702255
256702312
256702324
256702357
256702415
256702438
256702508
256702525
256702571
256702649
256702650
256702662
256702719
256702740
256702822
256703028
256703100
256703130
256703219
256703396
256703422
256703470
256703489
256703649
256703858
256703860
256436517
256436540
256436591
256436669
256436681
256436692
256436710
256436909
256437222
256437225
256437320
256437378
256437389
256437432
256437451
256437695
256437798
256437867
256437954
256438460
256438569
256438690
256438777
256439224
256439304
256439307
256439311
256439351
256439400
256439401
256439486
256439510
256439702
256439795
256439810
256439833
256439863
256439891
256439911
256439991
256440022
256440096
256440339
256440377
256440378
256440803
256440831
256441144
256441190
256441199
256441233
256441239
256441385
256441402
256441404
256441428
256441524
256441591
256441605
256441651
256441699
256441706
256441752
256441780
256441821
256441976
256442157
256442172
256442187
256442229
256442240
256442248
256442270
256442300
256442321
256442344
256442417
256442427
256442564
256442585
256442630
256442696
256442708
256442846
256443233
256443323
256443342
256443532
256443542
256443555
256443562
256443730
256443742
256443810
256443828
256443884
256444039
256444157
256444193
256444334
256444360
256444389
256444533
256445016
256445072
256445129
256445163
256445313
256445332
256445339
256445545
256445549
256445725
256445804
256445807
256445854
256445939
256446043
256446048
256446133
256446160
256446162
256446174
256446230
256446278
256446293
256446374
256446703
256446712
256446713
256446914
256446980
256447022
256447128
256447140
256447432
256447590
256447693
256447708
256447845
256447988
256448129
256448157
256448258
256448346
256448378
256448390
256448691
256448932
256449154
256449303
256449480
256449491
256449519
256449534
256449721
256449908
256449913
256449928
256449970
256450022
256450076
256450155
256450200
256450203
256450253
256450327
256450349
256450587
256450672
256450684
256450718
256450768
256450793
256450924
256450953
256450966
256450985
256451031
256451065
256451152
256451165
256451254
256451308
256451561
256451594
256451708
256451752
256451785
256451905
256451997
256452002
256452039
256452140
256452352
256452467
256452651
256452763
256452893
256453210
256453223
256453264
256453410
256453411
256453489
256453565
256453579
256453617
256453641
256453703
256453862
256453916
256454167
256454453
256454478
256454594
256454599
256454669
256454710
256454728
256454755
256454922
256455028
256455068
256455072
256455142
256455198
256455264
256455265
256455285
256455341
256455416
256455432
256455482
256455501
256455582
256455658
256455678
256456178
256456235
256456379
256456546
256456593
256456651
256456701
256456746
256456805
256456989
256457058
256457239
256457368
256457408
256457409
256457459
256457488
256457567
256457609
256457641
256457702
256457852
256457888
256458248
256458488
256458511
256458564
256458567
256458596
256458635
256458685
256458693
256458711
256458831
256458851
256458923
256458992
256459310
256459350
256459400
256459742
256459889
256460070
256460086
256460091
256460111
256460173
256460273
256460322
256460380
256460447
256460457
256460564
256460854
256460983
256460989
256461110
256461128
256461137
256461243
256461315
256461346
256461400
256461500
256461501
256461529
256461634
256461706
256461807
256461834
256461844
256461913
256461949
256462007
256462010
256462035
256462115
256462131
256462187
256462277
256462564
256462580
256462698
256462753
256462754
256462951
256462987
256463230
256463377
256604898
256604907
256604956
256604988
256605109
256605190
256605360
256605508
256605585
256605672
256605718
256606101
256606453
256606520
256607198
256607211
256607335
256607412
256607638
256607658
256607711
256607731
256607738
256608163
256608307
256608314
256608382
256608439
256608504
256608512
256608815
256608911
256608965
256609025
256609130
256609303
256609545
256609589
256609802
256609904
256609957
256610433
256610485
256610526
256610537
256610875
256610936
256611126
256611144
256611399
256611823
256611926
256612062
256612293
256612352
256612358
256612369
256612379
256612572
256612709
256612971
256613046
256613161
256613180
256613231
256613289
256613422
256613502
256613601
256613617
256613628
256613634
256613674
256613707
256613779
256614168
256614221
256614232
256614415
256614434
256614587
256614598
256614676
256614681
256614859
256614896
256615100
256615115
256615224
256615355
256615385
256615430
256615545
256615549
256616036
256616183
256616272
256616346
256616455
256616485
256616521
256616554
256616577
256616599
256616604
256616827
256617092
256617224
256617326
256617336
256617441
256617462
256617526
256617538
256617685
256617727
256617761
256617844
256617903
256617930
256617933
256617970
256618020
256618306
256618404
256618463
256618576
256618644
256618811
256619037
256619039
256619162
256619558
256619692
256619819
256619820
256619906
256620203
256620364
256620387
256620513
256620564
256621608
256621753
256621815
256621851
256621912
256622078
256622107
256622220
256622261
256622335
256622354
256622515
256622597
256622662
256622760
256622784
256622835
256623872
256624063
256624078
256624153
256624317
256624343
256624385
256624510
256624753
256624788
256624877
256625071
256625185
256625186
256625216
256625292
256625490
256625656
256625736
256625751
256625832
256625833
256625870
256625903
256625925
256626038
256626055
256626119
256626320
256626342
256626530
256626532
256626736
256626751
256626758
256627068
256627282
256627310
256627785
256627811
256627894
256628426
256628480
256628487
256628623
256628895
256629040
256629100
256629270
256629302
256629420
256629601
256629668
256629674
256629732
256629972
256630087
256630165
256630171
256630209
256463928
256463933
256463947
256463953
256464048
256464272
256464378
256464446
256464555
256464578
256464583
256464687
256464782
256464836
256464891
256465399
256465453
256465467
256465537
256465633
256465686
256465736
256465799
256465949
256466190
256466231
256466357
256466371
256466425
256466484
256466499
256466565
256466567
256466674
256466720
256466781
256466791
256466813
256466820
256466846
256466849
256466971
256466984
256467023
256467096
256467201
256467272
256467306
256467355
256467407
256467463
256467525
256467557
256467594
256467609
256467613
256467659
256467692
256467776
256467787
256467800
256468018
256468096
256468196
256468212
256468386
256468543
256468555
256468595
256468728
256468820
256468953
256469005
256469058
256469067
256469074
256469113
256469270
256469416
256469450
256469525
256469574
256469578
256469605
256469748
256470065
256470086
256470097
256470179
256470306
256470348
256470386
256470474
256470637
256470704
256470709
256470863
256470864
256470997
256471031
256471083
256471294
256471302
256471395
256471415
256471499
256471604
256471676
256471858
256471862
256471879
256471936
256472015
256472018
256472103
256472119
256472244
256472331
256472368
256472458
256472462
256472471
256472540
256472806
256472894
256472905
256472907
256473131
256473134
256473135
256473177
256473195
256473227
256473241
256473262
256473350
256473406
256473603
256473979
256474066
256474084
256474109
256474168
256474179
256474225
256474241
256474259
256474419
256474575
256474686
256474726
256474855
256474945
256475157
256475190
256475395
256475537
256475794
256475929
256476112
256476166
256476276
256476285
256476379
256476521
256476741
256476819
256476856
256477022
256477056
256477192
256477252
256477348
256477405
256477426
256477638
256477664
256477689
256477757
256477903
256478082
256478177
256478213
256478332
256478342
256478361
256478382
256478395
256478424
256478716
256478778
256478784
256478962
256478993
256479056
256479081
256479331
256479373
256479418
256479423
256479515
256479527
256479551
256479625
256479695
256479743
256479807
256479865
256479946
256480083
256480338
256480339
256480363
256480464
256480492
256480501
256480608
256480637
256480658
256480666
256480826
256480899
256480974
256480993
256481081
256481202
256481257
256481359
256481629
256481673
256481833
256481928
256481933
256481939
256482093
256482109
256482181
256482211
256482229
256482230
256482264
256482456
256482465
256482542
256482564
256482627
256482761
256482820
256483027
256483381
256483526
256483801
256483846
256483909
256483953
256484007
256484108
256484119
256484123
256484235
256484256
256484268
256484388
256484427
256484472
256484504
256484587
256484597
256484831
256484961
256485041
256485100
256485102
256485156
256485165
256485171
256485195
256485256
256485473
256485515
256485518
256485546
256485611
256485714
256485773
256485887
256486086
256486109
256486208
256486262
256486480
256486795
256486920
256487003
256487019
256487295
256487350
256487454
256487489
256487528
256487627
256487631
256487803
256487817
256488149
256488172
256488261
256488315
256488334
256488408
256488430
256488674
256488784
256488799
256488811
256488865
256488872
256488931
256488989
256489029
256489061
256489115
256489238
256489280
256489322
256489367
256489492
256489500
256489548
256489681
256489718
256489789
256489824
256489979
256490063
256490182
256490214
256490241
256490264
256490358
256490422
256490444
256490486
256490597
256490785
256490984
256491082
256491108
256491154
256491280
256491318
256491394
256547822
256548137
256548266
256548473
256548485
256548520
256548531
256548624
256548681
256548702
256548709
256548752
256548822
256548905
256548949
256549129
256549136
256549299
256549329
256549336
256549532
256549549
256549583
256549646
256549719
256549733
256549741
256549912
256550082
256550170
256550184
256550256
256550307
256550337
256550389
256550402
256550412
256550417
256550430
256550446
256550460
256550545
256550553
256550594
256550622
256550684
256550742
256550775
256550856
256550867
256550881
256550962
256551177
256551189
256551228
256551229
256551248
256551329
256551594
256551600
256551604
256551713
256551784
256551790
256551843
256551885
256551993
256552066
256552342
256552380
256552455
256552582
256552810
256552854
256552883
256552913
256553076
256553271
256553342
256553361
256553485
256553667
256553677
256553867
256553879
256553887
256553924
256553961
256554025
256554123
256554153
256554165
256554178
256554221
256554271
256554278
256554279
256554288
256554299
256554319
256554333
256554338
256554416
256554467
256554477
256554532
256554578
256554720
256554889
256554897
256554929
256554949
256555009
256555058
256555232
256555266
256555275
256555640
256555754
256555937
256556061
256556073
256556107
256556178
256556318
256556319
256556515
256556532
256556590
256556750
256556858
256556969
256557168
256557300
256557359
256557383
256557574
256557732
256557943
256558043
256558045
256558103
256558366
256558395
256558399
256558450
256558465
256558837
256558903
256558959
256558973
256559059
256559067
256559091
256559164
256559188
256559199
256559212
256559242
256559243
256559325
256559401
256559403
256559600
256559646
256559677
256559782
256559927
256560262
256560350
256560678
256561059
256561073
256561192
256561297
256561575
256561813
256562001
256562196
256562259
256562402
256562463
256563101
256563908
256564025
256564035
256564183
256564353
256564396
256564822
256564825
256564895
256565084
256565305
256565313
256565435
256565518
256565557
256565599
256565604
256565646
256565901
256566011
256566179
256566247
256566248
256566415
256566431
256566437
256566511
256566571
256566580
256566661
256566740
256566778
256566984
256567109
256567162
256567177
256567221
256567232
256567263
256567318
256567333
256567350
256567397
256567452
256567564
256567586
256567601
256567614
256567644
256567666
256567683
256567722
256567735
256567745
256567753
256567764
256568001
256568115
256568140
256568148
256568169
256568213
256568222
256568332
256568375
256568396
256568462
256568502
256568541
256568595
256568695
256568735
256568852
256568881
256568971
256568977
256568999
256569064
256569087
256569105
256569174
256569216
256569281
256569330
256569567
256569720
256569732
256569831
256569834
256569851
256569885
256570030
256570033
256570038
256570087
256570147
256570263
256570345
256570393
256570410
256570436
256570438
256570454
256570668
256570792
256570843
256570850
256570929
256570939
256570953
256570965
256571065
256571097
256571098
256571122
256571201
256571256
256571304
256571339
256571344
256571481
256571520
256571609
256571684
256571727
256571876
256571943
256572056
256572057
256572071
256572149
256572223
256572279
256572293
256572296
256572318
256572353
256572409
256572492
256572513
256572534
256572762
256572835
256573130
256573280
256573284
256573660
256573689
256573814
256573923
256574039
256574334
256574417
256574571
256574967
256575015
256575038
256705503
256705732
256705738
256705769
256705783
256705814
256705856
256705983
256706001
256706015
256706092
256706196
256706199
256706222
256706282
256706294
256706466
256706573
256706595
256706619
256706686
256706764
256706790
256706965
256706997
256706998
256707146
256707168
256707183
256707195
256707241
256707245
256707252
256707254
256707295
256707368
256707387
256707448
256707454
256707529
256707822
256707829
256707886
256707964
256708033
256708059
256708195
256708301
256708399
256708444
256708460
256708473
256708476
256708547
256708581
256708683
256709030
256709167
256709175
256709346
256709385
256709426
256709584
256709829
256709958
256710058
256710066
256710162
256710198
256710334
256710374
256710443
256710462
256710537
256710541
256710614
256710641
256710764
256710784
256710867
256710901
256710930
256710937
256711023
256711032
256711070
256711188
256711405
256711454
256711500
256711532
256711557
256711616
256711683
256711780
256711833
256711925
256711998
256712214
256712215
256712218
256712309
256712424
256712456
256712623
256712726
256712943
256712952
256712977
256713018
256713021
256713840
256713855
256714127
256714362
256714447
256714453
256714459
256714486
256714524
256714943
256715041
256715150
256715166
256715168
256715195
256715214
256715272
256715293
256715424
256715436
256715487
256715757
256715767
256715947
256716270
256716461
256716496
256716507
256716712
256716722
256717055
256717335
256717440
256717476
256717612
256717702
256717765
256717806
256717816
256717934
256717998
256718163
256718358
256718368
256718447
256718496
256718517
256718590
256718609
256718728
256718729
256718736
256718931
256718938
256719084
256719115
256719155
256719177
256719192
256719282
256719317
256719323
256719404
256719418
256719458
256719567
256719630
256719632
256719693
256719843
256719892
256719911
256719914
256720036
256720103
256720128
256720298
256720345
256720491
256720501
256720550
256720628
256720705
256720750
256720899
256720959
256720984
256721004
256721203
256721204
256721210
256721284
256721335
256721343
256721371
256721392
256721407
256721641
256721742
256721797
256721840
256721841
256721862
256721931
256721950
256722032
256722033
256722054
256722099
256722158
256722198
256722240
256722287
256722337
256722392
256722402
256722455
256722494
256722567
256722602
256722656
256722657
256722680
256722694
256722788
256722806
256722829
256722851
256722867
256722950
256723004
256723018
256723119
256723205
256723411
256723474
256723492
256723496
256723519
256723523
256723606
256723623
256723636
256723664
256723852
256723928
256724018
256724064
256724099
256724106
256724190
256724191
256724212
256724312
256724333
256724584
256724635
256724650
256724678
256724713
256724721
256724789
256724833
256724908
256724970
256724986
256725009
256725031
256725117
256725118
256725223
256725248
256725276
256725278
256725302
256725317
256725433
256725489
256725523
256725526
256725664
256725728
256725751
256725781
256725810
256725814
256725909
256725932
256725946
256726007
256726047
256726082
256726135
256726189
256726205
256726211
256726246
256726354
256726395
256726432
256726503
256726566
256726615
256726638
256726800
256726855
256727097
256727118
256727143
256727179
256727443
256727451
256727563
256727817
256727933
256727946
256727966
256492623
256492653
256492681
256492880
256492890
256492901
256493076
256493088
256493124
256493215
256493217
256493248
256493316
256493362
256493413
256493448
256493504
256493597
256493725
256493742
256494036
256494111
256494118
256494120
256494167
256494224
256494277
256494295
256494299
256494344
256494472
256494482
256494544
256494547
256494719
256494884
256494901
256494933
256494946
256495008
256495034
256495042
256495146
256495190
256495263
256495284
256495371
256495433
256495527
256495632
256495864
256495965
256496058
256496064
256496161
256496164
256496167
256496244
256496250
256496257
256496284
256496450
256496465
256496473
256496637
256496726
256496830
256496926
256496958
256496993
256497019
256497201
256497212
256497363
256497374
256497391
256497521
256497624
256497685
256497776
256497825
256497873
256497992
256498007
256498107
256498320
256498332
256498340
256498403
256498426
256498454
256498547
256498600
256498621
256498652
256498670
256498686
256498701
256498727
256498756
256498808
256498857
256498909
256499016
256499255
256499266
256499312
256499335
256499465
256499577
256499583
256499593
256499646
256499745
256499942
256499961
256499970
256500206
256500264
256500354
256500369
256500404
256500448
256500707
256500789
256500967
256501007
256501108
256501151
256501238
256501813
256501824
256501860
256501877
256501972
256502124
256502182
256502532
256502685
256502892
256503044
256503222
256503279
256503284
256503289
256503309
256503350
256503351
256503368
256503397
256503429
256503451
256503607
256503677
256503750
256503778
256503797
256503951
256503990
256503991
256504219
256504243
256504247
256504299
256504408
256504519
256504749
256504825
256504835
256504848
256505021
256505029
256505030
256505331
256505484
256505638
256505910
256505945
256505970
256505977
256505985
256506430
256506628
256508384
256508443
256508627
256508642
256508737
256509108
256509140
256509471
256509655
256509759
256509810
256509993
256510004
256510100
256510191
256510341
256510438
256510501
256510581
256510648
256510729
256510730
256510780
256510796
256510892
256510941
256510971
256510989
256511021
256511098
256511144
256511210
256511296
256511366
256511367
256511435
256511458
256511463
256511545
256511634
256511716
256511852
256511869
256511885
256511904
256511933
256512001
256512056
256512125
256512144
256512240
256512299
256512304
256512435
256512574
256512599
256512629
256512705
256512734
256512771
256512780
256512790
256512991
256513129
256513171
256513185
256513191
256513265
256513274
256513329
256513385
256513457
256513556
256513632
256513666
256513765
256513767
256513815
256513844
256513855
256513883
256513886
256513956
256514090
256514109
256514177
256514205
256514257
256514365
256514438
256514445
256514474
256514475
256514619
256514642
256514667
256514687
256514692
256514793
256514999
256515107
256515135
256515166
256515189
256515198
256515248
256515318
256515365
256515447
256515469
256515525
256515668
256515695
256515744
256515774
256515858
256515913
256515918
256515984
256516026
256516067
256516085
256516282
256516312
256516331
256516465
256516489
256516497
256516649
256516676
256516781
256516918
256516963
256517159
256517258
256517350
256517691
256517735
256518209
256518272
256518282
256729297
256729383
256729457
256729541
256729758
256729783
256729825
256729892
256729960
256730154
256730196
256730200
256730203
256730229
256730281
256730409
256730433
256730441
256730453
256730575
256730617
256730668
256730730
256730743
256730811
256730831
256731076
256731127
256731164
256731165
256731190
256731250
256731329
256731354
256731363
256731364
256731394
256731396
256731397
256731458
256731472
256731485
256731598
256731616
256731617
256731625
256731642
256731649
256731721
256731740
256731872
256731873
256732040
256732079
256732144
256732230
256732358
256732370
256732377
256732397
256732581
256732594
256732607
256732658
256732723
256732735
256732750
256732777
256732841
256732958
256733018
256733019
256733228
256733272
256733564
256733569
256733602
256733604
256733830
256733885
256734030
256734035
256734082
256734229
256734287
256734344
256734377
256734458
256734474
256734490
256734640
256734643
256734680
256734690
256734707
256734733
256734760
256734851
256735045
256735099
256735123
256735181
256735189
256735266
256735324
256735356
256735379
256735506
256735515
256735550
256735595
256735604
256735605
256735641
256735669
256735692
256735712
256735786
256735804
256735916
256735959
256736250
256736390
256736391
256736549
256736596
256736762
256736800
256736970
256737118
256737123
256737138
256737221
256737422
256737568
256738008
256738219
256738509
256738556
256738567
256738632
256738777
256739165
256739321
256739335
256739342
256739345
256739399
256739414
256739416
256739417
256739511
256739597
256739630
256739657
256739939
256739958
256740015
256740068
256740163
256740170
256740224
256740740
256740786
256740826
256741011
256741018
256741166
256741394
256741727
256741774
256741791
256741839
256741871
256742048
256742100
256742125
256742231
256742369
256742461
256742471
256742487
256742611
256742708
256742712
256742795
256742813
256742820
256742938
256742978
256743028
256743132
256743309
256743364
256743453
256743593
256743600
256743612
256743711
256743818
256743922
256743963
256744047
256744208
256744230
256744287
256744323
256744337
256744353
256744358
256744749
256744774
256744907
256744993
256745083
256745213
256745227
256745247
256745333
256745343
256745663
256745680
256745693
256745792
256745907
256745908
256745968
256746064
256746077
256746114
256746412
256746437
256746453
256746467
256746495
256746567
256746568
256746576
256746587
256746648
256746705
256746757
256746807
256747009
256747038
256747090
256747123
256747140
256747143
256747182
256747243
256747267
256747291
256747292
256747344
256747471
256747492
256747521
256747522
256747634
256747635
256747693
256747695
256747775
256747919
256747926
256748011
256748072
256748126
256748127
256748161
256748275
256748481
256748500
256748517
256748649
256748684
256748718
256748821
256748858
256748895
256748906
256748995
256749028
256749254
256749279
256749345
256749396
256749448
256749457
256749526
256749531
256749600
256749672
256749685
256749756
256749810
256749852
256749853
256749873
256749930
256749945
256749972
256750015
256750086
256750099
256750104
256750142
256750172
256750266
256750299
256750305
256750453
256750462
256750571
256750651
256750653
256750753
256750826
256750832
256750887
256750892
256750898
256750986
256750994
256751010
256751110
256751177
256751272
256751291
256751396
256751435
256751500
256751517
256751660
256752076
256752236
256752377
256752403
256752472
256752488
256576012
256576026
256576134
256576198
256576234
256576318
256576447
256576545
256576559
256576560
256576767
256576864
256576952
256576953
256576980
256576999
256577023
256577030
256577052
256577254
256577378
256577403
256577458
256577751
256577797
256578117
256578164
256578245
256578327
256578352
256578433
256578438
256578470
256578479
256578690
256578718
256578760
256578931
256578938
256579072
256579135
256579139
256579167
256579204
256579213
256579247
256579252
256579466
256579583
256579633
256579647
256579765
256579845
256579863
256579900
256579930
256579996
256579997
256580008
256580254
256580388
256580395
256580629
256580654
256580655
256580674
256580721
256580734
256580851
256580858
256580961
256580972
256581034
256581118
256581248
256581546
256581695
256581761
256581771
256581880
256581882
256581995
256582008
256582205
256582387
256582465
256582486
256582589
256582616
256582651
256582722
256582736
256582854
256582873
256582928
256583229
256583406
256583439
256583516
256583570
256583584
256583717
256583719
256583748
256583840
256583915
256584006
256584050
256584097
256584339
256584566
256584662
256584697
256584737
256584934
256584973
256585231
256585292
256585566
256585580
256585640
256585658
256585676
256585686
256585777
256585955
256586006
256586037
256586105
256586156
256586270
256586392
256586402
256586529
256586600
256586820
256586926
256586981
256587268
256587339
256587341
256587387
256587420
256587422
256587462
256587527
256587601
256587613
256587901
256588197
256588500
256588526
256588535
256588598
256588630
256588682
256588891
256588988
256589062
256589075
256589391
256589489
256589506
256589560
256589593
256589605
256589686
256589724
256589727
256590128
256590165
256590183
256590252
256590377
256590384
256590579
256590584
256590588
256590659
256590799
256590818
256590958
256590987
256591001
256591019
256591093
256591106
256591118
256591153
256591231
256591274
256591364
256591410
256591539
256591619
256591668
256591912
256591918
256591974
256592018
256592019
256592060
256592139
256592169
256592222
256592228
256592335
256592391
256592476
256592488
256592515
256592542
256592852
256593298
256593312
256593466
256593602
256593730
256593779
256593786
256594052
256594124
256594203
256594341
256594348
256594368
256594407
256594734
256594835
256594856
256595044
256595069
256595235
256595238
256595307
256595308
256595375
256595377
256595632
256595635
256595772
256595940
256595945
256596010
256596106
256596141
256596181
256596200
256596429
256596437
256596482
256596527
256596686
256596856
256596911
256596986
256597002
256597026
256597291
256597395
256597459
256597633
256597649
256597737
256597817
256597824
256597831
256597913
256598043
256598085
256598199
256598375
256598393
256598545
256598658
256598719
256599047
256599118
256599150
256599188
256599198
256599285
256599592
256599602
256599613
256599627
256599715
256599784
256599863
256599982
256600125
256600132
256600158
256600213
256600241
256600315
256600320
256600455
256600473
256600479
256600605
256600656
256600817
256600831
256600886
256600970
256601039
256601128
256601140
256601226
256601246
256601332
256601516
256601583
256601791
256601886
256601960
256602042
256602046
256602230
256602495
256602555
256602705
256602821
256602885
256603128
256603166
256603189
256603241
256603264
256603521
256603605
256603653
256603716
256603948
256604049
256604107
256604230
256604245
256604264
256604427
256604542
256604648
256604711
256604754
256519719
256519740
256520008
256520089
256520116
256520237
256520271
256520330
256520337
256520487
256520490
256520526
256520540
256520596
256520644
256520724
256520852
256520853
256520871
256521064
256521110
256521237
256521321
256521357
256521719
256521767
256521948
256521992
256522022
256522111
256522212
256522250
256522255
256522292
256522331
256522333
256522349
256522393
256522394
256522412
256522508
256522541
256522601
256522706
256522755
256522801
256522863
256523051
256523071
256523072
256523142
256523150
256523336
256523451
256523520
256523539
256523649
256523651
256523663
256523678
256523866
256523873
256523875
256523892
256523912
256523981
256524184
256524241
256524368
256524418
256524446
256524546
256524560
256524644
256524877
256524951
256525031
256525037
256525114
256525124
256525309
256525311
256525458
256525494
256525498
256525515
256525519
256525667
256525749
256525768
256525914
256525998
256526090
256526091
256526092
256526104
256526123
256526130
256526154
256526193
256526198
256526199
256526213
256526282
256526362
256526423
256526532
256526593
256526619
256526671
256526797
256526811
256526884
256527043
256527070
256527442
256527451
256527525
256527591
256527755
256527879
256527928
256527967
256528007
256528354
256528367
256528394
256528439
256528669
256528715
256528796
256528960
256529219
256529330
256529599
256529691
256529701
256529704
256529893
256529995
256530260
256530344
256530364
256530447
256530559
256530788
256531001
256531009
256531079
256531088
256531109
256531161
256531190
256531216
256531303
256531312
256531391
256531425
256531480
256531484
256531522
256531671
256531697
256531728
256531964
256532152
256532214
256532247
256532287
256532438
256532448
256532655
256532790
256532796
256532820
256532844
256533149
256533297
256533430
256533764
256533772
256533773
256533974
256534000
256534086
256535377
256535671
256535807
256535829
256536001
256536136
256536163
256536271
256536339
256536540
256536571
256536725
256536835
256537012
256537074
256537304
256537331
256537477
256537479
256537639
256537651
256537669
256537672
256537766
256537782
256537786
256537963
256538207
256538245
256538288
256538754
256538831
256538884
256538899
256538930
256538933
256539052
256539069
256539080
256539109
256539203
256539210
256539291
256539315
256539365
256539368
256539400
256539410
256539439
256539450
256539643
256539644
256539707
256539797
256539853
256539879
256539890
256539911
256539944
256539984
256540170
256540181
256540182
256540183
256540333
256540396
256540477
256540574
256540602
256540715
256540726
256540751
256540783
256540788
256540821
256541003
256541139
256541214
256541319
256541379
256541515
256541542
256541599
256541647
256541662
256541674
256541890
256541902
256541904
256541958
256542005
256542041
256542193
256542223
256542249
256542323
256542370
256542411
256542438
256542439
256542461
256542566
256542652
256542767
256542776
256542788
256542816
256542824
256542916
256543034
256543041
256543070
256543099
256543144
256543151
256543201
256543224
256543251
256543412
256543500
256543536
256543641
256543732
256543737
256543748
256543769
256543770
256543845
256543862
256543944
256543962
256543978
256544253
256544270
256544392
256544404
256544461
256544676
256544711
256544739
256544752
256544912
256545024
256545231
256545289
256545316
256545396
256545738
256545761
256546317
256546374
256779725
256779862
256780087
256780108
256780245
256780348
256780482
256780518
256780847
256780996
256781047
256781190
256781233
256781248
256781346
256781440
256781692
256781834
256781906
256782298
256782339
256782355
256782443
256782559
256782715
256783092
256783100
256783467
256783512
256783538
256783693
256783793
256783881
256784205
256784239
256784287
256784550
256784682
256784715
256784822
256784833
256785019
256785079
256785240
256785305
256785400
256785415
256785452
256785786
256785916
256785925
256786107
256786302
256786563
256786565
256786879
256787049
256787102
256787345
256787410
256787610
256787826
256788051
256788080
256788085
256788498
256788634
256788660
256788665
256788690
256788693
256788733
256788897
256789046
256789144
256789314
256789437
256789654
256789704
256789742
256789916
256789929
256790084
256790085
256790173
256790265
256790351
256790543
256790571
256790767
256791147
256791160
256791169
256791348
256791419
256791456
256791634
256792171
256792278
256792308
256792330
256792394
256792434
256792519
256792584
256792637
256792811
256792859
256792873
256792995
256793132
256793150
256793302
256793323
256793343
256793535
256793622
256794181
256794440
256794478
256794753
256794772
256794780
256794872
256794927
256794937
256795274
256795289
256795390
256795474
256795559
256795604
256795677
256795681
256795788
256795836
256795959
256796143
256796166
256796322
256796360
256796361
256796599
256796612
256796634
256796635
256796682
256796687
256797114
256797135
256797321
256797339
256797425
256797509
256797653
256797675
256797730
256797737
256797751
256797768
256797843
256797859
256797933
256798035
256798089
256798182
256798257
256798259
256798393
256798438
256798449
256799022
256799178
256799220
256799312
256799337
256799477
256799614
256799717
256799798
256800124
256800134
256800164
256800174
256800182
256800564
256800597
256800611
256800658
256800678
256800710
256800735
256800795
256800797
256800821
256800891
256801013
256754738
256754741
256754769
256754772
256754933
256754958
256755025
256755096
256755117
256755144
256755190
256755198
256755268
256755316
256755404
256755440
256755459
256755620
256755679
256755687
256755745
256755758
256755793
256755815
256756111
256756203
256756233
256756247
256756259
256756276
256756303
256756387
256756410
256756416
256756422
256756436
256756489
256756552
256756554
256756577
256756598
256756617
256756621
256756650
256756663
256756689
256756712
256756741
256756748
256756753
256756784
256756794
256756862
256756898
256757224
256757357
256757493
256757592
256757608
256757647
256757654
256757699
256757769
256757774
256757805
256757860
256757872
256757896
256758049
256758319
256758422
256758587
256758632
256758922
256758947
256759096
256759156
256759172
256759314
256759390
256759418
256759459
256759601
256759607
256759632
256759639
256759757
256759768
256759784
256759835
256759854
256759884
256759903
256759925
256759940
256760005
256760036
256760113
256760153
256760156
256760162
256760183
256760210
256760222
256760250
256760261
256760273
256760274
256760326
256760462
256760620
256760745
256760752
256760766
256760782
256760816
256761036
256761103
256761127
256761207
256761369
256761454
256761538
256761544
256761579
256761681
256761782
256761818
256761846
256762135
256762268
256762303
256762330
256762365
256762515
256762601
256762748
256762859
256763040
256763041
256763569
256763603
256763773
256763854
256763904
256763938
256763945
256764058
256764117
256764550
256764563
256764576
256764609
256764646
256764715
256764742
256764829
256764873
256765002
256765268
256765307
256765513
256765540
256765658
256765694
256765853
256765915
256765951
256766159
256766211
256766226
256766799
256766851
256767081
256767116
256767143
256767241
256767289
256767299
256767797
256767844
256767857
256767928
256767962
256767987
256768002
256768052
256768177
256768212
256768290
256768470
256768552
256768754
256768781
256769260
256769263
256769393
256769465
256769482
256769558
256769614
256769652
256769666
256769689
256769728
256769832
256769935
256769942
256769943
256769975
256769987
256769999
256770021
256770061
256770143
256770342
256770377
256770430
256770698
256770788
256770839
256770890
256771016
256771064
256771198
256771241
256771398
256771520
256771627
256771645
256771683
256771766
256771843
256771930
256771949
256772254
256772259
256772451
256772479
256772483
256772491
256772494
256772564
256772585
256772600
256772603
256772620
256772641
256772652
256772688
256772701
256772789
256772854
256772947
256772970
256773001
256773024
256773062
256773118
256773149
256773257
256773327
256773344
256773355
256773367
256773432
256773435
256773580
256773690
256773759
256773892
256773898
256773986
256773991
256774003
256774094
256774097
256774158
256774240
256774271
256774411
256774442
256774500
256774537
256774651
256774779
256774800
256774818
256774858
256774969
256775045
256775088
256775180
256775296
256775313
256775379
256775393
256775431
256775489
256775652
256775704
256775825
256775979
256775987
256775988
256776047
256776050
256776172
256776191
256776274
256776379
256776384
256776403
256776422
256776484
256776498
256776508
256776535
256776597
256776653
256776731
256776760
256776875
256776892
256776925
256777011
256777029
256777164
256777272
256777299
256777314
256777454
256777495
256777575
256777595
256777614
256777668
256777930
256777946
256778329
256778476
256778604
256779041
256779050
256779071
256795075
256801135
256801254
256801347
256801407
256801432
256801502
256801523
256801557
256801580
256801594
256801605
256801673
256801758
256801885
256801957
256802234
256802303
256802315
256802492
256802592
256802641
256802703
256802791
256802884
256802952
256803095
256803111
256803142
256803186
256803508
256803579
256803601
256803703
256803774
256803848
256803940
256803984
256804015
256804099
256804206
256804231
256804362
256804380
256804524
256804542
256804635
256804813
256804838
256805204
256805324
256805331
256805336
256805495
256805503
256805505
256805576
256805587
256805613
256805668
256805702
256805787
256805821
256805858
256805896
256805962
256805988
256806114
256806182
256806197
256806199
256806242
256806270
256806276
256806295
256806340
256806386
256806836
256806848
256806897
256806949
256806966
256807039
256807046
256807047
256807063
256807065
256807087
256807104
256807219
256807236
256807276
256807348
256807361
256807464
256807573
256807636
256807821
256807864
256807930
256807938
256808128
256808385
256808407
256808428
256808537
256808585
256808636
256808688
256808711
256808725
256808749
256808836
256808865
256808933
256808941
256809013
256809021
256809150
256809238
256809506
256809581
256809720
256809864
256809999
256810047
256810214
256810301
256810348
256810529
256810955
256811067
256811089
256811147
256811253
256811290
256811320
256811399
256811571
256811640
256811780
256812119
256812398
256812473
256812479
256812617
256812644
256812648
256812825
256812862
256812884
256812975
256813029
256813107
256813135
256813160
256813227
256813288
256813313
256813384
256813391
256813422
256813511
256813552
256813612
256813654
256813696
256813740
256813765
256813812
256813823
256813870
256813925
256813983
256814024
256814122
256814173
256814238
256814250
256814267
256814285
256814296
256814525
256814527
256814572
256814952
256815014
256815036
256815053
256815067
256815080
256815093
256815112
256815149
256815236
256815244
256815267
256815495
256815582
256815598
256815659
256815801
256816117
256816122
256816462
256816632
256816639
256816738
256816814
256816891
256817074
256817099
256817160
256817184
256817197
256817334
256817418
256817466
256817692
256817787
256817957
256818177
256818185
256818239
256818241
256818255
256818348
256818594
256818927
256818948
256818983
256819042
256819130
256819166
256819356
256819422
256819435
256819519
256819550
256819622
256819782
256819791
256819832
256820350
256820699
256820905
256820997
256821065
256821099
256821150
256821175
256821254
256821348
256821361
256821429
256821441
256821444
256821514
256821549
256821649
256821735
256821807
256821944
256821954
256822006
256822090
256822332
256822340
256822469
256822473
256822700
256822713
256822753
256822840
256822856
256823038
256823454
256823474
256823672
256823680
256823684
256823731
256823923
256823963
256823975
256824023
256824145
256824180
256824231
256824296
256824375
256824425
256824582
256824601
256824922
256825005
256825075
256825118
256825301
256851137
256851858
256851915
256851936
256851968
256851969
256851983
256851988
256852000
256852015
256852035
256852048
256852082
256852085
256852135
256852145
256852235
256852243
256852290
256852334
256852346
256852356
256852412
256852414
256852432
256852468
256852498
256852567
256852670
256852753
256852841
256853086
256853115
256853139
256853213
256853239
256853344
256853379
256853455
256853496
256853498
256853533
256853608
256853630
256853638
256853645
256853722
256853738
256853746
256853784
256853809
256853814
256853840
256853862
256853990
256854072
256854145
256854294
256854330
256854432
256854496
256854497
256854594
256854638
256854639
256854670
256854676
256854690
256854698
256854762
256854767
256854782
256854830
256854855
256854880
256855082
256855096
256855325
256855469
256855637
256855691
256855822
256856013
256856094
256856220
256856286
256856297
256856421
256856545
256856632
256856686
256856703
256856712
256856732
256856742
256856758
256856817
256856946
256857047
256857097
256857106
256857117
256857120
256857137
256857138
256857163
256857235
256857343
256857398
256857407
256857484
256857529
256857539
256857555
256857572
256857619
256857629
256857672
256857696
256857700
256857732
256857836
256858258
256858273
256858293
256858304
256858554
256858596
256858786
256858931
256858992
256859002
256859171
256859193
256859281
256859382
256859458
256859612
256859617
256859961
256860139
256860252
256860319
256860324
256860338
256860405
256860413
256860536
256860636
256860691
256860806
256860880
256860887
256860943
256860974
256860975
256861006
256861054
256861058
256861100
256861125
256861143
256861243
256861260
256861562
256861621
256861694
256861828
256861833
256861907
256861940
256862255
256862269
256862290
256862450
256862547
256862750
256862787
256863070
256863073
256863087
256863103
256863149
256863175
256863353
256863448
256863638
256863699
256863836
256863949
256863986
256864092
256864093
256864111
256864174
256864277
256864472
256864515
256864541
256864719
256864806
256864808
256864872
256864874
256864948
256865002
256865076
256865161
256865196
256865216
256865225
256865357
256865485
256865500
256865507
256865852
256865951
256865965
256866013
256866106
256866166
256866173
256866174
256866188
256866325
256866369
256866450
256866559
256866684
256866737
256866762
256866849
256866861
256866862
256866914
256866930
256867064
256867078
256867303
256867307
256867362
256867363
256867367
256867432
256867484
256867498
256867611
256867636
256867641
256867668
256867704
256867727
256867736
256867751
256867840
256867884
256867897
256867901
256868017
256868044
256868117
256868141
256868145
256868204
256868220
256868227
256868298
256868367
256868412
256868602
256868678
256868739
256868784
256868820
256869001
256869113
256869319
256869333
256869335
256869416
256869489
256869506
256869611
256869620
256869623
256869637
256869675
256869714
256869723
256869917
256869941
256870069
256870074
256870104
256870112
256870124
256870131
256870135
256870144
256870180
256870185
256870364
256870409
256870450
256870585
256870637
256870677
256870680
256870730
256870733
256870778
256870806
256870816
256870818
256870820
256870852
256871026
256871041
256871193
256871265
256871280
256871298
256871336
256871338
256871432
256871481
256871531
256871533
256871586
256871591
256871700
256871731
256871773
256871821
256871974
256871975
256872131
256872350
256872359
256872378
256872666
256872669
256872730
256873090
256873106
256946941
256947159
256947364
256947435
256947491
256947587
256947781
256948160
256948303
256948463
256948581
256948711
256948732
256948742
256948782
256948802
256948845
256948857
256948865
256948913
256948980
256948987
256949038
256949051
256949166
256949281
256949359
256949402
256949538
256949543
256949553
256949690
256949769
256949858
256949906
256949908
256950001
256950035
256950469
256950553
256950648
256950673
256950776
256950825
256951053
256951215
256951293
256951321
256951360
256951547
256951582
256951608
256951614
256951642
256951691
256951949
256951958
256952200
256952208
256952340
256952448
256952469
256952470
256952496
256952507
256952613
256953287
256953311
256953706
256953771
256953805
256953808
256953850
256954676
256954959
256955032
256955063
256955121
256955151
256955401
256955784
256955878
256955897
256955917
256955974
256955986
256956067
256956309
256956429
256956525
256956659
256956716
256957308
256957533
256957597
256957598
256957799
256958040
256958084
256958427
256958428
256958668
256958708
256958802
256958819
256958851
256958861
256958862
256958903
256958953
256958957
256958985
256959165
256959184
256959222
256959285
256959487
256959760
256960106
256960287
256960551
256960566
256960656
256960782
256961245
256961251
256961347
256961352
256961411
256961436
256961472
256961605
256961606
256961747
256961806
256961862
256961870
256962022
256962102
256962294
256962361
256962414
256962427
256962432
256962538
256962592
256962841
256962962
256963110
256963234
256963567
256963669
256963684
256963835
256963965
256964060
256964177
256964306
256964376
256964537
256964598
256964666
256964676
256964765
256964804
256964877
256964912
256965030
256965065
256965254
257108962
257108973
257109038
257109055
257109100
257109146
257109158
257109176
257109290
257109295
257109315
257109473
257109680
257109766
257109873
257109914
257110064
257110142
257110205
257110262
257110277
257110319
257110686
257110693
257110705
257110717
257110727
257110728
257110809
257111079
257111431
257111547
257111592
257111729
257111762
257111845
257111933
257112031
257112080
257112092
257112121
257112410
257112433
257112548
257112604
257112700
257112715
257112836
257112876
257112899
257112940
257113144
257113169
257113496
257113700
257113762
257113825
257113924
257114003
257114013
257114015
257114154
257114297
257114359
257114430
257114546
257114551
257114616
257114628
257114652
257114714
257114764
257114811
257114898
257115066
257115186
257115208
257115216
257115387
257115397
257115660
257115758
257115764
257115800
257115907
257115999
257116067
257116409
257116425
257116765
257116851
257116874
257116916
257117007
257117013
257117075
257117104
257117125
257117134
257117152
257117208
257117231
257117315
257117392
257117487
257117545
257117551
257117612
257117660
257117777
257117783
257117962
257118003
257118370
257118419
257118478
257118555
257118833
257118899
257119248
257119338
257119500
257119889
257119968
257120116
257120215
257120444
257120457
257120574
257120601
257120747
257120754
257120876
257121058
257121440
257121604
257121689
257121692
257121862
257121930
257121932
257121949
257122082
257122232
257122437
257122485
257122587
257122593
257122817
257122890
257123067
257123076
257123356
257123366
257123579
257123648
257123824
257124109
257124210
257124337
257124341
257124474
257124487
257124626
257124699
257124935
257125129
257125165
257125191
257125404
257125459
257125460
257125499
257125673
257125975
257126188
257126306
257126575
257126601
257126602
257126765
257127051
257127231
257127883
257128077
257128100
257128132
257128143
257128204
257128205
257128284
256825454
256825468
256825560
256825663
256825679
256825693
256825758
256825818
256825863
256825875
256825902
256825969
256825999
256826031
256826241
256826283
256826284
256826361
256826580
256826714
256826737
256826826
256826961
256827019
256827033
256827039
256827127
256827141
256827215
256827289
256827313
256827365
256827377
256827456
256827526
256827566
256827587
256827808
256827881
256827890
256828010
256828307
256828367
256828543
256828603
256828633
256828674
256828703
256828708
256828711
256828783
256828882
256828904
256829090
256829093
256829108
256829130
256829154
256829279
256829316
256829353
256829397
256829423
256829679
256829756
256829797
256829817
256829865
256830059
256830168
256830179
256830209
256830216
256830239
256830302
256830416
256830465
256830520
256830533
256830566
256830573
256830595
256830618
256830747
256830790
256831125
256831176
256831190
256831277
256831316
256831355
256831384
256831397
256831403
256831416
256831525
256831649
256831832
256831987
256832051
256832186
256832214
256832322
256832341
256832438
256832446
256832523
256832606
256832611
256832729
256832877
256832923
256833018
256833129
256833193
256833197
256833281
256833419
256833502
256833567
256833605
256833622
256833625
256833668
256833689
256833789
256833869
256833937
256833980
256833983
256834119
256834124
256834131
256834151
256834212
256834322
256834356
256834359
256834458
256834541
256834547
256834670
256834744
256834759
256834776
256834901
256834932
256835015
256835047
256835137
256835157
256835271
256835299
256835464
256835495
256835544
256835706
256835728
256835862
256835958
256835977
256835991
256836109
256836403
256836413
256836491
256836539
256836554
256836604
256836698
256837009
256837062
256837191
256837209
256837272
256837281
256837331
256837404
256837420
256837605
256837615
256837697
256837750
256837886
256837898
256838176
256838276
256838335
256838411
256838590
256838700
256838734
256838735
256838746
256838900
256839065
256839076
256839082
256839083
256839125
256839240
256839296
256839501
256839520
256839522
256839568
256839590
256839654
256839667
256839735
256839785
256839822
256839932
256839953
256840011
256840071
256840157
256840192
256840271
256840275
256840500
256840508
256840526
256840595
256840868
256840871
256840936
256840962
256841023
256841186
256841278
256841373
256841744
256841782
256841911
256842091
256842108
256842111
256842268
256842320
256842328
256842590
256842633
256842659
256842684
256842787
256842810
256842870
256842880
256842918
256842986
256843037
256843095
256843162
256843284
256843319
256843400
256843435
256843576
256843587
256843618
256843788
256843826
256843964
256843984
256844012
256844246
256844328
256844400
256844401
256844410
256844422
256844483
256844545
256844782
256844792
256844927
256845159
256845170
256845179
256845226
256845306
256845320
256845333
256845363
256845469
256845649
256845744
256845769
256845806
256845811
256845829
256845843
256845861
256845890
256845892
256846115
256846362
256846419
256846437
256846487
256846590
256846906
256847069
256847081
256847107
256847258
256847290
256847293
256847574
256847696
256847776
256847842
256847904
256848015
256848127
256848132
256848159
256848184
256848270
256848271
256848303
256848347
256848362
256848424
256848531
256848601
256848715
256848738
256848818
256848845
256848862
256848872
256848926
256848988
256849232
256849372
256849602
256849606
256849674
256849699
256849715
256849717
256849749
256849777
256849788
256849896
256849959
256850035
256850229
256850321
256850376
256850420
256967462
256967692
256967723
256967829
256967857
256967875
256968044
256968140
256968248
256968481
256968515
256968780
256968922
256968939
256968979
256969045
256969148
256969174
256969213
256969243
256969343
256969574
256969617
256969724
256969731
256969736
256969778
256969812
256969894
256969939
256970017
256970069
256970078
256970258
256970430
256970491
256970614
256971178
256971297
256971315
256971361
256971492
256971493
256971494
256971579
256971615
256971616
256971662
256971718
256971799
256971817
256971856
256971858
256971869
256972043
256972101
256972112
256972160
256972206
256972224
256972297
256972332
256972362
256972395
256972403
256972449
256972461
256972608
256973011
256973160
256973341
256973380
256973600
256973621
256973625
256973668
256973670
256973697
256973809
256973951
256973977
256974030
256974068
256974122
256974198
256974239
256974500
256974607
256974688
256974843
256974932
256974993
256975008
256975126
256975273
256975542
256975625
256975687
256975790
256975832
256975843
256975971
256976029
256976135
256976317
256976462
256976473
256976483
256976570
256976590
256976667
256976856
256977115
256977123
256977217
256977423
256977628
256977744
256977802
256977805
256977989
256978182
256978262
256978639
256978706
256978737
256978827
256978927
256978942
256978970
256979007
256979031
256979074
256979082
256979169
256979207
256979246
256979287
256979294
256979295
256979323
256979373
256979377
256979379
256979434
256979450
256979481
256979512
256979531
256979670
256979727
256979773
256979934
256979987
256979999
256980000
256980026
256980059
256980112
256980117
256980170
256980433
256980441
256980468
256980513
256980618
256980625
256980861
256981146
256981300
256981452
256981480
256981580
256981737
256981751
256981757
256981804
256981805
256981822
256981914
256982214
256982257
256982303
256982406
256982412
256982558
256982671
256982704
256982730
256982830
256982831
256982876
256982922
256982947
256982985
256982986
256983173
256983192
256983257
256983261
256983270
256983293
256983315
256983372
256983463
256983482
256983499
256983661
256983663
256983675
256983716
256983758
256983812
256983840
256983911
256984037
256984038
256984044
256984072
256984327
256984456
256984535
256984622
256984787
256984940
256985091
256985172
256985253
256985314
256985395
256985404
256985415
256985748
256985765
256985811
256985838
256985894
256985934
256985994
256986089
256986107
256986152
256986424
256986559
256986565
256986607
256986631
256986636
256986656
256986705
256986742
256986761
256986784
256986814
256986860
256986996
256987007
256987125
256987187
256987279
256987314
256987359
256987425
256987439
256987612
256987631
256987733
256987835
256987853
256987968
256988040
256988186
256988553
256988632
256988680
256988857
256988996
256989038
256989039
256989116
256874538
256874778
256874798
256874824
256874843
256874889
256874913
256874985
256875110
256875133
256875168
256875195
256875335
256875549
256875585
256875654
256875660
256875683
256875709
256875846
256875869
256875904
256875910
256875941
256876202
256876229
256876256
256876300
256876328
256876366
256876386
256876451
256876553
256876633
256876703
256876886
256876888
256877069
256877141
256877221
256877239
256877290
256877340
256877380
256877382
256877395
256877587
256877591
256877618
256877792
256877899
256877987
256878103
256878282
256878303
256878636
256878825
256878928
256878993
256879067
256879227
256879272
256879322
256879335
256879344
256879414
256879420
256879431
256879476
256879529
256879658
256879686
256879688
256879690
256879710
256879730
256879828
256879842
256879874
256879905
256880085
256880141
256880175
256880236
256880268
256880284
256880287
256880303
256880309
256880390
256880446
256880467
256880719
256880888
256880896
256880943
256880999
256881115
256881182
256881358
256881411
256881516
256881596
256881652
256882050
256882184
256882847
256882872
256882905
256882990
256883462
256883480
256883508
256883666
256883707
256883717
256883771
256883795
256883856
256883996
256884207
256884270
256884362
256884393
256884830
256884845
256884856
256884867
256885068
256885076
256885081
256885282
256885412
256885670
256885725
256885741
256885786
256885836
256886033
256886336
256886365
256886389
256886432
256886521
256886625
256886656
256886734
256886738
256886752
256886775
256886776
256886808
256886840
256886848
256886877
256886882
256886895
256886914
256886983
256887030
256887034
256887100
256887184
256887206
256887317
256887325
256887447
256887522
256887744
256887833
256887976
256888044
256888116
256888135
256888142
256888280
256888357
256888628
256888637
256888857
256888894
256888941
256889057
256889291
256889426
256889454
256889512
256889563
256889618
256889655
256889822
256889901
256889945
256889964
256890087
256890094
256890095
256890180
256890204
256890237
256890261
256890265
256890309
256890410
256890419
256890451
256890452
256890523
256890546
256890613
256890674
256890700
256890761
256890769
256890849
256890855
256890872
256890878
256890883
256890952
256891059
256891126
256891176
256891197
256891255
256891332
256891530
256891601
256891620
256891696
256891704
256891714
256891795
256891814
256892084
256892111
256892258
256892292
256892315
256892361
256892372
256892377
256892379
256892473
256892520
256892578
256892655
256892765
256892800
256892834
256892853
256892861
256892869
256892870
256892971
256892972
256892973
256893027
256893071
256893164
256893255
256893262
256893279
256893291
256893360
256893367
256893393
256893399
256893467
256893477
256893498
256893499
256893561
256893597
256893605
256893672
256893687
256893869
256893879
256893909
256893942
256894000
256894077
256894112
256894148
256894150
256894167
256894206
256894238
256894280
256894477
256894512
256894576
256894640
256894789
256894819
256894828
256894931
256895065
256895181
256895185
256895250
256895289
256895374
256895512
256895520
256895629
257014807
257015561
257015568
257015579
257015627
257015695
257015705
257015782
257015837
257015877
257015913
257015989
257016000
257016011
257016031
257016186
257016187
257016298
257016377
257016383
257016700
257016714
257016947
257016968
257017006
257017022
257017068
257017103
257017107
257017142
257017158
257017208
257017209
257017277
257017305
257017314
257017337
257017366
257017518
257017520
257017658
257017858
257017867
257017982
257018008
257018024
257018081
257018215
257018224
257018280
257018343
257018364
257018377
257018397
257018461
257018579
257018584
257018602
257018673
257018881
257018961
257019057
257019086
257019097
257019120
257019158
257019332
257019408
257019552
257019568
257019659
257019674
257019875
257019940
257020035
257020109
257020123
257020137
257020150
257020177
257020187
257020244
257020246
257020302
257020330
257020402
257020499
257020508
257020535
257020594
257020597
257020608
257020617
257020627
257020652
257020683
257020699
257020899
257020920
257020959
257020987
257020997
257021046
257021055
257021119
257021209
257021638
257021678
257021690
257021696
257021776
257021858
257021892
257021894
257021995
257022047
257022237
257022269
257022626
257022671
257022751
257022754
257022804
257022896
257023117
257023296
257023541
257023576
257023656
257023995
257024087
257024097
257024192
257024245
257024296
257024318
257024334
257024374
257024390
257024398
257024442
257024523
257024548
257024576
257024940
257024996
257025122
257025134
257025561
257025567
257025936
257026052
257026216
257026334
257026377
257026383
257026396
257026448
257026469
257026532
257026694
257026865
257026906
257026973
257027010
257027027
257027050
257027156
257027170
257027187
257027245
257027336
257027374
257027397
257027399
257027437
257027507
257027550
257027551
257027688
257027770
257027792
257027846
257027906
257028048
257028051
257028083
257028133
257028322
257028472
257028481
257028556
257028641
257028647
257028711
257028736
257028741
257028746
257028747
257029084
257029099
257029127
257029138
257029240
257029375
257029534
257029614
257029692
257029746
257029758
257029856
257029931
257029938
257029984
257030185
257030216
257030303
257030351
257030433
257030529
257030605
257030609
257030620
257030638
257030707
257030711
257030765
257030767
257030778
257030817
257030824
257030853
257030893
257030900
257030950
257030956
257031063
257031230
257031286
257031302
257031332
257031336
257031440
257031469
257031515
257031608
257031634
257031662
257031705
257031727
257031820
257031916
257031983
257032007
257032019
257032113
257032213
257032222
257032281
257032431
257032510
257032530
257032551
257032647
257032674
257032729
257032798
257032841
257032955
257033126
257033209
257033322
257033351
257033375
257033415
257033433
257033440
257033520
257033578
257033590
257033626
257033632
257033722
257033829
257033849
257033880
257033887
257033900
257033925
257033970
257034052
257034054
257034086
257034222
257034244
257034278
257034315
257034345
257034385
257034431
257034523
257034543
257034701
257034826
257034831
257034870
257034919
257035000
257035042
257035267
257035589
257035838
257035848
257035858
257035932
257036292
257036303
257036319
257036344
256897763
256897777
256897816
256897823
256897860
256897938
256898057
256898179
256898180
256898186
256898281
256898322
256898373
256898538
256898567
256898585
256898716
256898734
256898795
256898832
256899069
256899082
256899172
256899212
256899279
256899326
256899330
256899399
256899403
256899457
256899459
256899489
256899553
256899575
256899576
256899605
256899608
256899627
256899647
256899710
256899833
256899920
256900009
256900218
256900247
256900297
256900375
256900417
256900465
256900484
256900530
256900553
256900568
256900613
256900665
256900723
256900728
256900764
256900796
256900819
256900953
256900961
256900962
256901045
256901328
256901369
256901424
256901517
256901980
256902009
256902020
256902109
256902110
256902130
256902134
256902203
256902243
256902344
256902538
256902575
256902629
256902641
256902667
256902678
256902688
256902729
256902738
256902742
256902766
256902879
256902897
256902971
256902987
256903011
256903033
256903102
256903170
256903182
256903274
256903287
256903441
256903529
256903703
256903717
256903796
256903812
256903881
256903943
256904144
256904221
256904229
256904260
256904293
256904382
256904672
256904845
256904977
256905035
256905166
256905298
256905539
256905732
256905745
256906078
256906248
256906278
256906395
256906453
256906627
256906896
256907149
256907150
256907152
256907153
256907216
256907244
256907274
256907281
256907317
256907323
256907367
256907395
256907424
256907441
256907468
256907481
256907593
256907857
256907905
256908019
256908050
256908082
256908087
256908225
256908490
256908575
256908796
256909032
256909181
256909456
256909483
256909523
256909554
256909595
256909817
256909956
256910074
256910179
256910272
256910320
256910346
256910413
256910540
256910541
256910676
256910684
256910689
256910690
256910826
256910852
256910856
256910961
256911066
256911126
256911133
256911197
256911287
256911299
256911426
256911435
256911518
256911746
256911749
256911760
256911846
256911874
256911881
256912034
256912159
256912175
256912184
256912189
256912207
256912256
256912343
256912351
256912473
256912525
256912601
256912609
256912690
256912818
256912903
256912922
256912970
256912972
256912998
256913145
256913149
256913199
256913356
256913373
256913385
256913476
256913539
256913594
256913774
256913779
256913853
256913897
256913967
256914003
256914025
256914041
256914142
256914210
256914236
256914264
256914282
256914283
256914332
256914340
256914358
256914428
256914456
256914514
256914540
256914556
256914577
256914583
256914661
256914771
256914885
256914912
256914979
256915073
256915087
256915092
256915178
256915332
256915335
256915376
256915393
256915396
256915407
256915429
256915856
256916037
256916094
256916125
256916140
256916395
256916441
256916742
256916755
256916759
256916770
256916819
256916828
256916944
256917078
256917097
256917103
256917183
256917226
256917282
256917297
256917330
256917338
256917368
256917373
256917507
256917552
256917565
256917583
256917595
256917698
256917799
256917803
256917832
256917838
256917932
256917936
256917981
256917993
256918036
256918065
256918090
256918100
256918106
256918157
256918314
256918320
256918378
256918420
256918461
256918486
256918528
256918600
256918647
256918676
256918704
256918741
256918819
256918856
256918904
256918906
256918908
256919000
256919002
256919168
256919208
256919238
256919239
256919285
256919315
256919352
256919467
256919691
256919735
256919761
256920062
256920099
256920105
256920169
256920526
256920581
256920620
256921943
256922062
256922359
256922399
256922467
256922577
256922597
256922607
256922758
256922759
256922765
256922777
256922800
256922827
256922901
256922930
256922931
256922983
256923006
256923221
256923412
256923414
256923719
256923739
256923797
256923907
256923911
256923959
256923964
256924027
256924033
256924109
256924116
256924139
256924162
256924163
256924173
256924211
256924216
256924235
256924263
256924283
256924311
256924407
256924558
256924614
256924630
256924909
256925038
256925080
256925108
256925139
256925175
256925241
256925247
256925289
256925303
256925354
256925397
256925403
256925436
256925446
256925545
256925562
256925591
256925627
256925780
256925822
256926023
256926091
256926316
256926551
256926681
256926752
256926775
256926911
256927017
256927127
256927269
256927273
256927306
256927333
256927365
256927371
256927433
256927460
256927465
256927556
256927630
256927650
256927654
256927679
256927725
256927746
256927749
256927852
256927901
256927972
256928045
256928059
256928127
256928234
256928246
256928282
256928323
256928341
256928354
256928393
256928431
256928521
256928623
256928689
256928723
256928768
256928975
256929229
256929274
256929278
256929309
256929527
256929756
256930038
256930214
256930229
256930447
256930494
256930553
256930742
256930743
256930920
256931244
256931279
256931364
256931365
256931372
256931528
256931623
256931845
256931892
256931962
256932023
256932051
256932072
256932080
256932133
256932154
256932177
256932244
256932281
256932351
256932364
256932395
256932460
256932847
256933040
256933110
256933205
256933371
256933601
256933636
256933686
256933809
256933811
256934108
256934247
256934311
256934342
256934398
256934494
256934561
256934567
256934654
256934670
256934681
256934909
256934972
256934988
256935078
256935409
256935463
256935521
256935545
256935670
256935762
256935828
256935857
256935866
256935892
256935977
256936008
256936038
256936279
256936297
256936347
256936358
256936387
256936465
256936490
256936561
256936588
256936718
256936843
256936874
256937007
256937287
256937299
256937306
256937324
256937635
256937721
256937742
256937947
256937966
256938004
256938161
256938212
256938228
256938288
256938355
256938381
256938543
256938617
256938680
256938779
256938961
256938986
256939050
256939059
256939066
256939080
256939133
256939134
256939136
256939217
256939364
256939432
256939435
256939560
256939598
256939612
256939638
256939653
256939683
256939703
256939718
256939760
256939773
256939785
256939939
256939943
256939957
256940082
256940117
256940118
256940172
256940212
256940273
256940449
256940459
256940500
256940548
256940575
256940641
256940775
256940839
256940971
256941127
256941235
256941357
256941472
256941511
256941522
256941543
256941555
256941634
256941671
256941791
256941802
256941857
256941889
256941892
256941915
256941955
256942089
256942145
256942225
256942321
256942322
256942393
256942417
256942418
256942424
256942425
256942459
256942527
256942556
256942696
256942765
256942772
256942923
256942962
256943047
256943067
256943164
256943208
256943227
256943241
256943280
256943292
256943441
256943450
256943478
256943521
256943629
256943717
256943735
256943790
256943869
256943915
256943925
256944074
256944135
256944187
256944239
256944252
256944295
256944330
256944396
256944400
256944425
256944519
256944537
256944555
256944729
256944822
256944934
256945012
256945020
256945083
256945212
256945350
256945387
256945468
256945813
256945854
256945876
256991170
256991282
256991309
256991343
256991347
256991374
256991376
256991417
256991552
256991632
256991657
256991668
256991699
256991734
256991780
256991790
256991814
256991884
256991899
256992132
256992198
256992205
256992241
256992281
256992356
256992408
256992409
256992418
256992428
256992462
256992499
256992525
256992751
256992762
256992854
256992939
256992940
256992971
256992979
256992989
256993002
256993011
256993024
256993105
256993119
256993131
256993170
256993186
256993228
256993366
256993395
256993507
256993508
256993727
256993739
256993821
256993841
256993862
256994021
256994097
256994131
256994136
256994148
256994168
256994219
256994287
256994315
256994427
256994498
256994527
256994612
256994653
256994808
256994887
256994925
256994964
256995098
256995109
256995132
256995323
256995378
256995419
256995481
256995577
256995625
256995646
256995689
256995739
256995974
256996017
256996057
256996059
256996098
256996116
256996197
256996212
256996228
256996281
256996291
256996335
256996348
256996447
256996454
256996503
256996547
256996574
256996670
256996686
256996707
256996751
256996887
256997072
256997115
256997118
256997134
256997136
256997148
256997175
256997185
256997207
256997291
256997304
256997312
256997367
256997543
256997659
256997671
256997758
256997780
256997796
256997806
256997840
256997954
256998046
256998105
256998123
256998328
256998392
256998677
256998836
256998908
256998957
256999062
256999213
256999290
256999305
256999631
256999692
256999818
257000006
257000019
257000073
257000154
257000377
257000383
257000416
257000664
257000730
257000734
257000768
257000771
257000846
257000847
257000880
257000905
257000964
257000977
257000996
257001005
257001034
257001099
257001112
257001122
257001448
257001486
257001518
257001582
257001617
257001682
257001731
257001757
257001842
257001909
257002080
257002205
257002215
257002379
257002385
257002847
257003102
257003113
257003146
257003147
257003159
257003220
257003294
257003474
257003621
257003793
257003808
257003809
257003952
257003977
257004064
257004079
257004202
257004222
257004274
257004327
257004328
257004342
257004393
257004467
257004478
257004489
257004541
257004592
257004624
257004647
257004795
257004919
257005004
257005034
257005061
257005140
257005157
257005384
257005454
257005472
257005566
257005596
257005634
257005771
257005797
257006004
257006062
257006088
257006402
257006441
257006601
257006733
257006840
257006886
257006943
257006968
257007009
257007026
257007074
257007110
257007269
257007278
257007316
257007319
257007376
257007382
257007428
257007432
257007477
257007739
257007740
257007768
257007786
257007789
257007794
257007852
257007878
257007885
257007963
257007969
257008012
257008031
257008044
257008050
257008069
257008113
257008116
257008350
257008492
257008571
257008601
257008603
257008758
257008780
257008788
257008850
257008873
257008985
257009168
257009218
257009250
257009260
257009302
257009392
257009426
257009514
257009519
257009743
257009746
257009760
257009789
257009859
257009901
257009930
257009964
257010046
257010112
257010125
257010156
257010183
257010208
257010219
257010245
257010419
257010548
257010550
257010647
257010674
257010802
257010888
257010903
257010918
257010995
257011116
257011158
257011216
257011278
257011365
257011368
257011416
257011427
257011570
257011581
257011658
257011729
257011758
257011770
257011854
257011873
257011924
257012035
257012144
257012163
257012187
257012267
257012283
257012325
257012387
257012429
257012467
257012477
257012726
257012803
257013141
257013281
257013346
257013405
257013551
257013883
257013926
257013931
257013939
257083560
257083569
257083628
257083692
257083712
257083805
257084063
257084181
257084278
257084310
257084370
257084657
257084717
257084788
257084810
257084813
257084912
257084967
257085087
257085129
257085139
257085163
257085314
257085332
257085352
257085402
257085445
257085520
257085524
257085625
257085720
257085728
257085761
257085821
257085824
257085902
257085910
257085927
257085931
257085953
257086180
257086226
257086244
257086436
257086473
257086575
257086616
257086646
257086651
257086660
257086711
257086773
257086858
257086926
257086934
257086976
257086991
257087069
257087104
257087140
257087164
257087206
257087227
257087383
257087420
257087422
257087531
257087573
257087577
257087587
257087652
257087654
257087669
257087672
257087706
257087720
257087749
257087776
257087799
257087892
257088077
257088200
257088289
257088449
257088513
257088589
257088913
257088919
257089018
257089037
257089050
257089190
257089247
257089335
257089376
257089386
257089462
257089517
257089523
257089551
257089903
257089953
257090031
257090092
257090094
257090120
257090138
257090166
257090180
257090483
257090558
257090612
257090647
257090780
257090950
257090955
257090968
257090980
257091141
257091200
257091291
257091427
257091449
257091613
257091631
257091657
257091802
257091815
257092006
257092025
257092131
257092183
257092224
257092302
257092320
257092361
257092415
257092456
257092508
257092511
257092739
257092775
257092796
257092857
257092902
257092945
257093006
257093059
257093063
257093197
257093200
257093324
257093405
257093455
257093554
257093560
257093600
257093678
257093734
257093772
257093797
257093815
257093860
257093949
257094473
257094589
257094590
257094600
257094610
257094705
257094828
257094873
257094982
257095071
257095081
257095186
257095199
257095208
257095243
257095279
257095300
257095323
257095334
257095624
257095705
257095773
257095776
257095809
257095822
257096005
257096016
257096052
257096082
257096138
257096251
257096253
257096374
257096383
257096669
257096744
257096941
257096992
257097003
257097113
257097437
257097723
257097815
257097855
257097937
257097971
257097973
257097974
257097976
257098093
257098221
257098275
257098418
257098486
257098553
257098623
257098644
257098713
257098743
257098763
257098812
257098876
257098978
257099036
257099214
257099307
257099312
257099518
257099651
257099707
257099731
257099869
257100045
257100076
257100118
257100166
257100270
257100312
257100406
257100496
257100540
257100584
257100598
257100657
257100670
257100715
257100856
257100891
257100964
257101000
257101006
257101125
257101146
257101258
257101273
257101404
257101466
257101553
257101711
257101889
257101923
257101987
257102008
257102011
257102058
257102156
257102207
257102337
257102345
257102362
257102466
257102504
257102557
257102737
257102761
257102772
257102773
257102782
257102815
257102973
257102994
257103067
257103145
257103206
257103246
257103260
257103532
257103572
257103699
257103710
257103886
257103925
257103942
257104063
257104178
257104228
257104313
257104414
257104493
257104552
257104769
257104855
257104995
257105159
257105273
257105305
257105334
257105363
257105407
257105425
257105641
257105807
257105868
257105943
257105975
257106029
257106119
257106174
257106189
257106246
257106358
257106456
257106509
257106541
257106657
257106734
257106762
257106855
257106874
257106932
257107024
257107332
257107374
257107383
257107469
257107620
257107694
257107707
257107752
257107762
257107872
257108077
257108247
257108309
257108321
257108366
257108495
257108569
257108580
257060459
257060695
257060916
257060940
257060973
257061010
257061019
257061042
257061043
257061056
257061057
257061123
257061225
257061258
257061289
257061352
257061383
257061387
257061422
257061425
257061432
257061490
257061494
257061499
257061713
257061762
257061766
257061791
257061801
257061918
257062033
257062091
257062138
257062229
257062340
257062384
257062385
257062387
257062393
257062461
257062532
257062536
257062552
257062604
257062667
257062703
257062728
257062737
257062745
257062796
257062835
257062898
257062911
257063013
257063026
257063153
257063329
257063330
257063402
257063619
257063631
257063648
257063669
257063674
257063684
257063696
257063747
257063819
257063863
257064011
257064079
257064093
257064260
257064272
257064630
257064649
257064659
257065022
257065051
257065118
257065164
257065189
257065247
257065304
257065372
257065421
257065536
257065647
257065661
257065694
257065715
257065819
257065830
257065858
257065927
257065982
257065992
257066048
257066050
257066067
257066083
257066088
257066106
257066107
257066140
257066175
257066180
257066194
257066223
257066261
257066391
257066415
257066468
257066501
257066565
257066589
257066629
257066653
257066681
257066693
257066836
257067091
257067195
257067241
257067275
257067283
257067315
257067352
257067361
257067429
257067801
257067877
257068052
257068096
257068112
257068279
257068322
257068377
257068514
257068555
257068648
257068905
257069303
257069307
257069439
257069599
257069671
257069709
257069918
257069938
257070043
257070058
257070081
257070101
257070109
257070133
257070134
257070161
257070182
257070223
257070246
257070307
257070363
257070394
257070587
257070613
257070619
257070671
257070680
257070769
257070806
257071014
257071125
257071356
257071419
257071471
257071498
257071647
257071699
257071718
257071800
257072084
257072209
257072215
257072313
257072368
257072410
257072497
257072683
257072718
257072860
257072871
257072978
257073012
257073029
257073129
257073377
257073479
257073485
257073610
257073673
257073676
257073783
257073784
257073791
257073825
257073837
257073847
257073856
257073892
257073975
257073998
257073999
257074010
257074132
257074241
257074580
257074592
257074617
257074627
257074772
257074854
257074866
257074889
257074890
257074926
257075032
257075135
257075138
257075165
257075318
257075394
257075472
257075520
257075533
257075550
257075599
257075619
257075647
257075670
257075884
257075908
257075931
257076039
257076077
257076086
257076147
257076316
257076323
257076337
257076384
257076393
257076407
257076580
257076676
257076891
257076911
257077025
257077041
257077055
257077062
257077098
257077105
257077128
257077195
257077226
257077228
257077245
257077253
257077363
257077383
257077452
257077568
257077612
257077653
257077676
257077678
257077721
257077725
257077741
257077823
257077850
257077895
257077910
257077934
257078017
257078046
257078060
257078100
257078156
257078407
257078534
257078573
257078578
257078616
257078660
257078909
257078917
257078924
257078927
257079249
257079258
257079276
257079325
257079426
257079474
257079526
257079560
257079639
257079678
257079709
257079742
257079780
257079794
257079835
257079843
257079912
257079922
257079962
257079985
257080042
257080046
257080066
257080096
257080112
257080152
257080157
257080158
257080287
257080313
257080331
257080332
257080399
257080400
257080416
257080427
257080431
257080539
257080543
257080554
257080588
257080621
257080708
257080735
257080829
257080917
257080988
257081156
257081215
257081284
257081339
257081346
257081410
257081435
257081544
257081625
257081631
257081667
257081750
257081810
257081846
257081875
257081915
257082356
257082625
257082637
257082651
257082738
257083094
257083129
257083159
257036664
257037478
257037833
257037854
257038022
257038029
257038038
257038093
257038102
257038125
257038142
257038189
257038341
257038350
257038355
257038375
257038442
257038448
257038478
257038489
257038513
257038561
257038582
257038736
257038775
257038865
257038899
257038911
257038959
257038987
257039015
257039053
257039131
257039215
257039227
257039237
257039304
257039336
257039402
257039433
257039445
257039462
257039478
257039504
257039520
257039550
257039573
257039620
257039625
257039640
257039652
257039683
257039757
257039875
257039947
257039954
257040012
257040110
257040266
257040304
257040430
257040500
257040542
257040558
257040593
257040651
257040652
257040678
257040698
257040701
257040702
257040708
257040732
257040770
257040807
257040814
257040826
257040885
257040891
257041002
257041005
257041008
257041182
257041183
257041269
257041313
257041392
257041532
257041572
257041578
257041579
257041784
257041895
257042034
257042107
257042135
257042156
257042307
257042421
257042522
257042591
257042612
257042621
257042646
257042667
257042717
257042727
257042769
257042779
257042851
257042923
257043012
257043072
257043097
257043124
257043223
257043258
257043276
257043312
257043322
257043353
257043417
257043440
257043444
257043502
257043565
257043690
257043725
257043772
257043802
257043935
257043950
257044005
257044110
257044157
257044170
257044397
257044541
257044626
257044843
257044851
257045253
257045303
257045452
257045927
257045981
257046141
257046145
257046150
257046173
257046183
257046191
257046230
257046235
257046432
257046606
257046634
257046751
257046807
257046819
257046830
257046838
257046970
257046976
257046983
257046991
257047013
257047101
257047179
257047336
257047342
257047366
257047519
257047604
257047644
257047656
257047760
257047780
257047814
257048037
257048074
257048075
257048322
257048330
257048545
257048659
257048944
257048962
257048971
257048977
257049100
257049116
257049177
257049303
257049427
257049536
257049621
257049752
257049766
257049785
257049889
257049900
257049984
257050009
257050035
257050051
257050063
257050093
257050105
257050125
257050133
257050148
257050188
257050244
257050340
257050343
257050496
257050512
257050515
257050711
257050815
257050917
257050952
257051029
257051081
257051128
257051132
257051168
257051171
257051231
257051297
257051351
257051431
257051432
257051457
257051460
257051638
257051962
257051980
257052093
257052146
257052185
257052236
257052368
257052566
257052604
257052654
257052724
257052817
257052825
257052902
257052903
257052931
257052971
257053086
257053094
257053145
257053190
257053204
257053289
257053360
257053400
257053503
257053515
257053563
257053605
257053657
257053685
257053691
257053697
257053715
257053718
257053790
257053805
257053833
257053857
257053869
257054005
257054071
257054149
257054255
257054324
257054363
257054453
257054502
257054547
257054679
257054740
257054768
257054788
257054895
257054914
257054917
257054918
257054998
257055027
257055186
257055207
257055246
257055248
257055267
257055274
257055300
257055485
257055490
257055541
257055579
257055602
257055614
257055627
257055676
257055695
257055793
257055858
257055890
257055938
257055955
257055962
257056041
257056064
257056153
257056163
257056236
257056344
257056396
257056459
257056481
257056564
257056568
257056623
257056652
257056664
257056682
257056743
257056768
257056812
257056835
257056846
257056867
257057043
257057064
257057085
257057136
257057203
257057235
257057268
257057313
257057339
257057340
257057383
257057418
257057467
257057492
257057527
257057528
257057569
257057639
257057645
257057664
257057671
257057676
257057860
257057913
257057931
257057968
257057975
257058003
257058100
257058110
257058444
257058717
257058800
257059141
257059174
257059211
257128596
257128722
257128844
257128847
257128894
257129051
257129324
257129342
257129364
257129417
257129490
257129516
257129549
257129857
257129960
257129978
257129985
257130003
257130058
257130074
257130147
257130275
257130300
257130351
257130363
257130368
257130397
257130428
257130460
257130483
257130539
257130564
257130602
257130727
257130757
257130761
257130928
257130935
257130947
257131030
257131211
257131276
257131638
257131656
257131662
257131748
257131751
257131778
257131946
257132241
257132316
257132513
257132556
257132797
257132803
257132930
257132953
257133026
257133085
257133193
257133231
257133450
257133500
257133577
257133616
257133636
257134007
257134048
257134133
257134166
257134285
257134291
257134337
257134431
257134513
257134602
257134712
257134736
257134851
257134885
257134920
257134926
257134938
257134985
257135036
257135137
257135278
257135324
257135376
257135404
257135517
257135536
257135647
257135739
257135779
257135867
257135880
257135907
257135953
257136007
257136091
257136109
257136131
257136142
257136166
257136179
257136276
257136291
257136490
257136641
257136666
257136778
257136820
257136906
257136976
257137016
257137031
257137173
257137217
257137266
257137267
257137279
257137435
257137596
257137641
257137704
257137725
257137752
257137788
257137877
257137974
257138079
257138145
257138338
257138527
257138547
257138602
257138659
257138859
257138872
257138973
257139061
257139163
257139239
257139291
257139609
257139923
257140046
257140067
257140133
257140147
257140204
257140281
257140282
257140356
257140384
257140507
257140545
257140608
257140680
257140726
257140765
257141061
257141068
257141146
257141346
257141365
257141388
257141531
257141614
257141719
257141737
257141758
257141774
257141821
257141876
257142155
257142263
257142537
257142596
257142612
257142756
257142973
257142978
257142992
257142997
257143026
257143043
257143335
257143337
257143379
257143382
257143404
257143590
257143614
257143876
257143887
257143905
257143917
257143920
257143937
257144006
257144087
257144108
257144437
257144732
257144752
257144790
257144851
257144873
257144922
257144988
257144994
257145001
257145018
257145030
257145066
257145124
257145155
257145420
257145450
257145486
257145499
257145533
257145570
257145585
257145612
257145651
257145754
257145772
257145774
257145991
257146023
257146049
257146094
257146111
257146176
257146345
257146464
257146541
257146662
257146672
257146698
257146745
257146827
257147342
257147357
257147399
257147422
257147622
257147634
257147648
257147677
257147745
257147809
257147847
257148124
257148189
257148208
257148212
257148249
257148312
257148367
257148376
257148413
257148436
257148567
257148806
257148913
257149040
257149148
257149176
257149378
257149417
257149444
257149472
257149589
257149596
257149657
257149736
257149812
257149845
257149861
257150017
257150084
257150102
257150315
257150353
257150398
257150483
257150515
257150529
257150530
257150536
257150594
257150796
257150872
257150925
257151065
257151072
257267461
257267464
257267486
257267517
257267681
257268090
257268116
257268203
257268221
257268448
257268716
257268770
257269229
257269243
257269291
257269355
257269567
257269606
257269607
257269673
257269847
257269917
257269926
257270247
257270269
257270273
257270335
257270514
257270517
257270666
257270726
257270863
257270868
257270903
257271030
257271096
257271167
257271404
257271675
257271717
257271936
257271969
257272001
257272145
257272182
257272245
257272270
257272453
257272464
257272704
257272748
257272825
257272847
257273282
257273338
257273372
257273444
257273518
257273521
257273570
257273870
257273917
257273987
257274055
257274090
257274151
257274238
257274866
257274945
257274995
257274999
257275411
257275567
257275693
257275748
257275855
257276144
257276271
257276310
257276342
257276405
257276515
257276642
257276674
257276804
257277031
257277142
257277355
257277368
257277404
257277421
257277536
257277783
257277829
257277898
257277929
257278019
257278147
257278177
257278286
257278392
257278417
257278427
257278436
257278492
257278545
257278703
257278879
257278881
257278988
257279107
257279111
257279159
257279269
257279505
257279553
257279655
257279700
257279839
257279865
257280095
257280143
257280190
257280246
257280315
257280457
257280578
257280714
257281054
257281065
257281138
257281423
257281653
257281752
257281929
257281940
257282067
257282234
257282303
257282354
257282504
257282544
257282894
257282921
257283039
257283137
257283346
257283376
257283469
257283605
257283705
257284114
257284353
257284355
257284409
257284633
257284797
257284908
257285109
257285244
257285276
257285310
257285455
257285496
257285798
257285955
257286046
257286269
257286286
257286559
257286670
257286671
257286681
257286863
257286910
257286954
257175131
257175858
257175954
257176168
257176294
257176295
257176301
257176322
257176323
257176325
257176386
257176466
257176469
257176481
257176573
257176577
257176641
257176648
257176687
257176781
257176803
257176894
257176895
257177052
257177113
257177150
257177170
257177209
257177226
257177280
257177355
257177377
257177521
257177528
257177548
257177630
257177631
257177632
257177641
257177644
257177664
257177708
257177725
257177741
257177755
257177835
257177851
257177924
257177947
257177970
257178044
257178055
257178059
257178108
257178112
257178323
257178372
257178500
257178527
257178538
257178559
257178667
257178817
257178865
257178880
257178946
257178987
257179052
257179075
257179098
257179260
257179269
257179289
257179375
257179443
257179503
257179527
257179544
257179636
257179673
257179790
257179804
257179856
257179974
257180057
257180125
257180131
257180198
257180290
257180357
257180498
257180592
257180725
257180737
257180753
257180757
257180818
257180849
257180920
257180935
257181028
257181066
257181093
257181099
257181102
257181133
257181148
257181159
257181166
257181193
257181273
257181278
257181437
257181497
257181547
257181604
257181681
257181766
257181924
257182037
257182105
257182118
257182205
257182215
257182254
257182419
257182452
257182634
257182646
257182672
257182811
257182883
257183495
257183643
257183683
257183704
257183724
257183757
257183778
257183906
257184030
257184299
257184367
257184651
257184665
257184698
257184745
257184749
257184767
257184811
257184820
257184845
257184921
257184940
257184961
257184993
257184994
257185039
257185202
257185275
257185496
257185511
257185513
257185602
257185894
257185973
257186093
257186338
257186476
257186646
257186684
257186699
257186731
257186770
257186773
257186915
257186993
257187044
257187219
257187293
257187354
257187549
257187572
257187585
257187651
257187683
257187703
257187746
257187783
257187827
257187851
257187912
257188058
257188101
257188108
257188119
257188192
257188354
257188365
257188379
257188565
257188664
257188774
257188927
257188967
257189179
257189302
257189305
257189325
257189372
257189426
257189531
257189540
257189547
257189567
257189620
257189648
257189657
257189733
257189755
257189824
257189867
257189970
257190009
257190043
257190076
257190133
257190142
257190301
257190322
257190327
257190436
257190630
257190663
257190684
257190746
257190758
257190777
257190791
257190904
257190955
257190964
257191018
257191029
257191041
257191078
257191100
257191177
257191213
257191298
257191347
257191386
257191405
257191423
257191429
257191430
257191473
257191480
257191484
257191601
257191650
257191666
257191678
257191782
257191784
257191860
257191894
257192012
257192103
257192112
257192228
257192229
257192233
257192281
257192297
257192314
257192507
257192595
257192598
257192606
257192608
257192629
257192630
257192643
257192701
257192780
257192891
257192903
257192926
257192946
257192983
257193015
257193152
257193192
257193195
257193261
257193317
257193321
257193337
257193344
257193354
257193391
257193456
257193488
257193514
257193577
257193586
257193619
257193629
257193674
257193706
257193739
257193764
257193835
257193846
257193868
257193926
257193939
257193940
257193979
257194006
257194093
257194095
257194135
257194219
257194272
257194280
257194325
257194386
257194446
257194546
257194555
257194572
257194604
257194617
257194625
257194701
257194730
257194778
257194851
257195002
257195014
257195026
257195043
257195253
257195559
257195865
257195882
257195958
257196277
257196314
257196331
257334542
257335260
257335490
257335661
257335758
257335780
257335901
257335957
257336022
257336146
257336311
257336329
257336341
257336350
257336365
257336415
257336454
257336503
257336514
257336530
257336591
257336618
257336625
257336642
257336660
257336702
257336706
257336795
257336925
257337042
257337062
257337184
257337413
257337458
257337540
257337594
257337730
257337999
257338137
257338155
257338242
257338329
257338344
257338393
257338442
257338599
257338777
257338782
257339271
257339279
257339318
257339320
257339412
257339484
257339582
257339587
257339595
257339623
257339640
257339932
257340080
257340172
257340191
257340320
257340606
257340765
257340766
257340881
257341078
257341202
257341220
257341239
257341254
257341379
257341390
257341539
257342001
257342040
257342223
257342356
257342540
257342626
257342801
257343044
257343090
257343153
257343202
257343267
257343278
257343317
257343329
257343515
257343585
257343876
257344014
257344237
257344772
257345161
257345292
257345471
257346056
257346065
257346139
257346150
257346307
257346355
257346406
257346444
257346446
257346504
257346652
257346740
257347009
257347359
257347377
257347681
257347923
257348071
257348114
257348138
257348245
257348254
257348260
257348326
257348361
257348566
257348673
257348847
257348982
257349049
257349087
257349107
257349173
257349213
257349405
257349411
257349450
257349692
257349741
257349802
257349819
257349857
257349977
257350026
257350059
257350087
257350112
257350210
257350282
257350376
257350394
257350405
257350547
257350586
257350630
257350724
257350738
257350855
257350894
257350943
257351177
257351227
257351245
257351341
257351397
257351402
257351466
257351550
257351599
257351876
257351947
257352029
257352067
257352068
257352138
257352240
257352306
257352401
257352482
257352503
257352510
257352558
257352570
257352631
257352660
257352670
257352682
257352693
257352700
257352713
257352896
257352910
257352958
257353004
257353028
257353029
257353034
257353179
257353252
257353305
257353331
257353385
257353476
257353516
257353670
257353675
257353710
257353750
257354241
257354592
257354942
257354948
257354966
257197802
257197947
257197990
257198001
257198009
257198012
257198032
257198039
257198045
257198047
257198086
257198145
257198167
257198240
257198255
257198266
257198297
257198335
257198347
257198373
257198374
257198393
257198433
257198449
257198474
257198546
257198703
257198758
257199006
257199046
257199139
257199183
257199296
257199339
257199346
257199451
257199488
257199509
257199520
257199588
257199590
257199635
257199641
257199687
257199700
257199903
257199950
257200055
257200072
257200193
257200197
257200229
257200310
257200445
257200514
257200593
257200598
257200614
257200622
257200669
257200697
257200704
257200749
257200773
257200777
257200898
257200956
257200969
257200970
257201026
257201082
257201305
257201402
257201438
257201481
257201494
257201780
257201798
257201882
257201928
257202022
257202161
257202198
257202358
257202435
257202440
257202474
257202485
257202567
257202721
257202784
257202813
257202844
257202864
257202885
257202900
257202919
257202967
257203046
257203112
257203172
257203257
257203287
257203316
257203447
257203525
257203626
257203823
257203852
257203983
257203991
257204003
257204024
257204471
257204552
257204672
257204714
257204810
257204958
257205049
257205115
257205270
257205285
257205532
257205556
257205888
257205950
257205972
257205989
257206112
257206307
257206466
257206517
257206547
257206606
257206649
257206738
257206817
257206870
257206892
257207094
257207265
257207357
257207507
257207769
257207840
257207881
257207924
257207946
257208060
257208089
257208407
257208628
257208662
257208775
257208803
257208881
257208942
257209011
257209275
257209286
257209420
257209431
257209536
257209592
257209605
257209622
257209708
257209749
257209769
257209817
257209835
257209843
257209866
257209867
257209949
257210032
257210125
257210165
257210177
257210232
257210279
257210281
257210349
257210422
257210498
257210561
257210635
257210712
257210749
257210765
257210823
257210945
257210985
257211003
257211004
257211081
257211387
257211535
257211584
257211590
257211711
257211743
257211931
257211943
257212146
257212180
257212225
257212289
257212373
257212431
257212456
257212519
257212534
257212548
257212605
257212609
257212636
257212669
257212794
257212803
257212815
257212820
257212825
257212857
257212906
257213018
257213026
257213027
257213060
257213074
257213077
257213085
257213101
257213104
257213109
257213152
257213219
257213271
257213292
257213368
257213375
257213472
257213489
257213492
257213498
257213527
257213531
257213536
257213544
257213602
257213603
257213695
257213736
257213756
257213771
257213796
257213832
257213861
257213884
257213971
257213984
257214208
257214295
257214360
257214367
257214401
257214442
257214666
257214668
257214706
257214802
257214941
257214959
257214967
257215040
257215094
257215096
257215133
257215228
257215340
257215363
257215364
257215403
257215435
257215457
257215466
257215498
257215558
257215679
257215682
257215706
257215713
257215744
257215912
257215917
257215939
257215942
257215987
257216019
257216025
257216032
257216067
257216124
257216135
257216189
257216212
257216224
257216236
257216243
257216269
257216384
257216427
257216677
257216697
257216698
257216702
257216713
257216716
257216718
257216748
257216757
257216803
257216810
257216870
257216984
257216991
257217016
257217024
257217072
257217108
257217181
257217199
257217379
257217652
257217813
257217823
257217925
257218068
257218076
257218167
257152143
257152592
257152630
257152638
257152644
257152717
257152737
257152820
257152861
257152977
257153018
257153036
257153056
257153084
257153092
257153138
257153139
257153174
257153189
257153221
257153343
257153446
257153458
257153533
257153622
257153628
257153666
257153779
257153805
257153911
257153933
257153968
257154014
257154024
257154042
257154053
257154066
257154081
257154090
257154112
257154115
257154193
257154194
257154203
257154222
257154235
257154276
257154300
257154328
257154334
257154372
257154408
257154471
257154490
257154534
257154676
257154692
257154695
257154699
257154769
257154819
257154834
257155023
257155043
257155136
257155352
257155387
257155399
257155535
257155659
257155663
257155694
257155757
257155832
257155876
257155925
257156040
257156053
257156060
257156231
257156321
257156369
257156380
257156422
257156649
257156748
257156907
257156944
257156946
257157093
257157196
257157316
257157333
257157440
257157441
257157459
257157461
257157462
257157505
257157514
257157523
257157583
257157632
257157758
257157820
257157861
257157862
257157874
257158034
257158127
257158179
257158314
257158384
257158401
257158417
257158445
257158446
257158466
257158623
257158634
257159009
257159011
257159027
257159058
257159101
257159167
257159293
257159299
257159603
257159769
257159839
257160013
257160147
257160193
257160281
257160294
257160383
257160456
257160469
257160537
257160563
257160740
257160748
257160841
257160998
257161067
257161068
257161155
257161180
257161358
257161490
257161805
257161820
257161832
257161928
257161935
257161944
257161964
257161966
257161967
257162021
257162029
257162053
257162082
257162106
257162133
257162435
257162483
257163165
257163214
257163254
257163497
257163615
257163624
257163747
257163824
257163900
257164062
257164110
257164121
257164227
257164548
257164627
257164749
257164753
257164763
257164927
257165010
257165027
257165123
257165178
257165207
257165284
257165290
257165301
257165335
257165349
257165380
257165389
257165473
257165562
257165596
257165650
257165750
257165943
257165968
257165971
257165978
257166073
257166343
257166363
257166367
257166377
257166466
257166536
257166552
257166628
257166787
257166918
257166958
257166982
257166984
257167014
257167020
257167082
257167158
257167218
257167280
257167299
257167310
257167469
257167497
257167576
257167635
257167697
257167747
257167828
257167902
257167936
257167991
257167993
257168011
257168088
257168104
257168119
257168169
257168189
257168280
257168305
257168390
257168394
257168478
257168489
257168531
257168539
257168563
257168628
257168665
257168683
257168718
257168729
257168740
257168807
257168818
257168836
257168858
257168956
257169046
257169083
257169115
257169139
257169145
257169170
257169188
257169279
257169309
257169345
257169380
257169414
257169437
257169444
257169450
257169547
257169596
257169616
257169628
257169706
257169718
257169781
257169785
257169877
257169882
257169889
257169971
257169980
257170005
257170064
257170072
257170124
257170159
257170389
257170395
257170399
257170554
257170566
257170636
257170754
257170755
257170773
257170809
257170822
257170879
257171060
257171174
257171211
257171216
257171235
257171249
257171268
257171284
257171527
257171540
257171545
257171697
257171728
257171758
257171871
257171902
257171903
257171970
257172003
257172008
257172026
257172039
257172101
257172121
257172248
257172272
257172288
257172312
257172344
257172457
257172500
257172648
257172672
257172680
257172774
257172829
257172851
257172910
257172922
257172942
257172967
257173061
257173190
257173417
257173464
257173685
257173721
257173821
257173899
257174009
257174012
257174032
257174191
257174517
257174546
257174548
257174579
257309768
257309807
257309947
257309948
257310180
257310189
257310367
257310383
257310567
257310601
257310682
257310937
257310966
257311073
257311097
257311105
257311115
257311402
257311416
257311507
257311576
257311636
257311664
257311688
257311754
257311899
257311900
257312032
257312121
257312280
257312311
257312385
257312496
257312520
257312625
257312648
257312651
257312731
257312982
257313009
257313076
257313099
257313106
257313235
257313293
257313389
257313400
257313531
257313569
257313797
257313973
257314069
257314082
257314207
257314239
257314322
257314559
257314635
257314800
257314801
257315074
257315107
257315166
257315175
257315178
257315207
257315210
257315226
257315230
257315325
257315362
257315376
257315396
257315496
257315540
257315799
257315838
257316055
257316201
257316273
257316358
257316381
257316547
257316580
257316690
257316699
257316835
257317156
257317332
257317422
257317535
257317571
257317616
257317636
257317860
257317914
257317998
257318110
257318121
257318208
257318355
257318526
257318634
257318756
257318822
257319239
257319301
257319399
257319541
257319567
257319674
257319763
257319908
257320140
257320188
257320283
257320564
257320842
257321009
257321095
257321113
257321177
257321363
257321729
257321956
257322264
257322384
257322388
257322410
257322467
257322536
257322728
257322929
257322995
257322999
257323158
257323254
257323675
257323703
257323999
257324023
257324066
257324121
257324166
257324229
257324367
257324385
257324427
257324678
257324702
257324703
257324711
257324860
257324926
257325126
257325134
257325152
257325169
257325294
257325464
257325533
257325646
257325690
257325895
257325975
257326179
257326240
257326685
257326741
257326758
257326771
257326869
257327002
257327110
257327484
257327659
257327703
257327754
257327793
257327896
257327932
257328067
257328073
257328192
257328238
257328338
257328457
257328542
257328555
257328718
257328760
257328773
257328834
257328912
257328994
257329011
257329131
257329281
257329325
257329368
257329386
257329467
257329548
257329661
257329777
257329921
257329925
257329975
257330045
257330260
257330379
257330537
257330588
257330715
257330788
257330823
257330853
257330975
257331177
257331271
257331704
257331711
257331771
257331814
257331880
257331950
257332011
257332065
257332077
257332083
257332405
257332526
257332728
257333047
257333088
257333189
257333196
257333218
257333299
257333351
257333371
257356994
257357040
257357482
257357644
257357747
257357821
257357913
257357972
257358006
257358066
257358116
257358128
257358178
257358259
257358287
257358416
257358478
257358670
257358708
257358726
257358914
257359326
257360139
257360165
257360201
257360207
257360208
257360872
257361186
257361250
257361523
257361532
257361892
257361908
257362154
257362300
257362719
257362876
257362913
257362966
257363019
257363323
257364293
257364359
257364593
257364802
257365118
257365252
257365265
257365507
257365882
257365948
257366031
257366117
257366128
257366174
257366276
257366817
257367580
257367935
257368258
257368461
257368543
257368581
257368588
257368618
257368779
257368787
257368809
257368866
257369002
257369238
257369423
257369498
257369543
257369727
257370390
257370442
257370487
257370525
257370541
257370578
257370581
257370795
257371065
257371217
257371418
257371433
257371444
257371569
257371649
257371656
257371761
257371782
257371902
257371949
257371969
257372020
257372060
257372087
257372214
257372380
257372410
257372447
257372461
257372510
257372618
257372749
257372758
257372787
257372884
257373070
257373077
257373301
257373326
257373407
257373611
257373774
257373838
257373966
257374163
257374164
257374225
257374283
257374370
257374396
257374399
257374409
257374467
257374610
257374635
257374672
257374718
257374893
257374963
257375000
257375035
257375051
257375086
257375138
257375155
257375188
257375194
257375218
257375221
257375341
257375462
257375645
257375666
257375703
257375738
257375783
257375883
257375892
257376052
257376100
257376167
257376272
257376454
257376552
257376771
257377126
257220040
257220276
257220303
257220346
257220371
257220380
257220392
257220399
257220413
257220452
257220572
257220655
257220665
257220677
257220700
257220813
257220911
257220917
257220929
257221047
257221051
257221162
257221213
257221329
257221459
257221533
257221614
257221710
257221719
257221745
257221767
257221831
257221838
257221847
257221878
257221901
257221914
257221964
257221996
257222057
257222065
257222068
257222071
257222131
257222155
257222177
257222197
257222355
257222443
257222485
257222637
257222662
257222699
257222763
257222914
257222945
257222982
257223003
257223020
257223091
257223143
257223172
257223197
257223204
257223383
257223426
257223613
257223735
257223887
257223933
257224066
257224254
257224275
257224534
257224559
257224620
257224924
257224955
257224973
257224996
257225014
257225015
257225026
257225036
257225125
257225226
257225251
257225304
257225312
257225316
257225320
257225351
257225369
257225377
257225642
257225682
257225685
257225686
257225728
257225775
257225836
257226000
257226012
257226013
257226034
257226161
257226226
257226293
257226419
257226528
257226602
257226688
257226702
257226813
257226838
257226938
257226995
257227023
257227177
257227236
257227243
257227255
257227308
257227704
257227886
257227888
257228238
257228269
257228360
257228586
257228624
257228647
257228830
257229041
257229314
257229319
257229348
257229394
257229404
257229443
257229488
257229510
257229522
257229563
257229619
257229630
257229919
257230000
257230141
257230222
257230229
257230676
257230992
257231120
257231548
257231549
257231550
257231600
257231601
257231602
257231672
257231707
257231745
257231940
257232058
257232175
257232199
257232225
257232353
257232374
257232489
257232492
257232616
257232663
257232668
257232678
257232691
257232712
257232718
257232752
257232766
257232787
257232823
257232891
257232959
257233040
257233140
257233151
257233350
257233415
257233447
257233479
257233655
257233679
257233716
257233763
257233809
257233811
257233841
257233906
257233937
257234087
257234109
257234114
257234271
257234579
257234674
257234781
257234783
257234850
257234884
257234995
257235024
257235125
257235140
257235190
257235200
257235280
257235290
257235387
257235417
257235605
257235625
257235640
257235669
257235692
257235703
257235715
257235775
257235791
257235805
257235880
257235973
257236027
257236045
257236077
257236165
257236169
257236177
257236217
257236306
257236316
257236328
257236392
257236457
257236516
257236569
257236709
257236850
257236937
257236948
257236949
257236982
257237022
257237086
257237101
257237153
257237162
257237285
257237331
257237489
257237625
257237630
257237640
257237644
257237648
257237700
257237734
257237764
257237780
257237989
257238019
257238029
257238053
257238060
257238134
257238176
257238212
257238235
257238254
257238325
257238365
257238398
257238414
257238421
257238437
257238546
257238653
257238673
257238705
257238849
257238881
257238882
257238885
257238945
257239014
257239084
257239091
257239193
257239232
257239244
257239327
257239347
257239353
257239397
257239463
257239469
257239563
257239644
257239687
257239694
257239718
257239745
257239793
257239828
257239864
257239906
257239907
257239975
257240043
257240059
257240087
257240089
257240194
257240235
257240324
257240340
257240344
257240364
257240447
257240625
257240655
257240684
257240805
257240817
257240818
257240819
257240850
257240873
257241132
257241190
257241354
257241368
257241593
257241639
257241674
257241819
257241899
257242126
257242139
257242154
257287102
257287336
257287347
257287381
257287475
257287889
257288012
257288013
257288069
257288286
257288419
257288639
257288667
257288724
257288881
257289094
257289101
257289167
257289227
257289318
257289518
257289866
257290139
257290148
257290257
257290433
257290549
257290671
257290700
257290770
257290972
257291049
257291361
257291382
257291496
257291511
257291667
257291706
257291808
257291902
257292069
257292146
257292251
257292271
257292451
257292481
257292555
257292611
257292744
257292826
257292847
257292862
257293015
257293027
257293070
257293112
257293135
257293241
257293268
257293380
257293385
257293558
257293575
257293598
257293813
257293828
257293920
257294026
257294051
257294166
257294198
257294240
257294268
257294431
257294582
257294607
257294767
257294931
257294954
257294985
257295049
257295254
257295297
257295303
257295333
257295381
257295462
257295699
257295730
257295804
257295828
257295837
257295879
257295939
257295963
257296086
257296089
257296134
257296146
257296182
257296184
257296193
257296266
257296434
257296626
257296651
257296717
257296719
257296748
257296908
257296917
257296925
257296977
257297084
257297085
257297099
257297111
257297275
257297282
257297355
257297360
257297379
257297524
257297606
257297702
257297838
257297960
257298020
257298044
257298169
257298194
257298222
257298241
257298368
257298404
257298405
257298720
257298757
257298787
257298819
257298834
257299159
257299274
257299276
257299377
257299484
257299498
257299564
257299585
257299698
257299746
257299792
257299953
257299988
257300051
257300054
257300105
257300140
257300165
257300180
257300200
257300263
257300347
257300410
257300567
257300575
257300660
257300750
257300823
257300839
257300950
257301267
257301418
257301481
257301627
257301727
257301728
257301729
257301762
257301809
257301839
257301948
257302067
257302101
257302209
257302270
257302347
257302368
257302424
257302467
257302663
257302772
257302773
257302817
257302956
257303036
257303038
257303078
257303233
257303302
257303418
257303440
257303447
257303464
257303576
257303738
257304078
257304107
257304115
257304252
257304543
257304571
257304719
257304810
257304879
257304970
257304990
257305163
257305171
257305185
257305281
257305395
257305515
257305546
257305714
257305752
257305878
257305964
257306149
257306190
257306446
257306498
257306564
257306615
257306680
257306922
257307145
257307195
257307303
257307327
257307399
257307489
257307510
257307549
257307931
257308029
257308070
257308128
257308132
257308174
257308176
257308372
257308548
257308557
257308558
257308583
257308648
257308675
257308720
257308766
257308983
257309010
257309025
257309080
257309102
257309106
257309369
257309475
257309623
257426263
257426275
257426453
257426612
257426664
257426881
257427065
257427133
257427135
257427452
257427498
257427529
257427564
257427610
257427771
257427813
257427864
257427939
257427955
257428000
257428121
257428292
257428483
257428551
257428563
257428622
257428774
257428853
257428937
257428961
257429094
257429104
257429225
257429233
257429295
257429318
257429324
257429578
257429646
257429902
257429977
257430013
257430091
257430221
257430340
257430416
257430661
257430791
257431103
257431169
257431199
257431215
257431290
257431466
257431519
257431570
257431638
257431661
257431728
257431736
257431825
257431933
257432062
257432086
257432222
257432323
257432373
257432952
257433137
257433283
257433291
257433478
257433512
257433530
257433531
257433761
257433824
257434103
257434117
257434129
257434171
257434208
257434215
257434244
257434354
257434359
257434405
257434435
257434484
257434493
257434891
257435062
257435069
257435271
257435550
257435616
257435722
257435795
257435810
257435823
257435980
257436119
257436136
257436148
257436240
257436282
257436326
257436350
257436356
257436574
257436784
257437164
257437214
257437514
257437566
257437591
257437666
257437708
257437768
257438142
257438235
257438300
257438345
257438446
257438458
257438564
257438568
257438598
257438657
257438732
257438831
257438855
257438860
257438874
257439130
257439157
257439259
257439444
257439472
257439541
257439694
257440219
257440431
257440534
257440559
257440614
257440842
257440865
257440970
257441114
257441200
257441260
257441426
257441449
257441456
257441510
257441602
257441636
257441966
257442020
257442057
257442067
257442130
257442335
257442392
257442569
257442740
257442890
257443065
257443139
257443226
257443368
257443459
257443549
257443694
257443700
257443702
257443835
257444085
257444107
257444399
257444401
257444559
257444627
257444768
257444889
257445031
257445085
257445149
257445206
257445252
257445324
257445360
257445567
257445594
257445798
257445874
257242431
257242513
257242532
257242543
257242602
257242633
257242714
257242768
257242789
257242839
257242921
257243168
257243383
257243403
257243562
257243706
257243860
257243969
257244026
257244066
257244078
257244108
257244118
257244150
257244221
257244250
257244282
257244354
257244420
257244446
257244501
257244589
257244615
257244621
257244638
257244896
257244926
257245200
257245387
257245459
257245563
257245584
257245731
257245738
257245845
257245897
257245899
257246112
257246166
257246318
257246323
257246355
257246390
257246601
257246619
257246631
257246677
257246837
257247029
257247046
257247103
257247130
257247175
257247345
257247600
257247616
257247731
257247743
257247782
257247813
257247822
257248048
257248068
257248333
257248397
257248413
257248490
257248547
257248814
257248982
257249289
257249338
257249398
257249460
257249603
257249650
257249803
257250008
257250070
257250149
257250255
257250392
257250407
257250433
257250549
257250699
257250796
257250873
257250931
257250966
257250970
257250979
257251309
257251371
257251497
257251523
257251531
257251681
257251836
257252003
257252081
257252140
257252256
257252382
257252410
257252604
257252727
257252784
257252975
257252981
257253008
257253082
257253154
257253164
257253194
257253283
257253395
257253398
257253427
257253560
257253607
257253666
257253803
257253823
257253908
257253918
257253971
257253980
257254077
257254101
257254102
257254134
257254209
257254267
257254273
257254367
257254400
257254606
257254749
257254884
257254989
257255003
257255066
257255072
257255099
257255196
257255338
257255367
257255495
257255528
257255529
257255681
257255714
257255716
257255741
257255768
257255863
257255979
257256062
257256259
257256270
257256291
257256302
257256479
257256535
257256566
257256591
257256861
257256886
257257000
257257067
257257191
257257218
257257326
257257346
257257349
257257375
257257407
257257442
257257513
257257549
257257569
257257636
257257639
257257688
257257986
257258088
257258153
257258217
257258275
257258406
257258449
257258476
257258535
257258702
257258743
257258805
257258968
257259018
257259053
257259153
257259170
257259306
257259432
257259442
257259532
257259654
257259710
257259731
257259735
257259775
257259974
257259988
257260102
257260186
257260212
257260253
257260511
257260605
257260772
257260900
257260913
257260955
257261138
257261178
257261272
257261372
257261402
257261420
257261505
257261556
257261589
257261675
257261753
257261763
257261917
257262066
257262296
257262312
257262384
257262407
257262533
257262547
257262607
257262716
257262717
257262723
257262742
257262798
257262822
257262841
257262845
257262927
257263100
257263104
257263197
257263218
257263264
257263265
257263443
257263678
257263688
257263739
257263775
257263779
257263834
257263983
257264086
257264137
257264248
257264521
257264556
257264725
257264731
257264745
257264752
257264792
257264897
257264965
257264995
257265064
257265091
257265338
257265458
257265522
257265549
257265571
257265675
257265686
257265717
257265892
257265893
257265999
257266258
257266318
257266512
257266793
257266806
257266882
257266982
257267038
257267293
257267351
257267398
257267405
257379263
257379286
257379287
257379320
257379323
257379467
257379543
257379662
257379679
257379696
257379697
257379831
257379868
257379921
257380027
257380095
257380122
257380132
257380265
257380284
257380320
257380486
257380496
257380517
257380519
257380632
257380655
257380661
257380668
257380670
257380677
257380687
257380694
257380717
257380768
257380861
257380875
257380886
257380906
257380935
257381025
257381043
257381070
257381147
257381245
257381557
257381604
257381663
257381678
257381758
257381814
257381847
257381848
257381903
257381908
257381959
257382008
257382036
257382054
257382093
257382107
257382259
257382297
257382388
257382482
257382809
257382828
257382857
257383040
257383073
257383342
257383497
257383537
257383648
257383717
257383748
257383758
257383882
257383901
257383947
257383955
257384012
257384014
257384092
257384152
257384213
257384245
257384267
257384275
257384302
257384385
257384403
257384423
257384484
257384542
257384695
257384727
257384804
257384806
257384908
257384939
257384955
257385043
257385080
257385287
257385440
257385488
257385696
257385747
257385809
257385825
257385964
257386048
257386204
257386215
257386356
257386578
257386806
257387032
257387063
257387089
257387102
257387205
257387238
257387465
257387534
257387541
257387782
257387934
257387935
257387937
257388035
257388095
257388179
257388259
257388291
257388305
257388370
257388373
257388428
257388446
257388523
257388524
257388532
257388629
257388920
257388992
257389157
257389170
257389174
257389499
257389564
257389568
257389776
257390204
257390274
257390404
257390504
257390531
257390543
257390605
257390612
257390624
257390626
257390657
257390725
257390802
257390875
257390887
257391271
257391283
257391290
257391291
257391304
257391336
257391347
257391423
257391472
257391593
257391594
257391615
257391691
257391695
257391726
257391788
257391790
257391825
257391863
257391994
257392134
257392175
257392193
257392195
257392282
257392305
257392326
257392366
257392376
257392392
257392397
257392596
257392647
257392708
257392729
257392747
257392916
257393001
257393017
257393035
257393079
257393262
257393305
257393369
257393429
257393526
257393633
257393634
257393726
257393807
257394068
257394177
257394347
257394385
257394602
257394697
257394732
257394783
257394852
257394972
257395005
257395016
257395029
257395044
257395093
257395108
257395162
257395167
257395192
257395219
257395251
257395297
257395315
257395344
257395350
257395437
257395502
257395583
257395697
257395763
257395774
257395867
257395914
257395933
257396010
257396036
257396054
257396075
257396077
257396103
257396133
257396210
257396270
257396295
257396448
257396468
257396614
257396776
257396818
257396853
257396959
257396968
257397166
257397280
257397318
257397457
257397505
257397633
257397670
257397691
257397771
257397851
257397859
257397860
257397869
257397876
257397895
257397921
257397936
257397952
257397966
257397999
257398006
257398065
257398103
257398124
257398165
257398224
257398361
257398374
257398400
257398423
257398494
257398543
257398546
257398632
257398652
257398668
257398676
257398712
257398769
257398852
257398880
257399000
257399018
257399026
257399129
257399149
257399209
257399269
257399376
257399400
257399412
257399455
257399581
257399678
257399745
257399818
257399835
257399858
257399863
257399875
257399900
257399960
257399989
257400106
257400360
257400663
257400664
257400694
257400754
257400776
257401107
257401151
257401207
257401250
257401657
257401692
257401737
257401747
257401781
257401845
257401911
257401965
257402096
257402190
257402254
257402288
257402340
257402470
257402760
257402896
257402931
257403125
257403138
257403450
257403600
257403669
257403826
257403938
257404039
257404088
257404160
257404168
257404233
257404312
257404512
257404564
257404627
257404653
257404723
257404804
257404851
257404883
257404893
257404958
257405089
257405100
257405129
257405159
257405318
257405531
257405624
257405755
257405762
257405844
257405892
257405944
257406060
257406070
257406127
257406196
257406313
257406319
257406405
257406409
257406569
257406794
257406881
257406896
257406963
257406964
257407010
257407036
257407267
257407303
257407353
257407362
257407408
257407477
257407482
257407484
257407523
257407588
257407636
257407643
257407700
257407725
257407783
257407854
257407899
257407934
257408045
257408061
257408121
257408317
257408334
257408377
257408395
257408475
257408525
257408573
257408604
257408700
257408747
257408864
257408888
257408914
257409008
257409012
257409259
257409270
257409366
257409370
257409465
257409638
257409677
257409712
257409727
257409748
257409776
257409951
257409980
257410162
257410181
257410305
257410324
257410325
257410350
257410365
257410573
257410840
257410842
257410844
257410870
257410874
257410877
257410934
257411029
257411037
257411101
257411267
257411305
257411311
257411450
257411451
257411502
257411552
257411561
257411605
257411735
257411765
257411816
257411834
257411885
257411906
257411971
257412114
257412176
257412207
257412244
257412318
257412336
257412345
257412347
257412366
257412390
257412433
257412507
257412518
257412549
257412620
257412708
257412717
257412735
257412790
257412808
257412886
257412956
257413153
257413210
257413224
257413321
257413919
257414191
257414209
257414222
257414226
257414308
257414442
257414479
257414515
257414542
257414582
257414602
257414642
257414725
257414731
257414746
257414774
257414785
257414826
257414884
257414888
257414922
257415041
257415044
257415122
257415152
257415366
257415410
257415466
257415631
257415708
257415768
257415781
257415905
257415950
257415955
257415957
257416052
257416159
257416217
257416324
257416390
257416404
257416499
257416579
257416642
257416717
257416854
257416855
257416915
257416997
257417043
257417059
257417099
257417173
257417177
257417216
257417247
257417385
257417392
257417495
257417498
257417526
257417535
257417714
257417884
257417970
257418115
257418137
257418246
257418261
257418283
257418309
257418376
257418473
257418544
257418608
257418615
257418617
257418711
257418948
257418975
257419119
257419121
257419319
257419342
257419343
257419364
257419545
257419614
257419619
257419635
257419653
257419747
257419754
257419790
257420147
257420156
257420219
257420328
257420374
257420465
257420539
257420650
257420688
257420690
257420734
257420796
257420898
257420984
257421192
257421222
257421238
257421318
257421384
257421584
257421659
257421790
257421865
257421898
257422062
257422158
257422286
257422346
257422541
257422613
257422755
257422774
257422886
257422910
257422949
257422961
257423014
257423027
257423183
257423187
257423254
257423347
257423354
257423366
257423367
257423395
257423502
257423597
257423607
257423642
257423673
257423704
257423719
257423811
257423918
257424179
257424196
257424232
257424341
257424410
257424427
257424546
257424581
257424588
257424689
257424697
257424730
257424737
257424875
257424928
257424932
257425098
257425196
257425207
257425312
257425316
257425348
257425373
257425384
257425385
257425447
257425546
257425717
257425746
257425778
257425837
257425841
257425941
257425957
257426030
257426086
257426239
257426253
257492080
257492474
257492848
257492952
257493065
257493188
257493369
257493403
257493455
257493484
257493497
257493507
257493531
257493687
257493705
257493714
257493766
257493770
257493783
257493784
257493879
257493903
257493990
257494111
257494120
257494238
257494251
257494392
257494416
257494443
257494456
257494502
257494504
257494515
257494574
257494607
257494668
257494669
257494753
257494793
257494828
257494908
257494920
257494930
257494954
257495010
257495033
257495039
257495079
257495141
257495152
257495199
257495235
257495330
257495454
257495596
257495790
257495848
257495907
257495955
257495960
257495982
257496009
257496016
257496042
257496044
257496054
257496058
257496085
257496099
257496100
257496113
257496142
257496158
257496280
257496282
257496801
257496817
257496827
257496836
257496850
257497018
257497104
257497188
257497263
257497451
257497570
257497615
257497807
257497812
257497820
257497846
257497867
257497879
257497891
257497936
257497943
257497954
257497978
257497998
257498003
257498035
257498121
257498126
257498128
257498130
257498142
257498148
257498225
257498228
257498273
257498385
257498397
257498513
257498547
257498589
257498708
257499116
257499182
257499300
257499331
257499416
257499470
257499477
257499487
257499548
257499714
257499742
257499871
257499884
257500016
257500349
257500498
257500514
257500774
257500825
257500847
257500948
257501108
257501302
257501404
257501430
257501482
257501617
257501695
257501815
257501874
257501891
257501923
257501934
257502005
257502024
257502037
257502061
257502386
257502449
257502480
257502591
257502620
257502666
257503014
257503212
257503215
257503220
257503404
257503806
257503822
257503867
257503938
257504018
257504163
257504304
257504403
257504536
257504540
257504559
257504687
257504795
257504867
257504876
257504931
257504978
257505030
257505079
257505138
257505140
257505309
257505523
257505582
257505817
257505837
257505936
257505957
257505959
257506227
257506229
257506411
257506511
257506528
257506534
257506546
257506567
257506602
257506648
257506746
257506770
257506793
257506813
257506855
257506905
257506908
257507014
257507049
257507160
257507168
257507246
257507249
257507406
257507630
257507644
257507994
257508002
257508050
257508072
257508108
257508180
257508215
257508240
257508250
257508265
257508280
257508360
257508372
257508383
257508390
257508463
257508493
257508554
257508566
257508673
257508717
257508723
257508731
257508791
257508857
257508859
257508875
257508925
257508966
257509050
257509073
257509138
257509182
257509198
257509206
257509306
257509334
257509349
257509485
257509833
257509843
257509859
257509888
257510060
257510177
257510178
257510291
257510401
257510407
257510453
257510551
257510612
257510638
257510639
257510713
257510720
257510735
257510860
257510922
257510932
257510972
257511113
257511123
257511137
257511170
257511172
257511212
257511258
257511294
257511300
257511337
257511367
257511477
257511538
257511584
257511629
257511652
257511661
257511784
257511788
257511816
257512017
257512029
257512079
257512084
257512103
257512173
257512238
257512239
257512350
257512369
257512447
257512594
257512658
257512867
257513158
257513230
257513589
257513590
257513624
257445946
257445959
257446019
257446339
257446400
257446489
257446540
257446607
257446760
257447005
257447063
257447141
257447231
257447244
257447304
257447423
257447518
257447542
257447638
257447854
257447980
257448002
257448295
257448335
257448440
257448457
257448510
257448551
257448788
257448952
257449025
257449028
257449083
257449113
257449119
257449208
257449253
257449555
257449567
257449605
257449623
257449664
257449678
257449795
257449981
257450054
257450075
257450444
257450474
257450561
257450565
257450699
257450700
257450789
257450900
257450910
257450987
257451003
257451064
257451078
257451170
257451211
257451395
257451401
257451492
257451498
257451580
257451625
257451656
257451724
257451741
257451788
257451819
257451950
257452088
257452306
257452400
257452417
257452496
257452521
257452764
257452799
257452807
257453166
257453194
257453199
257453294
257453565
257453645
257453708
257453735
257453766
257453821
257454021
257454055
257454093
257454102
257454155
257454159
257454273
257454315
257454515
257454524
257454551
257454568
257454603
257455001
257455073
257455078
257455236
257455324
257455337
257455379
257455393
257455432
257455689
257455749
257455806
257455922
257456272
257456310
257456311
257456476
257456766
257456997
257457057
257457086
257457092
257457408
257457491
257457536
257457620
257457840
257457862
257457957
257458047
257458059
257458107
257458112
257458115
257458152
257458160
257458172
257458223
257458340
257458477
257458609
257458700
257458742
257458789
257458837
257458842
257458913
257458937
257459293
257459310
257459331
257459404
257459491
257459525
257459608
257459620
257459631
257459671
257459846
257459930
257460002
257460026
257460106
257460138
257460150
257460161
257460237
257460255
257460319
257460372
257460561
257460679
257460840
257460855
257460931
257460946
257460994
257461013
257461023
257461146
257461176
257461279
257461378
257461544
257461554
257461572
257461575
257461681
257461722
257461911
257462043
257462188
257462221
257462231
257462236
257462245
257462308
257462322
257462323
257462351
257462423
257462456
257462471
257462597
257462627
257462983
257463021
257463031
257463149
257463157
257463234
257463270
257463274
257463310
257463335
257463341
257463360
257463397
257463418
257463507
257463635
257463753
257463757
257463825
257463884
257463919
257464086
257464229
257464255
257464299
257464508
257464578
257464604
257464701
257464715
257464738
257464821
257464857
257464884
257464961
257464978
257465019
257465055
257465069
257465308
257465348
257465560
257465743
257465756
257465759
257465820
257465837
257465843
257465869
257465925
257465967
257466004
257466016
257466115
257466146
257466179
257466213
257466218
257466353
257466489
257466492
257466555
257466657
257466720
257466774
257466832
257466901
257466907
257466915
257466956
257467023
257467130
257467148
257467152
257467179
257467260
257467380
257467524
257467570
257467795
257467880
257467945
257468002
257468107
257468188
257468227
257468258
257468289
257469623
257469685
257469713
257469852
257470031
257470070
257470097
257470103
257470108
257470118
257470225
257470236
257470246
257470320
257470362
257470432
257470479
257470507
257470555
257470562
257470665
257470703
257470740
257470783
257470791
257470843
257470847
257470898
257470997
257471090
257471119
257471120
257471145
257471166
257471214
257471226
257471337
257471346
257471381
257471386
257471418
257471434
257471442
257471448
257471489
257471576
257471603
257471766
257471799
257471807
257471874
257471920
257472050
257472212
257472268
257472383
257472448
257472451
257472457
257472512
257472535
257472585
257472586
257472600
257472623
257472683
257472845
257472886
257472932
257473047
257473089
257473092
257473225
257473279
257473280
257473329
257473335
257473337
257473395
257473415
257473637
257473818
257473872
257474127
257474190
257474262
257474355
257474468
257474473
257474478
257474494
257474561
257474613
257474617
257474623
257474701
257474824
257474841
257474844
257474855
257474863
257474886
257474895
257475005
257475171
257475229
257475241
257475246
257475255
257475310
257475355
257475401
257475426
257475474
257475499
257475508
257475748
257475823
257475902
257476032
257476036
257476060
257476113
257476202
257476223
257476266
257476399
257476472
257476593
257476623
257476806
257476832
257476839
257476858
257476869
257476934
257477290
257477510
257477615
257477853
257477954
257478143
257478179
257478296
257478379
257478392
257478394
257478753
257478853
257478860
257478876
257478934
257478947
257479012
257479060
257479131
257479145
257479169
257479195
257479218
257479607
257479624
257479957
257480011
257480286
257480318
257480738
257480839
257481060
257481139
257481143
257481153
257481157
257481266
257481356
257481592
257481621
257481853
257481932
257481983
257482023
257482053
257482193
257482207
257482209
257482256
257482260
257482292
257482322
257482334
257482349
257482519
257482520
257482595
257482681
257482772
257482830
257482888
257482911
257482953
257482976
257482980
257483059
257483060
257483412
257483454
257483536
257483622
257483685
257483686
257483828
257484020
257484036
257484097
257484115
257484222
257484239
257484273
257484283
257484321
257484341
257484532
257484743
257484808
257484942
257484955
257485083
257485138
257485205
257485290
257485386
257485457
257485535
257485552
257485572
257485597
257485605
257485629
257485664
257485760
257485804
257485817
257485857
257485865
257485899
257485939
257486064
257486094
257486099
257486191
257486270
257486272
257486313
257486334
257486348
257486367
257486388
257486412
257486533
257486538
257486586
257486609
257486654
257486656
257486779
257486897
257487014
257487081
257487174
257487190
257487476
257487488
257487490
257487504
257487507
257487528
257487683
257487842
257487848
257487878
257487939
257488232
257488333
257488353
257488354
257488439
257488554
257488560
257488573
257488594
257488703
257488724
257488776
257488841
257488881
257488926
257488946
257488970
257488975
257489007
257489028
257489079
257489129
257489153
257489159
257489164
257489294
257489399
257489403
257489464
257489481
257489533
257489612
257489684
257489729
257489866
257489900
257489936
257489989
257490095
257490118
257490121
257490179
257490214
257490339
257490363
257490380
257490819
257490872
257491093
257491114
257491151
257491603
257491633
257491635
257584605
257584626
257584703
257584732
257584740
257584884
257584921
257584939
257584976
257585237
257585450
257585521
257585818
257585921
257586033
257586056
257586193
257586370
257586402
257586547
257587057
257587087
257587206
257587291
257587434
257587456
257587619
257587626
257587671
257587690
257587728
257587745
257587837
257588140
257588208
257588268
257588700
257588794
257588900
257589024
257589195
257589281
257589307
257589340
257589543
257589745
257589818
257590421
257590512
257590573
257590828
257590999
257591035
257591256
257591288
257591608
257591648
257591685
257591687
257591885
257591912
257592071
257592189
257592311
257592420
257592518
257592586
257592648
257592662
257593002
257593218
257593441
257593470
257593472
257593494
257593495
257593581
257593774
257593868
257594069
257594250
257594634
257594675
257594691
257594911
257594955
257594974
257595279
257595646
257595679
257595713
257595729
257595738
257596020
257596301
257596351
257596415
257596448
257596469
257596669
257596800
257597188
257597214
257597216
257597237
257597297
257597452
257597456
257597711
257597722
257597760
257597771
257598105
257598210
257598262
257598307
257598319
257598541
257598622
257598675
257598790
257598910
257599370
257599417
257599483
257599561
257599647
257599775
257599799
257599812
257599855
257599957
257600043
257600136
257600243
257600289
257600437
257600497
257600513
257600614
257600626
257600650
257600661
257600904
257600938
257601068
257601253
257601317
257601598
257601700
257601702
257601833
257601943
257602122
257602236
257602556
257602622
257602720
257602892
257603073
257603143
257603286
257603317
257603571
257603799
257603805
257603942
257603943
257603966
257604026
257604068
257515303
257515326
257515342
257515352
257515364
257515369
257515500
257515538
257515611
257515673
257515732
257515733
257515745
257515857
257515911
257515912
257516064
257516094
257516111
257516114
257516128
257516365
257516419
257516531
257516613
257516655
257516684
257516720
257516768
257516785
257516815
257516831
257516846
257516887
257516902
257516965
257516973
257517005
257517046
257517054
257517095
257517293
257517367
257517418
257517678
257517794
257517821
257517829
257517895
257517899
257517904
257517915
257517927
257517946
257517954
257517960
257517987
257518011
257518034
257518047
257518057
257518215
257518241
257518255
257518642
257518744
257518752
257519107
257519155
257519293
257519335
257519505
257519534
257519637
257519780
257519820
257519822
257519845
257519892
257519918
257519939
257519968
257519989
257520133
257520160
257520163
257520216
257520262
257520281
257520297
257520458
257520547
257520595
257520626
257520629
257520674
257520708
257520798
257520944
257520965
257521141
257521187
257521217
257521224
257521370
257521376
257521387
257521476
257521536
257521711
257521713
257522071
257522451
257522568
257522611
257522731
257522958
257523273
257523313
257523343
257523603
257523631
257523772
257523955
257523984
257524001
257524066
257524079
257524101
257524175
257524253
257524294
257524327
257524340
257524376
257524674
257524714
257524718
257524783
257524915
257524932
257524938
257525030
257525169
257525357
257525379
257525601
257525690
257525815
257526014
257526120
257526202
257526212
257526238
257526295
257526533
257526693
257526829
257526858
257526899
257526995
257527004
257527108
257527183
257527232
257527240
257527243
257527279
257527375
257527494
257527742
257527922
257527930
257527934
257528072
257528074
257528130
257528236
257528333
257528351
257528437
257528451
257528480
257528603
257529019
257529106
257529122
257529136
257529183
257529231
257529320
257529387
257529595
257529604
257529710
257529880
257530072
257530153
257530254
257530271
257530296
257530488
257530502
257530575
257530757
257530780
257530804
257530805
257530817
257530828
257530849
257530853
257530887
257530954
257530961
257531059
257531084
257531090
257531161
257531190
257531209
257531225
257531227
257531252
257531259
257531261
257531265
257531317
257531328
257531391
257531424
257531458
257531524
257531547
257531623
257531881
257531976
257532049
257532075
257532113
257532448
257532509
257532516
257532563
257532641
257532756
257532767
257532874
257532900
257533009
257533018
257533119
257533130
257533166
257533180
257533204
257533278
257533279
257533288
257533309
257533353
257533390
257533394
257533430
257533456
257533565
257533699
257533704
257533705
257533714
257533745
257533752
257533789
257533812
257533878
257533975
257533979
257534098
257534133
257534186
257534266
257534357
257534385
257534601
257534715
257534741
257534834
257534982
257535017
257535036
257535048
257535221
257535226
257535354
257535375
257535533
257535912
257535934
257535951
257536324
257536347
257536472
257673480
257673685
257673742
257673812
257673901
257673912
257673962
257673978
257673996
257674051
257674068
257674147
257674238
257674293
257674404
257674426
257674435
257674446
257674519
257674578
257674646
257674680
257674787
257674795
257674829
257674899
257674925
257674954
257674979
257674999
257675012
257675017
257675034
257675050
257675057
257675115
257675151
257675158
257675202
257675360
257675406
257675440
257675549
257675591
257675594
257675685
257675693
257675763
257675788
257675797
257675833
257675999
257676159
257676178
257676183
257676194
257676223
257676233
257676240
257676300
257676313
257676363
257676488
257676501
257676697
257676727
257676930
257677015
257677031
257677034
257677040
257677319
257677362
257677389
257677400
257677422
257677439
257677459
257677493
257677573
257677594
257677673
257677717
257677776
257677899
257678004
257678011
257678018
257678032
257678039
257678142
257678273
257678285
257678316
257678328
257678338
257678410
257678431
257678476
257678571
257678668
257678670
257678688
257678770
257678787
257678900
257678981
257679034
257679052
257679274
257679442
257679470
257679513
257679580
257679591
257679657
257679675
257679697
257679709
257679834
257679863
257679949
257680085
257680100
257680121
257680123
257680188
257680207
257680320
257680415
257680499
257680551
257680713
257680805
257680877
257680886
257681081
257681317
257681329
257681358
257681897
257681948
257681991
257682090
257682107
257682216
257682218
257682231
257682242
257682324
257682499
257682629
257682649
257682807
257682820
257683101
257683211
257683237
257683312
257683374
257683417
257683669
257683794
257683832
257684094
257684112
257684114
257684196
257684454
257684605
257684626
257684656
257684781
257684917
257684994
257685093
257685100
257685154
257685172
257685366
257685513
257685624
257685768
257685806
257685843
257685946
257686080
257686088
257686148
257686150
257686161
257686169
257686198
257686260
257686292
257686655
257686774
257686848
257686989
257687160
257689231
257689276
257689322
257689353
257689636
257689640
257689664
257689694
257689794
257689810
257689850
257689884
257690131
257690139
257690329
257690402
257690412
257690452
257690488
257690493
257690509
257690722
257690752
257690820
257690859
257690893
257690914
257690956
257690993
257691010
257691046
257691074
257691127
257691184
257691211
257691231
257691247
257691295
257691409
257691428
257691448
257691526
257691555
257691606
257691644
257691671
257691695
257691712
257691743
257691770
257691816
257691865
257691960
257691984
257692027
257692062
257692152
257692207
257692378
257692411
257692428
257692496
257692595
257693557
257693655
257693677
257693733
257693805
257693807
257693826
257694158
257694170
257537675
257537814
257537870
257538036
257538076
257538303
257538343
257538443
257538513
257538521
257538573
257538607
257538621
257538688
257538750
257538793
257538896
257538902
257538946
257538983
257539021
257539136
257539174
257539201
257539205
257539246
257539327
257539406
257539443
257539449
257539453
257539474
257539502
257539529
257539582
257539603
257539616
257539680
257539702
257539726
257539762
257539839
257539843
257539848
257539925
257540024
257540029
257540073
257540092
257540176
257540319
257540325
257540355
257540365
257540383
257540415
257540454
257540545
257540571
257540600
257540679
257540684
257540723
257540761
257540809
257541018
257541029
257541037
257541212
257541245
257541335
257541439
257541538
257541759
257541839
257541901
257542062
257542221
257542245
257542302
257542395
257542396
257542435
257542513
257542600
257542613
257542659
257542677
257542795
257542796
257542810
257542815
257542932
257542946
257542949
257542953
257543000
257543011
257543015
257543019
257543020
257543076
257543124
257543151
257543310
257543392
257543442
257543450
257543518
257543545
257543553
257543562
257543631
257543668
257543843
257543893
257544173
257544174
257544258
257544272
257544376
257544400
257544651
257544676
257544768
257544838
257544956
257544967
257545114
257545187
257545280
257545494
257545535
257545589
257545711
257545786
257545861
257546236
257546287
257546387
257546396
257546451
257546620
257546659
257546795
257546945
257546969
257546997
257547016
257547056
257547120
257547181
257547183
257547224
257547254
257547295
257547313
257547608
257547612
257547680
257547730
257547797
257547863
257547942
257548221
257548301
257548321
257548355
257548535
257548544
257548575
257548859
257548926
257548956
257548992
257549156
257549196
257549246
257549281
257549295
257549333
257549612
257549842
257549928
257549963
257549997
257550005
257550069
257550166
257550206
257550264
257550328
257550344
257550471
257550489
257550496
257550584
257550678
257550717
257550806
257550839
257550965
257550993
257551007
257551034
257551039
257551045
257551046
257551057
257551065
257551196
257551335
257551354
257551388
257551512
257551532
257551629
257551741
257551742
257552051
257552070
257552072
257552134
257552138
257552150
257552156
257552171
257552200
257552247
257552252
257552258
257552325
257552365
257552392
257552406
257552518
257552567
257552577
257552582
257552639
257552695
257552891
257552909
257553058
257553108
257553133
257553258
257553297
257553409
257553443
257553492
257553533
257553573
257553671
257553687
257553706
257553735
257553748
257553754
257553755
257553764
257553883
257553896
257553992
257554002
257554015
257554016
257554104
257554254
257554343
257554345
257554352
257554417
257554424
257554475
257554480
257554500
257554510
257554535
257554644
257554671
257554678
257554711
257554768
257554776
257554819
257554826
257554848
257554896
257554951
257555063
257555107
257555178
257555272
257555285
257555391
257555441
257555454
257555474
257555560
257555625
257555640
257555647
257555723
257555758
257555893
257555919
257555927
257555940
257555963
257556020
257556055
257556102
257556153
257556179
257556251
257556297
257556333
257556339
257556423
257556438
257556441
257556470
257556493
257556528
257556533
257556592
257556633
257556640
257556652
257556723
257556754
257556816
257556826
257556838
257557033
257557056
257557059
257557065
257557152
257557176
257557212
257557245
257557309
257557371
257557417
257557460
257557496
257557511
257557610
257557620
257557674
257557691
257557738
257557739
257557916
257557955
257558021
257558039
257558040
257558074
257558106
257558162
257558191
257558196
257558267
257558358
257558434
257558502
257558584
257558598
257558619
257558829
257558978
257559035
257559043
257559384
257559409
257559427
257559572
257559600
257604674
257604774
257604803
257604808
257604963
257605029
257605066
257605067
257605285
257605536
257605566
257605726
257605773
257605875
257605964
257606243
257606275
257606344
257606364
257606579
257606617
257607190
257607446
257607570
257607629
257607669
257607698
257607730
257607790
257607820
257607874
257607913
257607922
257607946
257607969
257607977
257608025
257608102
257608103
257608104
257608114
257608342
257608354
257608461
257608522
257608569
257608634
257608676
257608702
257608760
257608766
257608927
257608936
257608996
257609162
257609260
257609281
257609392
257609431
257609564
257609710
257609715
257609726
257609878
257610095
257610098
257610162
257610208
257610425
257610512
257610632
257610690
257610716
257610765
257610808
257610821
257610850
257610873
257610883
257611015
257611072
257611207
257611309
257611514
257611572
257611709
257611712
257611906
257611966
257612038
257612121
257612199
257612203
257612294
257612337
257612340
257612374
257612508
257612583
257612664
257612691
257612726
257612877
257612902
257613067
257613131
257613297
257613348
257613371
257613555
257613603
257613685
257613765
257613867
257613941
257613999
257614001
257614070
257614195
257614208
257614291
257614373
257614467
257614482
257614518
257614530
257614544
257614547
257614548
257614592
257614608
257614782
257614942
257615081
257615101
257615277
257615321
257615407
257615421
257615438
257615445
257615449
257615453
257615505
257615527
257615632
257615789
257615866
257615893
257616175
257616218
257616470
257616475
257616538
257616557
257616603
257616625
257616664
257616720
257616799
257616866
257617033
257617091
257617110
257617294
257617360
257617473
257617549
257617654
257617748
257617800
257617818
257617885
257617987
257618023
257618301
257618430
257618462
257618516
257618581
257618657
257618771
257618776
257618935
257619081
257619183
257619206
257619319
257619416
257619547
257619762
257619810
257619956
257620214
257620247
257620273
257620595
257620613
257620670
257620728
257620863
257620905
257620927
257620939
257621172
257621264
257621291
257621394
257621453
257621469
257621528
257621555
257621567
257621688
257621705
257621879
257621923
257622003
257622079
257622087
257622163
257622233
257622270
257622362
257622376
257622599
257622781
257622793
257622844
257622911
257623039
257623228
257623373
257623386
257623398
257623402
257623436
257623454
257623511
257623550
257623620
257623638
257623677
257623808
257623813
257623858
257623887
257623922
257624058
257624089
257624243
257624249
257624363
257624449
257624451
257624534
257624564
257624655
257624673
257624703
257624732
257624828
257624963
257625038
257625226
257625312
257625324
257625471
257625854
257625872
257625961
257626046
257626189
257626230
257626251
257626292
257626311
257626326
257626336
257626367
257560098
257560106
257560258
257560318
257560560
257560605
257560708
257560762
257560890
257560902
257560968
257561003
257561011
257561034
257561270
257561471
257561556
257561579
257561703
257561732
257561749
257561776
257561815
257561816
257561848
257561973
257562086
257562101
257562257
257562280
257562312
257562357
257562364
257562403
257562563
257562638
257562713
257562931
257562972
257562976
257562986
257563167
257563230
257563279
257563381
257563414
257563420
257563450
257563591
257563684
257563715
257563731
257563762
257563767
257563772
257563849
257563857
257563869
257563879
257564080
257564113
257564137
257564229
257564334
257564337
257564495
257564604
257564702
257564719
257564890
257565038
257565085
257565168
257565194
257565220
257565226
257565295
257565409
257565520
257565548
257565559
257565633
257565638
257565710
257565968
257566001
257566015
257566050
257566084
257566159
257566219
257566270
257566399
257566407
257566552
257566562
257566688
257566700
257566731
257566752
257566791
257566953
257566990
257567032
257567043
257567148
257567183
257567261
257567324
257567365
257567395
257567442
257567621
257567625
257567643
257567650
257567752
257567759
257567787
257567817
257567859
257567914
257568345
257568354
257568368
257568375
257568475
257568671
257568741
257568826
257568923
257568928
257568953
257568976
257568978
257568988
257569018
257569245
257569313
257569466
257569497
257569526
257569797
257569877
257569879
257569912
257570308
257570342
257570426
257570454
257570483
257570529
257570532
257570546
257570591
257570605
257570641
257570661
257570684
257570759
257570891
257570993
257571007
257571292
257571301
257571481
257571584
257571605
257571615
257571616
257571629
257571677
257571847
257571867
257571915
257571938
257572017
257572029
257572050
257572058
257572064
257572135
257572163
257572180
257572223
257572252
257572341
257572363
257572427
257572457
257572567
257572583
257572600
257572804
257572869
257572911
257572938
257573132
257573229
257573235
257573253
257573255
257573331
257573334
257573356
257573452
257573458
257573470
257573483
257573493
257573557
257573567
257573740
257574136
257574170
257574230
257574300
257574370
257574413
257574531
257574581
257574644
257574745
257574933
257574969
257575032
257575043
257575126
257575186
257575202
257575359
257575364
257575441
257575499
257575501
257575556
257575817
257575888
257575937
257576062
257576192
257576249
257576260
257576300
257576308
257576323
257576531
257576614
257576677
257576719
257576780
257576829
257576858
257576877
257576907
257577163
257577230
257577328
257577358
257577405
257577532
257577536
257577655
257577774
257577792
257577826
257577849
257577863
257577934
257577960
257577992
257578013
257578042
257578147
257578228
257578342
257578395
257578414
257578547
257578618
257578668
257578669
257578886
257578912
257578977
257579017
257579026
257579052
257579166
257579175
257579187
257579195
257579215
257579393
257579536
257579539
257579642
257579647
257579659
257579727
257579742
257579758
257579861
257579875
257579944
257580046
257580139
257580231
257580233
257580283
257580307
257580340
257580341
257580352
257580434
257580562
257580732
257580781
257580809
257580915
257580960
257580983
257581056
257581096
257581115
257581188
257581311
257581416
257581468
257581469
257581488
257581491
257581775
257581824
257581908
257581946
257581968
257582013
257582071
257582112
257582114
257582199
257582276
257582435
257582456
257582482
257582581
257582639
257582652
257582809
257582824
257582829
257582948
257582995
257583097
257583162
257583227
257583269
257583282
257583323
257583448
257583450
257583586
257583633
257583722
257583775
257583828
257583835
257583970
257584000
257584042
257584059
257584181
257584208
257584243
257584325
257584336
257650353
257651015
257651382
257651424
257651532
257651563
257651646
257651659
257651671
257651682
257651716
257651752
257651792
257651851
257651853
257651875
257651905
257652049
257652095
257652117
257652211
257652287
257652308
257652353
257652370
257652451
257652529
257652612
257652634
257652645
257652651
257652707
257652709
257652761
257652788
257652793
257652827
257652876
257652884
257652921
257652922
257652938
257652955
257652991
257653000
257653017
257653044
257653059
257653218
257653301
257653325
257653355
257653459
257653611
257653687
257653861
257653880
257653909
257653989
257654013
257654033
257654137
257654223
257654240
257654371
257654380
257654419
257654479
257654531
257654553
257654620
257654675
257654685
257655026
257655045
257655123
257655280
257655465
257655515
257655583
257655650
257655686
257655694
257655723
257655725
257655728
257655788
257655792
257656019
257656023
257656036
257656054
257656079
257656108
257656118
257656141
257656157
257656307
257656355
257656403
257656429
257656446
257656453
257656568
257656715
257656839
257656976
257657003
257657104
257657127
257657139
257657158
257657185
257657195
257657243
257657289
257657439
257657478
257657533
257657578
257657824
257657825
257657855
257657870
257657907
257658236
257658433
257658510
257658706
257658761
257658802
257659046
257659129
257659431
257659460
257659737
257659795
257659837
257659866
257659871
257659977
257660044
257660234
257660265
257660400
257660545
257660634
257660722
257661023
257661137
257661178
257661181
257661231
257661496
257661552
257661553
257661814
257661840
257661934
257662005
257662519
257662574
257662586
257662692
257662710
257662766
257662891
257662924
257662941
257662964
257663016
257663096
257663104
257663528
257663532
257663546
257663576
257663644
257663831
257663856
257663875
257664179
257664195
257664248
257664302
257664449
257664451
257664511
257664593
257664660
257664753
257664802
257664822
257664857
257664968
257665034
257665109
257665200
257665465
257665568
257665671
257665727
257665746
257665799
257665813
257665846
257665957
257666028
257666040
257666069
257666106
257666193
257666245
257666270
257666295
257666317
257666346
257666527
257666664
257666702
257666711
257666739
257666753
257666768
257666795
257666975
257667011
257667051
257667146
257667295
257667360
257667452
257667474
257667596
257667814
257667830
257667868
257667884
257667898
257667905
257667922
257667930
257667958
257668010
257668163
257668179
257668190
257668199
257668231
257668357
257668484
257668502
257668543
257668566
257668636
257668653
257668683
257668692
257668734
257668760
257668764
257668782
257668786
257668861
257668894
257668921
257668923
257668939
257669022
257669101
257669169
257669229
257669242
257669381
257669397
257669437
257669447
257669453
257669553
257669604
257669667
257669700
257669785
257669815
257669845
257669860
257669974
257669981
257670000
257670092
257670129
257670130
257670278
257670339
257670393
257670603
257670610
257670715
257670768
257671047
257671158
257671219
257671360
257671475
257671513
257671863
257671894
257671897
257671914
257612574
257626617
257626704
257627432
257627481
257627710
257627731
257627857
257627885
257627888
257627953
257627978
257627984
257627987
257628034
257628051
257628065
257628093
257628133
257628229
257628260
257628323
257628324
257628422
257628452
257628479
257628489
257628548
257628570
257628618
257628688
257628700
257628713
257628737
257628775
257628856
257628883
257628890
257628904
257628926
257628949
257629027
257629076
257629188
257629238
257629246
257629282
257629328
257629438
257629444
257629450
257629457
257629493
257629494
257629504
257629526
257629597
257629617
257629638
257629680
257629754
257629758
257629824
257629872
257629916
257629920
257629970
257630133
257630144
257630176
257630204
257630275
257630316
257630418
257630437
257630452
257630647
257630663
257630700
257630801
257630862
257630879
257630893
257630974
257631085
257631112
257631113
257631116
257631128
257631141
257631238
257631246
257631284
257631302
257631353
257631486
257631648
257631652
257631666
257631675
257631681
257631761
257631844
257631856
257631927
257632065
257632145
257632241
257632278
257632287
257632399
257632448
257632489
257632599
257632750
257632838
257633065
257633155
257633176
257633318
257633506
257633872
257634665
257634865
257634880
257635097
257635327
257635438
257635453
257635650
257635992
257636026
257636258
257636270
257636583
257636740
257636780
257636829
257636834
257636840
257636852
257636928
257636929
257636933
257636939
257636952
257637407
257637415
257637498
257637524
257638055
257638444
257638804
257638913
257638959
257639013
257639071
257639161
257639346
257639466
257639573
257639667
257639815
257640014
257640079
257640083
257640111
257640145
257640194
257640198
257640206
257640291
257640307
257640387
257640478
257640486
257640487
257640702
257640811
257640819
257640838
257640872
257640877
257640913
257640975
257640982
257641015
257641160
257641209
257641275
257641316
257641447
257641508
257641520
257641877
257641916
257641919
257642075
257642091
257642189
257642227
257642322
257642362
257642481
257642628
257642678
257642756
257642833
257642922
257643000
257643009
257643039
257643089
257643139
257643249
257643418
257643434
257643460
257643474
257643528
257643530
257643585
257643634
257643635
257643705
257643706
257643707
257643710
257643763
257643780
257643880
257644005
257644035
257644060
257644091
257644146
257644213
257644270
257644342
257644388
257644415
257644469
257644501
257644502
257644519
257644564
257644610
257644766
257644770
257644776
257644824
257644950
257645099
257645268
257645277
257645313
257645387
257645400
257645423
257645458
257645465
257645636
257645916
257645944
257645962
257645980
257646009
257646071
257646114
257646154
257646214
257646229
257646285
257646294
257646322
257646349
257646393
257646411
257646439
257646490
257646571
257646605
257646623
257646666
257646698
257646739
257646787
257646833
257646871
257646907
257647107
257647108
257647116
257647121
257647146
257647203
257647283
257647348
257647369
257647375
257647409
257647414
257647534
257647540
257647609
257647649
257647656
257647687
257647732
257647868
257648041
257648053
257648065
257648204
257648211
257648540
257648568
257648620
257648912
257649130
257649209
257649237
257649313
257649373
257649722
257743655
257743735
257743757
257744059
257744135
257744365
257744391
257744558
257744635
257744826
257744865
257744917
257744941
257745198
257745328
257745349
257745353
257745482
257745583
257745800
257745841
257745947
257745964
257746113
257746121
257746184
257746333
257746443
257746614
257746660
257746681
257746702
257746718
257746884
257747046
257747100
257747135
257747238
257747368
257747443
257747878
257747993
257748069
257748212
257748218
257748360
257748704
257748789
257748825
257748880
257749008
257749175
257749280
257749371
257749387
257749497
257749520
257749699
257749701
257749813
257749847
257750035
257750567
257750640
257750699
257750747
257750768
257750798
257750983
257751330
257751338
257751354
257751440
257752126
257752157
257752262
257752317
257752347
257752375
257752457
257752531
257752581
257752874
257752908
257752930
257752952
257752966
257753107
257753112
257753125
257753217
257753265
257753368
257753475
257753788
257753817
257753844
257753971
257754112
257754136
257754225
257754280
257754446
257754512
257754697
257754856
257755059
257755062
257755227
257755243
257755493
257755500
257755533
257755641
257755661
257755672
257756122
257756168
257756233
257756317
257756320
257756323
257756489
257756693
257756844
257756858
257757084
257757088
257757299
257757450
257757485
257757487
257757520
257757636
257757811
257757839
257758019
257758045
257758234
257758253
257758307
257758409
257758857
257758867
257758980
257758992
257759048
257759092
257759138
257759184
257759201
257759614
257759698
257759977
257760048
257760130
257760183
257760229
257760249
257760397
257760528
257760769
257760853
257760945
257760998
257761099
257761110
257761578
257761581
257761638
257761721
257761735
257761987
257762008
257762066
257762092
257762117
257762190
257762391
257762396
257762467
257762623
257762707
257762783
257762794
257762992
257763100
257763177
257763225
257763235
257763252
257763360
257763383
257763420
257763482
257763669
257763810
257763923
257763951
257764140
257764424
257764435
257764548
257764585
257764594
257764615
257764673
257718441
257718525
257718599
257718725
257718818
257718830
257718856
257719004
257719090
257719124
257719247
257719266
257719318
257719508
257719540
257719614
257719802
257720023
257720073
257720214
257720275
257720479
257720541
257720643
257720656
257720769
257721003
257721309
257721406
257721706
257721759
257721791
257721919
257721949
257721968
257722129
257722222
257722360
257722376
257722406
257722509
257722637
257722655
257722719
257722731
257722937
257723097
257723209
257723372
257723387
257723437
257723637
257723704
257723752
257723797
257723846
257723863
257724047
257724106
257724111
257724203
257724227
257724337
257724388
257724496
257724602
257724634
257724704
257724765
257724815
257724890
257724901
257724908
257724981
257725106
257725122
257725285
257725363
257725403
257725467
257725540
257725624
257725653
257725673
257725836
257725876
257725984
257726266
257726302
257726511
257726514
257726572
257726656
257726662
257726782
257726792
257726950
257726982
257727041
257727109
257727326
257727344
257727375
257727586
257727599
257727613
257727685
257727701
257727810
257727909
257727969
257728278
257728503
257728578
257728585
257728648
257728655
257728735
257728845
257729026
257729034
257729333
257729336
257729340
257729388
257729476
257729501
257729503
257729573
257729659
257729687
257729704
257729737
257729890
257729914
257730157
257730230
257730286
257730559
257730854
257730856
257730874
257730888
257730899
257730921
257730928
257731031
257731033
257731054
257731081
257731109
257731154
257731162
257731165
257731170
257731216
257731219
257731462
257731610
257731790
257731801
257731812
257731868
257731935
257732030
257732189
257732253
257732274
257732333
257732525
257732535
257732587
257732681
257733034
257733196
257733210
257733246
257733247
257733304
257733313
257733343
257733374
257733620
257733627
257733664
257733815
257734026
257734059
257734147
257734167
257734183
257734248
257734379
257734430
257734463
257734547
257734570
257734719
257734737
257734865
257734884
257734908
257734918
257735091
257735111
257735113
257735188
257735305
257735430
257735455
257735561
257735781
257735968
257735996
257736128
257736143
257736156
257736170
257736286
257736329
257736345
257736409
257736416
257736446
257736482
257736578
257736653
257736709
257736769
257736815
257736895
257736901
257736929
257736963
257736983
257737129
257737234
257737441
257737530
257737670
257737914
257738057
257738088
257738100
257738215
257738245
257738490
257738731
257738755
257739031
257739170
257739472
257739479
257739488
257739568
257739569
257739672
257739720
257739727
257739857
257740232
257740259
257740418
257740787
257740995
257740999
257741006
257741015
257741151
257741233
257741234
257741253
257741315
257741407
257741463
257741538
257741625
257741773
257741789
257741815
257741892
257742289
257742306
257742351
257742357
257742404
257742618
257742708
257742817
257742870
257742877
257742932
257742970
257743102
257743130
257743155
257743319
257743345
257743375
257695751
257695829
257695966
257696037
257696038
257696082
257696259
257696278
257696325
257696326
257696520
257696644
257696781
257696804
257696819
257696835
257696934
257696941
257697086
257697181
257697304
257697352
257697385
257697435
257697449
257697464
257697577
257697583
257697612
257697623
257697638
257697660
257697662
257697670
257697779
257697850
257697930
257697939
257697952
257698032
257698037
257698045
257698053
257698073
257698162
257698257
257698270
257698411
257698543
257698561
257698580
257698589
257698596
257698668
257698680
257698708
257698714
257698761
257698921
257698928
257698945
257698949
257698969
257698975
257699109
257699110
257699236
257699241
257699253
257699344
257699440
257699698
257699699
257699704
257699890
257700058
257700197
257700316
257700382
257700698
257700709
257700720
257700816
257700897
257700901
257700917
257700954
257700986
257701002
257701031
257701224
257701286
257701296
257701314
257701376
257701384
257701399
257701447
257701490
257701493
257701499
257701708
257701819
257701867
257701868
257701895
257701908
257701919
257701934
257702016
257702096
257702138
257702261
257702269
257702312
257702324
257702358
257702627
257702661
257702729
257702800
257702810
257702848
257703010
257703046
257703235
257703510
257703531
257703741
257703768
257703773
257703855
257703936
257704138
257704154
257704209
257704282
257704559
257704745
257704927
257704929
257705022
257705047
257705055
257705077
257705091
257705116
257705199
257705226
257705316
257705549
257705608
257705693
257705716
257705839
257705863
257706115
257706213
257706277
257706982
257707113
257707114
257707157
257707255
257707478
257707716
257707782
257707936
257708085
257708107
257708204
257708307
257708351
257708354
257708404
257708408
257708438
257708495
257708506
257708569
257708622
257708708
257708761
257708881
257708910
257708929
257708942
257708984
257708989
257709082
257709095
257709156
257709219
257709307
257709332
257709384
257709422
257709584
257709709
257709742
257709768
257709774
257709936
257710003
257710043
257710088
257710118
257710119
257710218
257710287
257710307
257710341
257710375
257710433
257710519
257710537
257710567
257710601
257710658
257710701
257710719
257710992
257711106
257711122
257711168
257711169
257711257
257711312
257711327
257711331
257711371
257711463
257711686
257711689
257711815
257711836
257711874
257711992
257712022
257712025
257712034
257712049
257712069
257712078
257712238
257712288
257712291
257712324
257712413
257712414
257712455
257712462
257712489
257712511
257712563
257712572
257712614
257712667
257712693
257712708
257712719
257712846
257712859
257712938
257712970
257713056
257713067
257713084
257713114
257713250
257713294
257713354
257713473
257713482
257713531
257713589
257713590
257713608
257713633
257713634
257713719
257713720
257713868
257713874
257713949
257713987
257713995
257714000
257714044
257714232
257714357
257714460
257714467
257714548
257714562
257714569
257714589
257714622
257714624
257714633
257714656
257714658
257714660
257714719
257714732
257714778
257714822
257714848
257714905
257715050
257715060
257715098
257715194
257715197
257715251
257715275
257715300
257715316
257715345
257715346
257715352
257715380
257715454
257715474
257715475
257715545
257715594
257715735
257715812
257715825
257715833
257715880
257715972
257716012
257716109
257716140
257716212
257716328
257716480
257716617
257716644
257716751
257716937
257717045
257717087
257717099
257717154
257717352
257717400
257717512
257717541
257717621
257910511
257910848
257911186
257911210
257911624
257911785
257912175
257912226
257912371
257912541
257912796
257913562
257914374
257914474
257915017
257915363
257915599
257915713
257915780
257915857
257915961
257916022
257916073
257916164
257916210
257916309
257917177
257917335
257917482
257917819
257917869
257917968
257918812
257918883
257918912
257918977
257918982
257919354
257919459
257919567
257919800
257919885
257920326
257920458
257920595
257920721
257920781
257921230
257921852
257922034
257922119
257922338
257922385
257922686
257922883
257922896
257922927
257922983
257923497
257923739
257924044
257924461
257924681
257924781
257924900
257925005
257925152
257925210
257925332
257925800
257925860
257925905
257925948
257925963
257926073
257926098
257926160
257926457
257926466
257926742
257926792
257927104
257927239
257927316
257927348
257927395
257927578
257928309
257928418
257886236
257886500
257886537
257886662
257886675
257886703
257886771
257886979
257887023
257887100
257887134
257887439
257887502
257887523
257887749
257887875
257887890
257887923
257887933
257887938
257887954
257887992
257888014
257888019
257888058
257888156
257888183
257888191
257888230
257888327
257888379
257888405
257888489
257888541
257888711
257888850
257889079
257889314
257889434
257889435
257889480
257889482
257889700
257889710
257889965
257890150
257890179
257890190
257890232
257890336
257890483
257890779
257890884
257890918
257891279
257891400
257891401
257891476
257891591
257891648
257891811
257892020
257892068
257892165
257892240
257892473
257892475
257892688
257892754
257892888
257892938
257892954
257893190
257893338
257893414
257893446
257893453
257893473
257893595
257893607
257893722
257893730
257893764
257893898
257893968
257894152
257894252
257894369
257894407
257894582
257894706
257894814
257894837
257895299
257895879
257895936
257896022
257896093
257896104
257896131
257896161
257896194
257896937
257896990
257897177
257897243
257897582
257897977
257898338
257898441
257898473
257898486
257898839
257899089
257899184
257899366
257899657
257899701
257899970
257900135
257900329
257900392
257900416
257900424
257900502
257900550
257900585
257900614
257900708
257900723
257900964
257901163
257901169
257901511
257901718
257901764
257901867
257901915
257901965
257901982
257902096
257902248
257902263
257902333
257902513
257902594
257902702
257902772
257902797
257902982
257903048
257903151
257903191
257903240
257903259
257903439
257903489
257903592
257903750
257903758
257903900
257904055
257904312
257904396
257904660
257904694
257904972
257905089
257905175
257905204
257905212
257905312
257905336
257905360
257905413
257905436
257905518
257906041
257906050
257906119
257906134
257906160
257906200
257906285
257906321
257906351
257906406
257906450
257906600
257906741
257906863
257907063
257907067
257907085
257907262
257907436
257907459
257907513
257907537
257907544
257907630
257907665
257907693
257907705
257907723
257907800
257907887
257908069
257908070
257908247
257908391
257908922
257908956
257909008
257909157
257909595
257909861
257909925
257909939
257910092
257928561
257928603
257928832
257929384
257929532
257929559
257929728
257929742
257929859
257929871
257930001
257930155
257930288
257930320
257930524
257930659
257930868
257931047
257931068
257931242
257931309
257931324
257931478
257931486
257931613
257931663
257931664
257931729
257931763
257931878
257931927
257932007
257932126
257932300
257932590
257932866
257932905
257932962
257933426
257933590
257933619
257933796
257934034
257934056
257934076
257934147
257934633
257934715
257934928
257934931
257935108
257935244
257935302
257935761
257935822
257935925
257936369
257936481
257936558
257936686
257936850
257936864
257937021
257937043
257937089
257937316
257937461
257937518
257937749
257937774
257937927
257938038
257938222
257938249
257938461
257938554
257938608
257938709
257939014
257939085
257939395
257939483
257939509
257939552
257939770
257940211
257940296
257940342
257940588
257940607
257940686
257940747
257940775
257941028
257941184
257941254
257941280
257941286
257941491
257941573
257941754
257941945
257942861
257942897
257942960
257765031
257765046
257765141
257765188
257765227
257765276
257765342
257765792
257765889
257765978
257765983
257766027
257766108
257766257
257766318
257766364
257766451
257766590
257766678
257766757
257766805
257766857
257766866
257766870
257766990
257767224
257767268
257767337
257767600
257767611
257767633
257767729
257767747
257767783
257767963
257768087
257768111
257768144
257768190
257768207
257768269
257768270
257768366
257768635
257768671
257768778
257768890
257768900
257768976
257768987
257768992
257769002
257769131
257769175
257769214
257769215
257769271
257769365
257769407
257769444
257769510
257769566
257769619
257769670
257769762
257769800
257769811
257769902
257769941
257769944
257770178
257770290
257770460
257770469
257770481
257770492
257770510
257770529
257770685
257770833
257771098
257771113
257771222
257771281
257771298
257771576
257771584
257771663
257771941
257772388
257772516
257772566
257772649
257772686
257772903
257772973
257773015
257773063
257773142
257773154
257773165
257773510
257773519
257773682
257773691
257773715
257773761
257773822
257773948
257773980
257774035
257774187
257774205
257774258
257774315
257774318
257774428
257774435
257774483
257774544
257774575
257774587
257774603
257774710
257774767
257774786
257774920
257774923
257774954
257774974
257775068
257775118
257775220
257775291
257775293
257775389
257775532
257775570
257775575
257775629
257775644
257775685
257775697
257775753
257775780
257775833
257775929
257776267
257776314
257776502
257776546
257776554
257776603
257776728
257776738
257776832
257776966
257776999
257777035
257777038
257777066
257777079
257777091
257777180
257777264
257777389
257777482
257777522
257777583
257777601
257777661
257777663
257777763
257777821
257777837
257777963
257778003
257778027
257778104
257778132
257778213
257778433
257778445
257778539
257778542
257778552
257778746
257779101
257779264
257779270
257779532
257779653
257779683
257779711
257779760
257779948
257779960
257779990
257780052
257780062
257780086
257780169
257780210
257780324
257780569
257780747
257780765
257780809
257780860
257780867
257781158
257781200
257781248
257781480
257781517
257781793
257782118
257782172
257782182
257782248
257782289
257782296
257782318
257782345
257782525
257782590
257782618
257782637
257783138
257783219
257783341
257783395
257783428
257783512
257783513
257783545
257783643
257783646
257783672
257783690
257783843
257783959
257783961
257784167
257784597
257784728
257784770
257784860
257784911
257784934
257784947
257784991
257785082
257785115
257785159
257785216
257785275
257785354
257785408
257785456
257785573
257785587
257785728
257785766
257785848
257785924
257786013
257786062
257786161
257786195
257786220
257786405
257786439
257786497
257786500
257786534
257786741
257786907
257786920
257786948
257786949
257786973
257787023
257787061
257787152
257787286
257787434
257787440
257787610
257813109
257813115
257813310
257813567
257813603
257813737
257813782
257813783
257813827
257813889
257813918
257813954
257814022
257814025
257814076
257814230
257814248
257814272
257814295
257814340
257814353
257814365
257814542
257814579
257814645
257814657
257814777
257814801
257814852
257814864
257814870
257814891
257814941
257814951
257814957
257814964
257814989
257815067
257815080
257815095
257815172
257815213
257815262
257815264
257815370
257815414
257815417
257815520
257815570
257815652
257815810
257815813
257816030
257816154
257816180
257816222
257816267
257816283
257816316
257816337
257816355
257816441
257816522
257816554
257816826
257816893
257817020
257817046
257817093
257817116
257817126
257817201
257817368
257817533
257817542
257817631
257817748
257817895
257818156
257818157
257818164
257818204
257818298
257818309
257818370
257818498
257818529
257818546
257818564
257818623
257818629
257818649
257818857
257818861
257818954
257818968
257819022
257819023
257819029
257819142
257819150
257819273
257819396
257819422
257819525
257819700
257819782
257819834
257819846
257820034
257820060
257820101
257820113
257820174
257820285
257820510
257820529
257820745
257820895
257820942
257821160
257821608
257821676
257821845
257821872
257821876
257821918
257822127
257822672
257822703
257822704
257822710
257822924
257822986
257823404
257823428
257823551
257823664
257823800
257823818
257824005
257824368
257824615
257824886
257824974
257825218
257825398
257825505
257825599
257825625
257825626
257825643
257825687
257825771
257825772
257825806
257825835
257825917
257825939
257825962
257826049
257826076
257826090
257826170
257826185
257826275
257826381
257826491
257826604
257826648
257826687
257826690
257826708
257826789
257826988
257826991
257827071
257827111
257827129
257827282
257827340
257827348
257827553
257827767
257827781
257827871
257827931
257828055
257828129
257828130
257828271
257828321
257828372
257828419
257828443
257828638
257828784
257828797
257828821
257829050
257829057
257829106
257829236
257829278
257829283
257829319
257829332
257829443
257829457
257829514
257829527
257829573
257829645
257829670
257829690
257829727
257829794
257829826
257829867
257829871
257829948
257829959
257830023
257830027
257830071
257830170
257830215
257830222
257830252
257830259
257830289
257830302
257830349
257830361
257830385
257830549
257830553
257830618
257830707
257830891
257830930
257830969
257831066
257831113
257831228
257831256
257831277
257831393
257831449
257831632
257831671
257831741
257831843
257831888
257831933
257831975
257832003
257832025
257832068
257832086
257832254
257832344
257832366
257832468
257832545
257832604
257832650
257832668
257832691
257832708
257832807
257832850
257832855
257832898
257832899
257832939
257833015
257833117
257833125
257833155
257833240
257833261
257833350
257833359
257833382
257833444
257833575
257833679
257833697
257833747
257834084
257834091
257834212
257834314
257834511
257834559
257834874
257834939
257835127
257835213
257835371
258057216
258057297
258057593
258057679
258058138
258058223
258058860
258059972
258060458
258060501
258060552
258060771
258060776
258060899
258061258
258061513
258061721
258061761
258062080
258062146
258062321
258062727
258063145
258063889
258063958
258064234
258064514
258064775
258064963
258065487
258065524
258065661
258065674
258065707
258065908
258066097
258066464
258066799
258067316
258067496
258068424
258069453
258069497
258069512
258070507
258070623
258070638
258070951
258071030
258071566
258072276
258073178
258073384
258073815
258074468
257788709
257788765
257788776
257788801
257788963
257789075
257789159
257789163
257789165
257789208
257789223
257789257
257789394
257789442
257789454
257789515
257789537
257789557
257789558
257789661
257789686
257789763
257789777
257789932
257789985
257790055
257790083
257790163
257790207
257790413
257790486
257790620
257790650
257790678
257790683
257790733
257790758
257790796
257790797
257790859
257790895
257790902
257790918
257790950
257791042
257791065
257791337
257791364
257791387
257791397
257791643
257791655
257791775
257791825
257791936
257792020
257792074
257792084
257792086
257792100
257792123
257792230
257792232
257792366
257792618
257792717
257792734
257792748
257792789
257792804
257792880
257792908
257792925
257793142
257793303
257793350
257793358
257793392
257793395
257793604
257793612
257793777
257793798
257794010
257794040
257794122
257794164
257794171
257794177
257794261
257794311
257794350
257794384
257794408
257794415
257794426
257794595
257794678
257794756
257794826
257794835
257794854
257794869
257794904
257794963
257795016
257795033
257795066
257795091
257795310
257795351
257795545
257795567
257795606
257795660
257795786
257795951
257795984
257796047
257796073
257796295
257796311
257796366
257796590
257796602
257796637
257796797
257797007
257797300
257797504
257797517
257797766
257797922
257797932
257798367
257798452
257798537
257798569
257798596
257798634
257798652
257798663
257798700
257798708
257798842
257798967
257799291
257799553
257799823
257799839
257799854
257799883
257800094
257800672
257800731
257800754
257800911
257801007
257801113
257801314
257801503
257801540
257801549
257801602
257801637
257801647
257801718
257801817
257801846
257801868
257801917
257801941
257801963
257801970
257802033
257802067
257802073
257802094
257802337
257802379
257802540
257802658
257802688
257802692
257802695
257802715
257802818
257803026
257803064
257803107
257803125
257803271
257803453
257803512
257803522
257803755
257803947
257804049
257804177
257804333
257804336
257804436
257804505
257804734
257804737
257804813
257804862
257804935
257805125
257805297
257805352
257805361
257805362
257805382
257805482
257805554
257805584
257805607
257805618
257805635
257805689
257805694
257805717
257805823
257805839
257805864
257805876
257806080
257806098
257806111
257806115
257806249
257806319
257806376
257806439
257806447
257806462
257806558
257806628
257806649
257806810
257806859
257806885
257806942
257807041
257807084
257807222
257807246
257807328
257807398
257807440
257807461
257807475
257807507
257807566
257807567
257807679
257807730
257807731
257807905
257807986
257807993
257808015
257808043
257808069
257808078
257808084
257808087
257808110
257808141
257808179
257808303
257808471
257808609
257808614
257808620
257808746
257808866
257808955
257809102
257809106
257809135
257809312
257809365
257809396
257809463
257809594
257809637
257809641
257809648
257809677
257809714
257809957
257810214
257810286
257810434
257810608
257810871
257811049
257811595
257811600
257837266
257837275
257837359
257837526
257837550
257837570
257837636
257837673
257837739
257837744
257837778
257837863
257837881
257837976
257838022
257838048
257838049
257838169
257838176
257838205
257838216
257838257
257838267
257838341
257838400
257838526
257838557
257838586
257838666
257838679
257838724
257838761
257838810
257838843
257838861
257838938
257838952
257838992
257838996
257839002
257839364
257839516
257839570
257839583
257839616
257839709
257839834
257839859
257839916
257840005
257840194
257840424
257840524
257840573
257840681
257840766
257840794
257840892
257840938
257841186
257841266
257841284
257841385
257841541
257841638
257841781
257841818
257841825
257841849
257841943
257841998
257842050
257842065
257842141
257842171
257842254
257842292
257842322
257842327
257842426
257842535
257842583
257842612
257842660
257842725
257842756
257842773
257842807
257842842
257842966
257843056
257843367
257843432
257843480
257843519
257843544
257843679
257843680
257843788
257843883
257844088
257844098
257844119
257844138
257844359
257844644
257844652
257844917
257845056
257845108
257845220
257845462
257845498
257845557
257845618
257845706
257845798
257845884
257845938
257846137
257846184
257846249
257846258
257846366
257846503
257846620
257846954
257846964
257846973
257847041
257847109
257847118
257847287
257847305
257847513
257847661
257847740
257847917
257848378
257848848
257849236
257849276
257849340
257849409
257849440
257849476
257849592
257849665
257849679
257849689
257849731
257849749
257849764
257849811
257849850
257850046
257850049
257850164
257850452
257850527
257850770
257850811
257850818
257851078
257851105
257851185
257851190
257851221
257851405
257851468
257851555
257851579
257851606
257851683
257851775
257851980
257852014
257852055
257852059
257852113
257852133
257852160
257852256
257852270
257852274
257852447
257852455
257852527
257852677
257852686
257852750
257852772
257852979
257853193
257853204
257853231
257853254
257853378
257853393
257853471
257853513
257853516
257853689
257853718
257853826
257853847
257853956
257854012
257854023
257854029
257854039
257854245
257854284
257854336
257854415
257854483
257854593
257854650
257854663
257854687
257854784
257854808
257854828
257854829
257854844
257854969
257854992
257855138
257855156
257855158
257855507
257855525
257855546
257855695
257855854
257855881
257855908
257855914
257856017
257856040
257856062
257856083
257856090
257856098
257856103
257856121
257856166
257856210
257856229
257856303
257856321
257856430
257856449
257856474
257856478
257856506
257856551
257856562
257856573
257856591
257856666
257856694
257856799
257856830
257856843
257856877
257856887
257856980
257857051
257857078
257857116
257857155
257857278
257857342
257857399
257857518
257857530
257857538
257857546
257857616
257857674
257857769
257857803
257857867
257858097
257858343
257858400
257858446
257858595
257858654
257858697
257858914
257859476
257859482
257860958
257861190
257861397
257861461
257861503
257861539
257861722
257861723
257861768
257861804
257861847
257861863
257861997
257862042
257862160
257862314
257862324
257862432
257862475
257862561
257862707
257862715
257862718
257862781
257862810
257862832
257862858
257862860
257862881
257862919
257862922
257862974
257862984
257863034
257863040
257863044
257863099
257863122
257863135
257863206
257863249
257863295
257863301
257863305
257863377
257863649
257863724
257863767
257863785
257863786
257863795
257863931
257863943
257864003
257864143
257864148
257864190
257864343
257864377
257864468
257864516
257864525
257864723
257864806
257864858
257864869
257865009
257865059
257865105
257865324
257865568
257865609
257865668
257865749
257865765
257865824
257865844
257866124
257866129
257866167
257866231
257866281
257866329
257866475
257866521
257866528
257866540
257866556
257866645
257866669
257866712
257866751
257866791
257866830
257866948
257866962
257866981
257867029
257867106
257867117
257867136
257867209
257867363
257867673
257867686
257867718
257867733
257867788
257867842
257868030
257868180
257868334
257868378
257868449
257868471
257868506
257868518
257868589
257868651
257868764
257868865
257868932
257868992
257869200
257869340
257869387
257869399
257869473
257869587
257869896
257870041
257870122
257870722
257870749
257870768
257870875
257870892
257870921
257870989
257871006
257871399
257871471
257871570
257871627
257871665
257871698
257871780
257871887
257872113
257872214
257872235
257872425
257872961
257872970
257873098
257873143
257873301
257873475
257873498
257873532
257873890
257873989
257874011
257874084
257874291
257874306
257874335
257874413
257874481
257874496
257874547
257874590
257874693
257874800
257875069
257875088
257875097
257875439
257875479
257875677
257875801
257875868
257875883
257876127
257876233
257876270
257876332
257876469
257876479
257876566
257876673
257876733
257876846
257876977
257877068
257877207
257877239
257877381
257877507
257877553
257877578
257877639
257877648
257877801
257877831
257877839
257877902
257877969
257877988
257878104
257878153
257878172
257878192
257878208
257878311
257878346
257878364
257878477
257878629
257878652
257878681
257878739
257878863
257878965
257878971
257879016
257879064
257879247
257879287
257879295
257879324
257879385
257879403
257879549
257879586
257879987
257880094
257880133
257880245
257880334
257880496
257880730
257880780
257880788
257880824
257880884
257880994
257881009
257881116
257881121
257881171
257881183
257881217
257881229
257881437
257881443
257881445
257881574
257881609
257881625
257881703
257881849
257881862
257881875
257881966
257882051
257882092
257882252
257882422
257882492
257882506
257882532
257882583
257882754
257882920
257882952
257883106
257883118
257883558
257883597
257883657
257883816
257883858
257884499
257884545
257884566
257884572
257943673
257944038
257944380
257944403
257944498
257944523
257944604
257944752
257944780
257944790
257944965
257945124
257945183
257945270
257945284
257945293
257945365
257945388
257945503
257945711
257945778
257945927
257945929
257946002
257946232
257946281
257946394
257946435
257946513
257946867
257946971
257947276
257947519
257947542
257947625
257947825
257947839
257947846
257947868
257947896
257948028
257948109
257948139
257948143
257948152
257948169
257948225
257948527
257948530
257948628
257948664
257948764
257948790
257948803
257948810
257948926
257949225
257949417
257949476
257949668
257949854
257950017
257950314
257950676
257950716
257950739
257951113
257951440
257951558
257951561
257951730
257951816
257951985
257952262
257952284
257952356
257952397
257952965
257953137
257953512
257953514
257953524
257953571
257953574
257953721
257953731
257953748
257954051
257954163
257954520
257954545
257954860
257955057
257955075
257955178
257955314
257955347
257955417
257955441
257955495
257955724
257955832
257955871
257955918
257956185
257956522
257956615
257956919
257957030
257957046
257957095
257957182
257957217
257957243
257957318
257957447
257957506
257957573
257957618
257957775
257957813
257957900
257957901
257957973
257958026
257958272
257958505
257958590
257958620
257958696
257958779
257958947
257959008
257959011
257959019
257959026
257959114
257959214
257959239
257959249
257959251
257959319
257959364
257959435
257959601
257959681
257959700
257959780
257959941
257960108
257960239
257960510
257960542
257960630
257960673
257960995
257961185
257961211
257961255
257961344
257961383
257961394
257961632
257961669
257961678
257961732
257961825
257961854
257961867
257961875
257961937
257961957
257961988
257961989
257961995
257962057
257962080
257962116
257962117
257962207
257962242
257962521
257962579
257962677
257962678
257962759
257962789
257962798
257962846
257963112
257963248
257963312
257963550
257963737
257963743
257963825
257963860
257963944
257964644
257966198
257966397
257966496
257966543
257966757
257966949
257967025
257967147
257967269
257967314
257967330
257967391
257967426
257967526
257967714
257967726
257967863
257967912
257967935
257967950
257968074
257968284
257968369
257968474
257968591
257968598
257968602
257968659
257968662
257968780
257968858
257968924
257969112
257969142
257969193
257969296
257971061
257971814
257971832
257972542
257973179
257973339
257973517
257973727
257974013
257974292
257974415
257974695
257974726
257974792
257974827
257974831
257974843
257974861
257974933
257974996
257975035
257975511
257975521
257975600
257975617
257976012
257976051
257976096
257976134
257976322
257978907
257978999
257979052
257979178
257979451
257979457
257979683
257979684
257979770
257979866
257980040
257980083
257980103
257980157
257980193
257980375
257980454
257980533
257980613
257980700
257980747
257980806
257981022
257981023
257981092
257981159
257981278
257981294
257981337
257981344
257981431
257981434
257981457
257981536
257981563
257981568
257981581
257981629
257981800
257981822
257981877
257981934
257981985
257982032
257982038
257982086
257982101
257982154
257982216
257982301
257982395
257982545
257982594
257982660
257982780
257982918
257983131
257983205
257983241
257983288
257983517
257983611
257983623
257983665
257983669
257983719
257983763
257983831
257983883
257983909
257983939
257983966
257984015
257984162
257984172
257984243
257984244
257984266
257984298
257984410
257984415
257984418
257984496
257984686
257986836
258035188
258035374
258035474
258035503
258035577
258035592
258035614
258035623
258035628
258035681
258035691
258035730
258035746
258035757
258035770
258035819
258035823
258035979
258036028
258036056
258036113
258036331
258036527
258036825
258036841
258036868
258036899
258037027
258037523
258037600
258037727
258040823
258040938
258040954
258041150
258041279
258041411
258041855
258041875
258042176
258042388
258042536
258042598
258042854
258043245
258043326
258043374
258043514
258043532
258043959
258044007
258044018
258052903
258053039
258053103
258053124
258053363
258053413
258053529
258053600
258053604
258053908
258053934
258054007
258054059
258054344
258054355
258054410
258054444
258054861
258055064
258055488
258055586
258055833
258056261
258056279
258017116
258017934
258017943
258018103
258018230
258018526
258018600
258018870
258018932
258019077
258019192
258019219
258019399
258019481
258019624
258019664
258019856
258019872
258019962
258020012
258020159
258020260
258020492
258020589
258020648
258021004
258021205
258021252
258021444
258021461
258027207
258027733
258028029
258028069
258028075
258028156
258028193
258028369
258028472
258028489
258028750
258028825
258028916
258028983
258028990
258029133
258029209
258029254
258029409
258029446
258029467
258029489
258029504
258029640
258029653
258029667
258029728
258029750
258029884
258030984
258031396
258031482
258031869
258032302
258032311
258032336
257989975
257990377
257990797
257990894
257990973
257991105
257991251
257991255
257991425
257991444
257991861
257991881
257992050
257992212
257992252
257992307
257992376
257992393
257992431
257992518
257992635
257992656
257992739
257992894
257992915
257992948
257993198
257993211
257993213
257993221
257993273
257993282
257993311
257993671
257993678
257993779
257994000
257994042
257994215
257994288
257994371
257994380
257994409
257994547
257994554
257994730
257994898
257995004
257995065
257995121
257995181
257995246
257995549
257995765
257995922
257995953
257996362
257996432
257996574
257996773
257997011
257997099
257997166
257997181
257997211
257997222
257997251
257997290
257997306
257997307
257997482
257997586
257997853
257998022
257998130
257998224
257998598
257998612