248750808
248750874
248751237
248751339
248751342
248751391
248751422
248751439
248752150
248752732
248752845
248752864
248753208
248753264
248753430
248753765
248753854
248753903
248753937
248754229
248754577
248754583
248754588
248754751
248754894
248754995
248755289
248755344
248755488
248755530
248755629
248755682
248756482
248756537
248756734
248756913
248756982
248757006
248757323
248757494
248757623
248758348
248758350
248758552
248758561
248758592
248758637
248758800
248758839
248760549
248760562
248760820
248761148
248761422
248761624
248761775
248761818
248761940
248762113
248762376
248762452
248762843
248763479
248763603
248763619
248764277
248764424
248764475
248764894
248765240
248765322
248765339
248765571
248765609
248765785
248765927
248765958
248766382
248767189
248767332
248767565
248767608
248767639
248767668
248767745
248768311
248768376
248768623
248768797
248769402
248769403
248769480
248769655
248769811
248770007
248770052
248770082
248770235
248770494
248770548
248771221
248771289
248771905
248771988
248772246
248772493
248772912
248772961
248773302
248773425
248773514
248773702
248773757
248773758
248773862
248773899
248774500
248774540
248774562
248774714
248774885
248774950
248775044
248775120
248775320
248775710
248776543
248776582
248776822
248776875
248777262
248777612
248777864
248777928
248778642
248778864
248779450
248779504
248779580
248779615
248779700
248780054
248780145
248780316
248780411
248780502
248780513
248780821
248781129
248781354
248781425
248781607
248782700
248782942
248783018
248783216
248783257
248783839
248784146
248784192
248784486
248784569
248784667
248784983
248785238
248785410
248785416
248785549
248785668
248785780
248785836
248786011
248786299
248786619
248786869
248787138
248787249
248788084
248788087
248788297
248788613
248788681
248788762
248788888
248789097
248789198
248789389
248789903
248790098
248790121
248790631
248790661
248790750
248790939
248790978
248791572
248791602
248791625
248792284
248792564
248792909
248792911
248793096
248793143
248793282
248793294
248793369
248793401
248793507
248793953
248793999
248794037
248794683
248794800
248795131
248795369
248795561
248795623
248796694
248796946
248797009
248797246
248797331
248797696
248798137
248798409
248798438
248799177
248799675
248799692
248800754
248800768
248800927
248801004
248801035
248801275
248801321
248801564
248801925
248802115
248802215
248802312
248802341
248802389
248802655
248802947
248803413
248803790
248804176
248804444
248805060
248805295
248805394
248805689
248806018
248806101
248806206
248806286
248806511
248806905
248806918
248807023
248807091
248807558
248807633
248807657
248807737
248807833
248808096
248808254
248808288
248808307
248808537
248808679
248808886
248809078
248809265
248809278
248809663
248810275
248810371
248810389
248810395
248810444
248810712
248810903
248811007
248811376
248811540
248811869
248811933
248812321
248812526
248812659
248813519
248813997
248814006
248814283
248814332
248814678
248814731
248815219
248815326
248815578
248815656
248815844
248815934
248816259
248816359
248816399
248816462
248816643
248816908
248816932
248816956
248817513
248817593
248817791
248817811
248817869
248818053
248818125
248818291
248818628
248818673
248818734
248818780
248818843
248819268
248819928
248820469
248820627
248820791
248821017
248821200
248821270
248821454
248821886
248822158
248822253
248822402
248822467
248822718
248823006
248823445
248823888
248824525
248824762
248824763
248824808
248824987
248825154
248825350
248825357
248825886
248825980
248826374
248826500
248826601
248826682
248827319
248827502
248827678
248827979
248828375
248828475
248829025
248829059
248829165
248829613
248830226
248830412
248830748
248831200
248831626
248831684
248832031
248832342
248832394
248832724
248832863
248833165
248833188
248833342
248833355
248834108
248834130
248834663
248834942
248835141
248835615
248835667
248835829
248836189
248836222
248836225
248836353
248836534
248836551
248836988
248837010
248837305
248837435
248837520
248838146
248838207
248838378
248839208
248839230
248839276
248839290
248839292
248839300
248839416
248839492
248839744
248840170
248840188
248840447
248840448
248840954
248840975
248841055
248841216
248842074
248842432
248842550
248842962
248843009
248843049
248843530
248843595
248843618
248843956
248844060
248844091
248844125
248844529
248844939
248844958
248845135
248845167
248845857
248845971
248846083
248846365
248846416
248846469
248846595
248846953
248846970
248847276
248847325
248847476
248847567
248847634
248847804
248848235
248848830
248848923
248849066
248849497
248850359
248850512
248850513
248850941
248851182
248851667
248851886
248851925
248852047
248852523
248852580
248852763
248852889
248853008
248853091
248853214
248853736
248853973
248854655
248855120
248855203
248855458
248855461
248855614
248855634
248856296
248856351
248856834
248857142
248857627
248857749
248857886
248857923
248857967
248858056
248858411
248858474
248858598
248858634
248858873
248858897
248859000
248859161
248859632
248859835
248859893
248860066
248860196
248860440
248860572
248860658
248861012
248861208
248861335
248861357
248861749
248862023
248862136
248862141
248862376
248862504
248862634
248862761
248863257
248863307
248863346
248863858
248863998
248864015
248864071
248864155
248864176
248864417
248864658
248864885
248865192
248865634
248866105
248866281
248866384
248866846
248866866
248866937
248867203
248867432
248867440
248867597
248867711
248867756
248867757
248868269
248868432
248868583
248868747
248868926
248868967
248869061
248869082
248869172
248869347
248869603
248869763
248869926
248870252
248870271
248870291
248870807
248870810
248871181
248871267
248872064
248872766
248872958
248873148
248873389
248873500
248873548
248873745
248873848
248873858
248873987
248874035
248874319
248874341
248874810
248874919
248874925
248875318
248875915
248875963
248876061
248876172
248876242
248876309
248876884
248877819
248878214
248878406
248878521
248878897
248878970
248879115
248879116
248879198
248879244
248879877
248879984
248880160
248880335
248880434
248880565
248880653
248881209
248881220
248881268
248881663
248881896
248882148
248882555
248882672
248883241
248883322
248884619
248884757
248884807
248885307
248885376
248885787
248886427
248886477
248886491
248886643
248886655
248886693
248886736
248887231
248887232
248887270
248887421
248887468
248887804
248887853
248887881
248887914
248887927
248887997
248888197
248888222
248888238
248888334
248888517
248888917
248889036
248889057
248889233
248889444
248889553
248890347
248890398
248890429
248890619
248890845
248891191
248891240
248891286
248891330
248891352
248891858
248891973
248892057
248892088
248892222
248892330
248892341
248892438
248892946
248893147
248893267
248893289
248893562
248893669
248893841
248894124
248894141
248894855
248894899
248895065
248895187
248895396
248895501
248895754
248895893
248895970
248895976
248896097
248896155
248896497
248896960
248896977
248897077
248897263
248897339
248898001
248898315
248898478
248898680
248898772
248899317
248900416
248900571
248901539
248901644
248901721
248901761
248901795
248901853
248902076
248902085
248902252
248902298
248902467
248903043
248903096
248903156
248903293
248903300
248903440
248903519
248903588
248904066
248904783
248905045
248905109
248905139
248905171
248905287
248905605
248905621
248905752
248906245
248906304
248906377
248906390
248906811
248906874
248907123
248907496
248907514
248907638
248907736
248907774
248907991
248908026
248908062
248908310
248908373
248908677
248908790
248908817
248909290
248909426
248909484
248909534
248909555
248909716
248910053
248910450
248910825
248910922
248910957
248911010
248911637
248911660
248912033
248912594
248912600
248912768
248912769
248912836
248913419
248913475
248913632
248913706
248913829
248913963
248914145
248914414
248914555
248914695
248914809
248915176
248915501
248915737
248915884
248915990
248916015
248916056
248916073
248916264
248916403
248916546
248916558
248916753
248917410
248917696
248917884
248918855
248919063
248919574
248919594
248919640
248919918
248920255
248920531
248920570
248920589
248920939
248921093
248921132
248921257
248921294
248921543
248921666
248922520
248923492
248923617
248923765
248924255
248924297
248924543
248924605
248924645
248924680
248924934
248925444
248925487
248925545
248925607
248925868
248925951
248925979
248926040
248926215
248926216
248926353
248926399
248926719
248926725
248926794
248926818
248926954
248927284
248927467
248928297
248929246
248929692
248929718
248929960
248930015
248930022
248930674
248930874
248931581
248932594
248932770
248932780
248932850
248932897
248933229
248933387
248933466
248933531
248933761
248933846
248933865
248934013
248934081
248934104
248934965
248934987
248935023
248935027
248935032
248935083
248935587
248935660
248936217
248936227
248936321
248936348
248936375
248936407
248936482
248936677
248936896
248936900
248936960
248936987
248937189
248937652
248937963
248937964
248938092
248938257
248938760
248939047
248939194
248939468
248939607
248939627
248939857
248939865
248940101
248940146
248940780
248941252
248941354
248941796
248942029
248942359
248942750
248943018
248943109
248943219
248943455
248943488
248943899
248944521
248944687
248944747
248944898
248944926
248945360
248945512
248945735
248946257
248946515
248946532
248946938
248947334
248947720
248948017
248948022
248948265
248948544
248948548
248948673
248949299
248949647
248949983
248950272
248950539
248951098
248951159
248951400
248951530
248951810
248952220
248952384
248952391
248952464
248952480
248952730
248953114
248953442
248954254
248954332
248954452
248954477
248954511
248955358
248955593
248955749
248956320
248956420
248956499
248956569
248956588
248957316
248957553
248957706
248957815
248958243
248958864
248960059
248960084
248960832
248960846
248960864
248961054
248961132
248961217
248961370
248961442
248961472
248961741
248961844
248961896
248961905
248962021
248962688
248962853
248962867
248962871
248963041
248963176
248963370
248963763
248963825
248963887
248963969
248964082
248964126
248964811
248964930
248965067
248965723
248965806
248965941
248966408
248966441
248966749
248966862
248966934
248966970
248966980
248967292
248967296
248967769
248967806
248967912
248968253
248968830
248968920
248969471
248969766
248969876
248969931
248969951
248970359
248970844
248971227
248971638
248971957
248971964
248972156
248972232
248972445
248972645
248972954
248973457
248973478
248973849
248973970
248974120
248974654
248974657
248974832
248974953
248974986
248975225
248975257
248975258
248975812
248975981
248976630
248977089
248977106
248977213
248977276
248977389
248978130
248978150
248978522
248979072
248979437
248979443
248979480
248979638
248980105
248980598
248980958
248981250
248981479
248982144
248982290
248982343
248982626
248983178
248983255
248983263
248983344
248983648
248983906
248984347
248984635
248984653
248984877
248985308
248985625
248985645
248986102
248986359
248986675
248986733
248986959
248987003
248987354
248987473
248987486
248987555
248987605
248987805
248988161
248988180
248988457
248988495
248988800
248988995
248989078
248989306
248990051
248990151
248990179
248990245
248990550
248990896
248991134
248991579
248991734
248991853
248991900
248992262
248992390
248992645
248992993
248993656
248993727
248993775
248993873
248994155
248994349
248994427
248994543
248995125
248995199
248995268
248995450
248995561
248995768
248996309
248996346
248996966
248996985
248997074
248997134
248997249
248997265
248997548
248997691
248998100
248998188
248998308
248998310
248998925
248999232
248999260
248999406
248999695
249000146
249000573
249001221
249001282
249001433
249001568
249001603
249001710
249001761
249001946
249001963
249002051
249002155
249002347
249002543
249002989
249003259
249003290
249003362
249003487
249003522
249003557
249003614
249003963
249004032
249004170
249004199
249004229
249004303
249005260
249005377
249005596
249005652
249005920
249005942
249006087
249006137
249006341
249006386
249006609
249006629
249006955
249007138
249007159
249007224
249007243
249007276
249007790
249008056
249008515
249008544
249008764
249008859
249009041
249009347
249009351
249009551
249009836
249009993
249010009
249010321
249010373
249010534
249010760
249010840
249010884
249011159
249011224
249011255
249011359
249011372
249011500
249011592
249011732
249011831
249012400
249012473
249012536
249012547
249012637
249013545
249013648
249014138
249014376
249014664
249014704
249014741
249014868
249015106
249015615
249015809
249015828
249015834
249015943
249016320
249016647
249016791
249016926
249016991
249017167
249017256
249017796
249017880
249018082
249018488
249018524
249018544
249018595
249019405
249019435
249019505
249019593
249019629
249019645
249019704
249020048
249020345
249020458
249020580
249020647
249020790
249020985
249021013
249021461
249021482
249021595
249021966
249022387
249022553
249022602
249022653
249022869
249023121
249023188
249023375
249023406
249023422
249023434
249024333
249024375
249024423
249024805
249025186
249025283
249025366
249025421
249025742
249025775
249026321
249026655
249026779
249026843
249026923
249027101
249027194
249027277
249027981
249028273
249028453
249028515
249028594
249029402
249029485
249029505
249029582
249029638
249030133
249030320
249030361
249030372
249030877
249030999
249031047
249031166
249031213
249031325
249031326
249031355
249031482
249031678
249031911
249032168
249032459
249033014
249033102
249033125
249033206
249033550
249033817
249033925
249034039
249034359
249034443
249034463
249034570
249034986
249035086
249035444
249035671
249035844
249035913
249036384
249036497
249036676
249036815
249037254
249037515
249037799
249037809
249038063
249038626
249038988
249039227
249039414
249040198
249040617
249040715
249040911
249041085
249041330
249041396
249041423
249041634
249041729
249041769
249041993
249042025
249042140
249042464
249043143
249043245
249043283
249043570
249043587
249043824
249043865
249044144
249044432
249044602
249044669
249044713
249045538
249045907
249046006
249046023
249046245
249046351
249046367
249046458
249046570
249046599
249046771
249047024
249047076
249047281
249047283
249047456
249047762
249048160
249048319
249048488
249048489
249048749
249050229
249050275
249050288
249050296
249050451
249050663
249050759
249050856
249050907
249051294
249051343
249051514
249051638
249051766
249052165
249052369
249052457
249052653
249052757
249053152
249053158
249053194
249053415
249053593
249053608
249053637
249054235
249054589
249054620
249054627
249054768
249054770
249055473
249055631
249055745
249055795
249055818
249055883
249056040
249056212
249056237
249056530
249056538
249056575
249056587
249056799
249057116
249057831
249058039
249058744
249059394
249059810
249059951
249060089
249060223
249060808
249060892
249060930
249061255
249061313
249061555
249062166
249062483
249062751
249062766
249063286
249064433
249064563
249064633
249064821
249065009
249065416
249065683
249065960
249066127
249066648
249067287
249067412
249067655
249067940
249068324
249068892
249069391
249069488
249069794
249069862
249069958
249070032
249070043
249070536
249070616
249071024
249071248
249071384
249071418
249071431
249071500
249071817
249072700
249072980
249073117
249073163
249073735
249073899
249073988
249074049
249074198
249074708
249075191
249075377
249075653
249075783
249075885
249076070
249076350
249076497
249076602
249076689
249077068
249077155
249077620
249077969
249078136
249078169
249078248
249078498
249078564
249078863
249079203
249079470
249079603
249079610
249079626
249079818
249079951
249080474
249080867
249080948
249081326
249081510
249081726
249081846
249082038
249082479
249082514
249082635
249082964
249083020
249083048
249083166
249083551
249083581
249083591
249083978
249083979
249084064
249084527
249084789
249084927
249085102
249085299
249085634
249085679
249085849
249086030
249086253
249086428
249086633
249086643
249086832
249087258
249087266
249087529
249087843
249089322
249089451
249089457
249089618
249089851
249089855
249090064
249090923
249091154
249091453
249091591
249091752
249092275
249092359
249092360
249092484
249092897
249093042
249093319
249093809
249094498
249094795
249095073
249095584
249095620
249095779
249095803
249095921
249095925
249096443
249096498
249096675
249097212
249097496
249098334
249098591
249098741
249098982
249099125
249099685
249099947
249100005
249100048
249100811
249101056
249101487
249101852
249102227
249102385
249102532
249102652
249102795
249102966
249103706
249103734
249104197
249104238
249104450
249104777
249105032
249105176
249105716
249106121
249106148
249106237
249106280
249107102
249107525
249107699
249107721
249107728
249107904
249108097
249108238
249108605
249108725
249108922
249108929
249109208
249109218
249109274
249109465
249109676
249110062
249110215
249110296
249110372
249110388
249110478
249111499
249112056
249113445
249113679
249114169
249114352
249114435
249114458
249114911
249114935
249115035
249115094
249115311
249115512
249115560
249115802
249115897
249115937
249116045
249116321
249116824
249116897
249116951
249117098
249117565
249117579
249117846
249118123
249118305
249118417
249118465
249118616
249118657
249118735
249118906
249119464
249119749
249119855
249120140
249120991
249121617
249121699
249121906
249121913
249122565
249122744
249122966
249122983
249122985
249123311
249123361
249123698
249123890
249124281
249124417
249124909
249125365
249125706
249126527
249126653
249126745
249126767
249126909
249127016
249127196
249127880
249128369
249128423
249128527
249128561
249128611
249128747
249128866
249129070
249129252
249129854
249129980
249132416
249132580
249132661
249132783
249132821
249132927
249132967
249132969
249133171
249133330
249133475
249133523
249133692
249133724
249133957
249134361
249134489
249134512
249134533
249134682
249134801
249134824
249134884
249134935
249134967
249134998
249135063
249135206
249135219
249135293
249135330
249135391
249135414
249135428
249135522
249135579
249135580
249135699
249135959
249136170
249136554
249136608
249136823
249136947
249137804
249138007
249138145
249138313
249138454
249138573
249138576
249138905
249138942
249139154
249139237
249140064
249140200
249140333
249140334
249140404
249140476
249140495
249140572
249140760
249141090
249141495
249142080
249142165
249142427
249142502
249142506
249142587
249142595
249142599
249143120
249143128
249143408
249143911
249144001
249144237
249144659
249144782
249145972
249146176
249146202
249146371
249146513
249146826
249147272
249147732
249148271
249148276
249148450
249148689
249148843
249149138
249149386
249149655
249149668
249149925
249150627
249151304
249151982
249152035
249152672
249153420
249153495
249153603
249153612
249154385
249154471
249154491
249154520
249154744
249155019
249155884
249155989
249156114
249156426
249156467
249156806
249157140
249157180
249157225
249158208
249158216
249158561
249158656
249158727
249158956
249159131
249159177
249159428
249159498
249159608
249159637
249159641
249159656
249159669
249159801
249160024
249160799
249160925
249160952
249161027
249161078
249161142
249161262
249161757
249161844
249162227
249162379
249162599
249163300
249163454
249163663
249163971
249164056
249164231
249164510
249164600
249165035
249165526
249165677
249166075
249166127
249166153
249166181
249166394
249166899
249167075
249167234
249167330
249167681
249168296
249168297
249168399
249168656
249168930
249168969
249169035
249170261
249170941
249171035
249171250
249171407
249171961
249172514
249172892
249173091
249173311
249173473
249173575
249173778
249173823
249174012
249174017
249174361
249174426
249174994
249175094
249175346
249175391
249176010
249176154
249176837
249176904
249177085
249178058
249178294
249178595
249178626
249178669
249178727
249178880
249179131
249179582
249180312
249181053
249181444
249181578
249181602
249182168
249182536
249182692
249183009
249183919
249184480
249184584
249185344
249185542
249186002
249186114
249186258
249186363
249187407
249187540
249188864
249189080
249189211
249189237
249189447
249190003
249190185
249190910
249191075
249192398
249192440
249192836
249193317
249194113
249194902
249195305
249195603
249195738
249196123
249196147
249196515
249197169
249197479
249198013
249198018
249198550
249198859
249198918
249199520
249199536
249201077
249201310
249201986
249202392
249203476
249203776
249203869
249204483
249204734
249204923
249205200
249205347
249205663
249206233
249206321
249206704
249207021
249207137
249207685
249207823
249208240
249208584
249208674
249208906
249209135
249209212
249209838
249210020
249210294
249211360
249211770
249211928
249212271
249212526
249212674
249212990
249213025
249213117
249213232
249213401
249214794
249214984
249214987
249216083
249216177
249216432
249216538
249217010
249217470
249218434
249219063
249219080
249219737
249220125
249220348
249220576
249221029
249221108
249221116
249221263
249221463
249221759
249222206
249222321
249222458
249222866
249222881
249223142
249223530
249223615
249224150
249224175
249224180
249224516
249224757
249225005
249225519
249226075
249227413
249227502
249227914
249227954
249228311
249228325
249228752
249228842
249228860
249229032
249229098
249229609
249229647
249230167
249230177
249230213
249230303
249230309
249230348
249230364
249230365
249230688
249231300
249231529
249231755
249231942
249232397
249232447
249232597
249232681
249233258
249234198
249234824
249234836
249235081
249235407
249235428
249235595
249235764
249236516
249236718
249236747
249236849
249237509
249237958
249238415
249238446
249238550
249238728
249238850
249238857
249238988
249239053
249239799
249240217
249240222
249240260
249240726
249240784
249241065
249241277
249241369
249241429
249241966
249242054
249242115
249242255
249242411
249242478
249242495
249242549
249242616
249243760
249243763
249243796
249244476
249244919
249244942
249245451
249245482
249245493
249245514
249245602
249245813
249246226
249246639
249246776
249246960
249247222
249247468
249247717
249247867
249247868
249248172
249248570
249248661
249248718
249248985
249249147
249249981
249250381
249250606
249250628
249250821
249250824
249250976
249251058
249251073
249251168
249251186
249251368
249251954
249252172
249252219
249252275
249252405
249252466
249252978
249253683
249253808
249254042
249254253
249254461
249254969
249255116
249255143
249255394
249255559
249255827
249256661
249256902
249256916
249257160
249257273
249257301
249257926
249258279
249258289
249258321
249258464
249258489
249258578
249258616
249258725
249258812
249259571
249259724
249259779
249259887
249260078
249260091
249260560
249260581
249260673
249260702
249260920
249260973
249261171
249261386
249261413
249261426
249261759
249261788
249261893
249261927
249262271
249262436
249262558
249263008
249263307
249263343
249263913
249264013
249264305
249264772
249264828
249264964
249265061
249265091
249265113
249265114
249265133
249265769
249265951
249266309
249266515
249266550
249267191
249267378
249267431
249267581
249267589
249268005
249268791
249268934
249269133
249269223
249269301
249269350
249269528
249269705
249269938
249270024
249270110
249271089
249271312
249271684
249272357
249272423
249272457
249272776
249272783
249272884
249272920
249273942
249274238
249274535
249274567
249274707
249275122
249275254
249275343
249275363
249275732
249275938
249276481
249276630
249276714
249276970
249277096
249277371
249278541
249278639
249278715
249279108
249279111
249279361
249280359
249280363
249280576
249280726
249281137
249281482
249281659
249282203
249282489
249282856
249283542
249283698
249283729
249283835
249283962
249284637
249284805
249285545
249285551
249285568
249285593
249285952
249286058
249286271
249286367
249286778
249286902
249287089
249287651
249287685
249289788
249289826
249290883
249291058
249291287
249291296
249291952
249291956
249291984
249292899
249293266
249294039
249294614
249294615
249295039
249295224
249295903
249296046
249296246
249296518
249296702
249296932
249297278
249297768
249298000
249298033
249298569
249299253
249299964
249300120
249300312
249300383
249300763
249301747
249303002
249303222
249303293
249303590
249304014
249304509
249304720
249305000
249305056
249305227
249305953
249306056
249306755
249306816
249307396
249307754
249307919
249308243
249309092
249309446
249309929
249309989
249310172
249310221
249310488
249310501
249311079
249311093
249311572
249311893
249311967
249311993
249312118
249312292
249312764
249313172
249313208
249313230
249313405
249313472
249313853
249314084
249314202
249314748
249315109
249315242
249315520
249315600
249316116
249316188
249316323
249316324
249316458
249317093
249317424
249317849
249318280
249319104
249319265
249319368
249319377
249319752
249320202
249320435
249321554
249321689
249322145
249322401
249322862
249323403
249323693
249324154
249324237
249325672
249326385
249326764
249326796
249327427
249327433
249327802
249327852
249327895
249328015
249328055
249328235
249328598
249328688
249328748
249328979
249329322
249329660
249329700
249330086
249330105
249330144
249331204
249331317
249331358
249331871
249332018
249332328
249332469
249332538
249332558
249332821
249333157
249333440
249333607
249333830
249333893
249335412
249335496
249336035
249336330
249336457
249336464
249336583
249336901
249337016
249337337
249337658
249337920
249338005
249338200
249338795
249339006
249339137
249339685
249339748
249339857
249339865
249339878
249340452
249340641
249341809
249342257
249342292
249342616
249343284
249343858
249343958
249344102
249344657
249345462
249345562
249345697
249345887
249345894
249346329
249346363
249346810
249347072
249347154
249347417
249347526
249347717
249347841
249347897
249348111
249348402
249348641
249348700
249348903
249349367
249349831
249349869
249349880
249350013
249350047
249350212
249350418
249350727
249350764
249351106
249351136
249351236
249351283
249351389
249351587
249351641
249351777
249351921
249351979
249352100
249352400
249352690
249353379
249353389
249353463
249353585
249354142
249354840
249354854
249354857
249354886
249355459
249356157
249356222
249356442
249356683
249356823
249357190
249357375
249357780
249357884
249358144
249358360
249358509
249358808
249358878
249359936
249360280
249360363
249361723
249361728
249361786
249362024
249362678
249362963
249363177
249363202
249363251
249363383
249363572
249364221
249364241
249364367
249364417
249364428
249364741
249365054
249365077
249365290
249365760
249365820
249366131
249366325
249366690
249366849
249366882
249367149
249367820
249368110
249368196
249368460
249368920
249368943
249369200
249369213
249370348
249370385
249370788
249371019
249371382
249371391
249371495
249371602
249371745
249371831
249372221
249372234
249372669
249372943
249373275
249373329
249373358
249373381
249373617
249373794
249374327
249374371
249374524
249374577
249374766
249374776
249374837
249374873
249375386
249375582
249375704
249375962
249376069
249376174
249376428
249376610
249376775
249376923
249377139
249377283
249377315
249377810
249377826
249377886
249377945
249378474
249378681
249379648
249380285
249380781
249380787
249380942
249381241
249381266
249381812
249381908
249382052
249382159
249382259
249382281
249382293
249382311
249382403
249382549
249382558
249382585
249382611
249382635
249383363
249383453
249383677
249383717
249383762
249384122
249384263
249384717
249385135
249385136
249385179
249385228
249385367
249386666
249386804
249386839
249387038
249387321
249387345
249387519
249387808
249387842
249388000
249388385
249388481
249388676
249388916
249389102
249389143
249389280
249389341
249389550
249389560
249389599
249389810
249389907
249390057
249390262
249390373
249390417
249390689
249390929
249391081
249391082
249391522
249391900
249391940
249392133
249392384
249392574
249392912
249392944
249393114
249393197
249393336
249393478
249393600
249393607
249393771
249393783
249394202
249394369
249394433
249394515
249394544
249394725
249395199
249395320
249395605
249395655
249396020
249396498
249396646
249396863
249396939
249397005
249397137
249397191
249397598
249397712
249397967
249397996
249398257
249398798
249399021
249399108
249399521
249399870
249399915
249400012
249400145
249400202
249400280
249400952
249401174
249401305
249401423
249401432
249402206
249402551
249402557
249402828
249403342
249403377
249403487
249403568
249404362
249404386
249404405
249404600
249404652
249405726
249405979
249405989
249406030
249406454
249406656
249407110
249407135
249407293
249408057
249408317
249408349
249408988
249409018
249409109
249409254
249409296
249409339
249409418
249409481
249410372
249410679
249410756
249410897
249410898
249411041
249411255
249411372
249411556
249412473
249412768
249413057
249413224
249413285
249413658
249413693
249413819
249415490
249415688
249415695
249415934
249415948
249416145
249416386
249416842
249416865
249416918
249416937
249417037
249417080
249417202
249417269
249417365
249417571
249418010
249418297
249418358
249418376
249418726
249419289
249420069
249420146
249420276
249423371
249423405
249423407
249423488
249423676
249424171
249424180
249424559
249424641
249424912
249425314
249425479
249425510
249426343
249426444
249426831
249427274
249427280
249427553
249427972
249428394
249428409
249428587
249428957
249429979
249430308
249430330
249430354
249430473
249430912
249432290
249432293
249432560
249432587
249433347
249433950
249433976
249434185
249434825
249435828
249436087
249436532
249436747
249436856
249436857
249437165
249437240
249437395
249437429
249437848
249437887
249438052
249438132
249438570
249438798
249438908
249439146
249439166
249439212
249439564
249439740
249440044
249440098
249440240
249440366
249440378
249440438
249440617
249440799
249440854
249441171
249441377
249441477
249441492
249441596
249441629
249441743
249441779
249441905
249442870
249443014
249443213
249443634
249443851
249444086
249444838
249445177
249445253
249445501
249445784
249445881
249446039
249446181
249446210
249446211
249446388
249446637
249446660
249446779
249446805
249447618
249447653
249448092
249448365
249449017
249449305
249449646
249449681
249450068
249450176
249450329
249451271
249451398
249451549
249452399
249452605
249452765
249453443
249453567
249453652
249453693
249453739
249453978
249454064
249454426
249454787
249455050
249455263
249455886
249455959
249456651
249456679
249456688
249456850
249456877
249456978
249457177
249457207
249457217
249457631
249457894
249457948
249458119
249458513
249458538
249458935
249459598
249459764
249459816
249459871
249460358
249460705
249460721
249461251
249461579
249461861
249462145
249462250
249462768
249463129
249463267
249463371
249463843
249464378
249464391
249464663
249464773
249464784
249464957
249465047
249465049
249465075
249465253
249465551
249465602
249465611
249465718
249467169
249467318
249467381
249467691
249467733
249468120
249468509
249469285
249469511
249469791
249469973
249469992
249470130
249470274
249470547
249470580
249470758
249470948
249471228
249472066
249472333
249472515
249473049
249473141
249473409
249473894
249473964
249474051
249474063
249474078
249474518
249474572
249474594
249474599
249474602
249474623
249474783
249474891
249475644
249475906
249476062
249476220
249476511
249476691
249476765
249476859
249476904
249477312
249477912
249478093
249478379
249479012
249479034
249480003
249480068
249480651
249481059
249481072
249481138
249481164
249481327
249481338
249481398
249481691
249481774
249481982
249482149
249482169
249482728
249482904
249482970
249484757
249484884
249484949
249485036
249485717
249485942
249486683
249486764
249486944
249487453
249487815
249488364
249488375
249488725
249489035
249489726
249489842
249489958
249490034
249490494
249491050
249491297
249491523
249491530
249491662
249491751
249491988
249492069
249492099
249492402
249492847
249492850
249492853
249492855
249493967
249493996
249494049
249494377
249494592
249494691
249494882
249494903
249494917
249494982
249495048
249495160
249495186
249495221
249495363
249495406
249495772
249495915
249496280
249496294
249496436
249496881
249496904
249496935
249498077
249498373
249498405
249498759
249498852
249498934
249498945
249498951
249499678
249499944
249499959
249500000
249500436
249500870
249501131
249501188
249501202
249501444
249501525
249501891
249501992
249502395
249502438
249503190
249503422
249503605
249503631
249503899
249504198
249504226
249504329
249504351
249504503
249504606
249504783
249504978
249505478
249505835
249505862
249506122
249506393
249506712
249506876
249507229
249507572
249507789
249507927
249508100
249508190
249508584
249508940
249509019
249509485
249509546
249509739
249509746
249509859
249510461
249511346
249511466
249512115
249512238
249512441
249512620
249512662
249512725
249513328
249513334
249513470
249513642
249514203
249514251
249514253
249514407
249514675
249514854
249514976
249515023
249515172
249515877
249516079
249516228
249516547
249516635
249517260
249517292
249517595
249517676
249517881
249518248
249518485
249518612
249518644
249519117
249519150
249519415
249519587
249519905
249520861
249521050
249521563
249521721
249521805
249522437
249522457
249522655
249523068
249523621
249523733
249523764
249523888
249524182
249524329
249524616
249524936
249525269
249525510
249525874
249526011
249526057
249526645
249526993
249527356
249527458
249527849
249528651
249528800
249528977
249529066
249529122
249529152
249530114
249530356
249530532
249530561
249530741
249530908
249531010
249531361
249531366
249532260
249532522
249532529
249533034
249533575
249533844
249534120
249534162
249534574
249534622
249534647
249535480
249535524
249535583
249535756
249536096
249536209
249536727
249536865
249536972
249537145
249537291
249537787
249538341
249538361
249538618
249538690
249538964
249539156
249539280
249539310
249539425
249539487
249540196
249540357
249540976
249541291
249541349
249541385
249541408
249541459
249541503
249541657
249542084
249542108
249542378
249542520
249542768
249542932
249543028
249543251
249544026
249544167
249545038
249545371
249545405
249545804
249546253
249546287
249546979
249548405
249548478
249548607
249548869
249549693
249550284
249551332
249551392
249552046
249553067
249553398
249553535
249553956
249554159
249554249
249554267
249554510
249554833
249554886
249554900
249555022
249555235
249555964
249556004
249556353
249556982
249557944
249558113
249558306
249558960
249559114
249559121
249559210
249559303
249559546
249560543
249562680
249562728
249563072
249563161
249563790
249563970
249564181
249564254
249564293
249564610
249564677
249564806
249565019
249565293
249565742
249566249
249566449
249566754
249566844
249566901
249567952
249567994
249568024
249568334
249569419
249570177
249570338
249570456
249570457
249570639
249570776
249570831
249571348
249571495
249571710
249572319
249573213
249574018
249574279
249575010
249575085
249575100
249576002
249576657
249576719
249576728
249577128
249577323
249577484
249577606
249577686
249577830
249578006
249578459
249578835
249579758
249580282
249580814
249581044
249581176
249581179
249581651
249581785
249582229
249582512
249582676
249582891
249583271
249583384
249583582
249583693
249584262
249584314
249584511
249584615
249584760
249584932
249584933
249585008
249585713
249585758
249585918
249586416
249586922
249586933
249586962
249587075
249587191
249587262
249587560
249587910
249588031
249588073
249588100
249588481
249589713
249589982
249590014
249590159
249590232
249590358
249590571
249590759
249590798
249590818
249590848
249590858
249591097
249591295
249591401
249591482
249591502
249592433
249592571
249593003
249593086
249593658
249594113
249594366
249594565
249594762
249594827
249594936
249595121
249595163
249596482
249597032
249597238
249597862
249598014
249598094
249598208
249598284
249598349
249598559
249598911
249599435
249599607
249600244
249600489
249601808
249601860
249601898
249602001
249602076
249602297
249602452
249602806
249603134
249603263
249603677
249603959
249604464
249604766
249604848
249605219
249605282
249605297
249605537
249606075
249606193
249606688
249606782
249607000
249607165
249607221
249607238
249607317
249607589
249607811
249608024
249608224
249608976
249609075
249609223
249609759
249610304
249610515
249611002
249611194
249611424
249611620
249611685
249611868
249612031
249612380
249613145
249613637
249613913
249613914
249613993
249614184
249615356
249615618
249615622
249615726
249615857
249615973
249616019
249616436
249616958
249616994
249617144
249617226
249617236
249617307
249617394
249617469
249617532
249617772
249617778
249617804
249618680
249618781
249618891
249618920
249619060
249619182
249619570
249619767
249619979
249620390
249620685
249620744
249620885
249620925
249621187
249621359
249621495
249621973
249622094
249622189
249622214
249622222
249622454
249622551
249622646
249622650
249622749
249623042
249623105
249623372
249623453
249623770
249624139
249624168
249624241
249624301
249624373
249624472
249625326
249625554
249625764
249625828
249625836
249625926
249625958
249626346
249626715
249626791
249627077
249627103
249627463
249627800
249627839
249627849
249627958
249628151
249628338
249628489
249628529
249628640
249628847
249629468
249629596
249629786
249630005
249630021
249630159
249630190
249630342
249630701
249631085
249631129
249631432
249631496
249631634
249631810
249631898
249631963
249632042
249632355
249632378
249632403
249632512
249632533
249632824
249632896
249633473
249633479
249633512
249633613
249633695
249633707
249634067
249634916
249635216
249635303
249635685
249635824
249636152
249636492
249636642
249636705
249636779
249636873
249637017
249637235
249637237
249637471
249637829
249637883
249638165
249638278
249638415
249638419
249638627
249638811
249638919
249639571
249639704
249639714
249639776
249640098
249640112
249640139
249640331
249640531
249640533
249640583
249640751
249640834
249640941
249640987
249641188
249641251
249641536
249641579
249641603
249641677
249642158
249642523
249642637
249642720
249642809
249642953
249643621
249643702
249644257
249644258
249644518
249644680
249644786
249645343
249645358
249645448
249645468
249646501
249646549
249646764
249647035
249647156
249647412
249647433
249647907
249648410
249648762
249649049
249649185
249649592
249649629
249649697
249649946
249649989
249651447
249651922
249652077
249652326
249652333
249652708
249653145
249653241
249653567
249653866
249654125
249654975
249655103
249655760
249655761
249655830
249655906
249656064
249656263
249656883
249657199
249657247
249657476
249657533
249657813
249658702
249658880
249659455
249659588
249659630
249660650
249660661
249660784
249660789
249660844
249660922
249661061
249661256
249661882
249662091
249662516
249662654
249663175
249663341
249663518
249663537
249663691
249663696
249663747
249664253
249664328
249664337
249664848
249665500
249665631
249665691
249665900
249665964
249665965
249666167
249666172
249666517
249666621
249666982
249667003
249667405
249667812
249668464
249668528
249668648
249668972
249669034
249669188
249669324
249669357
249669438
249670121
249670534
249670577
249670661
249671061
249672096
249672120
249672223
249672230
249672544
249672606
249672658
249672871
249673018
249673020
249673293
249673347
249673775
249673880
249673918
249674312
249674914
249674984
249675003
249675044
249675045
249675845
249676109
249676366
249676377
249676691
249677063
249677205
249677491
249677963
249679100
249679729
249679767
249679771
249680281
249680556
249680944
249681020
249681041
249681102
249681200
249681352
249681695
249682026
249682086
249682279
249682362
249682799
249682913
249683018
249683097
249683128
249683207
249683265
249684014
249684259
249684325
249684467
249684469
249684563
249685076
249685131
249685406
249685606
249685889
249686527
249686876
249686947
249687670
249687885
249687971
249688183
249689167
249689627
249689736
249689887
249690103
249690607
249690619
249690833
249690976
249691270
249691729
249692326
249692538
249692691
249692756
249693511
249693576
249693593
249693837
249694022
249694373
249694785
249695053
249695057
249695080
249695408
249695741
249695847
249696422
249697191
249697444
249697617
249697625
249697800
249697973
249697997
249698032
249698111
249698184
249698336
249698422
249698843
249699045
249699239
249699791
249699837
249700818
249700953
249700960
249700964
249700975
249701563
249701614
249701763
249701924
249702783
249702907
249702909
249703398
249703415
249703601
249703728
249703823
249704037
249704371
249704871
249705102
249705385
249705400
249705793
249706034
249706296
249706467
249707395
249707466
249707718
249707942
249708075
249708079
249708290
249708363
249708443
249708563
249709757
249709764
249709952
249709957
249709996
249710310
249711006
249711143
249711177
249712194
249712304
249712391
249712705
249713142
249713184
249713370
249713641
249714244
249714269
249714449
249714530
249714567
249714797
249714860
249714882
249715573
249715957
249716044
249716059
249716533
249717065
249717399
249717401
249718133
249718361
249718698
249719359
249719462
249719572
249720440
249721244
249721253
249721797
249721845
249722193
249722348
249722684
249722781
249722960
249722995
249723002
249723729
249723963
249724015
249724592
249724787
249724807
249725071
249725159
249725241
249725253
249725360
249725618
249725909
249726125
249726502
249726901
249728223
249728252
249729072
249729301
249729407
249729643
249729680
249729689
249729766
249729843
249730087
249730467
249730670
249730844
249731782
249732372
249732510
249732512
249733065
249733230
249733732
249733852
249733860
249734113
249734170
249734218
249734351
249734417
249734667
249734780
249734911
249734918
249735087
249735140
249735545
249735586
249735760
249735863
249736259
249736497
249736579
249737004
249737041
249737127
249737363
249737374
249737554
249737655
249737809
249737845
249738065
249738806
249738974
249739038
249739490
249740140
249740355
249740466
249740622
249741065
249741071
249741087
249741131
249741173
249741240
249741298
249741546
249741582
249741671
249741746
249741960
249742116
249742189
249743102
249743116
249743790
249743888
249744042
249744175
249744349
249744560
249744690
249745142
249745267
249745294
249745464
249745509
249745914
249746438
249746543
249746641
249746857
249747265
249748112
249748208
249748511
249748550
249748726
249749093
249749652
249749658
249750036
249750456
249750906
249751070
249751301
249751419
249751542
249751673
249751679
249751764
249751813
249752870
249753703
249753738
249753933
249754307
249754488
249754517
249755098
249755853
249756120
249756376
249756436
249756501
249756816
249756958
249757289
249757367
249757378
249757523
249757636
249758046
249758119
249758306
249758388
249758638
249758907
249759070
249759098
249759164
249759318
249759689
249759696
249759736
249759809
249759866
249760003
249760053
249760105
249760447
249760821
249760971
249761417
249761455
249761743
249761992
249762013
249763011
249763209
249763413
249763576
249763767
249763812
249764046
249764124
249764292
249764305
249764532
249764758
249765288
249765329
249765673
249765795
249765911
249766072
249766413
249766530
249766680
249767045
249767108
249767188
249767251
249767330
249767778
249768137
249768340
249768385
249768497
249769209
249769388
249769411
249769617
249769696
249769913
249769957
249770052
249770056
249770103
249770148
249770198
249770273
249770642
249770786
249770988
249771097
249771123
249771309
249771341
249771437
249771788
249772013
249772301
249772849
249772896
249772956
249773153
249773272
249773404
249773475
249773621
249773805
249773929
249774151
249774176
249774189
249774397
249774571
249774627
249774755
249774825
249774895
249775004
249775403
249775491
249775920
249776328
249776360
249776691
249776836
249777060
249777126
249777326
249777464
249777474
249777884
249777983
249778327
249778551
249778664
249778743
249779626
249779699
249779920
249780105
249780354
249780503
249781213
249781250
249781403
249781552
249781681
249781688
249781923
249782133
249782298
249782457
249782507
249782542
249782547
249782686
249782729
249782742
249782969
249782986
249782996
249783056
249783466
249784053
249784304
249784557
249784733
249784879
249785527
249786279
249786358
249786940
249787137
249787278
249787312
249787443
249787921
249788604
249788975
249789004
249789079
249789163
249789313
249789694
249789883
249789896
249790219
249790329
249791040
249791229
249791295
249791319
249791325
249791341
249791469
249791885
249791928
249791985
249792239
249792264
249792400
249792416
249792691
249793026
249793054
249793165
249793231
249793491
249793526
249793652
249794186
249794368
249794542
249795003
249795207
249795419
249795490
249795989
249796248
249796253
249796618
249796858
249797037
249797702
249798561
249798624
249799411
249800428
249800497
249800925
249801201
249801220
249801355
249801549
249802010
249802269
249802553
249802694
249802841
249803244
249803517
249803608
249803625
249803669
249803745
249803753
249804340
249804347
249804705
249804800
249804842
249804863
249804956
249805056
249805341
249805443
249805483
249805733
249806062
249806087
249806360
249806758
249806893
249807501
249807952
249808160
249808165
249808858
249809045
249809172
249809684
249810440
249810458
249810803
249810915
249810967
249811001
249811158
249811197
249811454
249811718
249811789
249812749
249812826
249813166
249813575
249813739
249814250
249814269
249815254
249815277
249816054
249816546
249816760
249816957
249817108
249817177
249817421
249817866
249817920
249817986
249818204
249818278
249818355
249818425
249818477
249818836
249818859
249818860
249819159
249819609
249819610
249819797
249820089
249820254
249820882
249821146
249821333
249821337
249821404
249821523
249821576
249821637
249821899
249821927
249822093
249822367
249822972
249823269
249823628
249823673
249823899
249823911
249824189
249825124
249825804
249825970
249825991
249826229
249826311
249826473
249826491
249826517
249827169
249827315
249827437
249827904
249827952
249827991
249829025
249829033
249829499
249829932
249831304
249831401
249831505
249831696
249831905
249832003
249832306
249832823
249832872
249833409
249833658
249833835
249834008
249834295
249834363
249834595
249834824
249835285
249835311
249835599
249835662
249835788
249835818
249835869
249836221
249836790
249836834
249837273
249837391
249837559
249837791
249838073
249838989
249839032
249839139
249839191
249839334
249839391
249839693
249839746
249839822
249839947
249839985
249840577
249840597
249840636
249840940
249841034
249841221
249842137
249842212
249842587
249842729
249843061
249843131
249843258
249843335
249843405
249844433
249844532
249844573
249844838
249845524
249845627
249845785
249846860
249846895
249847050
249847361
249847809
249848087
249848138
249848224
249848253
249848372
249848425
249848453
249848500
249849282
249849334
249849398
249849813
249850200
249850406
249850494
249850788
249850884
249851051
249851255
249851461
249851851
249851856
249851892
249852067
249852112
249852312
249852380
249852468
249852605
249852608
249852783
249852979
249853275
249853671
249853696
249853868
249853908
249854078
249854261
249854292
249854333
249854355
249855395
249855456
249855665
249855749
249855764
249856175
249856669
249856747
249856805
249856958
249856988
249857290
249857768
249857836
249858064
249858201
249858604
249859489
249860095
249860229
249860605
249860867
249860983
249862681
249862850
249863395
249863467
249863675
249863746
249864100
249864258
249864273
249864677
249864685
249865097
249865118
249865552
249865725
249866332
249866416
249866495
249867193
249868146
249868431
249868440
249868739
249868860
249868935
249869398
249869496
249869844
249870112
249870139
249871466
249871921
249871971
249872246
249872722
249872789
249872992
249873188
249873267
249873689
249873742
249873914
249874080
249874266
249874339
249874378
249874521
249874543
249875137
249875180
249875232
249875478
249875750
249876055
249876347
249876435
249877165
249877181
249877445
249877869
249878068
249878077
249878253
249878280
249878342
249878366
249878372
249878388
249878435
249878768
249878781
249878804
249879004
249879274
249879388
249879405
249879598
249879610
249879756
249879798
249880017
249880031
249880538
249880675
249881545
249881690
249881858
249881939
249881955
249881970
249882021
249882039
249882122
249882157
249882602
249883019
249884640
249884729
249885440
249885513
249885704
249885756
249885868
249886099
249886517
249886584
249887165
249887401
249887513
249887584
249887626
249888079
249888230
249888329
249888454
249888545
249888915
249888933
249889246
249889509
249889536
249889611
249889656
249889745
249889956
249890047
249890551
249890678
249890925
249891068
249891564
249892641
249892742
249892799
249892845
249893014
249893342
249893518
249893558
249893756
249894271
249894274
249895146
249895201
249895756
249896144
249896324
249896601
249896741
249896778
249896846
249897426
249897608
249899968
249900179
249900247
249900278
249900307
249900452
249900455
249900477
249900860
249900912
249901080
249901220
249901285
249901351
249901362
249901432
249901434
249901537
249901880
249901973
249902003
249902038
249902042
249902064
249902206
249902468
249902653
249902701
249902837
249903108
249903192
249903311
249903370
249903570
249903649
249903884
249903941
249904009
249904140
249904214
249904250
249904315
249904410
249904515
249904743
249904817
249904826
249905040
249905457
249905756
249905879
249906183
249906348
249906407
249906471
249906848
249907151
249907429
249907449
249907590
249907597
249907759
249907853
249908291
249908619
249908894
249908963
249909093
249909112
249909319
249909368
249909849
249910442
249910728
249911113
249911263
249911276
249911298
249911349
249911379
249911725
249911803
249911805
249912182
249912266
249912454
249912672
249912920
249913055
249913108
249913146
249913340
249913497
249913566
249913758
249913994
249914818
249914874
249914974
249915144
249915412
249915861
249915867
249915921
249916017
249916535
249916864
249917283
249918112
249918178
249918288
249918347
249918382
249918489
249918498
249918623
249918671
249918705
249919008
249919010
249919637
249919680
249919860
249919915
249920795
249921127
249921334
249921525
249921548
249921915
249922212
249922213
249922546
249922781
249923177
249923410
249923475
249923707
249924159
249924382
249925212
249925746
249925869
249926161
249926342
249926344
249926400
249926436
249926648
249926877
249927054
249927153
249927167
249927185
249927645
249927675
249927756
249928022
249928126
249928522
249928563
249928674
249928797
249929236
249929530
249929761
249929923
249929967
249930015
249930778
249930787
249930959
249931075
249931517
249931803
249932584
249932768
249932778
249933233
249933255
249933359
249933467
249933699
249933712
249934297
249934692
249934802
249934840
249934890
249935081
249935722
249935854
249936326
249936566
249936745
249936767
249936990
249937032
249937048
249937149
249937429
249937845
249937956
249938043
249938390
249938982
249939097
249939225
249939282
249939318
249939430
249939533
249940051
249940396
249940560
249941003
249941631
249941749
249941925
249942068
249942280
249942419
249942565
249942725
249942867
249943246
249943770
249944606
249944675
249944723
249945194
249945249
249945425
249945452
249945522
249945576
249945694
249945855
249945882
249945966
249946745
249946975
249947216
249947378
249947564
249947571
249947640
249948023
249948044
249948288
249948585
249949281
249949420
249949743
249949786
249949880
249949939
249950040
249950341
249950343
249950633
249951160
249951183
249951477
249951525
249951583
249951742
249952132
249952339
249952489
249952891
249952904
249953086
249953130
249953776
249954188
249954199
249954697
249955501
249955831
249956047
249956210
249956408
249956766
249956831
249956896
249957409
249957492
249957894
249958274
249958329
249958433
249958450
249958451
249958937
249958976
249959318
249959565
249959620
249959722
249959764
249960170
249960198
249960531
249960774
249960815
249960985
249961227
249961251
249961289
249961456
249961519
249961637
249962315
249962325
249962590
249963013
249963031
249963048
249963248
249963490
249963521
249963710
249964377
249964722
249964818
249965090
249965125
249965291
249965429
249965847
249966058
249966059
249966209
249966236
249966533
249966712
249967000
249967135
249967341
249967966
249968340
249968390
249968415
249968518
249969390
249969508
249969715
249969767
249970250
249970667
249970759
249970813
249971009
249971051
249971237
249971376
249971595
249971629
249971650
249971839
249972125
249972748
249972879
249973089
249973118
249973177
249973198
249973316
249973497
249973506
249973563
249973712
249973811
249974218
249974389
249974664
249974821
249974970
249975475
249975485
249975490
249975579
249975791
249975798
249975857
249976836
249977191
249977384
249977396
249977551
249977735
249977825
249977951
249978078
249978238
249978281
249978373
249978579
249979075
249979103
249979169
249979201
249979350
249979439
249979473
249979663
249979753
249979958
249980320
249980643
249980769
249981048
249981523
249981728
249981770
249981830
249982487
249982543
249983174
249983463
249983620
249984000
249984676
249985111
249985364
249985509
249985587
249986066
249986114
249986195
249986408
249986472
249986736
249987552
249987601
249987635
249987863
249988283
249988468
249988500
249988538
249988865
249989105
249990064
249990096
249990105
249990243
249990246
249990372
249990411
249990431
249990537
249991325
249991388
249991800
249991850
249992038
249992100
249993360
249993379
249993682
249993809
249994191
249994385
249995269
249995363
249995557
249995616
249995955
249996647
249996705
249996797
249996817
249996894
249997203
249997261
249997548
249997749
249997934
249997976
249998155
249998183
249998492
249998924
249998949
249999068
249999121
250000103
250000231
250000448
250000523
250000577
250000984
250001193
250001484
250001549
250001596
250001670
250001685
250001803
250001963
250001967
250002144
250002237
250002328
250002509
250002653
250002793
250002845
250003129
250003148
250003508
250003774
250003783
250003795
250004031
250004119
250004960
250004973
250005035
250005210
250005627
250005866
250006200
250006344
250007352
250007612
250008025
250008071
250008663
250008682
250008735
250009383
250009884
250010370
250010396
250010479
250010760
250010897
250010908
250010926
250011223
250011246
250011668
250011679
250012046
250012391
250012482
250012815
250012960
250013320
250013342
250013502
250013725
250014061
250014502
250014529
250015374
250015466
250015772
250015836
250015895
250015939
250015997
250016062
250016066
250016098
250016146
250016185
250016575
250016883
250016895
250016951
250017622
250017711
250017873
250018100
250018141
250019019
250019050
250019265
250019350
250019702
250020743
250020758
250021208
250021794
250022158
250022610
250022660
250023055
250023281
250023411
250023623
250023649
250023653
250023791
250024526
250024737
250024889
250024983
250025140
250025227
250025547
250026549
250026722
250026954
250027059
250027456
250027486
250027664
250027857
250028079
250028285
250028335
250028343
250028410
250028431
250028492
250028636
250028950
250029196
250029782
250029819
250030183
250030286
250030386
250030527
250030554
250030589
250030891
250031068
250031127
250031503
250031578
250031749
250031774
250031793
250031960
250032030
250032211
250032266
250032338
250032936
250033176
250033249
250033277
250033319
250033322
250033328
250033342
250033398
250033682
250033730
250034223
250034312
250034489
250035010
250035081
250035193
250035261
250035299
250035533
250035643
250035758
250035915
250036558
250037151
250037224
250037405
250037467
250037656
250037841
250038216
250038293
250038441
250038537
250039112
250039290
250039323
250039450
250039705
250039959
250040025
250040103
250040167
250040701
250040750
250040767
250041017
250041481
250041707
250041855
250041936
250042002
250042003
250042100
250042119
250042180
250042505
250042921
250043022
250043024
250043335
250043774
250043846
250043976
250044014
250044033
250044083
250044113
250044311
250044740
250044767
250045338
250045365
250045709
250045923
250046248
250046376
250046465
250046556
250046666
250047003
250047010
250047029
250047275
250047339
250047340
250047468
250047705
250047755
250047907
250048124
250048581
250048651
250048748
250048758
250048759
250048771
250048987
250049338
250049543
250049545
250049592
250049897
250050272
250050660
250050721
250051871
250051892
250052009
250052092
250052279
250052280
250052366
250052493
250052596
250052603
250052788
250053416
250053511
250053526
250054027
250054128
250054290
250054330
250054451
250054452
250054466
250054541
250054990
250055190
250055312
250055384
250055479
250055615
250056086
250056597
250056827
250057148
250057207
250057252
250057459
250057494
250057495
250057798
250058005
250058258
250058347
250058399
250058409
250058426
250059580
250059686
250059907
250059931
250060319
250060925
250060990
250061094
250061201
250061251
250061309
250061742
250061879
250062077
250062107
250062117
250062202
250062869
250062939
250063080
250063253
250063345
250063442
250063621
250063750
250063843
250064110
250064179
250064325
250064398
250065164
250065370
250065371
250065386
250065455
250065552
250065555
250065589
250065966
250066223
250066435
250066460
250066694
250066787
250066885
250067430
250067989
250068117
250068206
250068405
250068702
250068773
250068828
250069213
250069312
250069319
250069331
250069376
250069614
250069674
250069822
250069844
250070214
250070500
250070566
250070575
250070711
250070876
250071299
250071697
250071787
250072264
250072428
250072443
250073043
250073125
250073408
250073570
250073684
250073767
250073967
250074182
250074405
250074427
250074618
250074621
250074635
250074730
250075668
250075709
250075820
250076084
250076206
250076383
250076654
250076865
250077099
250077433
250077555
250077897
250078090
250078173
250078190
250078200
250078241
250078446
250078535
250079542
250079548
250079570
250079898
250080850
250081141
250081174
250081241
250081465
250081699
250081733
250081864
250082047
250082539
250082540
250082824
250082960
250083413
250083562
250083800
250084541
250084544
250084599
250084671
250085426
250085832
250086224
250087184
250087312
250087477
250087560
250087986
250088095
250088615
250088874
250088920
250089446
250089497
250089744
250089932
250089949
250090337
250090865
250091458
250091477
250091911
250091917
250091979
250091993
250092026
250092513
250092681
250092791
250092936
250093482
250093636
250093741
250094191
250094340
250094357
250094571
250094642
250094720
250094835
250095109
250095610
250095917
250095973
250096465
250096564
250096605
250096652
250096684
250096737
250097273
250097339
250097367
250097450
250097551
250098177
250098207
250098248
250098409
250099188
250099453
250099483
250099502
250099549
250099764
250099930
250100142
250100242
250100293
250100304
250100339
250100543
250100791
250101029
250101141
250101411
250101448
250101494
250101601
250101733
250101742
250102343
250102534
250102627
250102870
250103004
250103308
250103414
250104005
250104058
250104086
250104306
250104618
250104655
250104989
250105408
250105425
250105482
250105799
250106472
250107075
250107449
250108014
250108023
250108119
250108396
250108562
250108639
250108947
250109317
250110350
250110463
250110534
250110652
250110761
250110837
250111447
250111814
250111890
250111947
250112161
250112268
250112541
250112943
250113062
250113108
250113263
250113566
250114051
250114284
250114288
250114292
250114692
250114745
250115460
250115516
250115887
250116047
250116462
250116517
250116583
250116744
250117102
250117226
250117420
250117572
250117905
250118064
250118520
250118913
250118929
250119213
250119752
250119766
250120137
250120148
250120154
250120224
250120713
250120918
250120928
250121088
250121482
250121483
250121511
250122406
250122956
250122974
250123069
250123157
250123165
250123418
250123532
250123742
250123780
250123858
250123914
250123956
250124182
250124530
250124822
250124834
250124842
250124912
250125106
250125261
250125302
250125304
250125415
250125720
250125757
250126355
250126792
250127310
250127470
250127512
250128311
250128346
250128759
250129464
250129555
250129604
250129841
250129924
250129964
250130361
250130550
250130651
250130744
250130750
250131395
250131882
250132655
250132801
250132836
250133234
250133480
250133961
250134315
250134325
250134698
250134882
250134920
250134932
250135686
250136956
250137718
250137778
250137805
250138566
250139030
250139099
250139203
250139749
250140209
250140700
250140726
250140783
250141363
250141609
250141685
250141771
250141860
250141940
250142039
250142518
250143075
250143221
250143491
250144069
250144252
250144256
250144271
250144532
250144591
250144816
250145165
250145250
250145289
250145560
250145655
250145837
250145897
250146169
250146172
250146335
250146479
250146503
250146614
250146828
250146833
250146834
250146886
250146975
250147019
250147064
250147144
250147147
250147174
250147469
250148223
250149009
250149160
250149179
250149350
250149757
250149982
250149988
250150232
250150541
250151166
250151584
250152142
250152407
250152461
250152546
250152744
250153245
250153287
250153525
250153596
250153681
250153931
250154195
250154473
250154908
250155134
250155312
250155647
250155977
250156610
250157034
250157248
250157498
250157502
250157731
250158165
250158341
250159007
250159010
250159340
250159525
250159578
250160236
250160311
250160505
250160715
250161662
250161665
250161694
250161708
250161709
250162033
250162046
250162061
250162064
250162220
250162810
250162934
250163074
250163271
250163401
250163719
250163737
250164011
250164298
250164501
250164773
250164792
250165331
250165580
250165721
250165897
250165978
250166066
250166107
250166408
250166596
250167068
250167399
250167517
250167861
250168443
250168505
250168653
250168704
250168803
250169039
250169196
250169397
250169419
250169905
250169955
250170282
250170446
250170739
250170784
250170925
250170980
250170985
250171466
250171606
250171795
250172466
250172664
250172848
250172876
250172879
250172883
250172951
250173041
250173055
250173069
250173080
250173549
250173686
250173820
250174433
250174523
250174530
250175029
250175044
250175057
250175501
250175742
250175782
250175789
250176042
250176213
250176341
250176404
250176501
250176712
250177336
250177427
250177714
250177802
250177950
250178245
250178326
250178418
250178925
250179042
250179097
250179120
250179131
250179633
250179659
250180009
250180159
250180190
250180258
250180259
250180328
250180830
250180872
250180972
250181540
250181583
250181629
250182140
250182222
250182304
250182341
250182459
250182481
250182490
250182557
250182984
250183072
250183413
250183546
250183666
250183814
250184168
250184286
250184367
250184417
250184499
250185483
250185547
250185550
250185664
250185742
250185766
250185973
250186086
250186095
250186193
250186524
250186564
250186577
250186824
250186932
250187237
250187240
250187416
250187591
250187765
250187835
250188135
250188870
250188889
250188991
250189092
250189478
250189479
250189908
250190280
250190403
250190559
250190637
250191046
250191422
250191463
250191671
250191706
250191753
250192608
250193194
250193334
250193353
250193737
250193871
250193918
250194140
250194813
250194966
250194992
250195077
250195172
250195350
250195569
250196342
250196551
250196623
250196794
250197028
250197233
250197798
250198116
250198641
250199225
250199408
250199841
250200434
250200473
250200527
250200552
250200575
250200629
250200816
250201093
250201264
250201597
250201690
250201819
250201897
250202079
250202487
250202494
250202708
250202884
250203062
250203067
250203094
250203126
250203354
250203691
250203704
250204376
250204395
250204584
250204673
250204917
250205069
250205315
250205328
250205783
250206605
250206649
250206650
250206809
250207043
250207059
250207121
250207132
250207158
250207374
250207455
250207899
250208019
250208294
250208597
250208673
250208709
250208830
250209002
250209053
250209950
250210015
250210456
250210944
250211015
250211305
250211410
250211569
250211578
250211745
250211856
250212216
250212375
250212761
250213210
250213372
250213469
250213607
250213701
250213898
250213939
250214136
250214645
250214691
250214789
250214858
250215381
250215487
250215967
250216322
250216575
250216792
250216850
250216986
250217099
250217552
250217847
250218089
250218698
250218793
250218822
250218875
250218893
250218921
250219499
250219541
250219715
250219842
250219891
250220047
250220053
250220059
250220313
250220430
250221078
250221157
250221240
250221277
250221344
250221345
250221493
250221550
250221718
250222088
250222469
250222820
250223088
250223895
250224025
250224470
250224758
250224789
250225428
250225803
250225864
250225956
250226164
250226167
250226269
250226518
250226554
250226617
250226660
250226710
250227175
250227549
250227748
250227762
250227952
250228168
250228235
250228901
250229001
250229099
250229444
250229597
250230567
250230581
250230588
250230646
250230704
250231054
250231153
250231165
250231196
250231297
250231575
250231641
250231711
250231787
250232040
250232080
250232187
250232267
250232497
250232939
250233200
250233232
250233294
250233320
250233759
250233832
250233837
250233943
250234246
250234575
250234624
250235038
250235285
250235361
250235374
250235385
250235949
250236023
250236263
250236348
250236356
250236447
250236571
250236749
250237161
250237199
250237410
250237551
250237593
250237822
250237919
250238405
250238777
250239160
250240114
250240167
250240185
250240493
250240558
250240647
250240721
250241003
250241052
250241339
250242119
250242151
250242207
250242385
250242521
250242578
250242587
250243125
250243340
250243534
250243866
250243967
250244070
250244135
250244287
250244389
250244642
250245395
250245804
250245892
250246532
250247076
250247909
250248015
250248355
250248500
250248502
250248834
250249131
250249164
250249234
250249531
250249548
250249628
250249770
250249778
250250068
250250259
250250806
250251556
250251751
250251909
250252251
250252369
250252398
250252448
250252614
250252865
250252973
250253168
250253276
250253301
250253700
250253904
250254284
250254305
250254379
250255901
250255924
250256176
250256272
250256389
250257330
250257783
250257871
250258096
250258419
250258671
250258786
250259041
250259236
250259265
250259622
250259931
250260441
250260486
250260602
250261458
250261464
250261682
250262012
250262228
250262269
250262776
250262798
250262925
250262954
250263001
250263022
250263461
250263644
250263736
250263754
250263825
250264183
250264822
250264975
250265100
250265155
250265222
250265278
250265422
250265889
250266147
250266967
250267139
250267594
250267659
250267663
250267988
250269117
250269440
250269855
250270019
250270028
250270075
250270364
250270592
250270812
250270904
250270985
250271576
250271956
250272177
250272311
250272451
250272539
250272789
250272893
250273102
250273103
250273621
250273714
250273860
250273921
250274105
250274109
250274336
250274462
250275038
250275041
250275134
250275387
250275638
250276118
250276304
250276360
250276419
250276447
250276667
250276702
250277150
250277540
250277641
250277754
250277827
250278092
250278473
250278893
250279160
250280060
250280259
250280323
250280404
250280812
250280819
250281043
250281064
250281490
250281506
250281813
250282297
250282614
250282867
250283048
250283078
250283085
250283306
250283604
250283957
250284026
250284419
250285325
250285731
250286224
250286452
250286683
250286858
250287362
250287406
250287708
250287778
250287865
250288132
250288681
250288722
250289010
250289416
250289508
250289534
250289572
250290075
250290176
250290675
250290698
250290708
250290805
250290807
250290901
250290908
250290989
250291306
250291477
250291674
250291735
250291983
250292150
250292233
250292714
250292793
250292865
250293245
250293410
250293507
250293793
250294185
250294480
250294584
250294661
250294728
250294736
250294743
250295059
250295098
250295106
250295123
250295469
250295665
250295895
250296064
250296244
250297190
250297265
250297430
250297825
250297841
250297881
250298015
250298144
250298357
250298571
250298866
250299433
250299651
250299916
250300246
250300433
250301186
250301210
250301556
250301562
250301782
250302194
250302467
250302803
250302911
250303001
250303439
250304178
250304188
250304268
250304296
250304765
250304814
250305086
250305108
250305280
250305406
250305477
250305630
250305631
250306113
250306141
250306580
250306760
250306768
250306813
250306883
250306903
250307163
250307233
250307239
250307689
250307842
250307946
250307996
250308300
250308511
250308613
250309156
250309389
250309529
250309656
250310392
250310500
250310511
250310552
250310978
250311102
250311136
250311271
250311329
250311400
250311418
250312165
250312458
250312522
250313017
250313107
250313135
250313451
250313796
250313878
250314278
250314282
250314761
250314879
250315151
250315232
250315557
250315814
250316023
250316819
250317172
250317233
250318023
250318038
250318717
250318808
250318815
250318860
250318973
250319174
250319385
250319386
250319632
250319731
250319830
250319992
250319997
250320035
250320163
250320264
250320457
250320466
250320566
250320708
250321005
250321113
250321131
250321293
250321723
250321965
250322084
250322146
250322262
250322356
250322685
250322772
250322795
250322859
250322955
250322968
250322993
250323100
250323108
250323703
250323748
250324210
250324385
250324727
250324770
250324895
250324912
250324999
250325748
250325775
250325876
250326014
250326227
250326489
250326867
250327059
250327093
250327119
250327543
250327683
250327702
250327908
250328497
250328579
250328588
250328609
250328718
250328907
250329161
250329336
250329343
250329458
250329627
250329686
250329691
250329875
250329926
250330014
250330107
250330116
250330265
250330388
250330489
250330579
250330834
250331086
250331245
250331352
250331429
250331591
250331978
250332246
250332269
250332366
250332388
250332500
250332538
250332706
250332781
250332979
250333243
250333379
250333579
250333586
250333622
250334016
250334372
250334432
250335167
250335188
250335212
250335385
250335465
250335540
250335721
250335821
250336181
250336427
250336591
250336705
250336886
250337921
250337988
250338041
250338830
250339062
250339119
250339668
250339741
250339764
250340038
250340257
250340570
250340973
250340980
250341135
250341577
250341617
250341767
250342203
250342421
250342502
250342771
250342903
250343435
250343727
250343902
250344043
250344051
250344057
250344074
250344088
250344174
250344278
250344354
250344986
250345024
250345215
250345440
250345542
250345768
250345847
250346416
250346481
250346674
250346717
250346743
250346904
250346964
250347163
250347506
250347726
250348100
250348113
250348129
250348173
250348794
250348949
250348971
250349081
250349114
250349149
250349170
250349309
250349768
250350189
250350294
250350495
250350584
250350587
250350713
250350946
250350949
250351082
250351185
250351690
250351956
250352057
250352464
250352682
250353014
250353028
250353065
250353629
250353649
250353966
250354041
250354317
250354575
250354697
250355070
250355101
250355108
250355151
250355337
250355373
250355424
250355542
250355588
250355877
250355889
250356071
250356109
250356394
250356543
250356732
250356916
250357268
250357458
250357498
250357536
250357605
250357945
250358081
250358163
250358168
250358320
250358362
250358669
250358807
250358933
250359540
250359559
250359588
250359919
250360296
250360343
250360538
250360701
250360902
250360946
250361196
250361239
250361266
250361542
250361608
250361643
250361649
250362449
250362621
250362623
250363153
250363457
250363533
250363829
250363872
250363910
250364105
250364452
250364505
250365375
250365421
250365488
250365549
250365846
250365893
250365977
250366022
250366043
250366105
250366148
250366159
250366188
250366301
250366322
250366617
250366858
250366914
250367275
250367294
250367701
250367741
250367856
250368377
250368387
250368895
250369544
250369588
250369754
250369796
250370207
250370239
250370288
250371254
250371336
250371862
250372106
250372404
250372763
250373382
250373612
250374256
250374418
250374709
250374774
250374837
250375194
250375225
250375701
250376151
250376184
250376482
250376568
250376606
250376654
250376742
250376879
250376963
250376985
250377449
250377508
250377661
250377831
250377862
250379293
250379339
250379605
250379706
250379833
250380221
250380715
250380827
250381181
250381544
250381629
250381828
250381957
250382254
250382256
250382613
250382627
250383019
250383025
250383536
250383677
250383902
250384019
250384627
250384680
250384925
250385055
250385164
250385244
250385281
250385330
250385612
250386310
250386655
250386664
250386826
250386968
250387070
250387161
250387605
250387688
250387776
250387800
250387845
250387909
250388610
250389089
250389250
250389471
250389505
250389612
250390619
250390845
250390884
250390982
250391101
250391203
250391363
250391365
250391392
250391752
250391764
250391990
250392209
250392308
250392385
250392516
250392523
250392589
250392878
250393002
250393119
250393328
250393376
250393422
250393731
250394010
250394073
250394142
250394356
250394417
250394497
250394615
250394636
250394663
250394684
250394765
250394784
250395076
250395346
250395349
250395576
250395872
250395983
250396089
250396350
250396893
250397018
250397424
250397512
250397636
250397804
250398494
250398574
250398727
250398786
250398898
250399089
250399113
250399524
250399614
250399851
250400098
250400202
250400318
250400334
250400506
250400654
250400671
250400897
250401170
250401398
250401965
250402117
250402385
250402551
250403518
250403977
250404059
250404126
250404682
250405369
250405565
250405598
250406152
250406191
250406275
250406906
250407130
250407276
250407346
250407494
250407502
250407670
250408216
250408247
250408484
250408711
250408884
250409032
250409122
250409484
250410207
250410301
250410342
250410846
250410917
250411297
250411492
250411626
250411879
250412022
250412101
250412197
250412264
250412556
250412588
250413110
250413119
250413268
250413465
250413592
250413906
250414002
250414080
250414085
250414217
250414411
250414711
250414749
250414858
250414979
250415559
250415893
250416184
250416241
250416247
250416310
250416562
250416774
250417244
250417464
250417795
250418411
250418738
250418810
250418968
250419100
250419231
250419247
250419250
250419421
250419498
250419726
250419752
250419992
250420002
250420263
250420387
250420881
250420891
250421264
250422035
250422059
250422269
250422403
250422447
250422705
250422725
250423183
250423340
250423561
250423741
250423817
250424089
250424889
250425676
250425725
250425752
250425759
250425776
250426085
250426093
250426220
250426322
250426546
250426983
250427190
250427575
250428029
250428321
250428408
250429202
250429224
250429694
250429826
250430096
250430438
250430978
250431340
250431544
250431776
250432646
250432776
250432841
250433544
250433799
250434321
250434395
250434484
250434787
250435070
250436131
250436166
250436198
250436217
250436281
250436725
250436846
250436902
250437161
250437173
250437302
250438070
250438452
250438467
250438508
250438564
250439135
250439389
250439896
250439995
250440207
250440540
250440582
250440640
250440853
250440882
250441067
250441452
250441746
250442105
250442292
250442394
250442521
250442548
250443005
250443215
250443758
250443808
250444077
250444526
250444591
250444644
250444676
250445862
250446048
250446284
250446531
250447190
250447999
250448016
250448091
250448222
250448397
250449527
250449693
250449837
250450360
250450404
250450447
250450641
250451341
250451447
250451517
250451653
250451720
250452120
250452871
250453072
250453078
250453140
250453190
250453388
250453644
250454130
250454482
250454634
250454651
250455981
250456183
250456522
250457012
250457016
250457535
250457831
250457885
250458224
250458808
250458892
250458898
250459012
250459117
250459205
250459513
250459708
250460139
250460150
250460547
250460927
250461530
250462516
250462760
250462798
250463059
250463131
250463331
250464378
250464603
250466024
250466041
250466150
250466175
250467014
250467117
250467133
250467217
250467734
250467972
250467973
250467984
250468330
250468821
250469058
250469129
250469147
250469353
250469459
250469669
250469685
250469718
250469767
250469916
250470992
250471289
250471709
250472311
250472323
250472335
250472492
250472528
250472577
250472672
250472735
250472751
250472756
250472874
250473068
250473310
250473517
250474120
250474248
250474249
250474442
250474932
250475002
250475190
250475510
250475571
250475619
250475764
250476001
250476257
250476282
250476611
250476688
250476700
250476977
250476989
250477038
250477406
250477712
250477715
250477846
250477989
250478194
250478275
250478370
250478371
250478613
250478627
250478649
250478717
250478745
250478769
250479373
250479454
250480147
250480213
250480654
250481488
250481829
250481891
250482103
250482134
250482622
250482694
250482870
250482932
250483084
250483292
250483293
250483294
250483502
250483533
250483770
250483845
250483885
250483931
250484098
250484245
250484249
250484358
250484480
250484563
250484788
250485021
250485037
250485822
250485846
250486088
250486104
250486369
250486482
250487303
250487346
250487571
250488434
250488535
250488564
250489009
250489563
250489833
250489893
250490770
250490888
250490963
250491301
250491445
250491498
250491539
250491816
250492045
250492769
250493299
250493632
250493937
250494139
250494734
250495182
250495230
250495409
250495491
250495763
250496535
250497197
250497592
250497891
250497904
250497942
250498528
250499475
250499523
250499713
250499928
250499944
250500213
250500483
250500733
250500781
250501160
250501223
250501440
250501492
250501824
250501853
250502143
250502165
250502254
250502485
250502603
250503117
250503236
250503328
250503478
250503572
250504061
250504123
250504155
250504448
250504608
250504627
250504908
250505026
250505310
250505499
250505781
250505815
250505887
250505897
250506199
250506282
250506663
250506672
250506785
250507083
250507152
250507343
250507412
250507460
250507518
250507537
250507642
250508011
250508175
250508349
250508366
250508656
250509498
250509565
250509927
250509929
250509963
250510374
250511236
250511250
250511294
250511482
250512105
250512199
250512621
250512694
250513027
250513235
250513238
250513283
250513303
250513420
250513855
250514036
250514073
250514231
250514654
250514694
250514993
250515033
250515103
250515403
250515519
250515617
250515970
250515973
250516129
250516246
250516408
250516433
250516741
250516754
250516946
250517084
250517135
250517244
250517341
250517466
250517722
250517895
250517992
250518442
250518599
250518868
250519105
250519565
250519587
250519819
250519920
250520439
250520643
250520697
250521627
250521808
250522846
250523112
250523128
250523218
250523521
250523619
250523967
250524155
250524268
250524994
250525046
250525165
250525283
250525324
250525415
250525503
250525920
250526057
250526094
250526105
250526326
250526531
250526652
250526822
250526911
250527186
250527212
250527934
250527991
250528017
250528032
250528157
250528473
250528502
250528575
250528641
250529119
250529686
250530115
250530330
250530524
250530897
250531241
250531257
250531299
250531422
250532409
250532779
250532782
250533095
250533346
250533650
250534302
250534586
250535018
250535096
250535125
250535293
250535797
250535829
250535963
250535979
250536011
250536117
250536167
250536514
250536847
250536885
250537123
250537200
250537253
250537300
250537465
250538477
250538638
250538745
250538809
250538975
250539334
250539424
250539661
250539827
250540123
250540262
250540355
250540417
250540430
250540454
250541158
250541159
250541895
250542005
250542200
250542475
250542589
250542600
250542817
250543130
250543234
250543405
250543489
250543514
250543548
250544034
250544179
250544271
250544564
250544853
250544938
250545186
250545348
250545569
250545818
250546261
250546377
250546610
250546637
250546645
250546700
250546706
250546828
250546854
250547212
250547384
250547654
250547744
250547995
250548060
250548096
250548374
250548634
250548764
250549163
250549190
250549204
250549269
250549324
250549628
250549729
250549832
250549885
250549988
250550077
250550133
250550209
250550697
250550702
250550739
250550982
250550991
250551184
250551346
250551472
250551544
250551673
250551674
250551822
250551869
250552359
250552462
250552655
250552817
250553103
250553362
250553737
250554010
250554173
250554190
250554194
250554320
250554544
250554925
250555163
250555264
250555407
250555545
250555752
250555926
250556280
250556492
250556600
250557213
250557287
250557303
250557918
250558473
250558716
250558773
250558801
250558961
250559275
250559512
250559942
250560014
250560122
250560127
250560334
250560418
250560742
250560878
250561406
250561452
250561751
250562076
250562248
250562348
250562375
250562543
250562672
250563321
250563375
250563390
250563506
250563931
250564255
250564344
250564538
250564848
250565232
250565520
250565788
250565893
250566050
250566450
250566567
250566736
250567287
250567647
250567746
250567926
250568128
250568817
250568825
250568879
250568881
250569180
250569849
250570241
250570686
250570786
250570960
250571267
250571902
250572082
250572214
250572307
250572348
250572542
250572969
250573059
250573124
250573324
250573352
250573640
250573707
250574158
250574425
250574580
250574662
250574862
250575450
250575531
250575552
250575588
250575651
250575742
250575753
250575833
250575982
250576099
250576288
250577108
250577179
250577485
250577650
250578273
250578466
250578647
250578657
250579022
250579110
250580086
250580670
250581454
250581478
250581546
250581673
250581773
250582206
250582372
250582513
250583019
250583762
250583887
250584310
250584853
250585121
250585990
250585991
250586105
250586165
250586222
250586405
250586705
250586948
250588412
250588504
250588923
250588947
250589056
250589305
250589322
250589581
250589912
250589945
250590011
250590093
250590097
250590129
250590584
250590591
250591275
250591603
250591838
250591990
250592153
250592250
250592485
250592541
250592750
250592850
250592954
250593093
250593790
250593843
250593881
250594663
250595004
250595050
250595124
250595709
250596047
250596048
250596674
250596692
250596806
250597766
250598021
250598216
250598283
250598325
250598512
250599030
250599107
250599221
250599657
250599909
250600293
250600506
250600597
250601243
250601572
250601931
250602038
250602109
250602255
250602681
250603117
250603248
250603398
250603443
250603601
250603607
250604130
250604147
250604910
250604960
250605533
250605598
250605955
250606145
250606146
250606252
250606693
250607273
250607519
250607665
250607826
250607940
250608372
250608392
250608684
250608748
250609356
250609424
250609439
250609473
250609649
250610349
250610869
250611252
250611280
250611344
250611507
250611551
250612313
250612335
250612741
250612883
250613209
250613449
250613515
250613690
250613802
250614076
250614660
250614819
250615173
250615829
250615833
250615984
250616005
250616219
250616323
250616346
250616369
250616568
250616720
250616785
250616986
250617187
250617790
250618127
250618213
250618312
250618424
250619181
250619259
250619574
250619658
250619938
250620165
250620181
250620262
250620386
250620803
250620883
250621114
250621665
250621690
250621797
250622049
250622234
250622505
250622573
250622620
250622690
250622700
250622706
250622738
250622765
250622800
250622842
250622927
250622972
250623079
250623395
250623468
250623510
250623547
250623654
250623730
250623757
250623840
250623949
250624191
250624292
250624410
250625038
250625075
250625080
250625275
250625327
250625329
250625493
250625537
250626167
250626490
250626606
250626761
250627003
250627008
250627190
250627438
250627466
250627565
250627843
250628001
250628395
250628489
250628556
250628657
250628908
250629130
250629584
250629985
250630422
250630438
250630508
250630645
250630737
250630739
250630870
250631016
250631552
250631586
250631617
250632024
250632124
250632169
250632355
250632413
250632562
250632606
250632783
250632945
250633013
250633153
250633292
250633305
250633958
250634140
250634333
250634356
250634801
250635176
250635487
250635527
250635686
250635824
250635930
250636173
250636258
250636525
250636538
250636718
250636719
250637170
250637189
250637414
250637502
250637541
250638153
250638295
250638693
250638900
250638932
250638970
250639367
250639815
250639863
250639930
250640119
250640724
250641100
250641327
250641699
250641753
250642458
250643080
250643170
250643580
250643762
250644141
250644378
250644692
250644768
250645003
250645248
250645391
250645656
250645952
250646094
250646473
250646765
250647098
250647110
250647146
250647440
250647528
250648843
250648907
250649535
250649856
250649956
250650433
250651188
250651308
250651775
250651943
250651952
250651977
250651993
250653044
250653049
250653064
250653267
250653284
250653292
250653676
250653890
250654189
250654356
250654368
250654639
250654783
250655202
250655223
250655264
250655290
250655308
250655548
250655567
250655686
250655753
250656296
250656300
250656473
250656683
250657271
250657502
250657775
250658029
250658044
250658153
250658935
250659032
250659083
250659109
250659612
250659648
250659743
250659753
250660032
250660040
250660670
250660914
250660931
250661002
250661405
250661411
250661427
250661440
250661507
250661625
250661635
250661717
250662169
250662260
250662742
250662979
250663164
250663650
250663676
250663695
250663898
250663963
250664145
250664218
250664715
250664977
250665114
250665506
250665535
250665722
250666007
250666027
250666190
250666331
250666371
250666892
250666999
250667096
250667173
250667259
250667476
250667590
250668412
250668471
250668515
250668554
250668642
250669009
250669091
250669441
250669486
250669760
250669788
250669801
250669887
250669986
250670091
250670232
250670696
250670862
250671254
250671405
250671581
250671777
250671800
250672286
250673083
250673266
250673370
250673521
250673526
250673547
250673712
250674090
250674248
250674451
250674548
250674636
250674677
250675164
250675191
250675565
250675790
250676057
250676135
250676396
250676811
250676904
250677080
250677258
250677293
250677308
250677315
250677437
250677710
250678002
250678285
250678325
250678826
250678845
250679386
250679737
250679862
250680047
250680344
250680467
250681225
250681534
250682165
250682364
250682751
250682804
250683083
250683267
250683422
250683488
250683533
250683788
250684431
250684484
250684514
250684557
250684817
250684924
250685158
250685313
250685429
250685764
250685922
250686148
250686626
250686824
250687052
250687065
250687374
250687545
250687689
250688015
250688143
250688349
250688498
250688527
250688579
250688779
250688923
250689179
250689333
250689360
250689373
250689466
250689655
250689713
250689752
250689869
250689959
250689978
250690113
250690466
250690948
250690997
250691293
250691383
250691780
250691879
250692058
250692060
250692185
250692271
250692521
250692758
250692795
250692809
250692840
250693429
250693532
250693538
250693636
250693746
250694071
250694556
250694754
250694783
250694807
250694897
250695043
250695053
250695153
250695218
250695309
250695315
250695371
250695540
250695553
250695796
250695997
250696046
250696336
250696415
250696435
250696471
250696644
250696785
250696887
250697298
250697373
250697848
250697853
250698260
250698663
250699016
250699410
250699432
250699482
250699778
250700114
250700211
250700452
250700682
250700700
250701239
250701349
250701617
250701800
250702115
250702725
250702837
250702875
250703233
250703348
250703401
250703926
250703982
250703987
250704220
250704254
250704364
250704616
250704830
250704931
250704963
250705073
250705563
250705794
250705846
250705979
250706115
250707213
250707232
250707376
250707398
250707526
250707539
250707617
250707696
250707787
250707891
250708624
250708673
250708772
250708970
250709022
250709129
250709213
250709443
250709498
250709676
250710190
250710233
250710250
250710288
250710300
250710303
250710426
250710603
250710660
250710992
250711032
250711341
250711707
250712068
250712073
250712403
250712767
250712974
250713032
250713347
250713398
250713419
250713494
250713910
250714075
250714294
250714505
250714555
250714883
250714889
250714953
250715409
250715652
250715772
250715847
250716432
250716511
250717040
250717386
250717408
250717623
250717644
250717863
250718140
250718398
250718499
250718500
250718557
250719012
250719263
250719494
250719656
250719856
250719903
250720051
250720077
250720170
250720474
250720692
250720831
250721096
250721110
250721324
250721744
250721811
250721832
250722103
250722164
250722169
250722182
250722211
250722272
250722444
250722687
250722787
250722955
250723146
250723528
250723671
250723721
250723812
250724521
250724774
250724905
250724947
250725212
250725465
250725608
250726209
250726355
250726554
250726887
250726922
250727317
250727722
250728184
250728464
250729147
250729473
250729493
250729541
250729813
250730221
250730613
250730658
250730801
250731049
250731128
250731136
250731529
250731546
250731564
250731787
250731802
250731876
250732114
250732190
250732194
250732245
250732767
250732789
250732943
250733524
250733734
250733751
250733892
250734069
250734074
250734273
250734375
250734483
250734856
250735115
250735122
250735503
250735542
250735817
250736789
250737053
250738113
250738446
250738544
250738546
250738680
250738716
250738876
250738978
250739596
250739908
250739988
250740104
250740258
250740379
250740551
250740807
250741157
250741166
250741380
250741454
250741674
250741692
250742087
250742115
250742686
250742706
250742856
250742879
250743012
250743171
250743198
250743693
250744037
250744204
250744241
250744311
250744344
250744359
250744592
250744647
250744674
250744779
250744975
250744979
250745024
250745188
250745308
250745622
250745684
250745797
250745954
250745960
250746174
250746189
250746414
250746522
250746527
250746719
250747078
250747264
250747481
250747886
250747905
250748505
250748551
250748777
250749075
250749108
250750552
250750872
250751266
250751622
250751846
250752050
250752055
250752099
250752215
250752370
250752385
250752796
250752854
250752892
250753226
250753266
250753300
250753424
250753445
250753868
250753916
250753989
250754392
250754838
250754899
250755159
250755400
250755967
250756615
250756768
250757202
250757893
250757936
250758045
250758074
250758268
250758504
250758893
250759003
250759094
250759108
250759321
250759430
250759498
250759674
250760689
250760809
250760825
250761106
250761128
250761391
250761421
250761753
250762675
250763034
250763035
250763153
250763229
250763311
250763394
250763407
250763592
250763926
250764177
250764216
250764265
250764360
250764393
250764510
250764520
250764784
250764881
250765220
250765312
250765593
250765833
250765933
250766165
250766181
250766307
250766644
250766648
250766789
250766863
250767023
250767404
250767921
250768238
250768443
250768603
250768643
250768671
250769556
250770116
250770148
250770591
250770781
250771106
250771425
250771850
250771868
250772214
250772522
250772639
250772649
250772797
250773166
250773815
250774589
250774727
250774828
250775075
250775299
250775481
250775555
250775641
250775903
250775910
250776173
250776254
250776953
250777046
250777150
250777202
250777241
250777559
250777731
250777763
250777841
250777975
250778171
250778520
250778555
250778983
250779578
250779682
250779695
250779755
250779834
250780296
250780443
250780450
250780618
250780629
250780731
250780798
250780938
250781493
250781737
250781838
250781900
250782375
250782742
250782799
250782954
250783420
250783457
250783460
250783788
250783968
250784122
250784504
250785021
250785142
250785159
250785539
250785603
250785743
250786040
250786047
250786663
250786808
250787289
250787626
250787637
250788058
250788107
250788116
250788455
250788757
250789176
250789608
250789873
250789874
250789954
250790105
250790428
250790587
250790742
250790784
250791034
250791073
250791084
250791176
250791352
250791376
250791545
250791613
250791803
250791876
250791884
250792475
250792692
250793001
250793208
250793237
250793304
250793447
250793449
250793602
250793609
250793679
250793702
250794324
250794490
250794585
250794741
250795050
250795520
250795791
250795964
250796368
250796608
250796756
250796839
250797149
250797531
250797957
250798050
250798245
250798458
250798764
250798823
250798827
250798872
250798896
250798995
250799034
250799804
250800258
250800296
250800517
250800815
250801002
250801079
250801085
250801431
250801499
250801576
250801597
250801781
250801913
250802519
250802558
250802834
250802887
250802894
250803774
250804231
250804786
250804858
250805217
250805374
250805536
250805964
250807476
250807646
250807911
250807913
250807917
250808037
250808126
250808237
250808505
250808586
250808697
250808953
250808964
250809132
250809198
250809269
250809390
250809488
250809643
250809743
250809746
250809828
250810134
250810242
250810311
250810367
250810544
250810560
250810615
250811156
250811299
250811841
250811955
250812404
250812521
250812649
250812693
250812860
250813470
250813528
250813570
250813628
250813973
250814273
250814332
250814340
250814364
250814460
250814461
250814518
250814679
250814707
250814769
250814772
250814819
250814840
250814878
250814927
250815144
250815261
250815367
250815720
250815762
250816114
250816482
250816509
250816709
250816819
250816906
250817316
250817483
250817680
250817778
250817892
250818168
250818176
250818590
250818939
250819154
250819268
250819574
250819659
250819993
250820027
250820632
250820748
250820951
250820953
250821132
250821309
250821765
250821861
250821952
250822344
250823070
250823165
250823585
250823884
250824079
250824589
250824762
250825122
250825282
250825325
250825366
250825722
250825786
250825944
250825984
250826173
250826413
250827094
250827412
250827536
250827871
250828043
250828101
250828327
250828564
250828614
250828801
250829392
250829410
250829646
250830089
250830166
250831366
250832165
250832585
250832753
250832766
250833100
250833290
250833526
250833913
250834000
250834004
250834065
250834212
250834216
250834221
250834285
250834354
250834389
250834439
250834483
250834560
250834752
250834976
250835160
250835186
250835195
250835229
250835451
250835653
250835681
250836099
250836294
250836514
250836600
250836678
250836720
250836830
250837418
250837554
250837635
250837700
250837807
250837995
250838089
250838880
250838965
250839196
250839279
250839306
250839474
250839591
250839605
250839623
250839745
250839820
250840043
250840229
250840446
250840880
250840899
250841055
250841216
250841518
250841535
250841625
250841658
250841708
250841762
250841875
250842748
250842772
250843162
250843341
250843543
250844564
250844668
250844812
250844923
250844928
250845085
250845157
250845245
250845784
250845802
250846093
250846358
250846503
250846738
250846752
250846856
250847901
250848525
250848545
250848664
250848714
250849092
250849259
250849383
250849946
250850166
250850246
250850315
250850350
250850408
250850458
250850870
250850988
250851040
250851142
250851691
250851717
250851888
250852929
250854205
250854226
250854349
250854444
250854514
250854618
250854769
250855630
250855705
250856068
250856412
250856450
250856524
250856777
250856784
250856787
250856810
250856849
250857350
250857474
250857489
250857739
250857804
250858261
250858754
250858794
250858925
250858928
250859419
250859461
250859563
250859745
250859952
250859981
250860213
250860248
250860316
250860987
250861183
250861220
250861610
250861844
250861954
250861978
250862336
250862562
250862591
250862764
250863107
250863494
250863917
250864418
250864641
250864839
250864875
250864936
250865007
250865168
250865195
250865224
250865257
250865270
250865287
250865470
250865514
250865898
250866183
250866189
250866199
250866280
250866387
250866401
250866837
250866995
250867146
250867194
250867908
250868003
250868218
250868288
250868434
250868464
250868603
250868801
250868855
250869333
250869386
250869926
250870224
250870295
250870381
250870801
250870935
250871102
250871170
250871362
250871401
250871734
250871886
250872011
250872034
250872696
250872786
250872853
250873769
250873801
250874101
250874214
250874687
250874721
250874751
250874821
250874937
250874977
250875214
250875460
250875736
250876115
250876130
250876168
250876171
250876213
250876214
250876317
250876449
250876570
250876616
250877724
250877761
250877970
250878253
250878309
250878879
250879195
250879357
250879407
250879444
250879509
250879728
250879796
250879932
250880122
250880140
250880213
250880231
250880319
250880403
250880453
250880732
250880736
250880739
250880934
250881005
250881034
250881387
250881399
250881496
250881601
250881663
250881830
250881921
250881998
250882126
250882163
250882786
250882928
250883252
250883587
250883678
250883880
250883972
250884116
250884197
250884285
250884322
250884789
250885003
250885160
250885644
250885760
250885855
250885857
250885896
250885972
250886562
250886625
250887115
250887508
250887580
250887745
250887768
250888036
250888234
250888557
250888659
250888706
250888741
250888765
250888980
250889411
250889975
250890192
250890210
250890236
250890540
250890680
250890736
250891135
250891139
250891144
250891320
250891375
250891419
250891440
250891456
250891730
250891827
250892023
250892166
250892172
250892467
250892738
250892889
250893146
250893321
250893601
250893771
250893895
250894353
250894437
250894897
250894971
250895399
250895418
250895556
250895565
250895807
250896176
250896471
250896565
250896628
250896816
250896880
250896977
250897225
250897426
250898349
250898660
250898700
250899093
250899095
250899830
250899964
250900025
250900640
250900698
250900730
250900845
250901151
250901212
250901332
250901352
250901716
250902248
250902404
250902870
250903006
250903110
250903802
250903815
250904074
250904348
250904511
250904519
250904562
250904623
250904687
250904716
250904791
250904837
250904882
250905253
250905316
250905342
250905472
250905581
250905682
250906010
250906068
250906339
250906348
250906386
250907077
250907153
250907185
250907267
250907528
250907616
250907805
250907975
250908688
250908694
250909165
250909309
250909481
250909570
250909773
250910063
250910067
250910219
250910230
250910490
250910576
250910986
250911148
250911513
250912189
250912239
250912255
250912309
250912346
250912448
250912592
250912631
250913171
250913724
250913957
250914246
250914272
250914343
250914488
250914604
250914794
250914796
250914813
250915096
250915299
250915915
250915931
250915951
250916155
250916405
250916587
250917117
250917273
250917395
250917574
250918001
250918016
250918105
250918440
250918729
250918847
250918967
250919020
250919169
250919428
250919565
250919663
250919739
250920056
250920114
250920133
250920149
250920190
250920277
250920289
250920377
250920655
250921013
250921074
250921102
250921206
250921504
250921564
250921614
250921615
250921628
250921750
250921985
250922129
250922305
250922578
250922603
250922626
250922681
250922690
250923020
250923124
250923244
250924313
250924369
250924966
250925456
250925812
250925822
250925850
250925867
250926222
250926261
250926272
250926416
250926534
250926737
250926955
250927104
250927529
250927926
250927984
250928132
250928659
250928945
250929054
250929088
250929526
250929650
250929770
250929774
250930144
250930470
250931101
250931120
250931394
250931409
250931454
250931486
250931725
250931753
250932315
250932368
250932772
250933021
250933885
250933894
250934073
250934478
250934570
250934915
250935015
250935347
250935503
250935825
250935848
250935864
250935946
250935993
250936265
250936375
250936464
250936897
250936906
250936972
250937324
250937406
250937507
250937561
250937721
250938031
250938165
250938289
250938443
250938512
250939007
250939030
250939052
250939070
250939488
250939497
250939558
250939570
250939895
250939942
250939944
250939975
250940046
250940474
250940570
250940635
250940741
250940766
250941268
250941282
250941294
250941499
250941548
250941764
250941852
250942339
250942344
250942558
250942621
250943042
250943237
250943527
250943683
250943770
250943877
250943902
250944280
250944545
250944642
250945419
250945685
250945824
250946263
250946437
250946858
250946890
250946937
250947303
250947322
250947419
250947473
250947534
250948133
250948461
250948502
250948660
250948868
250949223
250949380
250949498
250949525
250949724
250950055
250950067
250950083
250950275
250950683
250950939
250951100
250951227
250951288
250951524
250951624
250951841
250952420
250953235
250953525
250953673
250953770
250953994
250954014
250954205
250954384
250954646
250954819
250954847
250955006
250955026
250955179
250955828
250955930
250956001
250956325
250956439
250957104
250957175
250957642
250957760
250958055
250958059
250958409
250958532
250958601
250958797
250958834
250959218
250960103
250960353
250960722
250960914
250961377
250961665
250961812
250961842
250962419
250962547
250962611
250963022
250963255
250963388
250963446
250963899
250964628
250964785
250964914
250965896
250966235
250966337
250966339
250966419
250966450
250966927
250967387
250968120
250968333
250968615
250968712
250968796
250968912
250969364
250969450
250969455
250969702
250970062
250970078
250970874
250971245
250971391
250971448
250971476
250971727
250971941
250972292
250972440
250972757
250972768
250972990
250973052
250973744
250973963
250974318
250974447
250974570
250974798
250975195
250975384
250975506
250975961
250976077
250976217
250976471
250976556
250976600
250976977
250977100
250977179
250977256
250977419
250977587
250977614
250977671
250977753
250977930
250978004
250978135
250978137
250978408
250978667
250978894
250979052
250979323
250979332
250979522
250979622
250979627
250979714
250979975
250980324
250980658
250981063
250981066
250981103
250981162
250981218
250981335
250981533
250981894
250982219
250982363
250982773
250982792
250982795
250982830
250983036
250983088
250983160
250983398
250983487
250983576
250983650
250983710
250983788
250984001
250984213
250984216
250984271
250984579
250984582
250984979
250985016
250985020
250985129
250985447
250985558
250985626
250986133
250986342
250986605
250986644
250986688
250987564
250987842
250988205
250988239
250988297
250988381
250988394
250988426
250988541
250989281
250989331
250989747
250989854
250989855
250989978
250990073
250990452
250990509
250990772
250990850
250990877
250991276
250991626
250991784
250992328
250992350
250992433
250992461
250992483
250992494
250992868
250993310
250993382
250993588
250994060
250994294
250994740
250994875
250994907
250995050
250995648
250995940
250996223
250996425
250996429
250996618
250996670
250997299
250997335
250997441
250997465
250997538
250997703
250997870
250997955
250998074
250998171
250998944
250998961
250999057
250999649
250999716
250999841
251000250
251000881
251000932
251000950
251001268
251001495
251001541
251001698
251001792
251001944
251002364
251002416
251002486
251002641
251002670
251002898
251002959
251002997
251003173
251003483
251003518
251003811
251004228
251004406
251004624
251004880
251005066
251005111
251005751
251006362
251006625
251006626
251006648
251006693
251006784
251006881
251006893
251007335
251007386
251007414
251007429
251007441
251007878
251007917
251007935
251007978
251008247
251008472
251008729
251008801
251008876
251008906
251008928
251009690
251009989
251010156
251010296
251010629
251010708
251010906
251010939
251011188
251011391
251011668
251012094
251012121
251012201
251012399
251012977
251013609
251013784
251013795
251014266
251014386
251014419
251014554
251014679
251014964
251015772
251015805
251015940
251015968
251016084
251016508
251016523
251016586
251016749
251016824
251016881
251016988
251017174
251017313
251017753
251017818
251017877
251017888
251018061
251018493
251018722
251018918
251019229
251019517
251019905
251020003
251020340
251020644
251020767
251020868
251020920
251020953
251021035
251021174
251021767
251021809
251022090
251022286
251022464
251022480
251022584
251023006
251023153
251023286
251023854
251023855
251024045
251024066
251024618
251024619
251024924
251024984
251025000
251025331
251026134
251026682
251026827
251026948
251027370
251027404
251027607
251027679
251027832
251028010
251028162
251028210
251028331
251028398
251028613
251028696
251029434
251029535
251029593
251029623
251029794
251029798
251030296
251030344
251031078
251031177
251031356
251031953
251032462
251032494
251032629
251032641
251032663
251033027
251033320
251033505
251033726
251034006
251034163
251034216
251034371
251034754
251034813
251035211
251035252
251035594
251035702
251035742
251035884
251036173
251036193
251036243
251036501
251036559
251036717
251036809
251037171
251037186
251037334
251037390
251037458
251037967
251038053
251038552
251038826
251038845
251039036
251039603
251039733
251040376
251040519
251040640
251040759
251040821
251040946
251041067
251041375
251041608
251041873
251041887
251041986
251042050
251042055
251042098
251042100
251042125
251042233
251042382
251042614
251042689
251042975
251043120
251043396
251043406
251043754
251043756
251044058
251044269
251044336
251044474
251044695
251044986
251045171
251045218
251045309
251045473
251045903
251045909
251045940
251046145
251046153
251046190
251046221
251046256
251046632
251046949
251047005
251047036
251047099
251047542
251047656
251047779
251047788
251047823
251048176
251048372
251048662
251048792
251049350
251049363
251049624
251049692
251049982
251050097
251050249
251050644
251050742
251050917
251051456
251051490
251052274
251052817
251052996
251053578
251053663
251054420
251054470
251054526
251054605
251054692
251055004
251055618
251055955
251056029
251056115
251056125
251056248
251056374
251056574
251056656
251057013
251057120
251057604
251057622
251057667
251057999
251058679
251058945
251059086
251059368
251059557
251059643
251059816
251059942
251059958
251060314
251060356
251060459
251060992
251061075
251061400
251061469
251061510
251061534
251061933
251062034
251062091
251062729
251062765
251062845
251062879
251063074
251063462
251063585
251063759
251063760
251064021
251064067
251065135
251065501
251065643
251065675
251065682
251065751
251065813
251066070
251066084
251066292
251066729
251067258
251067384
251067788
251067853
251068053
251068431
251068496
251068628
251068749
251068897
251068999
251069156
251069287
251069416
251069718
251069944
251069958
251070334
251070587
251071042
251071183
251071262
251071329
251071794
251071803
251072093
251072612
251072640
251072779
251072937
251073205
251073858
251073864
251074129
251074140
251074290
251074542
251074544
251074915
251075061
251075245
251075432
251075700
251075826
251075967
251076021
251076390
251076393
251076547
251076769
251076837
251077008
251077446
251077819
251077894
251077939
251077940
251077970
251078302
251078352
251078554
251078641
251078968
251079151
251079209
251079261
251079501
251079969
251079970
251079998
251080173
251080276
251080674
251080692
251080780
251080815
251081184
251081351
251081618
251081660
251082022
251082341
251082645
251082653
251082725
251082996
251083110
251083169
251083248
251083848
251083964
251084065
251084344
251084508
251084773
251084795
251084923
251085742
251086078
251086225
251086250
251086829
251087052
251087233
251087298
251087401
251087406
251087582
251087628
251087653
251087742
251087927
251088044
251088045
251088055
251088187
251088342
251088635
251088718
251088886
251089272
251089342
251089383
251090012
251090058
251090194
251090284
251090524
251090550
251090636
251090689
251091052
251091128
251091232
251091416
251091557
251091713
251092013
251092173
251092521
251092562
251092628
251093032
251093297
251093397
251093557
251093596
251093664
251093781
251093880
251093990
251094088
251094742
251094832
251094923
251094966
251095208
251095282
251095818
251095994
251096316
251096381
251096420
251096511
251096601
251096679
251096837
251097010
251097222
251097320
251097342
251097920
251098446
251098603
251098805
251099241
251099379
251099580
251099678
251099821
251100011
251100044
251100084
251100319
251100394
251100537
251100556
251100605
251100617
251100624
251100869
251100999
251101143
251101329
251101533
251101606
251101676
251101833
251101882
251101988
251102623
251102770
251102880
251102909
251102970
251103132
251103409
251103460
251103626
251103666
251104178
251104355
251104600
251105135
251105327
251105757
251106033
251106202
251106676
251106952
251107005
251107036
251107144
251107285
251107470
251107999
251108408
251109041
251109175
251109359
251109480
251109616
251109757
251110049
251111275
251111394
251111451
251111620
251111623
251111747
251112149
251112227
251112267
251112579
251112589
251112766
251112839
251113220
251113225
251113772
251113793
251114372
251114911
251115376
251115409
251115427
251115476
251115677
251116467
251117439
251117440
251117686
251117964
251118564
251118589
251118621
251118967
251119263
251119463
251120513
251120616
251121210
251121309
251121684
251121699
251121817
251121835
251122497
251122516
251122695
251122766
251122947
251123277
251123432
251123628
251124279
251124408
251124608
251124645
251124968
251125041
251125239
251125956
251125977
251126074
251126225
251126526
251126557
251126650
251126970
251127029
251127037
251127321
251127508
251127639
251127948
251128001
251128400
251128637
251128672
251128674
251128774
251129013
251129139
251130050
251130324
251130436
251130775
251130986
251186070
251186198
251186447
251186545
251186831
251187157
251187445
251187447
251187531
251187681
251188193
251188292
251189042
251189051
251189076
251189197
251189548
251190488
251190512
251190532
251190706
251190782
251191059
251191098
251191223
251191290
251191470
251191709
251191717
251192700
251192748
251192972
251192982
251193104
251193171
251193751
251194175
251194198
251194562
251194578
251194589
251194674
251195012
251195455
251195741
251196012
251196153
251196377
251196822
251197186
251197229
251197368
251197500
251197530
251197690
251197775
251197830
251197991
251198272
251198526
251198546
251199228
251199492
251199565
251199849
251199903
251200372
251200774
251200805
251200872
251201031
251201043
251201271
251201570
251201932
251202245
251202854
251202990
251203100
251203185
251203800
251204007
251204013
251204224
251204237
251204256
251204458
251204647
251205056
251205751
251206059
251206063
251206486
251206603
251206620
251206772
251206998
251207070
251207084
251207463
251207552
251207617
251207740
251207775
251208147
251208605
251208800
251208812
251209396
251209500
251209509
251209587
251209592
251209758
251209776
251210300
251210673
251210998
251211026
251211147
251211241
251211317
251211396
251211789
251211844
251211845
251211963
251212292
251212443
251212531
251212551
251212807
251212935
251212960
251213259
251213440
251213679
251214146
251214203
251214309
251214749
251215061
251215174
251215207
251215334
251215505
251215515
251215544
251215605
251215672
251215732
251215818
251216377
251216401
251216449
251216484
251216925
251216995
251217070
251217147
251217333
251217416
251217716
251217999
251218194
251218305
251218364
251218922
251219013
251219026
251219472
251220296
251220568
251220582
251221079
251221829
251222066
251222396
251222444
251222484
251222570
251222888
251223228
251223467
251223540
251223616
251223781
251224217
251224242
251224460
251224507
251224509
251224772
251225291
251225416
251225424
251225843
251226086
251226905
251227379
251227771
251227775
251228067
251228068
251228126
251229581
251229585
251229625
251229638
251229809
251229816
251229936
251230273
251230629
251230643
251231453
251231572
251231766
251232224
251232484
251232539
251232738
251232741
251233737
251233787
251233968
251234033
251234110
251234983
251235050
251235200
251235335
251235398
251235582
251235708
251236068
251236128
251236596
251236765
251237222
251237311
251237394
251237506
251238043
251238484
251238852
251239235
251239433
251239631
251240168
251240213
251241311
251241443
251241496
251241524
251241539
251242027
251242028
251242101
251242132
251242377
251242986
251243998
251244025
251244274
251244491
251245707
251246071
251246134
251246160
251246223
251246241
251247509
251248882
251249578
251249821
251249852
251250627
251251207
251252450
251252476
251252517
251252866
251252928
251253017
251253606
251254555
251254919
251255069
251255722
251255798
251255950
251256967
251257010
251257180
251257457
251257478
251257906
251258122
251258417
251258491
251259405
251259532
251259922
251259941
251261147
251261705
251262006
251263040
251263298
251263420
251264783
251264913
251264918
251265323
251266192
251266333
251267031
251267056
251267278
251267544
251268071
251268194
251268580
251268842
251268976
251269497
251269566
251269623
251269739
251269911
251270073
251270166
251270272
251270405
251270488
251270497
251270530
251270560
251270676
251270818
251270908
251271125
251271141
251271236
251271556
251272022
251272138
251272276
251272418
251272701
251272753
251272854
251273111
251273157
251273211
251273228
251273342
251273592
251273811
251273836
251273870
251273947
251274429
251274595
251274812
251275234
251275571
251275764
251275913
251276080
251276300
251276482
251276690
251276743
251276750
251276782
251276861
251276877
251277045
251277063
251277072
251277081
251277102
251277955
251278167
251278467
251278475
251278679
251279125
251279211
251279279
251279526
251279585
251279654
251279694
251279807
251280304
251280350
251280431
251280610
251280881
251281153
251281429
251281449
251281620
251281643
251282022
251282222
251282525
251282848
251282854
251282890
251283336
251283624
251283762
251284297
251284481
251285063
251285247
251285404
251285658
251285746
251286220
251286237
251286661
251286721
251286885
251287232
251287268
251288347
251288455
251288557
251288854
251289105
251289663
251289745
251290080
251290626
251290695
251290909
251291086
251291136
251291151
251291365
251291600
251292273
251292336
251292403
251292413
251292450
251292489
251292549
251292760
251292893
251292991
251293195
251293598
251293672
251293699
251293803
251293888
251294240
251294426
251294911
251295080
251295685
251295697
251295718
251295969
251296045
251296068
251296156
251296178
251296251
251296618
251296760
251296828
251297064
251297126
251297295
251298023
251298029
251298081
251298260
251298496
251298674
251298716
251299238
251299311
251299336
251299368
251299527
251299637
251299671
251299773
251299806
251300120
251300319
251300336
251300390
251300430
251300673
251300968
251301037
251301356
251301420
251301629
251302167
251303331
251303528
251303615
251303746
251303855
251303903
251304168
251304498
251304917
251305372
251305461
251306027
251306128
251306213
251306291
251306356
251306417
251306441
251306472
251306493
251306508
251306701
251306802
251306917
251307164
251308367
251308440
251308476
251308542
251308696
251309045
251309695
251309728
251309910
251309945
251309981
251310016
251310926
251311088
251311455
251311470
251311658
251311827
251311853
251312078
251312761
251313184
251313394
251313635
251313703
251314326
251315333
251315364
251315426
251315955
251316276
251316405
251316499
251316543
251317035
251317080
251318037
251318347
251318425
251318445
251318682
251318701
251318842
251318859
251319315
251319342
251319403
251319447
251319514
251319798
251319984
251320569
251320966
251321281
251321523
251322259
251322758
251322933
251323060
251323190
251323485
251323899
251324238
251324555
251324598
251324627
251324849
251325123
251325192
251325221
251325280
251325302
251325457
251325539
251325888
251326201
251326254
251326466
251326951
251327356
251327495
251327733
251327938
251327944
251327960
251328135
251328141
251328239
251328395
251329031
251329385
251329510
251329525
251329526
251329724
251330119
251330293
251330394
251330738
251330814
251330901
251331082
251331234
251331334
251331359
251331441
251331584
251331597
251331690
251331830
251332240
251332428
251332494
251332648
251332827
251333053
251333243
251333303
251333343
251333501
251334016
251334043
251334195
251334496
251334532
251334695
251335671
251335777
251335887
251335892
251336012
251336027
251336069
251336183
251337263
251337285
251337392
251337520
251337566
251337683
251337794
251338098
251338118
251338339
251338500
251338607
251338648
251339290
251339804
251339843
251340618
251340639
251340673
251340781
251341124
251341150
251341223
251341487
251341624
251341805
251341853
251342249
251342380
251342776
251342920
251343425
251343747
251343786
251344088
251344202
251344391
251344429
251344867
251344990
251345065
251345631
251345836
251345940
251346131
251346607
251346631
251347344
251347551
251347603
251347739
251348180
251348202
251348240
251349027
251349179
251349310
251349530
251349532
251349564
251349785
251350450
251350508
251350603
251350924
251351007
251351017
251351344
251351373
251351435
251351543
251351721
251351877
251352266
251352436
251352598
251352656
251353174
251353309
251353535
251353781
251353834
251353968
251353992
251354247
251354486
251354558
251354739
251355581
251355725
251355889
251355956
251356555
251356626
251356813
251357191
251357269
251357616
251357723
251359296
251359506
251359666
251359718
251360072
251360126
251360539
251360596
251360632
251360816
251360902
251361758
251361842
251361964
251362163
251362685
251362754
251362885
251363490
251364271
251364291
251364329
251364417
251364514
251365553
251365832
251365985
251366119
251366761
251367204
251367255
251367267
251367316
251367507
251367648
251367768
251368165
251368227
251368327
251368496
251368539
251368781
251368807
251368865
251369094
251369123
251369128
251369218
251369370
251369454
251369902
251370102
251370325
251370515
251370529
251371195
251371322
251371329
251371421
251371637
251371663
251371733
251372384
251372405
251372428
251373278
251373555
251373568
251374515
251374658
251374695
251374859
251374881
251375105
251375133
251375138
251375211
251375274
251375679
251375789
251375797
251375872
251376330
251376548
251377134
251377146
251377320
251377410
251377452
251377528
251377631
251378558
251378748
251378845
251379187
251379251
251379263
251379323
251379804
251380371
251380589
251380653
251380928
251381183
251381501
251381981
251382514
251382736
251382880
251383110
251383155
251383286
251383789
251383879
251383966
251384458
251384531
251384589
251384953
251384954
251385201
251385542
251385657
251385963
251386191
251386464
251386584
251386635
251386654
251386662
251387119
251387220
251387343
251387363
251387372
251387444
251387462
251387737
251387851
251387859
251388118
251388280
251388916
251388989
251389111
251389139
251389264
251389393
251389653
251389895
251390290
251390595
251390822
251390902
251391039
251391410
251391449
251391509
251391602
251391852
251391941
251391982
251392469
251392501
251392641
251392645
251392717
251393092
251393254
251393338
251393466
251393479
251393610
251394296
251394388
251394615
251394815
251394923
251395344
251395365
251395386
251395910
251396016
251396288
251396806
251396871
251396925
251397475
251397872
251397931
251397981
251398155
251398456
251398508
251398568
251398594
251398901
251398975
251399068
251399071
251399079
251399126
251399696
251399914
251400332
251400684
251400745
251401103
251401628
251401833
251402039
251402064
251402471
251402565
251402636
251402847
251402890
251403150
251403154
251403169
251403214
251403349
251403414
251403893
251403894
251404137
251404257
251405230
251405245
251405771
251405792
251406123
251406144
251406237
251406655
251406671
251406691
251406726
251406930
251406945
251406985
251407520
251407783
251407947
251408103
251408145
251408180
251408230
251408298
251408434
251408440
251408447
251408506
251408521
251408588
251408597
251408756
251409223
251409302
251409429
251409670
251409863
251410713
251411286
251411433
251411468
251411525
251411572
251411637
251411732
251411898
251411942
251412179
251412302
251412354
251412385
251412490
251412893
251412923
251413037
251413047
251413051
251413096
251413495
251413602
251413814
251413825
251414022
251414352
251414457
251414717
251415025
251415397
251415405
251415613
251415850
251415904
251416007
251416025
251416070
251416377
251416730
251417249
251417323
251417436
251417530
251417591
251417885
251418127
251418291
251419122
251419134
251419280
251419380
251419491
251420068
251420198
251420199
251420291
251420349
251420497
251420529
251420581
251420690
251420759
251420820
251420926
251421124
251421986
251422099
251422232
251422247
251422364
251422625
251423004
251423390
251423394
251423718
251423776
251424044
251424076
251424138
251424149
251424219
251424227
251424524
251424581
251424612
251424639
251424720
251424871
251425166
251425492
251425510
251425675
251425853
251425919
251426648
251426654
251426810
251426910
251426944
251427017
251427314
251427532
251427626
251427728
251427788
251427826
251427883
251428714
251428868
251429117
251429327
251429406
251429433
251429471
251429518
251429649
251429789
251429796
251429801
251429854
251429878
251430056
251430089
251430136
251430569
251430732
251430910
251431302
251431492
251431608
251431816
251431937
251432363
251432599
251432675
251433410
251433594
251433597
251433639
251433682
251434064
251434170
251434890
251434897
251434941
251435001
251435013
251435485
251435728
251435765
251436016
251436243
251436395
251436438
251436476
251436536
251436549
251437471
251437942
251438173
251438201
251438215
251438683
251439099
251439161
251439291
251439719
251440060
251440561
251440760
251440981
251441590
251441665
251442289
251442339
251442360
251442375
251442481
251442700
251442704
251442730
251442734
251443120
251443233
251443312
251443425
251443432
251443473
251443729
251444239
251444352
251444391
251444490
251444576
251444620
251444623
251444676
251444877
251444964
251445161
251445270
251445328
251445561
251445985
251446056
251446180
251446592
251446755
251446795
251447448
251447595
251447621
251447622
251447897
251448255
251448528
251448635
251449051
251449214
251449226
251449302
251449308
251449568
251449692
251449901
251449959
251450169
251450290
251450407
251450717
251451199
251451508
251451814
251452229
251452344
251452997
251453930
251453942
251454047
251454119
251454264
251454724
251455050
251455065
251455337
251455576
251455763
251455952
251455997
251456312
251456334
251456552
251456629
251456844
251457009
251457206
251457282
251457545
251457759
251457886
251458244
251458496
251458615
251458617
251458695
251459008
251459326
251459439
251459520
251459586
251459593
251460073
251460127
251460240
251460600
251460704
251461256
251461551
251461794
251461856
251461925
251462251
251462391
251462408
251462420
251462524
251462670
251462733
251462737
251462780
251462892
251463026
251463128
251463369
251463429
251463550
251463618
251464072
251464373
251464702
251464978
251465138
251465197
251465424
251465609
251465645
251466011
251466082
251466509
251466555
251466785
251466841
251466913
251466957
251467000
251467132
251467669
251467788
251467828
251467874
251467901
251468088
251468142
251468151
251468191
251468207
251468237
251468283
251468676
251468928
251469011
251469268
251469313
251469518
251469559
251469604
251470182
251470241
251470374
251470417
251470921
251471060
251471238
251471348
251471541
251471927
251471941
251472094
251472208
251472266
251472367
251472733
251472734
251472824
251473246
251473454
251473505
251473792
251474053
251474443
251475037
251475114
251475275
251475351
251475440
251475493
251475945
251475968
251476032
251476039
251476048
251476232
251476602
251476732
251476799
251477135
251477499
251477672
251477985
251478285
251478386
251478447
251478485
251478564
251478594
251478599
251479125
251479517
251479630
251479797
251479896
251480127
251480206
251480554
251480938
251481083
251481155
251481383
251481514
251481608
251481788
251481805
251482029
251482187
251482549
251482794
251482887
251482989
251483031
251483052
251483159
251483428
251483628
251483692
251483767
251483844
251483907
251484130
251484290
251484351
251484373
251484462
251484651
251484822
251485003
251485425
251485548
251485920
251486095
251486275
251486318
251486382
251486413
251487107
251487331
251487369
251487728
251487767
251487797
251487850
251487858
251488194
251488279
251488351
251488952
251489589
251489598
251489638
251489689
251489698
251490075
251490697
251490845
251491057
251491127
251491900
251492258
251492268
251492619
251492879
251492887
251493139
251493394
251493672
251493685
251493825
251493857
251494314
251494418
251494481
251495001
251495083
251495134
251495153
251495254
251495286
251495408
251495668
251495757
251495770
251495849
251495967
251496048
251496072
251496100
251496374
251496612
251496661
251496678
251496680
251497026
251497079
251497263
251497295
251497454
251497460
251497758
251497980
251498295
251498446
251498448
251498451
251499210
251499419
251499436
251499495
251499904
251499943
251499973
251500023
251500482
251500995
251501277
251502010
251502715
251502751
251502774
251502805
251502885
251502990
251503329
251503596
251503597
251503656
251503661
251503792
251503815
251503914
251504027
251504513
251504612
251504978
251505038
251505101
251505111
251505511
251505976
251506094
251506113
251506404
251506429
251506889
251506976
251507116
251507154
251507246
251507311
251507358
251507501
251507752
251507905
251508000
251508485
251509056
251509474
251509662
251509749
251510315
251510328
251510438
251510484
251510553
251510641
251510650
251510668
251510696
251510862
251511516
251511536
251511660
251512492
251512807
251512816
251512945
251513031
251513099
251513641
251513930
251514187
251514321
251514367
251514405
251514467
251514581
251515394
251515512
251515760
251515972
251516045
251516089
251516109
251516307
251516331
251516679
251516905
251517503
251518454
251518529
251518549
251518638
251518780
251518852
251519053
251519151
251519179
251519509
251519550
251519645
251519837
251520095
251520123
251520154
251520251
251520892
251520896
251521160
251521226
251521985
251522192
251522223
251522245
251522378
251522724
251522799
251523747
251524012
251524040
251524345
251524539
251525152
251525544
251525548
251525633
251525791
251525929
251526198
251526274
251526304
251526305
251526311
251526936
251527193
251527389
251527415
251527799
251528252
251528475
251528551
251528595
251528674
251528805
251529015
251529133
251529227
251529469
251529489
251529521
251529618
251530004
251530044
251530147
251530830
251530966
251531244
251531407
251531540
251531838
251531954
251532141
251532265
251532817
251532841
251533142
251533560
251533575
251533834
251534577
251534816
251534857
251535461
251535610
251535626
251535639
251535752
251536288
251536299
251536922
251536994
251537103
251537404
251537470
251537599
251537610
251537888
251537925
251538240
251538285
251538351
251538819
251538984
251539109
251539116
251539203
251539268
251539324
251539479
251539608
251540000
251540027
251540412
251540462
251541026
251541496
251541868
251542300
251542501
251542598
251542701
251543240
251543589
251543922
251543948
251544075
251544125
251544327
251544410
251544621
251544841
251544866
251544929
251545552
251545748
251545795
251545824
251545926
251545931
251545946
251546012
251546018
251547056
251547065
251547172
251547297
251547429
251547464
251547470
251547486
251547491
251547505
251548040
251548165
251548752
251548926
251548939
251549024
251549173
251549669
251549878
251549907
251550130
251550491
251550674
251550832
251550860
251550865
251551048
251551371
251551683
251551699
251551705
251551914
251552018
251552462
251552587
251552625
251552696
251552738
251552740
251553415
251553586
251553919
251553922
251553953
251553967
251554310
251554369
251554758
251554897
251555060
251555087
251555145
251555204
251555701
251555716
251555832
251555941
251555978
251555999
251556128
251556138
251556262
251557259
251557294
251557579
251557706
251558080
251558366
251558412
251558519
251558548
251558662
251558670
251558702
251558726
251558735
251559054
251559148
251559329
251559535
251559584
251559592
251559595
251559655
251559782
251560000
251560048
251560060
251560369
251560502
251560682
251560725
251561705
251561870
251561949
251561971
251561992
251562063
251562287
251562334
251562360
251562494
251562820
251562944
251562977
251562979
251564204
251564236
251564638
251564703
251564707
251564804
251564836
251564911
251565048
251565329
251565434
251565493
251565596
251565754
251566093
251566356
251566475
251566484
251566565
251566743
251566953
251567142
251567707
251568057
251568166
251568257
251568515
251568867
251569031
251569037
251569095
251569205
251569255
251569484
251569697
251570056
251570153
251570184
251570643
251570749
251570760
251571148
251571215
251571337
251571822
251571829
251572138
251572795
251572974
251573122
251573177
251573748
251573850
251573991
251573994
251574056
251574207
251574313
251574353
251574640
251574659
251574708
251574739
251574741
251575071
251575102
251575114
251575282
251575372
251575393
251576056
251576128
251576581
251576691
251577166
251577365
251577425
251577523
251577597
251577842
251578141
251578256
251578379
251578453
251578816
251579091
251579368
251579381
251579548
251579640
251579989
251580005
251580136
251580331
251580396
251580404
251580816
251580893
251581358
251581501
251581535
251581626
251581862
251581914
251582035
251582073
251582515
251582575
251582810
251583169
251583726
251583857
251584176
251584286
251584447
251584617
251584784
251584804
251584851
251584960
251584961
251585042
251585602
251585672
251585776
251586052
251586058
251586075
251586104
251586255
251586401
251586761
251586843
251587221
251587432
251587481
251587524
251587531
251587976
251588310
251588385
251588537
251588626
251589487
251589521
251589616
251589773
251589777
251590060
251590324
251590356
251590368
251590495
251590503
251590772
251590850
251591144
251591145
251591155
251591238
251591509
251591580
251591932
251592022
251592297
251592463
251592680
251593108
251593259
251593708
251593959
251594176
251594503
251594514
251594524
251594617
251594638
251595009
251595054
251595147
251595551
251595851
251595985
251596002
251596008
251596082
251596275
251596817
251597247
251597358
251597701
251597750
251598099
251598127
251598187
251598220
251598427
251598520
251598660
251599037
251599124
251599193
251599542
251599568
251599954
251600715
251601077
251601095
251601192
251601220
251601272
251601414
251601688
251601782
251601832
251601866
251601971
251602068
251602582
251602603
251602720
251602795
251602834
251602839
251602923
251603030
251603120
251603424
251603793
251603943
251603966
251603989
251604047
251604076
251604614
251604647
251604691
251604813
251604866
251604983
251605266
251605328
251605336
251605342
251605357
251605618
251606058
251606672
251607052
251607163
251607271
251607346
251607373
251607449
251607658
251607704
251607740
251607914
251608123
251608580
251608842
251608860
251608938
251608974
251609167
251609265
251609309
251609480
251609557
251609563
251609617
251609778
251610245
251610299
251610382
251610667
251610754
251610803
251611009
251611158
251611317
251611325
251611879
251611985
251612447
251612736
251612909
251613148
251613187
251613296
251614048
251614055
251614256
251614433
251614728
251614759
251614808
251614817
251614833
251614975
251615044
251615154
251615628
251616149
251616183
251616219
251616222
251616245
251616286
251616306
251616400
251616669
251616671
251616683
251616783
251616892
251617000
251617697
251618125
251618183
251618202
251618208
251618667
251618712
251618755
251619000
251619005
251619454
251619901
251620082
251620273
251620311
251620523
251620627
251620647
251620809
251620900
251620991
251621078
251621096
251621114
251621498
251621507
251621520
251621577
251621612
251621620
251621888
251621972
251622053
251622684
251623015
251623018
251623184
251623250
251623401
251623506
251623953
251624166
251624237
251624239
251624266
251624627
251624646
251624658
251624671
251624744
251624771
251625072
251625099
251625176
251625452
251625589
251625617
251625664
251625705
251625793
251626140
251626527
251626615
251626671
251626704
251626728
251626845
251627222
251627330
251627401
251627594
251627654
251627673
251627732
251627754
251627830
251628442
251628617
251629118
251629224
251629402
251629449
251629553
251629641
251629646
251629680
251629691
251630026
251630087
251630212
251630241
251630265
251630499
251630890
251630928
251630980
251631035
251631068
251631270
251631317
251631861
251631883
251631966
251632000
251632309
251632553
251632584
251632986
251633233
251633779
251634000
251634095
251634307
251634386
251634463
251634757
251634764
251634777
251634832
251634966
251635030
251635310
251635390
251635392
251635412
251635705
251635818
251635931
251636752
251636899
251637497
251637536
251638318
251638569
251638764
251638782
251638810
251638818
251639090
251639143
251639331
251639333
251639339
251639867
251639888
251639996
251640297
251640835
251640934
251641406
251641434
251641450
251641479
251641597
251641707
251641808
251641858
251641921
251642076
251642296
251642423
251642467
251642470
251642947
251643455
251643619
251644071
251644073
251644128
251644142
251644227
251644700
251644835
251644990
251645007
251645087
251645133
251645199
251645356
251645890
251646067
251646103
251646162
251646465
251646666
251647144
251647608
251647931
251648175
251648285
251649200
251649554
251649588
251649657
251649668
251649789
251650212
251650277
251650594
251650645
251650812
251651195
251651638
251651707
251651708
251652199
251652303
251652785
251652807
251652914
251653018
251653048
251653052
251653075
251653131
251653333
251653373
251653595
251653755
251653766
251653845
251654205
251654269
251654278
251654351
251654410
251654490
251654509
251654524
251654556
251654882
251655004
251655181
251655340
251655349
251655504
251656008
251656014
251656053
251656120
251656208
251656360
251656624
251656722
251657021
251657083
251657089
251657151
251657244
251657312
251657523
251657593
251657627
251658114
251658228
251658275
251658439
251659179
251659454
251659588
251659689
251659963
251659977
251660110
251660143
251660206
251660524
251660529
251660555
251660574
251660612
251660811
251660820
251660872
251661158
251661337
251661478
251661665
251661684
251661779
251661805
251662115
251662256
251662819
251662962
251663331
251663425
251663777
251663818
251663956
251663970
251664161
251664193
251664198
251664247
251664338
251664620
251664645
251664670
251664872
251665353
251666336
251666432
251666445
251666768
251667042
251667416
251667849
251667935
251668175
251668209
251668338
251668362
251668657
251668667
251668700
251668722
251668856
251669150
251669334
251669531
251669789
251669922
251670133
251670218
251670385
251670526
251670808
251671186
251671219
251671689
251671834
251671967
251671979
251672013
251672066
251672264
251672274
251672295
251672396
251672530
251672598
251672641
251672946
251673716
251673931
251674352
251674602
251674630
251674675
251674902
251674927
251675021
251675242
251675463
251675804
251675912
251675942
251676012
251676082
251676252
251676640
251676723
251676904
251677260
251677315
251677418
251677960
251678158
251678189
251678437
251678587
251678835
251678886
251679477
251679489
251679516
251679693
251679766
251680128
251680160
251680491
251680656
251681017
251681206
251681207
251681232
251681355
251681407
251681575
251681817
251682069
251682169
251682276
251682385
251682523
251682585
251682644
251682874
251682918
251683256
251683308
251683404
251683434
251683491
251683701
251683827
251683947
251684574
251684593
251684809
251685087
251685622
251685676
251685778
251686073
251686330
251686343
251686384
251686494
251686512
251686600
251686930
251686989
251687054
251687058
251687149
251687223
251687438
251687937
251688017
251688030
251688326
251688571
251688628
251688686
251688723
251689097
251689790
251689931
251689957
251690402
251690486
251690652
251690905
251691916
251691997
251692231
251692339
251692425
251692585
251692600
251692662
251692925
251692955
251693239
251693452
251693575
251693747
251693844
251693868
251693948
251694048
251694243
251694567
251694621
251694866
251695052
251695306
251695414
251695435
251695458
251695546
251695716
251695818
251695865
251696007
251696618
251696872
251697029
251697204
251697278
251697528
251697604
251697719
251697738
251697915
251698073
251698079
251698232
251698445
251698781
251699460
251699811
251700025
251700762
251701162
251701163
251701655
251701842
251701875
251701960
251702334
251702363
251702608
251702641
251702664
251702702
251702813
251702815
251703147
251703413
251703453
251703498
251703522
251704417
251704440
251704609
251705355
251705372
251705595
251705982
251706049
251706092
251707030
251707033
251707065
251707114
251707563
251707731
251707782
251707844
251707907
251708479
251708539
251708885
251708892
251709172
251709185
251709249
251709291
251709300
251709347
251709361
251709405
251709698
251709789
251710071
251710374
251710684
251710717
251710803
251710941
251711071
251711081
251711275
251711862
251711972
251711981
251712320
251712425
251712506
251712675
251712695
251712777
251712864
251712970
251713025
251713130
251713175
251713446
251713559
251713659
251714416
251714762
251714765
251714772
251714905
251715586
251715661
251715669
251715820
251715828
251716023
251716221
251716235
251716509
251716575
251716892
251717001
251717377
251717895
251717933
251717950
251718380
251718427
251718620
251719078
251719333
251719334
251719604
251720000
251720219
251720256
251720284
251720491
251720705
251720762
251720773
251720907
251720947
251721039
251721144
251721146
251721573
251721646
251721959
251721974
251722284
251722314
251722357
251722566
251722831
251723289
251723440
251723465
251723640
251723910
251723943
251723954
251723983
251724019
251724235
251724239
251724349
251724441
251724522
251724714
251725194
251725371
251725573
251725667
251726276
251726519
251726747
251726834
251726895
251727672
251727849
251728116
251728402
251728683
251728737
251728746
251728771
251728842
251729494
251729639
251729950
251730157
251730775
251730878
251731071
251731257
251731296
251732126
251732163
251732213
251732241
251732275
251732642
251733214
251733253
251733255
251733315
251733782
251733786
251733865
251733933
251734154
251734213
251734288
251734518
251734637
251734765
251734781
251734941
251735321
251735586
251735646
251735761
251736063
251736141
251736384
251736543
251736821
251737153
251737239
251737360
251737385
251737697
251738370
251738616
251738638
251738705
251739037
251739068
251739211
251739241
251739406
251739773
251740083
251740151
251740325
251740375
251740563
251741141
251741167
251741570
251741575
251741963
251741965
251742092
251742300
251742348
251742529
251742572
251742615
251742971
251743019
251743128
251743396
251743853
251743901
251743976
251744056
251744132
251744509
251745691
251745901
251745922
251746303
251746527
251746537
251746609
251746657
251747034
251747563
251747653
251748025
251748070
251748090
251748096
251748710
251748994
251749255
251749503
251749731
251749742
251749756
251750094
251750239
251750348
251750493
251750536
251750896
251751070
251751439
251751475
251751484
251751630
251751949
251752711
251752858
251752908
251753000
251753369
251753521
251753554
251753569
251753661
251753672
251753952
251753984
251754147
251754610
251755030
251755148
251755157
251755375
251755396
251755473
251755495
251755522
251755749
251756489
251756561
251756611
251756848
251756854
251757233
251757332
251757723
251757828
251758051
251758052
251758195
251758210
251758528
251758700
251758879
251759283
251759292
251759337
251759463
251760084
251760384
251760433
251760508
251760812
251760960
251761059
251761112
251761601
251761627
251761679
251761737
251761812
251761821
251762075
251762281
251762472
251762533
251762654
251762658
251762748
251762758
251762806
251763086
251763125
251763359
251763489
251763691
251763800
251764317
251764340
251764494
251764505
251765098
251765126
251765236
251765313
251765351
251765497
251765620
251765705
251765834
251765864
251765990
251766112
251766142
251766145
251766149
251766273
251766396
251766471
251766479
251766629
251767093
251767236
251767345
251767693
251767712
251767896
251768107
251768728
251768894
251768976
251768983
251769417
251769424
251769505
251769590
251770019
251770486
251770488
251770681
251770861
251771451
251771518
251771605
251771792
251772079
251772123
251772196
251772385
251772475
251772484
251772522
251772749
251773094
251773121
251773478
251773581
251773651
251773804
251773871
251774482
251774557
251774622
251774645
251774893
251774967
251774975
251775071
251775283
251775439
251775598
251775887
251776098
251776625
251776924
251777160
251777396
251777572
251777701
251778121
251778302
251778362
251778372
251779062
251779516
251779868
251779893
251780127
251780480
251780531
251780629
251780819
251781437
251781534
251781786
251781802
251782867
251782945
251783359
251784088
251784098
251784602
251784999
251785534
251785606
251785910
251785973
251786014
251786023
251786045
251786352
251786826
251787297
251787688
251787824
251787917
251788008
251788044
251788406
251788814
251788915
251789033
251789086
251790741
251790930
251791050
251791335
251791427
251791441
251791506
251791732
251791859
251791990
251792220
251792300
251792716
251793183
251793651
251793711
251793729
251793860
251794041
251794264
251794479
251794554
251794579
251794951
251795372
251795389
251796018
251796082
251796131
251796167
251796252
251796335
251796373
251796425
251796548
251796774
251796904
251796929
251797062
251797090
251797231
251797445
251797999
251798042
251798066
251798327
251798406
251799048
251799086
251799093
251799253
251799333
251799506
251799637
251800032
251800116
251800445
251800577
251800670
251800677
251800828
251800831
251800914
251801024
251801038
251801625
251801706
251802218
251802294
251802624
251802691
251802730
251803327
251803341
251803540
251803682
251803983
251804087
251804291
251804406
251804665
251804730
251804882
251804932
251805068
251805309
251805445
251805766
251805905
251805975
251806127
251806239
251806411
251806812
251807152
251807346
251807667
251807701
251807795
251808060
251808083
251808517
251808643
251808817
251809053
251809491
251809511
251809763
251809873
251809891
251810102
251810110
251810147
251810712
251811369
251811732
251811782
251812211
251812824
251812839
251813003
251813230
251813363
251813528
251813931
251814162
251814382
251814384
251814810
251815130
251815237
251815457
251815631
251815883
251815917
251815944
251816073
251816125
251816263
251816271
251816328
251816455
251816723
251816824
251816908
251817009
251817230
251817749
251817848
251818164
251818433
251818575
251818622
251819097
251819129
251819195
251819307
251819512
251819579
251819583
251819669
251820060
251820240
251820259
251820337
251820614
251820861
251820956
251821058
251821073
251821255
251821258
251821344
251821429
251821539
251821793
251821824
251822368
251822478
251822630
251822631
251822931
251823712
251824071
251824197
251824247
251824456
251824530
251824696
251824750
251824880
251824947
251825268
251825447
251825518
251825659
251825678
251825901
251826889
251826980
251827049
251827089
251827812
251827858
251827974
251828250
251828469
251828540
251828975
251829106
251829319
251829386
251830475
251830648
251831234
251831271
251831778
251831998
251832306
251832394
251832429
251832661
251832666
251832921
251833218
251833334
251833523
251833811
251834188
251834686
251834984
251834985
251835011
251835173
251835207
251835295
251835588
251836115
251836179
251836578
251836684
251836736
251836754
251836939
251836997
251837088
251837201
251837958
251838274
251838275
251838338
251838572
251838749
251838949
251839279
251839475
251839575
251839594
251839595
251839960
251840179
251840356
251840789
251840987
251841394
251841597
251841793
251842361
251842679
251842943
251843113
251843120
251843137
251843166
251843472
251843561
251843596
251844048
251844325
251844467
251844698
251844713
251845055
251845093
251845377
251845766
251846237
251846307
251846541
251846584
251846615
251847002
251847199
251847235
251847580
251847703
251847986
251848146
251848315
251848318
251848451
251848478
251848617
251849205
251849548
251850013
251850059
251850242
251850403
251850567
251850665
251850716
251851286
251851737
251852122
251852452
251852846
251852870
251853037
251853269
251853373
251853423
251853517
251853912
251854040
251854305
251854964
251855023
251855140
251855672
251855774
251856091
251856233
251856592
251856772
251857239
251857629
251857726
251857841
251857864
251857940
251858119
251858197
251858363
251858433
251858491
251858535
251858675
251858743
251858770
251859080
251859283
251859896
251860194
251860430
251860672
251860856
251861016
251861091
251861510
251861854
251862190
251862316
251862457
251862566
251862568
251862740
251862775
251862851
251863364
251863558
251863698
251864062
251864158
251864187
251864397
251864475
251864555
251864950
251865153
251865299
251865853
251865876
251866026
251866110
251866491
251866540
251866951
251866963
251866987
251867630
251867633
251867718
251867830
251867897
251868045
251868164
251868174
251868754
251869396
251869427
251869490
251869856
251870643
251870740
251871296
251871389
251871394
251871427
251871507
251871650
251871821
251872200
251872329
251872347
251872675
251872695
251872766
251872935
251873130
251873134
251873239
251874086
251874109
251874170
251874527
251874792
251874819
251875029
251875054
251875821
251875876
251875916
251875991
251876446
251876453
251876512
251876628
251876883
251877333
251877415
251877494
251877527
251877694
251877883
251878315
251878337
251878355
251878601
251878723
251878928
251879477
251879552
251879866
251880098
251880204
251880294
251880586
251880655
251880768
251881026
251881065
251881273
251881425
251881704
251881708
251881806
251881829
251881888
251882197
251882322
251882396
251882433
251883018
251883085
251883535
251883580
251883892
251884584
251884666
251884680
251884804
251884858
251884928
251885119
251885193
251885196
251885308
251885436
251885518
251885581
251886192
251886398
251886566
251886984
251887018
251887207
251887575
251887764
251887984
251887985
251888173
251888728
251888902
251888903
251888996
251889205
251889244
251889488
251889994
251890046
251890448
251890513
251890722
251890991
251891298
251891319
251891373
251891506
251891557
251891687
251891717
251891879
251892313
251892370
251892429
251892445
251892483
251892570
251892636
251892814
251893106
251893849
251893980
251894204
251894384
251894573
251894918
251895017
251895189
251895701
251895900
251896329
251896742
251897040
251897556
251897688
251898182
251898367
251898540
251898647
251898898
251898981
251899313
251899319
251899336
251900040
251900126
251900154
251900516
251900826
251901149
251901206
251901505
251901904
251902058
251902154
251902267
251902559
251902626
251902789
251902955
251902985
251903001
251903008
251903119
251903301
251903846
251903852
251904228
251904259
251904284
251904303
251904379
251904383
251904685
251904876
251905149
251905863
251906003
251906024
251906206
251906674
251906864
251906911
251906961
251906990
251907089
251907267
251907460
251907678
251907818
251908464
251908943
251909049
251909360
251909395
251909613
251909687
251909812
251909977
251910322
251910655
251911129
251911474
251911566
251911659
251911683
251911719
251911802
251912412
251912533
251912629
251912929
251912946
251913035
251913299
251913596
251913604
251914064
251914291
251914352
251914679
251914814
251915067
251915319
251915457
251915609
251915724
251915826
251915944
251916088
251916141
251916451
251916666
251916702
251916926
251917036
251917768
251917794
251918047
251918277
251918298
251918536
251918652
251918671
251918693
251918723
251918826
251919278
251919481
251919518
251919519
251919537
251919575
251919678
251919948
251920122
251920192
251920274
251920412
251920871
251921234
251921304
251921681
251921760
251921801
251922020
251922325
251922798
251922825
251922903
251923892
251923904
251924026
251924669
251924716
251925029
251925218
251925377
251925422
251925572
251925763
251925788
251925883
251925939
251926828
251926987
251927521
251927570
251927757
251927793
251928226
251928310
251928556
251929171
251929525
251930056
251930188
251930472
251930535
251930786
251930875
251930990
251931281
251931454
251931692
251931920
251932223
251932418
251932603
251932759
251932990
251933014
251933413
251933790
251934056
251934107
251934200
251934379
251934859
251934870
251935142
251935379
251935604
251935879
251935968
251935985
251936426
251936729
251936820
251937245
251937468
251937624
251937803
251937819
251938126
251938299
251938302
251938360
251938504
251938598
251938604
251938731
251939156
251939274
251939429
251939636
251940015
251940149
251940241
251940340
251940428
251940964
251941041
251941196
251941883
251941919
251942020
251942034
251942040
251942122
251942141
251942164
251942412
251942757
251943034
251943124
251943168
251943318
251943321
251943575
251943733
251943873
251943903
251944066
251944125
251944273
251944425
251944830
251944869
251945047
251945076
251945225
251945386
251946057
251946947
251947335
251947543
251947585
251947607
251947613
251947827
251948144
251948501
251948626
251949104
251949203
251949258
251949469
251949530
251949698
251949882
251949983
251950015
251950887
251951543
251952014
251952234
251952349
251952458
251952602
251952880
251952935
251953893
251954011
251954235
251954287
251954653
251954814
251955126
251955145
251955199
251955458
251955501
251955506
251955573
251956493
251957006
251957153
251957281
251957654
251957674
251957777
251958002
251958303
251958407
251958549
251958644
251958744
251958818
251958839
251958977
251959278
251960028
251960051
251960580
251960712
251960915
251961175
251962076
251962226
251962361
251962684
251962716
251962743
251962768
251962948
251962983
251963188
251963620
251963641
251963684
251963798
251963829
251963868
251963951
251963967
251964353
251964399
251964470
251964908
251965223
251965555
251965740
251965818
251965831
251965934
251965940
251966006
251966227
251966277
251966342
251966417
251966709
251966744
251967174
251967348
251967535
251967640
251968316
251968820
251968867
251968996
251969105
251969153
251969320
251969346
251969468
251969687
251969988
251970147
251970624
251970636
251970791
251970927
251971064
251971200
251971262
251971705
251971974
251972045
251972301
251972532
251972562
251972667
251972687
251972750
251973112
251973316
251973395
251973726
251974419
251974508
251975188
251975323
251975518
251975922
251975932
251976138
251976303
251976323
251976719
251976793
251976929
251977324
251977358
251977585
251977929
251978052
251978700
251978873
251978985
251979333
251979428
251979651
251979735
251979944
251980671
251980696
251980851
251980996
251981303
251981312
251981323
251981373
251981381
251981440
251981478
251981489
251981548
251982089
251982147
251982159
251982308
251982651
251982708
251982779
251983123
251983142
251983387
251983516
251983735
251983770
251983888
251984044
251984121
251984140
251984405
251984917
251985552
251985573
251985710
251986046
251986202
251986255
251986744
251986789
251987787
251988054
251988473
251988483
251988687
251988750
251989289
251989722
251989822
251990020
251990302
251990402
251990648
251990662
251990809
251991235
251991572
251991839
251992021
251992029
251992179
251992215
251992240
251992275
251992460
251992537
251993146
251993876
251994184
251994324
251994380
251994809
251995220
251995321
251996534
251996897
251996923
251997521
251998076
251998190
251998581
251998666
251998686
251998938
251999256
251999302
251999303
251999692
251999699
251999778
252001022
252001098
252001131
252001561
252002261
252002808
252003850
252003972
252004080
252004126
252004664
252005025
252005218
252005632
252006264
252006761
252007134
252007271
252007436
252007646
252008449
252008506
252008571
252008675
252009054
252009166
252009243
252009371
252009949
252010812
252010828
252010844
252010949
252011273
252011398
252011780
252011930
252012027
252012167
252012424
252012654
252012760
252012890
252012997
252013497
252013522
252013934
252014047
252014598
252014707
252014851
252014889
252015047
252015874
252015884
252016120
252016130
252016645
252016696
252016945
252017173
252017335
252017384
252017544
252017587
252017670
252017768
252018023
252018188
252018433
252018603
252018842
252018853
252018875
252018962
252019097
252019352
252020258
252020304
252020775
252020863
252021064
252021247
252021316
252021325
252021829
252021963
252022308
252022328
252022374
252022385
252022500
252022623
252022652
252023048
252023076
252023149
252023582
252023742
252023767
252024741
252026041
252026249
252026286
252026295
252026816
252026958
252027260
252027265
252027281
252027536
252027641
252027724
252028144
252028700
252028982
252029383
252029418
252030165
252030170
252030174
252030334
252030568
252030853
252030951
252031024
252031357
252031462
252031471
252031916
252032142
252032703
252033138
252033223
252033504
252033604
252033846
252033893
252034249
252034289
252034317
252034364
252034372
252034388
252034476
252034518
252034536
252034627
252035002
252035080
252035386
252035470
252035486
252035564
252035644
252035729
252036065
252036563
252037264
252037398
252037486
252038037
252038334
252038500
252038784
252038880
252039152
252039219
252039916
252039945
252040043
252040065
252040887
252041012
252041162
252041441
252041548
252041632
252041741
252041793
252041823
252042182
252042360
252042546
252042736
252043580
252043712
252043784
252044033
252044409
252044437
252044689
252044827
252045106
252045127
252045154
252045253
252045257
252045738
252045870
252046443
252046461
252046498
252047145
252047785
252047812
252047893
252048550
252048786
252049164
252049643
252049829
252049977
252050346
252050472
252050474
252050501
252050507
252050517
252050549
252050601
252050732
252051246
252051637
252051692
252051754
252051916
252052464
252052681
252052866
252053243
252053952
252053979
252054028
252054398
252054528
252054689
252054793
252055122
252055178
252055190
252055968
252055989
252056115
252056449
252057293
252057326
252057641
252057960
252058047
252058288
252058360
252059139
252059377
252059852
252060078
252060123
252060258
252060591
252060643
252060820
252060835
252061067
252061731
252062059
252062817
252062941
252063289
252063621
252063912
252064545
252064766
252064768
252065058
252065145
252065148
252065406
252065544
252065647
252065951
252066316
252066559
252066956
252067057
252067140
252067429
252067673
252067831
252067903
252067959
252068359
252068600
252068724
252068949
252069001
252069126
252069156
252069598
252070219
252070488
252070994
252071338
252072022
252072611
252072695
252073076
252073124
252073164
252074599
252074669
252074677
252074855
252074862
252075001
252076009
252076485
252076547
252076780
252076884
252077327
252077510
252077516
252077984
252078369
252078434
252078493
252078674
252079060
252079318
252079757
252079804
252080481
252080682
252080957
252081054
252081469
252081677
252082006
252082633
252082832
252083530
252083843
252084084
252084539
252085158
252085718
252086039
252086155
252086187
252087044
252087657
252088201
252088629
252088721
252089399
252089643
252089822
252089890
252090100
252090298
252091215
252091371
252091429
252091702
252091993
252092035
252092339
252092363
252092536
252092957
252093536
252094313
252094445
252094753
252095452
252096745
252097005
252097278
252097496
252098304
252098305
252098412
252099159
252099412
252099499
252100263
252100339
252100421
252100619
252100722
252101366
252101746
252101768
252101794
252102645
252102763
252102774
252102906
252103067
252103907
252104802
252105451
252106275
252106602
252106763
252107080
252108255
252108853
252108858
252108978
252110519
252110588
252110866
252111177
252111922
252112426
252112439
252112952
252113073
252113764
252113804
252113844
252115339
252115353
252115584
252115963
252116247
252116366
252116606
252116827
252117796
252117931
252118417
252119126
252119547
252119935
252120117
252120234
252120244
252121043
252121158
252121425
252121721
252121758
252121791
252121987
252122013
252122077
252122100
252122121
252122164
252122314
252122351
252122706
252122784
252123000
252123665
252123827
252123937
252123950
252124307
252124693
252124734
252124809
252125168
252125284
252125314
252125562
252125725
252125808
252125976
252126320
252126361
252126371
252126717
252126796
252126987
252127237
252127303
252127374
252127395
252127503
252127560
252127674
252127760
252127973
252128001
252128073
252128141
252128358
252128367
252128397
252128530
252128838
252128851
252129110
252130586
252130738
252130760
252131223
252132162
252132313
252132419
252132510
252132567
252132897
252133140
252133834
252133884
252133912
252134254
252134315
252134320
252134350
252134384
252134409
252134548
252134640
252134774
252135051
252135053
252135083
252135342
252135494
252135505
252135535
252135726
252135795
252136166
252136295
252136505
252136518
252136537
252137995
252138071
252138079
252138226
252138233
252138340
252138461
252138724
252138758
252138928
252139222
252139808
252139934
252140305
252140415
252140745
252140805
252141062
252141367
252141387
252141711
252141720
252141813
252141856
252141872
252141914
252142141
252142581
252142906
252143147
252143352
252143476
252143545
252143790
252143798
252143906
252144101
252144181
252144595
252144842
252145005
252145030
252145058
252145614
252145717
252145790
252145952
252146599
252146846
252147253
252147298
252147550
252147659
252148428
252148432
252148543
252148814
252148945
252149631
252149820
252149931
252150591
252150604
252151060
252151480
252151603
252151841
252152115
252152223
252152373
252152949
252153086
252153192
252153432
252153747
252153841
252154265
252154337
252154583
252154925
252155804
252156204
252156239
252156811
252156936
252157014
252157079
252157087
252157161
252157391
252157604
252157722
252157807
252158136
252158167
252158474
252158650
252159057
252159236
252159264
252159570
252159633
252159980
252160248
252160275
252160304
252160788
252161124
252161169
252161429
252161537
252161845
252162933
252162948
252163008
252163269
252164215
252164596
252165281
252165282
252165552
252165740
252166361
252166617
252166624
252166964
252167258
252167551
252167585
252167625
252167631
252168081
252168201
252168502
252168947
252169296
252169473
252169488
252169704
252169737
252169768
252170221
252170546
252171362
252171622
252171943
252172075
252172454
252172902
252173187
252173236
252173400
252173583
252173728
252173914
252173958
252174229
252174258
252174376
252175503
252175624
252175855
252175893
252176520
252176590
252176771
252176832
252176973
252177311
252177570
252177572
252177639
252177863
252178001
252178467
252179286
252179418
252179486
252179697
252179823
252180598
252181268
252181780
252181914
252181932
252182102
252182208
252182741
252182814
252183038
252183159
252183168
252183283
252183677
252183858
252184167
252184235
252184294
252184358
252184380
252184590
252185059
252185267
252185309
252185846
252185858
252185948
252186035
252186872
252187070
252187157
252187280
252187291
252187314
252187439
252187968
252188079
252188088
252188282
252188513
252188760
252188830
252189326
252189520
252189894
252190382
252190727
252190729
252190869
252191033
252191404
252191418
252191558
252191935
252192289
252192310
252192594
252192733
252193293
252193559
252193572
252193648
252193656
252193980
252194025
252194079
252194082
252194432
252194477
252194848
252194886
252194992
252195622
252196391
252196494
252196496
252196741
252196913
252196919
252197308
252197465
252197466
252198266
252198320
252198404
252198688
252198912
252198926
252199048
252199072
252199442
252199665
252200398
252200452
252201336
252201365
252201453
252201626
252201821
252202134
252202193
252202284
252202371
252202607
252202685
252202818
252202984
252202996
252203102
252203111
252203582
252203622
252204132
252204180
252204296
252204634
252204643
252204716
252204844
252205130
252205326
252205518
252205577
252205727
252205929
252207130
252207296
252207360
252207389
252207416
252207524
252207535
252207951
252208013
252208052
252208107
252208852
252209074
252209290
252209293
252209363
252209414
252209427
252209532
252210196
252210211
252210419
252210466
252210546
252210728
252210888
252210944
252210971
252211894
252211951
252211956
252212043
252212783
252212849
252212866
252213284
252213342
252213701
252214918
252214987
252215029
252215080
252215223
252215312
252215417
252216173
252216446
252216520
252216646
252216804
252217200
252217608
252218362
252218456
252218483
252218637
252218659
252219031
252219053
252219386
252219411
252219686
252219712
252219897
252220152
252220180
252220326
252220919
252220938
252220945
252221032
252221133
252221193
252221673
252221838
252222267
252222870
252222931
252223180
252223530
252223832
252223835
252224388
252224431
252224483
252225077
252225120
252225147
252225245
252225252
252225305
252225502
252226450
252227086
252227109
252227442
252227545
252227748
252227774
252227850
252228151
252228358
252228453
252228466
252228536
252228678
252228734
252228795
252228831
252229069
252229078
252229232
252229742
252229811
252230349
252230476
252230604
252230618
252230974
252230994
252231088
252231478
252231736
252232326
252232464
252232855
252233251
252233850
252233860
252234257
252234379
252234421
252234486
252234929
252235152
252235363
252235859
252236145
252236841
252237158
252237299
252237438
252237811
252237953
252237968
252238488
252238532
252238589
252238656
252238803
252238816
252239354
252239522
252240175
252240603
252240801
252240842
252241197
252241410
252241428
252241455
252241487
252241882
252241942
252242128
252242236
252242250
252242336
252242528
252242622
252242634
252242994
252243104
252243131
252243377
252243633
252244128
252244185
252244601
252244851
252245118
252245138
252245595
252245631
252246072
252246147
252246523
252246802
252247091
252247579
252248356
252248422
252249789
252249912
252250016
252250098
252250136
252250558
252250771
252251369
252251416
252251425
252251466
252251477
252251607
252251688
252252248
252252299
252252304
252252437
252252543
252252818
252253302
252254313
252254416
252255010
252255100
252255172
252255174
252255348
252255381
252255901
252256264
252256284
252256949
252257061
252257231
252257622
252257844
252258078
252258434
252258880
252259114
252259377
252259648
252259706
252259848
252260138
252260379
252260467
252260509
252260526
252260822
252261329
252261438
252261865
252262113
252262198
252262686
252262846
252262861
252262922
252263073
252263677
252264013
252264475
252264511
252264663
252265606
252265832
252265837
252265861
252266042
252266708
252266719
252267053
252267073
252267366
252267625
252268094
252268215
252268339
252268509
252268669
252268727
252269036
252269256
252269921
252270221
252270380
252270794
252270826
252271060
252271115
252271371
252271441
252271640
252271827
252272289
252272361
252272781
252272890
252273152
252274049
252274168
252274414
252274571
252274581
252274671
252274673
252275459
252275757
252276870
252276929
252277006
252277231
252277270
252277421
252277433
252277689
252278077
252278116
252278365
252278452
252278564
252278580
252279285
252279290
252279370
252279594
252279607
252279624
252279861
252280014
252280576
252281694
252282045
252282076
252282368
252282493
252282605
252283008
252283247
252283822
252283982
252284732
252284837
252284849
252285259
252285585
252285654
252285731
252285741
252285848
252285995
252286482
252286608
252286753
252286889
252287066
252287610
252288093
252288446
252288473
252288618
252288950
252288972
252289096
252289167
252289494
252289849
252289898
252290297
252290341
252290350
252290457
252290624
252290727
252291279
252291281
252291422
252291429
252291660
252291740
252291972
252292141
252292185
252292744
252292778
252292788
252293162
252293425
252293580
252293602
252293751
252293958
252293965
252293973
252294166
252294175
252294349
252294685
252294766
252294857
252294979
252295155
252295240
252295362
252295368
252295521
252296126
252296266
252296340
252296655
252296779
252296970
252296971
252297097
252297147
252297165
252297328
252297749
252297789
252297817
252297831
252297887
252298218
252298241
252298378
252298402
252298552
252298752
252298800
252298891
252299316
252300537
252301066
252301491
252301502
252301538
252301567
252301790
252302083
252302121
252302388
252302404
252302749
252302915
252303260
252303345
252304021
252304305
252304400
252305022
252305027
252305107
252305142
252305262
252305328
252305903
252306330
252306374
252306618
252306739
252306845
252307589
252307595
252307767
252308005
252308687
252308790
252309115
252309381
252309521
252309739
252309878
252309888
252309898
252309957
252309995
252310168
252310369
252310673
252310726
252310963
252311188
252311607
252311609
252311621
252311627
252311982
252312045
252312422
252312722
252313153
252313388
252313447
252314036
252314150
252314193
252314352
252314461
252315295
252315437
252315684
252316140
252316291
252316364
252316530
252317359
252317367
252317396
252318900
252319259
252319272
252319312
252319460
252319658
252319737
252319786
252320056
252320118
252320177
252320320
252320696
252321136
252321472
252321752
252322079
252322193
252322762
252323040
252323448
252323768
252323776
252323949
252324500
252324627
252324694
252325168
252325826
252326158
252326179
252326575
252326692
252326884
252327114
252327176
252327627
252327641
252327820
252327877
252328064
252328433
252328675
252329247
252329630
252330260
252330324
252331073
252331424
252331592
252331893
252332005
252332012
252332143
252332349
252332569
252332632
252332639
252332921
252333038
252333070
252333089
252333526
252333651
252333682
252333792
252333840
252333899
252334055
252334100
252334786
252334804
252335219
252335427
252335436
252335550
252335622
252335926
252336226
252336892
252337231
252337232
252337549
252338049
252338094
252338598
252338706
252339126
252339336
252339359
252339469
252339525
252339695
252339696
252340479
252340826
252340964
252341044
252341285
252341515
252342054
252342182
252342324
252342333
252342334
252342345
252342521
252343129
252343329
252343729
252344050
252344206
252344221
252345203
252345656
252345690
252345839
252346273
252346788
252347305
252347543
252347615
252347686
252347882
252347897
252347950
252348221
252348633
252348729
252348840
252349017
252349021
252349101
252349199
252349277
252349512
252349520
252349590
252349933
252350011
252350135
252350185
252350192
252350541
252351772
252351777
252351863
252352081
252352469
252352628
252352671
252353351
252353384
252353862
252354173
252354197
252354602
252354627
252354631
252354764
252354844
252354845
252354896
252355006
252355020
252355081
252355166
252355272
252355433
252356332
252356520
252357217
252357628
252358014
252358210
252358311
252358420
252358732
252358985
252359034
252359039
252359906
252360283
252360294
252360428
252361031
252361321
252361331
252361396
252361582
252361587
252361608
252362066
252362067
252362392
252362506
252362850
252362965
252363525
252363583
252363721
252364328
252364562
252364704
252365514
252365592
252365842
252366672
252366769
252366804
252367089
252367344
252367355
252367921
252368676
252369007
252369798
252370539
252370992
252371447
252371733
252372169
252373069
252374199
252374510
252374552
252374631
252375758
252375927
252376338
252376400
252376448
252376472
252376569
252376702
252376965
252376979
252377141
252377510
252377642
252377798
252378765
252379151
252379202
252379345
252379837
252380299
252380586
252381358
252381436
252381532
252381778
252381787
252381802
252382049
252382115
252382404
252382482
252383116
252383364
252383727
252384069
252384081
252384252
252384545
252384758
252385302
252385464
252385580
252387077
252387453
252387715
252388056
252388312
252388437
252389361
252390486
252390684
252390893
252391279
252391506
252391611
252391630
252391694
252392479
252392549
252392933
252393028
252393164
252393453
252393559
252393645
252393774
252394019
252394155
252394259
252394487
252394646
252394822
252395026
252395384
252395394
252395781
252395963
252396135
252396385
252396683
252396839
252397152
252397295
252397666
252397831
252398322
252398795
252398818
252399242
252399243
252399310
252399855
252399961
252400221
252400490
252400531
252401038
252401710
252401736
252401897
252401930
252402066
252402560
252402688
252402710
252402753
252402815
252403137
252403428
252403565
252403646
252403800
252403845
252403871
252403889
252404194
252404270
252404441
252404606
252404800
252405068
252405260
252405978
252406194
252406432
252407155
252407903
252407964
252408166
252408361
252408545
252408584
252408670
252408861
252409430
252409546
252410457
252410706
252410997
252411380
252411483
252411709
252412404
252412948
252413232
252413801
252414157
252414190
252414220
252414241
252414253
252414493
252414499
252414542
252414661
252414814
252414872
252415114
252415142
252415221
252415290
252415567
252415913
252416159
252416609
252416711
252416847
252417037
252417066
252417180
252417581
252417621
252417963
252418050
252418701
252418813
252419413
252419414
252419998
252420505
252421148
252421160
252421490
252421869
252421925
252422226
252422855
252422930
252422985
252423611
252423714
252424276
252424346
252424798
252424808
252425069
252425080
252425115
252425325
252426369
252426536
252427240
252427496
252427615
252427784
252427924
252428009
252428084
252428323
252428476
252428701
252429086
252429114
252429413
252429486
252429530
252429792
252429822
252429869
252429924
252430541
252430719
252430860
252431181
252431272
252431452
252431939
252431940
252431961
252432077
252432329
252432378
252432665
252433165
252433657
252434129
252434172
252434572
252434746
252435120
252435285
252435325
252435343
252435461
252435473
252435657
252435753
252435869
252435926
252435978
252436110
252436410
252436413
252436444
252436608
252436663
252436841
252437178
252437231
252437403
252437413
252437938
252438132
252438142
252438409
252438505
252438701
252439481
252439491
252440361
252440368
252440447
252440561
252440800
252441754
252441950
252441968
252441973
252442187
252442248
252442735
252442737
252443072
252443204
252443405
252443442
252443448
252443689
252443828
252444138
252444320
252444376
252444678
252445017
252445157
252445169
252445304
252445562
252445658
252445965
252446378
252446424
252446477
252446622
252446646
252446675
252446679
252446733
252446871
252447051
252447428
252447968
252448217
252448411
252448843
252449490
252449505
252449566
252449724
252449949
252450093
252450272
252450503
252450551
252450615
252450776
252450792
252450890
252451541
252451671
252452091
252452211
252452313
252452702
252452844
252453639
252453989
252454119
252454691
252454788
252455122
252455123
252455174
252455375
252455568
252455771
252456566
252457105
252457723
252457963
252457966
252458064
252458926
252459434
252459928
252460206
252460550
252461276
252461395
252461496
252461636
252461837
252461935
252462113
252462360
252462850
252463055
252463149
252463683
252464826
252465097
252465840
252465845
252466073
252466222
252466987
252467267
252467376
252467469
252467672
252468134
252468403
252468705
252468968
252469036
252469399
252469468
252469691
252469987
252470084
252470308
252470383
252470495
252470849
252471675
252471706
252471771
252472743
252473060
252473116
252473482
252473636
252473659
252473702
252473728
252473915
252473927
252473994
252474146
252474295
252474398
252474494
252474558
252474678
252474812
252475053
252475059
252475244
252475262
252475339
252475537
252475632
252475843
252476161
252476178
252476274
252476276
252476399
252476549
252476589
252476670
252477029
252477088
252477942
252478207
252478209
252478250
252479228
252479299
252479969
252480226
252480685
252480757
252480961
252480993
252481117
252481235
252481399
252481429
252481874
252481908
252482079
252482641
252483279
252483509
252483511
252484045
252484153
252484476
252484544
252484779
252484925
252485041
252485202
252485479
252485663
252485664
252485842
252486126
252486471
252486565
252486667
252486678
252486904
252486993
252487298
252487573
252487649
252487716
252487833
252488086
252488310
252488540
252488727
252489063
252489246
252489309
252489349
252489550
252489657
252489730
252490316
252490324
252490566
252490795
252491369
252491836
252492152
252492292
252492303
252492361
252492864
252492935
252493079
252493293
252493337
252493357
252493420
252493460
252493491
252494114
252494702
252495009
252495776
252495929
252496043
252496066
252496569
252496736
252496751
252496868
252497045
252497082
252497605
252497634
252497687
252497777
252497904
252497940
252497967
252498528
252498557
252498641
252499122
252499290
252499339
252499347
252499562
252499772
252499878
252499922
252500258
252500450
252500674
252500757
252500803
252501169
252501640
252501885
252502416
252502662
252502711
252502907
252503010
252503264
252503410
252503934
252503939
252503987
252504092
252504132
252504228
252505096
252505339
252505885
252506076
252506968
252507057
252507119
252507381
252507831
252508354
252509163
252509537
252509565
252510091
252510618
252510984
252511156
252511903
252511997
252512177
252512207
252512642
252512859
252513205
252513589
252513688
252513980
252514308
252514614
252515304
252515925
252516027
252516100
252516215
252516501
252516629
252516675
252516885
252516905
252517572
252517697
252517894
252518188
252518498
252518575
252518793
252519047
252519244
252519407
252519904
252520233
252520253
252520437
252520854
252520919
252520931
252521385
252521390
252521520
252521854
252521932
252522114
252522478
252522725
252524128
252524360
252524889
252524931
252525157
252525396
252525406
252525413
252525818
252525932
252525957
252526150
252526717
252527159
252527703
252527807
252528112
252528357
252528644
252529095
252529248
252529447
252529582
252529998
252530949
252530973
252531261
252531886
252532339
252532905
252533267
252533438
252533528
252533529
252533877
252534152
252534159
252534410
252534897
252534993
252535042
252535071
252535510
252535540
252535829
252535930
252536030
252536152
252536381
252536710
252536879
252537402
252537520
252538111
252538764
252538850
252538966
252539118
252539352
252539484
252540114
252540145
252540972
252540987
252541903
252541931
252542167
252542418
252542509
252542524
252542978
252543178
252543437
252543710
252543715
252543778
252544775
252545002
252545334
252545729
252545824
252545981
252546297
252546426
252546500
252547227
252547350
252547460
252547603
252547902
252548194
252548420
252548575
252548911
252549016
252549445
252549520
252549575
252549708
252550359
252550671
252550753
252550899
252551252
252551389
252551406
252551649
252551849
252551936
252552459
252552546
252552716
252552793
252552794
252552868
252552992
252553062
252553111
252553152
252553340
252553345
252553615
252553639
252553928
252554372
252555473
252555806
252555912
252556334
252556904
252556990
252557268
252557522
252557541
252557575
252557629
252557758
252557760
252558098
252558356
252558862
252558998
252559214
252559724
252560162
252560215
252560324
252562989
252563518
252565014
252565019
252565162
252565604
252565624
252565664
252566198
252566333
252566476
252566651
252566823
252567066
252567259
252567278
252567313
252567326
252567588
252567914
252568058
252568771
252568891
252569048
252569051
252569127
252569212
252569916
252570242
252570265
252570358
252570720
252570874
252571381
252571609
252571812
252571862
252572293
252572312
252572483
252572531
252573056
252573324
252573446
252573625
252573659
252573958
252573959
252574175
252574454
252574610
252574634
252574764
252575227
252575239
252575566
252576188
252576417
252576797
252576958
252576999
252577402
252578173
252578228
252578503
252578894
252579346
252579485
252579521
252580134
252580660
252580692
252580967
252580975
252581632
252581670
252581882
252581902
252582376
252582389
252582618
252582877
252582969
252583295
252583376
252583583
252583817
252583953
252584037
252584160
252585167
252585254
252585477
252585676
252585747
252586036
252586180
252586235
252586390
252586576
252586730
252586858
252587229
252587270
252587502
252587513
252587898
252588007
252588411
252588797
252588907
252589080
252590061
252590250
252591180
252592951
252593021
252593208
252593536
252595332
252595544
252595633
252595724
252595803
252596254
252596330
252596553
252596597
252596684
252597069
252598306
252598885
252599305
252599436
252599540
252599802
252601143
252601184
252601242
252601286
252601646
252601841
252601906
252601940
252601969
252602207
252602739
252602917
252603085
252603260
252603346
252603645
252603756
252604037
252604377
252604479
252604691
252605040
252605068
252605331
252605398
252605531
252605559
252605829
252605839
252606240
252606301
252607267
252607622
252607677
252607784
252608425
252608553
252608650
252609023
252609554
252609724
252609867
252611142
252611986
252612165
252612632
252612906
252613235
252613773
252613865
252613868
252614080
252614149
252614224
252614400
252614420
252614683
252614898
252615430
252615875
252616510
252616627
252616771
252617056
252617319
252617712
252617806
252617942
252618159
252618284
252618694
252619074
252619315
252619334
252619551
252620053
252620258
252620335
252620502
252620803
252620912
252620976
252621020
252621344
252621581
252621763
252621780
252622498
252622953
252623016
252623067
252623310
252623620
252623917
252623918
252624230
252624660
252624682
252625551
252625764
252626360
252626371
252627076
252627191
252627923
252628443
252628864
252629528
252629586
252629654
252629659
252629785
252630131
252630565
252630701
252630760
252630973
252631213
252631409
252631487
252631673
252631932
252632448
252632532
252632633
252633222
252633649
252634000
252634817
252635616
252636671
252636704
252636710
252636888
252637033
252637093
252637781
252637846
252637873
252637901
252638304
252638331
252638353
252638412
252638803
252638845
252638904
252639230
252639499
252639821
252639857
252640050
252640147
252640210
252640307
252640878
252640973
252641332
252641676
252642382
252642991
252643027
252643277
252643325
252643466
252643681
252643694
252643906
252644020
252644098
252644535
252644670
252644683
252644798
252645181
252645357
252645399
252645839
252646098
252646273
252646560
252646942
252647172
252647230
252647458
252647513
252647727
252648001
252648193
252648395
252648919
252649207
252649247
252649249
252649696
252649706
252650313
252650583
252650707
252651568
252651622
252652169
252652206
252652287
252652297
252652936
252653364
252653786
252653828
252654010
252654043
252654395
252654455
252655052
252655324
252655432
252655533
252655661
252656788
252657015
252657548
252658076
252658180
252658365
252658566
252658722
252658736
252659123
252659648
252660516
252661130
252661423
252661471
252661492
252661706
252661999
252662133
252662972
252663141
252663209
252663414
252664265
252665138
252665469
252665510
252665553
252665882
252666111
252666232
252666875
252667501
252667636
252667804
252667992
252668164
252668372
252668588
252668609
252668798
252669230
252669252
252669277
252669369
252669424
252669635
252669636
252669899
252669931
252670490
252670537
252670643
252670711
252670846
252671184
252671783
252671790
252672074
252672135
252672943
252673299
252674036
252674863
252675085
252675240
252675471
252675564
252675757
252676030
252676213
252676500
252676743
252677033
252677034
252677236
252677830
252678453
252678476
252678713
252679024
252679363
252679973
252680011
252680243
252680302
252682740
252682817
252683267
252683408
252683793
252683988
252684014
252684124
252684205
252684219
252684302
252684346
252684445
252684563
252684719
252684742
252684778
252684814
252684824
252684866
252684922
252685082
252685142
252685305
252685629
252685751
252685888
252685935
252686242
252686501
252686555
252686576
252686705
252686713
252686985
252687017
252687474
252687964
252688027
252688409
252688481
252688616
252688943
252689012
252689695
252689912
252690039
252690119
252690401
252690463
252690497
252690674
252691175
252691289
252691470
252691554
252691626
252691805
252691865
252691893
252692080
252692098
252692175
252692253
252692352
252692470
252693025
252693026
252693090
252693270
252693917
252694395
252694594
252694645
252694654
252694682
252694693
252694886
252694925
252695079
252695424
252695478
252695493
252695594
252696664
252696710
252696902
252696963
252697109
252697945
252698433
252698892
252698957
252699469
252699747
252700275
252700503
252700695
252701439
252702811
252702868
252703559
252703955
252704015
252704041
252704341
252704548
252704693
252705005
252705207
252705815
252705957
252706061
252706163
252706398
252706460
252706492
252706607
252706836
252707037
252707148
252707165
252707430
252707478
252707728
252708011
252708259
252708382
252708743
252708871
252708945
252708967
252709489
252709808
252710087
252710223
252711019
252711348
252711753
252712907
252713463
252713609
252713901
252713977
252713987
252714435
252714760
252714997
252715049
252715136
252715199
252715232
252715671
252716025
252716053
252716153
252716467
252716756
252716824
252716835
252716962
252716990
252717147
252717276
252717298
252717393
252717442
252717650
252717819
252717949
252718326
252718449
252718460
252718573
252719089
252719225
252719513
252719670
252719907
252720308
252720352
252720380
252720517
252720532
252721108
252721447
252721580
252721866
252722162
252722180
252722296
252722567
252723162
252723177
252723358
252723540
252723721
252723779
252724002
252724421
252724657
252724752
252724819
252724947
252725058
252725087
252725256
252725318
252725337
252725656
252725735
252725835
252725946
252725952
252726001
252726029
252726340
252726494
252727566
252727788
252728014
252728231
252728437
252728807
252729004
252729322
252729688
252730421
252730459
252730544
252730817
252730843
252731099
252731558
252731685
252731710
252732026
252732055
252732295
252732408
252732958
252732982
252733018
252733220
252733424
252733522
252733788
252733818
252733918
252734728
252734789
252735127
252735337
252736236
252736336
252736456
252736511
252736596
252736689
252736757
252736933
252736964
252736989
252736991
252737070
252737177
252737573
252737626
252737897
252737966
252737988
252738079
252738104
252738136
252738227
252738340
252738886
252739089
252739216
252739250
252739341
252739419
252739561
252739566
252739576
252739596
252740259
252740476
252741881
252743446
252743999
252744021
252744034
252744212
252744390
252744441
252744446
252744490
252745049
252745486
252745670
252745760
252746235
252746307
252746692
252746883
252746925
252746980
252747023
252747173
252747739
252748382
252748515
252748552
252749380
252750178
252750190
252750378
252750511
252750635
252751093
252751208
252751428
252751479
252752271
252752452
252752582
252752825
252753143
252753170
252753173
252753205
252753284
252753321
252753390
252753600
252753824
252754358
252754648
252754972
252755327
252755458
252755459
252755570
252755700
252755784
252755806
252756057
252756232
252756249
252756318
252757338
252757914
252757997
252758603
252758771
252759004
252759128
252759224
252759326
252759510
252760421
252760663
252760675
252761215
252761311
252761395
252761676
252761874
252761875
252761906
252762298
252762560
252762584
252762864
252763151
252763267
252763270
252763551
252764003
252764311
252764603
252764712
252764842
252764992
252765079
252765144
252765325
252765469
252765471
252765972
252766127
252767103
252767447
252767844
252768023
252768596
252768635
252768725
252768910
252769147
252769217
252769424
252769506
252769645
252769758
252770159
252770169
252770466
252770974
252771647
252772076
252772307
252772438
252774584
252774601
252774812
252774876
252775053
252775275
252775504
252775687
252776290
252776429
252776503
252776527
252776711
252776757
252776993
252777048
252777117
252777331
252777746
252777826
252777879
252777900
252778227
252778256
252778267
252778571
252778624
252779247
252779652
252779985
252780206
252780506
252780529
252780905
252781075
252781230
252781373
252781389
252781477
252781570
252781652
252781808
252782443
252782491
252782827
252783187
252783789
252783791
252784017
252784158
252784215
252784328
252784331
252784778
252785473
252785535
252786000
252786089
252786224
252786516
252786728
252787145
252787444
252787445
252787508
252787758
252788084
252788911
252790141
252790259
252790618
252790867
252791347
252791437
252792173
252792436
252792539
252792725
252793017
252793371
252793677
252793681
252794097
252794393
252794690
252794741
252794986
252795143
252795216
252795241
252795381
252795404
252795645
252795858
252795899
252796209
252796350
252796397
252796621
252796681
252796724
252796818
252797221
252797224
252797291
252797508
252797778
252797848
252797980
252798195
252798358
252798399
252798497
252798593
252798781
252798882
252798929
252799026
252799359
252799534
252799572
252799660
252799715
252799818
252799918
252800229
252800484
252800488
252800807
252801071
252801095
252801401
252801940
252802867
252803044
252803356
252803427
252803546
252803879
252804934
252805284
252805603
252805796
252806030
252806175
252806212
252806251
252806438
252806502
252807001
252807078
252807160
252807321
252807550
252808061
252808068
252808081
252808438
252808526
252808567
252808894
252809169
252809727
252810062
252810275
252810375
252810615
252810683
252810933
252811359
252811397
252811742
252811853
252812319
252812638
252812887
252812979
252813007
252813420
252813667
252813830
252814010
252814192
252815357
252815634
252815759
252816091
252816356
252816454
252816561
252816945
252817413
252817541
252817639
252818104
252818113
252818328
252818341
252818995
252819121
252819312
252819706
252819898
252820490
252821385
252821502
252821805
252821850
252822075
252822156
252822190
252822321
252822476
252822633
252823141
252823496
252823526
252823992
252824459
252824762
252824779
252825134
252825181
252825756
252826477
252827018
252827339
252827946
252829141
252829228
252829656
252830234
252830475
252830912
252831677
252832007
252832166
252832297
252832571
252832631
252832640
252833279
252833527
252833546
252833552
252833604
252833708
252833928
252834042
252834111
252834150
252834281
252834699
252835061
252835118
252835890
252836025
252836288
252836325
252836815
252836868
252837443
252837537
252837640
252837925
252838028
252838130
252838235
252838784
252839049
252839088
252839474
252839834
252839842
252840293
252840605
252841180
252841334
252841429
252841441
252841526
252841702
252841856
252842157
252842279
252842504
252842519
252843261
252843294
252843598
252843630
252843921
252844219
252844312
252845169
252845194
252845424
252845531
252845970
252846128
252846258
252846286
252846582
252846782
252846843
252847330
252847616
252847744
252847893
252847929
252848172
252848757
252848855
252848948
252849179
252849509
252849669
252849959
252850046
252850292
252850635
252850641
252851288
252851544
252851636
252852068
252852087
252852230
252852462
252852584
252852710
252852784
252852836
252852868
252853252
252853261
252853487
252853522
252853527
252854329
252854330
252854411
252854632
252854730
252855143
252855194
252855691
252855833
252856615
252856637
252856732
252856916
252857347
252857354
252857414
252857422
252857560
252857656
252857753
252857964
252858104
252858479
252858991
252859359
252859430
252859676
252861052
252861083
252861895
252862211
252862408
252862469
252862487
252863612
252863811
252864117
252864234
252864487
252864523
252864879
252865168
252865281
252865450
252865546
252865676
252865725
252865913
252866084
252866133
252866249
252866257
252866631
252866636
252866723
252866925
252866950
252867097
252867430
252868049
252868500
252868883
252868950
252868957
252868981
252869695
252869789
252870013
252870249
252871050
252871088
252871100
252871184
252871231
252871453
252871488
252871538
252871571
252871680
252871840
252872131
252872212
252872292
252872515
252872562
252872772
252873176
252873207
252875171
252875422
252875597
252875803
252876294
252877046
252877307
252878756
252878841
252879447
252879893
252880013
252880115
252880382
252880386
252880419
252880727
252880922
252881191
252881197
252881277
252881325
252882038
252882122
252882272
252882978
252883165
252883226
252883531
252884066
252884157
252884234
252884513
252884620
252884911
252884968
252885212
252885921
252885947
252886002
252886101
252886238
252886470
252886511
252886981
252887077
252887083
252887103
252887352
252887429
252887540
252887542
252887817
252888355
252888613
252888635
252888655
252889155
252889523
252889836
252889853
252890180
252890312
252890528
252890719
252890936
252891186
252891901
252892899
252893441
252893550
252894348
252894461
252894600
252894728
252894740
252894790
252895065
252895087
252895115
252895207
252895240
252895241
252895260
252895790
252895916
252896161
252896392
252896461
252896631
252896668
252896920
252896943
252897172
252897210
252897249
252897530
252897650
252897806
252897945
252898101
252898224
252898567
252899005
252899220
252899284
252899285
252899354
252899382
252899579
252899672
252899742
252899816
252899889
252899997
252900024
252900116
252900137
252900245
252900267
252900327
252900434
252900672
252901746
252901770
252901811
252902299
252902631
252902914
252903105
252903215
252903414
252904094
252904124
252904214
252904877
252905132
252905357
252905566
252905935
252906427
252906576
252907836
252909110
252909395
252909812
252910013
252910203
252910243
252910430
252910502
252910570
252911679
252912015
252912168
252912185
252912400
252912614
252913059
252913155
252913643
252913769
252913783
252913904
252914144
252914148
252914472
252914706
252914811
252914997
252915052
252915131
252915419
252915506
252916001
252916391
252916407
252916808
252916855
252916969
252916988
252918035
252918067
252918154
252918230
252918386
252918549
252918775
252918790
252918841
252919099
252919603
252919684
252920357
252920478
252920877
252921127
252921930
252922530
252924096
252924215
252924442
252924465
252924667
252924739
252925483
252925522
252925598
252925752
252925857
252925929
252926074
252926102
252926161
252926278
252926351
252926647
252926894
252926991
252927008
252927426
252927721
252927873
252927957
252929318
252929389
252929823
252930173
252930383
252930391
252930549
252930586
252930815
252931717
252932103
252932419
252932436
252932588
252933958
252934017
252934619
252934716
252934746
252934931
252934957
252935145
252935824
252936064
252936084
252936117
252936439
252936602
252937268
252938137
252938199
252938907
252939513
252939671
252939864
252939953
252940001
252940020
252940064
252940253
252940455
252940654
252940911
252942186
252942460
252942516
252942972
252944003
252944046
252944140
252945061
252945435
252945926
252946090
252946145
252946808
252946879
252946948
252947209
252947358
252947538
252947722
252947788
252948048
252948379
252948405
252948594
252948648
252948709
252948725
252948852
252948888
252949313
252949884
252951595
252954511
252955027
252955356
252955490
252955615
252956595
252956612
252956802
252956886
252958344
252959180
252959233
252959554
252959725
252959878
252959901
252960699
252960771
252961054
252961187
252961370
252961405
252961845
252962335
252962449
252962485
252962593
252962643
252962677
252962760
252963169
252963230
252963242
252963274
252963361
252963615
252963741
252964199
252964490
252964822
252964940
252965980
252966259
252966296
252966931
252967698
252968408
252969921
252970319
252971276
252972103
252973169
252973340
252974298
252974377
252974778
252975559
252976244
252976326
252976367
252976812
252976837
252977594
252977663
252977950
252978367
252978556
252978560
252978950
252979130
252979286
252979732
252979835
252980225
252980301
252980918
252981599
252982892
252982942
252986321
252986739
252986835
252987002
252987097
252987255
252987477
252987526
252987738
252987884
252987944
252988310
252988375
252989041
252992202
252992404
252992676
252992728
252993484
252993700
252993715
252993766
252993876
252993964
252994277
252994352
252995823
252996273
252996635
252997248
252997303
252997501
252997615
252998215
252998870
252998910
252998962
252999403
253000315
253000621
253002575
253003001
253003012
253004184
253004248
253004718
253004750
253005416
253006384
253006410
253006524
253006724
253007324
253007397
253009647
253009823
253009904
253009934
253010001
253010202
253010483
253011074
253011120
253011185
253011499
253011851
253012512
253012522
253012574
253013234
253013963
253015097
253015449
253015472
253015501
253015795
253016026
253016132
253016392
253016421
253016532
253016580
253016609
253016625
253016630
253016759
253016821
253017051
253017143
253017151
253017216
253017272
253017372
253017440
253017585
253017637
253017878
253018223
253018291
253018383
253018724
253018778
253018869
253019115
253019353
253019458
253019609
253019868
253019967
253020074
253020179
253020660
253020699
253020813
253021044
253021156
253021179
253021254
253021334
253021629
253021780
253022049
253022065
253022112
253022197
253022315
253022330
253022623
253022639
253022720
253024005
253024061
253024493
253024635
253025015
253025349
253025605
253025812
253025886
253025900
253026002
253026020
253026091
253026186
253026338
253026514
253026664
253026732
253026985
253027016
253027666
253028053
253028154
253028550
253028956
253029015
253029255
253030201
253030234
253030447
253030963
253031050
253031052
253031105
253031476
253031719
253032087
253032097
253032392
253032484
253032658
253032806
253032822
253033009
253033136
253033393
253033619
253033788
253034404
253034582
253035743
253036059
253036992
253037069
253037244
253037331
253037615
253037998
253038639
253038785
253038934
253039078
253039205
253039462
253039478
253039598
253039640
253040077
253040164
253040859
253040978
253041056
253041397
253042052
253042732
253043002
253043218
253044087
253044626
253045143
253045430
253045433
253045508
253046112
253046407
253046508
253047234
253047294
253047596
253047939
253048002
253048347
253048480
253048550
253048618
253048786
253048927
253049090
253049584
253049594
253049861
253050034
253050604
253050748
253051121
253051494
253051653
253052071
253052754
253052791
253053049
253053321
253053743
253053901
253054210
253054267
253054435
253054613
253054733
253054873
253055436
253055624
253055949
253056146
253056974
253057245
253057332
253058001
253058056
253058309
253058520
253058521
253058632
253058653
253058670
253058983
253059019
253059172
253059545
253059688
253059754
253060038
253060148
253060437
253060498
253061001
253061145
253061167
253061392
253061434
253061472
253061490
253061628
253061789
253062069
253062076
253062306
253062351
253063514
253063792
253064134
253064488
253064675
253064807
253065131
253065321
253065404
253065581
253065914
253066104
253066151
253066441
253066477
253066769
253066828
253067355
253067377
253067509
253067791
253067877
253067884
253067915
253068241
253068349
253068364
253068674
253068706
253068933
253069240
253070368
253070522
253070626
253071514
253071785
253071894
253072160
253072188
253072195
253072867
253072898
253072958
253072985
253073358
253073360
253073401
253073452
253073600
253073602
253073717
253073737
253074610
253074831
253075047
253075118
253075276
253075414
253075502
253075632
253076069
253076336
253076453
253076516
253076819
253076899
253077083
253077396
253077679
253078451
253078541
253078692
253079188
253079418
253079468
253080192
253080342
253080478
253080600
253081073
253081271
253081470
253081517
253081782
253081823
253081877
253081923
253081982
253082208
253082305
253082526
253082639
253082687
253083498
253083701
253083814
253084026
253084137
253084341
253084739
253084835
253085732
253085740
253086006
253086146
253086184
253086328
253086366
253086933
253087077
253087140
253087339
253087525
253089287
253089827
253089947
253090033
253090037
253090190
253090415
253090481
253090551
253090624
253090734
253090762
253090942
253091131
253091156
253091588
253092379
253092674
253092697
253092769
253092794
253093183
253093701
253093749
253093897
253093939
253094364
253094376
253095343
253095431
253096050
253096105
253096370
253096600
253096916
253097170
253097189
253097208
253097224
253097279
253097486
253097604
253097764
253097898
253097938
253097965
253098304
253098498
253098509
253098756
253098901
253098950
253099227
253099914
253099979
253100042
253100107
253100127
253100205
253100313
253101077
253101174
253101236
253101324
253101416
253101618
253101706
253101712
253101900
253101958
253102226
253102660
253102818
253102889
253103069
253103115
253103120
253103308
253103691
253104030
253104156
253104172
253104440
253104511
253104515
253104641
253104923
253105323
253105649
253105927
253106164
253106284
253107035
253107325
253107814
253107947
253107981
253107993
253108020
253108031
253108087
253108512
253108701
253108763
253109541
253109643
253109683
253109730
253109827
253109927
253109983
253110184
253110308
253110312
253110331
253110387
253110465
253110511
253110560
253110679
253110796
253110907
253110928
253111128
253111140
253111355
253111501
253111577
253112809
253112824
253113172
253113392
253113586
253113706
253114228
253114333
253114360
253114414
253114590
253115039
253115129
253115161
253115245
253115348
253115573
253115911
253115982
253116020
253116057
253116089
253116518
253117166
253117287
253117524
253118152
253118241
253118259
253118472
253119069
253119081
253119180
253119252
253119261
253119392
253119417
253119594
253119627
253119704
253119796
253119821
253120255
253120520
253120675
253121314
253121761
253121790
253122114
253122424
253122441
253122759
253122805
253123195
253123340
253123346
253123386
253123578
253123596
253123846
253124513
253124904
253125086
253125453
253125514
253125543
253125699
253126041
253126147
253126477
253126510
253126661
253127285
253127816
253128171
253128212
253128269
253128330
253128495
253128517
253129069
253129257
253129504
253129703
253129767
253129842
253129941
253130000
253130244
253130778
253130800
253130945
253130964
253131558
253131572
253131898
253132336
253132420
253132460
253132488
253132509
253132524
253132552
253132568
253132659
253132714
253132862
253132990
253133161
253133209
253133348
253133411
253133431
253133557
253133822
253133902
253134006
253134155
253134178
253134209
253134348
253134532
253134735
253134932
253134995
253135387
253135737
253135739
253135851
253136120
253136849
253137503
253137744
253138296
253139120
253139258
253139748
253139820
253140388
253140469
253140559
253140574
253140591
253140606
253140944
253140995
253141150
253141239
253141276
253141461
253141465
253141471
253141541
253141797
253141839
253141942
253142279
253142308
253142330
253142371
253142512
253142841
253142959
253143521
253143949
253144599
253144743
253145416
253145568
253145595
253145701
253145800
253146062
253146734
253146862
253147007
253147483
253148161
253148405
253148488
253148804
253149192
253150518
253150816
253150916
253151173
253151417
253151659
253151938
253151993
253152571
253152850
253152919
253153319
253153571
253153651
253153906
253154324
253154334
253155111
253155462
253157276
253157820
253157985
253158659
253159116
253159166
253159181
253159265
253159594
253159615
253159709
253159773
253159984
253160342
253160530
253160833
253161490
253161581
253161680
253162131
253162456
253162539
253162848
253162890
253162941
253163082
253163134
253163264
253163330
253163482
253163730
253163946
253164072
253164224
253164254
253164459
253164724
253164830
253166172
253166336
253166384
253166774
253166831
253167348
253169764
253169900
253170013
253170197
253170259
253170317
253171104
253171180
253171215
253171226
253171317
253171786
253171808
253171879
253171885
253171900
253172619
253172652
253173215
253173251
253173347
253173842
253174001
253174367
253174852
253175123
253175138
253175234
253175366
253175391
253175407
253175416
253175908
253175923
253176045
253176075
253176120
253176220
253176307
253176741
253176936
253176938
253177200
253178119
253178177
253178283
253178286
253178323
253178506
253178526
253178548
253178803
253178819
253179004
253179502
253179700
253179933
253180294
253180409
253180576
253180697
253180755
253180760
253181140
253181235
253181284
253181571
253181572
253181698
253181726
253181900
253182639
253183010
253183086
253183106
253183451
253183597
253183827
253183877
253183969
253184150
253184453
253184508
253184587
253185589
253185643
253185782
253185878
253185958
253185990
253186137
253186259
253186261
253186326
253186340
253186610
253186774
253187035
253187108
253187748
253187803
253188362
253188462
253188644
253188732
253188820
253189008
253189603
253189823
253189872
253190389
253190421
253190511
253190769
253190967
253191242
253191389
253191676
253192175
253192406
253192523
253192564
253192666
253192765
253192939
253193099
253193170
253193312
253193356
253193530
253193794
253194182
253194210
253194299
253194382
253194388
253194497
253194846
253195025
253195501
253195503
253195725
253196012
253196087
253196163
253196196
253196275
253196358
253197268
253198123
253200168
253201143
253201183
253201493
253201946
253201971
253202728
253202731
253202906
253202942
253203056
253203135
253203174
253203259
253203290
253203350
253204142
253204216
253204504
253204568
253204773
253204866
253204879
253205408
253205608
253205883
253206146
253206190
253206198
253206802
253207067
253207276
253207302
253207342
253207351
253207430
253207529
253207682
253207827
253207994
253208118
253208119
253208163
253208348
253208377
253208570
253209603
253209626
253209786
253210022
253210146
253210330
253210365
253210431
253210649
253210748
253211580
253212296
253212444
253212544
253212878
253213037
253213181
253213355
253213470
253214160
253214293
253214669
253215132
253215466
253215521
253215539
253216302
253216842
253216956
253217339
253217752
253217874
253217987
253218280
253218462
253218631
253218789
253218912
253220182
253220738
253221158
253221825
253221863
253221873
253222043
253222290
253222718
253222719
253222768
253222877
253222926
253223112
253223208
253223380
253224292
253224364
253224826
253224897
253225090
253225145
253225363
253225653
253225920
253226102
253226385
253226748
253226800
253226801
253226945
253227177
253227279
253227308
253227449
253227626
253227745
253228430
253228592
253228619
253229069
253229330
253230402
253230799
253232993
253233026
253233303
253233392
253233600
253233632
253234037
253234197
253234318
253234435
253234577
253234579
253234599
253234637
253234654
253235057
253235156
253235253
253235362
253235877
253236025
253236227
253236370
253236415
253236504
253236509
253236816
253236822
253236918
253237112
253237274
253237556
253237668
253237962
253238616
253239326
253239336
253239419
253239772
253239859
253240105
253240138
253240193
253240197
253240505
253240570
253241089
253241872
253241978
253242219
253242328
253242336
253242375
253242511
253242959
253242983
253243769
253244342
253244723
253244983
253244988
253245015
253245119
253245290
253246155
253246192
253246536
253246651
253247137
253247637
253247650
253247835
253248048
253248588
253249458
253249606
253250420
253250767
253251500
253251522
253252276
253252814
253253078
253253212
253253432
253253525
253253653
253253662
253253676
253253906
253254121
253254248
253254435
253254856
253254964
253255168
253255231
253255781
253256288
253256792
253256907
253256972
253257039
253257897
253257926
253258130
253258212
253258732
253258733
253259047
253259066
253259692
253260094
253260208
253260321
253260361
253260371
253260896
253261509
253262280
253262862
253263709
253263939
253264667
253265132
253265869
253266277
253266583
253266902
253266903
253267095
253267162
253267182
253267225
253267284
253267731
253267798
253267849
253267873
253268059
253268223
253268348
253268384
253268503
253268637
253268691
253268749
253268871
253269499
253270024
253270928
253270936
253270990
253271043
253271432
253271495
253271936
253272117
253272417
253272623
253272850
253273223
253273295
253273441
253273647
253273710
253273837
253274160
253274197
253274757
253274995
253275259
253275440
253275482
253275854
253276031
253276557
253276559
253276599
253276707
253276795
253276849
253277007
253277053
253277495
253277593
253277727
253277914
253278264
253278336
253278715
253278993
253279034
253279371
253279612
253279835
253279916
253280393
253280826
253280887
253281242
253281270
253281807
253281917
253282355
253282381
253282566
253283208
253283315
253283449
253283920
253284018
253284677
253284950
253285882
253286279
253286572
253286877
253287199
253287834
253288555
253288620
253288681
253288711
253288786
253289061
253289278
253289628
253289729
253289741
253289769
253289959
253290102
253290853
253292736
253294299
253294612
253294648
253295031
253295061
253295209
253295306
253295394
253295443
253295479
253295653
253295676
253295775
253295978
253296134
253296301
253296328
253296516
253296853
253296870
253296950
253297277
253297565
253297998
253298750
253298861
253299255
253299284
253299306
253299450
253299758
253299768
253299815
253299890
253300035
253300054
253300093
253300104
253300301
253300473
253300527
253300673
253300696
253300722
253300898
253300919
253301579
253301887
253302085
253302110
253302194
253302281
253302385
253302838
253303220
253303396
253303757
253303862
253303908
253304031
253304384
253304584
253304841
253304948
253305227
253305345
253306485
253306596
253306639
253308062
253308766
253308782
253309137
253309187
253309825
253309909
253310077
253310182
253310400
253310570
253311113
253311505
253311956
253312114
253312257
253312352
253312786
253312827
253313409
253314001
253314069
253314713
253314779
253315273
253315673
253315915
253316674
253316939
253316960
253317021
253317853
253318235
253318330
253318543
253319155
253319946
253320400
253320609
253323370
253323466
253324501
253324613
253324614
253324880
253325063
253325153
253325235
253325702
253326545
253326747
253326791
253326839
253326909
253327360
253327513
253327572
253327653
253327663
253327712
253327787
253327927
253328059
253329326
253330015
253330617
253330796
253330818
253330878
253331308
253331521
253331657
253331715
253331852
253332060
253332451
253332528
253332638
253332820
253332826
253332846
253333353
253333361
253333954
253334419
253334746
253334850
253335638
253335919
253336246
253336495
253336610
253336711
253336889
253336909
253337115
253337344
253337601
253337710
253337845
253338344
253339173
253339320
253339669
253339879
253340171
253340597
253340628
253340971
253341249
253341360
253341574
253341908
253342055
253342092
253343598
253343740
253343920
253344038
253344107
253344118
253344707
253344849
253344883
253345050
253345117
253345174
253345271
253345385
253345500
253345594
253345912
253345977
253346196
253346252
253346424
253346531
253346725
253346821
253347018
253347270
253348099
253348146
253348381
253348619
253348642
253348786
253349197
253349443
253349457
253349634
253350035
253350065
253350170
253350917
253351357
253351842
253352168
253352180
253352984
253353044
253353184
253355386
253355667
253355921
253356103
253356213
253356263
253356456
253356667
253357073
253357224
253357335
253357452
253357476
253357659
253357711
253357774
253357919
253357921
253358177
253358248
253358285
253358371
253358429
253358477
253358610
253358681
253358684
253358686
253359029
253359048
253359442
253359457
253359936
253360004
253360571
253360572
253360771
253360812
253361464
253361748
253361827
253361911
253361918
253362466
253362697
253362773
253362970
253363034
253363352
253363446
253363641
253363866
253364030
253364281
253364370
253364406
253364599
253364683
253365551
253366047
253366406
253366498
253366538
253366880
253368172
253368596
253368644
253369637
253369650
253371363
253371409
253371526
253371931
253372232
253372343
253372413
253372848
253373567
253373605
253373667
253375154
253375325
253375567
253375611
253375764
253376057
253376086
253376412
253376476
253376499
253376642
253377002
253377359
253378089
253378126
253378151
253378813
253378849
253379368
253379372
253379624
253379628
253379738
253379896
253379936
253380522
253380643
253380681
253380997
253381172
253381249
253381336
253381730
253381771
253381804
253382473
253382786
253382961
253383560
253383736
253384445
253384693
253384725
253384796
253384801
253384817
253384982
253385083
253385131
253385311
253385322
253385770
253385899
253385999
253386030
253386052
253386237
253386328
253386529
253387202
253387221
253387289
253387449
253387557
253387578
253388069
253388444
253388742
253389006
253389269
253389302
253389350
253389805
253390110
253390226
253390683
253390780
253390892
253390911
253391364
253391469
253391643
253391675
253391722
253392094
253392366
253392515
253392939
253393623
253393835
253394127
253394347
253394737
253394772
253395017
253395342
253396186
253396318
253396779
253396803
253397148
253397242
253397588
253397934
253398157
253398273
253398312
253398893
253399196
253399571
253399663
253399859
253399896
253399978
253400249
253400264
253400612
253401743
253401821
253401888
253402513
253402983
253403061
253403137
253403171
253403214
253403327
253403624
253404061
253404115
253404159
253404219
253404256
253404519
253404763
253404812
253405175
253405458
253406131
253406603
253406719
253406846
253407029
253407083
253407238
253407614
253407970
253408135
253408156
253408495
253408693
253409493
253409545
253409551
253409863
253409971
253410188
253410497
253410534
253410596
253411128
253411151
253411463
253411493
253411711
253411927
253411942
253412281
253412338
253412360
253412600
253412611
253412872
253413161
253413214
253413869
253413956
253414146
253414491
253414819
253415070
253415344
253415498
253415884
253416529
253416652
253416886
253417137
253417393
253417440
253417478
253417557
253417587
253418760
253419060
253419111
253419277
253419565
253419739
253419931
253420110
253420205
253420986
253421611
253422052
253422449
253422702
253422740
253422753
253422808
253422848
253423025
253423304
253423548
253423574
253424201
253424868
253425012
253425018
253425454
253425766
253426117
253426633
253426731
253426900
253426956
253427070
253427076
253427588
253427715
253428279
253428346
253428832
253429000
253429145
253429180
253429245
253429488
253429535
253429614
253429664
253429929
253430066
253430138
253430326
253430335
253430619
253430931
253431242
253431529
253431588
253431605
253431686
253432102
253432221
253432572
253432966
253433142
253433510
253435106
253435160
253435270
253435347
253435562
253435597
253435604
253435874
253435885
253436058
253436066
253436139
253436558
253436796
253437044
253437107
253437599
253437726
253437868
253438081
253438147
253438332
253438738
253439625
253439894
253440156
253440345
253440398
253440434
253440513
253440895
253440971
253441488
253441533
253441544
253441971
253442001
253442057
253442193
253442281
253442594
253442735
253443596
253443970
253443990
253444089
253444363
253444584
253444624
253444630
253445201
253445483
253445572
253446113
253446998
253447031
253447159
253447164
253447486
253447637
253447795
253447821
253448084
253448203
253448299
253448301
253448482
253448541
253448646
253448997
253449884
253449894
253450342
253450619
253451467
253451558
253452265
253452435
253452486
253452702
253453285
253453304
253453522
253453604
253453817
253453925
253454123
253454946
253455619
253455728
253456097
253456222
253456254
253456570
253456919
253456939
253457248
253457373
253457468
253457900
253458150
253458177
253458203
253458331
253458353
253458818
253458867
253458998
253459016
253459388
253459861
253460066
253460498
253460626
253460699
253461232
253461419
253461703
253462042
253462071
253462367
253463163
253463333
253463719
253463722
253463844
253463968
253464047
253464237
253464389
253464497
253464625
253465174
253465244
253465388
253465521
253465596
253465810
253466064
253466181
253466296
253466354
253466915
253466954
253467382
253467560
253468072
253468606
253469377
253469396
253469490
253470279
253470452
253470559
253470633
253470817
253470833
253471227
253471538
253471777
253472262
253472357
253472466
253473106
253473227
253473396
253473543
253473974
253473994
253474384
253474426
253474547
253474683
253474867
253474947
253475247
253476045
253476097
253476388
253476564
253476834
253476947
253477060
253477100
253477264
253477708
253477813
253477993
253478760
253479824
253479846
253480221
253480321
253480324
253480663
253480698
253480865
253480910
253481052
253481181
253481185
253481186
253481339
253482105
253482173
253482229
253482346
253482558
253482752
253482771
253482932
253483284
253483317
253483527
253483703
253483764
253484132
253484134
253484520
253484560
253484631
253484841
253484860
253484888
253484936
253484957
253485473
253485594
253485668
253485824
253485926
253486066
253486246
253487029
253487290
253487297
253487364
253487490
253487616
253488468
253488492
253488707
253488773
253488982
253489460
253489688
253490433
253491056
253491075
253491194
253491368
253491409
253492050
253492508
253492588
253492642
253493188
253493348
253493635
253493785
253494305
253494517
253494530
253494647
253494670
253494982
253495282
253495285
253495394
253495555
253495584
253495639
253495753
253496223
253496367
253496469
253496476
253496514
253496741
253496911
253497523
253497659
253497788
253498183
253498398
253498428
253498467
253498475
253498721
253498730
253498899
253499234
253499265
253499356
253499401
253499584
253499745
253500172
253500931
253500999
253501146
253501358
253501769
253502071
253502431
253502516
253502815
253503156
253503264
253503544
253504174
253504332
253504569
253504955
253504971
253505458
253505517
253505790
253506138
253506259
253506456
253507337
253507597
253507710
253507834
253507883
253508274
253508479
253508970
253509244
253509311
253509313
253509346
253509564
253509622
253509670
253510175
253510198
253510398
253510717
253511098
253511120
253511410
253511766
253511827
253511910
253512086
253512119
253512228
253512789
253512820
253513000
253513200
253513517
253513660
253513755
253513759
253514301
253514858
253515480
253515958
253516351
253516470
253517119
253517168
253517290
253517469
253517633
253517956
253518217
253518365
253519171
253519406
253519425
253519689
253519903
253520698
253520841
253520974
253521402
253522191
253522462
253522475
253523043
253523569
253524567
253524834
253524865
253525087
253525103
253525520
253525607
253525622
253525670
253525725
253525999
253526453
253526792
253527063
253527104
253527277
253527440
253527450
253527578
253528075
253528514
253528637
253528971
253529555
253529707
253529917
253530020
253530110
253530223
253530742
253531073
253531126
253531140
253531210
253531248
253531429
253531440
253531484
253531780
253532045
253532108
253532133
253532633
253532754
253532848
253532963
253532973
253533312
253533784
253534027
253534119
253534247
253534324
253534486
253535178
253535201
253535239
253535685
253535756
253535903
253535983
253536237
253536268
253536425
253537138
253537549
253537896
253538037
253538138
253538185
253538296
253538442
253538443
253538524
253538536
253538538
253538630
253539006
253539370
253539519
253539581
253539969
253540037
253540618
253540715
253540835
253540928
253540949
253541050
253541345
253541464
253541524
253541789
253541802
253542512
253542823
253542853
253542870
253542987
253543327
253543500
253543539
253543630
253544328
253544368
253544566
253544667
253544680
253544714
253544747
253544838
253545035
253545240
253545281
253545644
253545655
253546017
253546020
253547039
253547416
253547579
253547860
253548701
253548741
253548848
253548981
253549360
253549381
253549385
253549447
253549499
253549557
253549635
253550128
253550183
253550331
253550352
253550427
253550480
253550829
253551159
253551312
253551482
253551700
253551952
253552864
253553024
253553290
253553487
253553543
253553953
253554031
253554049
253554770
253554781
253554812
253555003
253555096
253555100
253555490
253555663
253555836
253556225
253556506
253556660
253556665
253556997
253557357
253557872
253557967
253558053
253558071
253558080
253558131
253558180
253558185
253558243
253558525
253558621
253558708
253560122
253560150
253560225
253560255
253560521
253560530
253560645
253560768
253561041
253561252
253561806
253562512
253562609
253562784
253562804
253562854
253562932
253562959
253563253
253563563
253563841
253563900
253564678
253564712
253564732
253565006
253565106
253565109
253565277
253565422
253565662
253565997
253566583
253566920
253566976
253567445
253568043
253568097
253568230
253568259
253568389
253568451
253568798
253569126
253569167
253569245
253569320
253569617
253569899
253570129
253570175
253570373
253570459
253570500
253570714
253570787
253570927
253571167
253571393
253571708
253571837
253572532
253572622
253572733
253573130
253573331
253573411
253573547
253573623
253573625
253573756
253574654
253575026
253575316
253575700
253575875
253576375
253576421
253576638
253576784
253577427
253577893
253577932
253578432
253578618
253578906
253579081
253579655
253579720
253579927
253580388
253581047
253581182
253581209
253581442
253581491
253581961
253582182
253582259
253582423
253582657
253583306
253583754
253584259
253584498
253585140
253585287
253585903
253586199
253586252
253586437
253586531
253586533
253586656
253586703
253586877
253587049
253587478
253587673
253588045
253588963
253589121
253589228
253590163
253590260
253590410
253590502
253590602
253590676
253590740
253590760
253591189
253591228
253591584
253591687
253591922
253592424
253592481
253592678
253592865
253592933
253592956
253593097
253593151
253593304
253593556
253593819
253594757
253595038
253595186
253595206
253595418
253596420
253596500
253596530
253596533
253596574
253596652
253596828
253597044
253597137
253597226
253597331
253597426
253597521
253597808
253597892
253598033
253598058
253598474
253598638
253599455
253599537
253599742
253599886
253600116
253600182
253600535
253600904
253601302
253601322
253601356
253601450
253601526
253601612
253601645
253601685
253601713
253601740
253601809
253602034
253602064
253602253
253602498
253602633
253603483
253603671
253603856
253603905
253603911
253603967
253604575
253604974
253604991
253605193
253605452
253605725
253605960
253605961
253605989
253606248
253606289
253606415
253606491
253606777
253606941
253607411
253607433
253607593
253607794
253608171
253608229
253608322
253608543
253608588
253608722
253608835
253608836
253609141
253609325
253610096
253610130
253610599
253610751
253610853
253611356
253611376
253611408
253611432
253611503
253611608
253611637
253611815
253611930
253612221
253612404
253612538
253612915
253612980
253613106
253613853
253614316
253615305
253615848
253616101
253616336
253616368
253616440
253616448
253616556
253616610
253616678
253616693
253616931
253617029
253617254
253617569
253617615
253617716
253617760
253617861
253617922
253618009
253618063
253618441
253618480
253618544
253618563
253618607
253618622
253618748
253619118
253619158
253619254
253619531
253620295
253620470
253620753
253620898
253621232
253621320
253621724
253621888
253621921
253622029
253622068
253622084
253622452
253622636
253622920
253622994
253623015
253623094
253623655
253624695
253624898
253625130
253625322
253625485
253625708
253626296
253626543
253626790
253626876
253627835
253628511
253628591
253628637
253628753
253628857
253628884
253628981
253629017
253629053
253629356
253629436
253629989
253630195
253630304
253630426
253630498
253630580
253630763
253630800
253630829
253631078
253631123
253631323
253631664
253631948
253632429
253632487
253632687
253632737
253632841
253633158
253633234
253633357
253633727
253634046
253634087
253634408
253634854
253635090
253635855
253635956
253636078
253636290
253636400
253636514
253636594
253636717
253636951
253637199
253637326
253637332
253637864
253637897
253638058
253638500
253638674
253639043
253639239
253639698
253639839
253639881
253639970
253640208
253640233
253640710
253640860
253641059
253641245
253641534
253641698
253641965
253642219
253642302
253642449
253642543
253643044
253643390
253643922
253644353
253644474
253644477
253644790
253644966
253644971
253645024
253645550
253645794
253646278
253646534
253646917
253647045
253647148
253647491
253647645
253647802
253647836
253647857
253648043
253648056
253648098
253648233
253648536
253648885
253648904
253648938
253649553
253649748
253650350
253650401
253650490
253650617
253650724
253650939
253651073
253651079
253651935
253652035
253652109
253652373
253652381
253652660
253652706
253653028
253653107
253653169
253653205
253653302
253653426
253653441
253653521
253654277
253654395
253654546
253654764
253655471
253655776
253655956
253656046
253656302
253656367
253656374
253656474
253656485
253656906
253656918
253656972
253657062
253657078
253657277
253657340
253657375
253657563
253657865
253657897
253658001
253658820
253658874
253659024
253659512
253659818
253660436
253660668
253660783
253661387
253661517
253661652
253661759
253661990
253662130
253662292
253662401
253662402
253662465
253662594
253662831
253662905
253663048
253663201
253663332
253663345
253663381
253663777
253663949
253664098
253664361
253664498
253664598
253664723
253665054
253665476
253665581
253665783
253666916
253667532
253667713
253667754
253668002
253668501
253668620
253669083
253669481
253669501
253669858
253670335
253670754
253671444
253671531
253671586
253671871
253671903
253672264
253672305
253673097
253673152
253673765
253673772
253673885
253674115
253674353
253674502
253674571
253674652
253674908
253675493
253675671
253675716
253676282
253676532
253676930
253677162
253677177
253677225
253677330
253677587
253677775
253677858
253678062
253678388
253678441
253678535
253678582
253679035
253679189
253679566
253679616
253679714
253680020
253680602
253682016
253682277
253682288
253682410
253682457
253682660
253682665
253682699
253682889
253683118
253683677
253684115
253684200
253684288
253684301
253684349
253684424
253684637
253684766
253684943
253685437
253686162
253686634
253686994
253687169
253687199
253687282
253687353
253687689
253687888
253688026
253688131
253688247
253688309
253688318
253688515
253688550
253688756
253688991
253689055
253689693
253690168
253690436
253690554
253690688
253690851
253690917
253691328
253691335
253692072
253692271
253692534
253692642
253693177
253693861
253693867
253694008
253694252
253694456
253694977
253695226
253695227
253695472
253695710
253695974
253696753
253696974
253697004
253697095
253697413
253697493
253697992
253698797
253699212
253699572
253699826
253699852
253699972
253700042
253700122
253700125
253700353
253700358
253700520
253700984
253701064
253701146
253701816
253701832
253702086
253702291
253702862
253702864
253702929
253702987
253703171
253703727
253703890
253703964
253704185
253705040
253705214
253705252
253705253
253705411
253705513
253705676
253706060
253706527
253707000
253707102
253707134
253707354
253707478
253707596
253707686
253708253
253708266
253709797
253710120
253710213
253710578
253710660
253711503
253711993
253712075
253712636
253712652
253712701
253712720
253712733
253712904
253713372
253713563
253713590
253713640
253713668
253713924
253714095
253714235
253714454
253714825
253715267
253715440
253715443
253715474
253715898
253716315
253716570
253717035
253717089
253717107
253717359
253717435
253718447
253718591
253718716
253718740
253718758
253718817
253719053
253719311
253719651
253719884
253719886
253719942
253719996
253720010
253720563
253720603
253720902
253721020
253721529
253721879
253722056
253722118
253722492
253722566
253722751
253722944
253723056
253723185
253723208
253723874
253724070
253724139
253724174
253724271
253724465
253724499
253724749
253724793
253724911
253725121
253725141
253725338
253725861
253725968
253726299
253726401
253726654
253726836
253726977
253727002
253727232
253727386
253727543
253727619
253727707
253727719
253727894
253727944
253728282
253728507
253728959
253729059
253729386
253729514
253730053
253730095
253730117
253730359
253730722
253730945
253731613
253731772
253732317
253732816
253733338
253733357
253733565
253733611
253733622
253734004
253734536
253734584
253734739
253734869
253735092
253735162
253735186
253735512
253735565
253735742
253735971
253736401
253736559
253736887
253737287
253737333
253737397
253737904
253738188
253738270
253738503
253738662
253738724
253738748
253738865
253739401
253739424
253739721
253739807
253739978
253740372
253740511
253741034
253741151
253741362
253741467
253741501
253741601
253741616
253741819
253742191
253742195
253742298
253742445
253743013
253743092
253743271
253743366
253743384
253743410
253743500
253743620
253743660
253743824
253744003
253744317
253744477
253744486
253744545
253744773
253744803
253745046
253745262
253746181
253746698
253746974
253747573
253748309
253748500
253748661
253749457
253749666
253749922
253749977
253750195
253750265
253750587
253750773
253751252
253751393
253751403
253751436
253751663
253751759
253751918
253752194
253752355
253752520
253753640
253753818
253754001
253754158
253754282
253754774
253755153
253755287
253755448
253755526
253756019
253756234
253756986
253757003
253757048
253757220
253757448
253757704
253758046
253758315
253758328
253758700
253758979
253759415
253759503
253759539
253759579
253759600
253760030
253760232
253760257
253760320
253760755
253761273
253762004
253762059
253762357
253762848
253762962
253763159
253763194
253763315
253763439
253764011
253764074
253765159
253765185
253765534
253765568
253765725
253765822
253766182
253766332
253766478
253766546
253766836
253767048
253767084
253767526
253769303
253769737
253770308
253770661
253770908
253771224
253771600
253772842
253773122
253773319
253773677
253773835
253773901
253774127
253774408
253774444
253774814
253774881
253775052
253775192
253775214
253775581
253775655
253775761
253776707
253776924
253776981
253777043
253777483
253777521
253777662
253778409
253778456
253778525
253778655
253778689
253778921
253778924
253778993
253779006
253779082
253779185
253779290
253779322
253779809
253780175
253780289
253780468
253780727
253781275
253781608
253781723
253781926
253782848
253783974
253784704
253784960
253785083
253785176
253785368
253785428
253785729
253785730
253786231
253786239
253786410
253786602
253786672
253786914
253786938
253787247
253787443
253787575
253787734
253787770
253787774
253788159
253788241
253788335
253788438
253788584
253788637
253788666
253788978
253789000
253789057
253789100
253789113
253789233
253789362
253789405
253789657
253789719
253789841
253790526
253790746
253790804
253791073
253791379
253791466
253791543
253791551
253791568
253791661
253791760
253791844
253792018
253792135
253792147
253792392
253792553
253793503
253793602
253793735
253793907
253793945
253794339
253794802
253794918
253794983
253795145
253795195
253795220
253796780
253797069
253797192
253797743
253797962
253798114
253798369
253798505
253798588
253798674
253798797
253799251
253799308
253800017
253800484
253800687
253801256
253801352
253801400
253801454
253801478
253801736
253802653
253802873
253802983
253803163
253803275
253803672
253804338
253804634
253804647
253804845
253805171
253805181
253805296
253805352
253805817
253806068
253806524
253807210
253807710
253807716
253807897
253808040
253808306
253808662
253808852
253809027
253809149
253809230
253809429
253809496
253809502
253809533
253809599
253809632
253809777
253810044
253810445
253810560
253810642
253810702
253810713
253810851
253810950
253810964
253811527
253811630
253811822
253814281
253814391
253815513
253815653
253816379
253816942
253817219
253817338
253817751
253817815
253817819
253817920
253818034
253818084
253818164
253818606
253818751
253818798
253818909
253818987
253819752
253820039
253820496
253820675
253820789
253820813
253820946
253820969
253820976
253820992
253821039
253821119
253821370
253821578
253821614
253821679
253821776
253821915
253821943
253821968
253822020
253822063
253822070
253822358
253823029
253823056
253823341
253823395
253823502
253823539
253823654
253823793
253824223
253824340
253824451
253824851
253825268
253825431
253825462
253826054
253826710
253827073
253827382
253827835
253828216
253828237
253828374
253828527
253828531
253828577
253828706
253829238
253829292
253829666
253830283
253830436
253830880
253831002
253831148
253831623
253831645
253831656
253832125
253832267
253832523
253833121
253833548
253833651
253833706
253833728
253833955
253834466
253834502
253834596
253834768
253834868
253835362
253835650
253835919
253836363
253836581
253836674
253836784
253836906
253837062
253837137
253837582
253837814
253837908
253838000
253838093
253838274
253838331
253838771
253838964
253839120
253839381
253839471
253839597
253839727
253839893
253839938
253840340
253840553
253841059
253841511
253842404
253842635
253843168
253844341
253846037
253846397
253846689
253846915
253846920
253847518
253847622
253847635
253847826
253847886
253847957
253848133
253848248
253848378
253848600
253848670
253848771
253848777
253848825
253849000
253849317
253849555
253849649
253850248
253850391
253850847
253850865
253851079
253851191
253851595
253851605
253851634
253852119
253852163
253852531
253852532
253852705
253852817
253852933
253852990
253853043
253853180
253853486
253853775
253853972
253854012
253854043
253854683
253854854
253854975
253855004
253855134
253855165
253855588
253856489
253856709
253856843
253856858
253857038
253857322
253859085
253859203
253859564
253859831
253859897
253860218
253860394
253861453
253861745
253861856
253862460
253862624
253862854
253863129
253863176
253863430
253863466
253863646
253864220
253864481
253864992
253865232
253865453
253865477
253865659
253865711
253865996
253866032
253866202
253866458
253866605
253866715
253867034
253867181
253867348
253867350
253867510
253867528
253867603
253867672
253867740
253868283
253868763
253868855
253869015
253869024
253869027
253869129
253869190
253869223
253869536
253869867
253870166
253870189
253870780
253871232
253871248
253871364
253871428
253871559
253871591
253871768
253871823
253872324
253872364
253872474
253872635
253872791
253873236
253874883
253875960
253876084
253876329
253876354
253877271
253877278
253877891
253877997
253878667
253878965
253879159
253879253
253879260
253879654
253879680
253879717
253880001
253880034
253880115
253880213
253880324
253880327
253880448
253880853
253880903
253881040
253881563
253881816
253882065
253882108
253882426
253882645
253882762
253882784
253883312
253884517
253884836
253884877
253884960
253885116
253885189
253885229
253885360
253885549
253885573
253885770
253885796
253885904
253885956
253885994
253886301
253886546
253887463
253888401
253888869
253888873
253888935
253889013
253889193
253889360
253889486
253889726
253889880
253889906
253889953
253889990
253889997
253890019
253890835
253891243
253891298
253891458
253891530
253891895
253892051
253892194
253892229
253892362
253892421
253893939
253894081
253894203
253894347
253894941
253895329
253895434
253895465
253895511
253895572
253895597
253895694
253895743
253896116
253896230
253896236
253896727
253897410
253897606
253898007
253898328
253898426
253898504
253898509
253898657
253899414
253899760
253900209
253900337
253900940
253901177
253901392
253901438
253901598
253901765
253902016
253902243
253902435
253902461
253902559
253903068
253903244
253903368
253903811
253904517
253904844
253905127
253905153
253905446
253906028
253906213
253906409
253906623
253906635
253906664
253907327
253907410
253907933
253908183
253908484
253908685
253908770
253909035
253909293
253909815
253909834
253909985
253910006
253910226
253910255
253910284
253910552
253910674
253910942
253911111
253911479
253911574
253911581
253911625
253911707
253911795
253912308
253912878
253912952
253913232
253913393
253913442
253913488
253913509
253913925
253914245
253914309
253914526
253914557
253914558
253914677
253914937
253915154
253915351
253915753
253915896
253915900
253916036
253916247
253916633
253917443
253917610
253917707
253917743
253918129
253918134
253918439
253918704
253918770
253919427
253919697
253919924
253919977
253920009
253920214
253920869
253921332
253921446
253921677
253922060
253922101
253922639
253922654
253922752
253923338
253923558
253923840
253923933
253924016
253924302
253924392
253924427
253924829
253924982
253925183
253925227
253925983
253926893
253926985
253927051
253927408
253927697
253928685
253929171
253929190
253929763
253929969
253930452
253930468
253930765
253931822
253932147
253932417
253932747
253933110
253933346
253933391
253933705
253934012
253934336
253934670
253935664
253935742
253935989
253936060
253936124
253936573
253936737
253937377
253937432
253937583
253938102
253938921
253939229
253939725
253939803
253939851
253940090
253940306
253940375
253941564
253941592
253941841
253942456
253942840
253943339
253943424
253943937
253944221
253944374
253944496
253944521
253945183
253946073
253947595
253948233
253949287
253950645
253951643
253951908
253952160
253952239
253952751
253952922
253953604
253953747
253953789
253953843
253953924
253953954
253954206
253954271
253954826
253955334
253955858
253956291
253956356
253956478
253957315
253957778
253958023
253958060
253958124
253958377
253959685
253959696
253959970
253960107
253960301
253960957
253961218
253961345
253962055
253962587
253964316
253966473
253966550
253966795
253967317
253967385
253967557
253969234
253969242
253969292
253969832
253970112
253970188
253970348
253970393
253970469
253970480
253970537
253970748
253971082
253971173
253971462
253971524
253971712
253971921
253971957
253971968
253972006
253972145
253972155
253972212
253972282
253972345
253972417
253972973
253973027
253973035
253973286
253974126
253974352
253974705
253974764
253974883
253974921
253975047
253975112
253975176
253975343
253975399
253975928
253976247
253976291
253976328
253976447
253976600
253976720
253976819
253976961
253977616
253977701
253977702
253978436
253978484
253978611
253979410
253979563
253979783
253979956
253980666
253980771
253980803
253981208
253981522
253982210
253982560
253982719
253982770
253983157
253983904
253984120
253984199
253984482
253984488
253984998
253985068
253985462
253985600
253985677
253985986
253986133
253986592
253986834
253986875
253986974
253987088
253987229
253988000
253988138
253988586
253988593
253988626
253989133
253989196
253989280
253989675
253989786
253989817
253989922
253989969
253990007
253990129
253990186
253990204
253990624
253990633
253990700
253990915
253990979
253991197
253991252
253991465
253991535
253991777
253991788
253991943
253992461
253992525
253992696
253992701
253993019
253993031
253993299
253993342
253993826
253994151
253994396
253994400
253994437
253994626
253994631
253994779
253994789
253994846
253994975
253995344
253995496
253995671
253995684
253995768
253995897
253996591
253996645
253996973
253997115
253997808
253997953
253998238
253998719
253999135
253999449
254000609
254000654
254000857
254001057
254001103
254001138
254001180
254001255
254001368
254001517
254001814
254001832
254001927
254002198
254002329
254002383
254002497
254002774
254002792
254002932
254002991
254003353
254003450
254003457
254003510
254003562
254003708
254003738
254003861
254003872
254004040
254004086
254004164
254004175
254004256
254004299
254004912
254005036
254005174
254005806
254006068
254006163
254006325
254006430
254006571
254006660
254006972
254007700
254007890
254008041
254008146
254008300
254008308
254008405
254008425
254008427
254008620
254008862
254008864
254009584
254009802
254010193
254010307
254010529
254010587
254010727
254010944
254011026
254011296
254011489
254011499
254011917
254012133
254012201
254012227
254012261
254012688
254012772
254012820
254013054
254013324
254013333
254013664
254013945
254014393
254014697
254014798
254015089
254015190
254015361
254015548
254016265
254016412
254016549
254016663
254016761
254016864
254016868
254017160
254017322
254017440
254017801
254017968
254018109
254018596
254018913
254019100
254019867
254020316
254020369
254020453
254020540
254020650
254020787
254020982
254021315
254021488
254021828
254021840
254021888
254021954
254021963
254021967
254022158
254022400
254022584
254023164
254023711
254023727
254024129
254024158
254024298
254024357
254024405
254024483
254024818
254024829
254024871
254024977
254025478
254025493
254025797
254025809
254025849
254026051
254026317
254027844
254029536
254030742
254030826
254031114
254031609
254031629
254031892
254032000
254032119
254032243
254032560
254032727
254033170
254033214
254033259
254033535
254033687
254033857
254034035
254034060
254034162
254034621
254034679
254034731
254034774
254035029
254035404
254036313
254036398
254036445
254036459
254036814
254036882
254037472
254037527
254037609
254037839
254037884
254038020
254038037
254038285
254039110
254039233
254039656
254039787
254039802
254039991
254040024
254040275
254040349
254040478
254040684
254040853
254040925
254041919
254041940
254042277
254042508
254042609
254043007
254043145
254043883
254044059
254044206
254044727
254045012
254045585
254046514
254046859
254047284
254047684
254047873
254048796
254048868
254049199
254049883
254050190
254050689
254050900
254051167
254051254
254051340
254051357
254051543
254051755
254052346
254052629
254053563
254053591
254053753
254054184
254054277
254054331
254054893
254054941
254055173
254055219
254055498
254055618
254056043
254056085
254056210
254056237
254056272
254056389
254056625
254056634
254056925
254056967
254057374
254057903
254058008
254058191
254058494
254058738
254058802
254059271
254060250
254060897
254061577
254061608
254061613
254061945
254062204
254062273
254062406
254062529
254062699
254062747
254062823
254062889
254062899
254062954
254063345
254063426
254063791
254064110
254064217
254064390
254064591
254064639
254064825
254065008
254065123
254065187
254065335
254066054
254066572
254066755
254066872
254066936
254067432
254067450
254067457
254067491
254067771
254067871
254068313
254068491
254069046
254069143
254070549
254070626
254070636
254070723
254070735
254070751
254070752
254071904
254072112
254072354
254072816
254072978
254073291
254073363
254073382
254073583
254073675
254074110
254074176
254074823
254074865
254075018
254075508
254075643
254075722
254075742
254076243
254077623
254077828
254077976
254078031
254078094
254078790
254078829
254079407
254079735
254079845
254080012
254080483
254080618
254080956
254081649
254082035
254082063
254082220
254082709
254082714
254082915
254083102
254083214
254084445
254084488
254084490
254085007
254085231
254085290
254085419
254085452
254085460
254085542
254085708
254086083
254086229
254086563
254086764
254086906
254086942
254087125
254087239
254087563
254088293
254088548
254088598
254088628
254088815
254089475
254089603
254089850
254089999
254091292
254091371
254092053
254092295
254092691
254092782
254092887
254093011
254093012
254093023
254093033
254093282
254093314
254093371
254093849
254093980
254094046
254094091
254094738
254094742
254094946
254095124
254095290
254095582
254096177
254096268
254097143
254097259
254097269
254097401
254097472
254097628
254098043
254098452
254099928
254100038
254100072
254100775
254100794
254100835
254100893
254101277
254101330
254101627
254101948
254102349
254103013
254103060
254103209
254104814
254105077
254105130
254105263
254105317
254105475
254105711
254105983
254106085
254106496
254106695
254107001
254107160
254107216
254107237
254107470
254107618
254108256
254108559
254108701
254108881
254109360
254110707
254110892
254110972
254111159
254111254
254111272
254111358
254111521
254111531
254111615
254112294
254112416
254112719
254113153
254113716
254113747
254114054
254114824
254114905
254114917
254115221
254116057
254116234
254116626
254116680
254116944
254116962
254117051
254117143
254117153
254117396
254117482
254117571
254117595
254117844
254118042
254118136
254118455
254118516
254118714
254119033
254119671
254120150
254120162
254120475
254120735
254120756
254120994
254121073
254121548
254121710
254122296
254122511
254122757
254123135
254123491
254123876
254124117
254124237
254124281
254124362
254124632
254124834
254125331
254125534
254125633
254126246
254126459
254126639
254126680
254126747
254127010
254127474
254127860
254128050
254128419
254128523
254128667
254128840
254129131
254129427
254129691
254129975
254130138
254131019
254131254
254131463
254131536
254131627
254131876
254132014
254132064
254132153
254132303
254133248
254133263
254134035
254134433
254134818
254134829
254134937
254135319
254135505
254135593
254136128
254136141
254136589
254136793
254136832
254137001
254137248
254137434
254137918
254138070
254138758
254139022
254139108
254139229
254139299
254139733
254139839
254140640
254140720
254140900
254140992
254141063
254141114
254141193
254141367
254141389
254141948
254142181
254142554
254142674
254143111
254143181
254143311
254143508
254143534
254143545
254144822
254144849
254145232
254145473
254145528
254145672
254145825
254146602
254146716
254147575
254147692
254149534
254149981
254150020
254150138
254150987
254151141
254151655
254152811
254152855
254153033
254153378
254153436
254153669
254153798
254153832
254153855
254153903
254154020
254154080
254154108
254154109
254154171
254154248
254154416
254154431
254154607
254154663
254154698
254154917
254154924
254155036
254155224
254155256
254155501
254155766
254155826
254155982
254156259
254156271
254156308
254156314
254156402
254156831
254157248
254157357
254157390
254158027
254158164
254158202
254158242
254158252
254158425
254158476
254158621
254158635
254158641
254158699
254158786
254159030
254159111
254159681
254159786
254159841
254160014
254160082
254160100
254160124
254160307
254160662
254160755
254161044
254161160
254161224
254162103
254163609
254163721
254163880
254163932
254164070
254164082
254164150
254164153
254164643
254164700
254166143
254166198
254166601
254167017
254167568
254168048
254168902
254169016
254169178
254170040
254170266
254170920
254170962
254171031
254171053
254171285
254171684
254171689
254172109
254172204
254172330
254172603
254172767
254172933
254173069
254173683
254174095
254174107
254174131
254174642
254174710
254174739
254174864
254175315
254175608
254175657
254175843
254175918
254176191
254176248
254176315
254176337
254176418
254176510
254176562
254176721
254176874
254177005
254177150
254177192
254177227
254177447
254177508
254177517
254177534
254177602
254177702
254177744
254177793
254178085
254178107
254178271
254178307
254178333
254178744
254179226
254179384
254179870
254179892
254180201
254180523
254180540
254182231
254183084
254183613
254183658
254183689
254183829
254183944
254184045
254184060
254184211
254184455
254184476
254184638
254184663
254185044
254185244
254185273
254185390
254185570
254185668
254185688
254185925
254185939
254186297
254186526
254186694
254186706
254186731
254186873
254186947
254187003
254188109
254188184
254188429
254188565
254188655
254188784
254188938
254189295
254189373
254189378
254189459
254190038
254190078
254190093
254190400
254190430
254190476
254190561
254190720
254190826
254190869
254191016
254191405
254191411
254191457
254191523
254191547
254191932
254192525
254193266
254193268
254193306
254193318
254193376
254194110
254194574
254194724
254194771
254194839
254195511
254195842
254196685
254196982
254196999
254197062
254197190
254197868
254198728
254199153
254199176
254199606
254199607
254199672
254200414
254200453
254200765
254201144
254201668
254202381
254202547
254202630
254202694
254202814
254202854
254203105
254203139
254203200
254203378
254203604
254203682
254203718
254203885
254204195
254204230
254204311
254204466
254204884
254204968
254205218
254205459
254205731
254205750
254205954
254206198
254206225
254206260
254206324
254206617
254206655
254206953
254206983
254207183
254207330
254207431
254207577
254207659
254207736
254207810
254207916
254208125
254208370
254209013
254209105
254209182
254209185
254209282
254209299
254209511
254209651
254210060
254210142
254210562
254211524
254212892
254213864
254213972
254214225
254214502
254214566
254215442
254215684
254216206
254216311
254216414
254216484
254216707
254216779
254216969
254217182
254217362
254217717
254217739
254217934
254217960
254218020
254218090
254218223
254219230
254219830
254219898
254219918
254219958
254220017
254220122
254220296
254220426
254220478
254220499
254220704
254220782
254221500
254221576
254221698
254221788
254221896
254222138
254222217
254222809
254223009
254223188
254223440
254223767
254224061
254224542
254224566
254224623
254224673
254225017
254225319
254225486
254225805
254225920
254226088
254226114
254226673
254227127
254227347
254227672
254227721
254227750
254227756
254228119
254229318
254229926
254230358
254230884
254231007
254231147
254231196
254231366
254231932
254232235
254232431
254232814
254232838
254232839
254232857
254232895
254233251
254233325
254233447
254233515
254234048
254234512
254234535
254234789
254235190
254235222
254235588
254235945
254236257
254236812
254237176
254237226
254237260
254237330
254237383
254237725
254237775
254237819
254237859
254237874
254237921
254237965
254238664
254238729
254238813
254239313
254239427
254239628
254240103
254240360
254242932
254243464
254243886
254244082
254244088
254244516
254244669
254245097
254245209
254245232
254245464
254245561
254245585
254245665
254245726
254245737
254245855
254245958
254246158
254246174
254246436
254246593
254246936
254246972
254247227
254247265
254247373
254247396
254247666
254247859
254248409
254249039
254249174
254249324
254249529
254249994
254250029
254250284
254250330
254250463
254250697
254250738
254250879
254251068
254251333
254251347
254251454
254251458
254251578
254251949
254251952
254252247
254252497
254252506
254252675
254252766
254252897
254252960
254253131
254253193
254253220
254253325
254253356
254253641
254254078
254254204
254254873
254254914
254255267
254255575
254255591
254255705
254255956
254256059
254256085
254256271
254256386
254257406
254257897
254258123
254258407
254259902
254259958
254260331
254260707
254260809
254260959
254261648
254262095
254262576
254262953
254263102
254263188
254263680
254263729
254263813
254264645
254264909
254265069
254265224
254265466
254265841
254265945
254266289
254266330
254266631
254266773
254266833
254266885
254267366
254267378
254267446
254267651
254268130
254268191
254268204
254268335
254268479
254268547
254268550
254268662
254268664
254269402
254269406
254269908
254270316
254270489
254270683
254270965
254271286
254271506
254271508
254272425
254272993
254273996
254274453
254274723
254275027
254275404
254275642
254275744
254275932
254276191
254276364
254276570
254276707
254276799
254276872
254276884
254276975
254276992
254277303
254277561
254277751
254278079
254278421
254279009
254279220
254279640
254280134
254280144
254280431
254280545
254280706
254280772
254281347
254281541
254281631
254281954
254282312
254282662
254282867
254283050
254283369
254283415
254283729
254283851
254283898
254283958
254283995
254284343
254284482
254285560
254285573
254285659
254285682
254285946
254286281
254286606
254287430
254287572
254287741
254288076
254288161
254288189
254288544
254288840
254289172
254289323
254289603
254289908
254291222
254291350
254291459
254292510
254292600
254293118
254293396
254293438
254293968
254294018
254294565
254294870
254295131
254295459
254295500
254295620
254295701
254295809
254295877
254295965
254296011
254296278
254296286
254296462
254296925
254297067
254297371
254297380
254297402
254297452
254297546
254297553
254297554
254297587
254297838
254298001
254298455
254298459
254298501
254298510
254298576
254298885
254299046
254299327
254299564
254299916
254299943
254300057
254300418
254300732
254300961
254301629
254304184
254304220
254304244
254304312
254304486
254304736
254304743
254304901
254305082
254305320
254305494
254305886
254306022
254307293
254307698
254307903
254309078
254309119
254309434
254309957
254310225
254310799
254311297
254311306
254311924
254312062
254312140
254312169
254312472
254312553
254312594
254312674
254312733
254312736
254312982
254313537
254313641
254313769
254314334
254314567
254315531
254315560
254315782
254315875
254316752
254317165
254317372
254317600
254317983
254317985
254318091
254318204
254318259
254318442
254318820
254320293
254320453
254320602
254320992
254321061
254321065
254321368
254321722
254321758
254321795
254321979
254323267
254323288
254323343
254323538
254323559
254324198
254324703
254324816
254325439
254325612
254326264
254326295
254326489
254326769
254327068
254327198
254327239
254327289
254328142
254328362
254328464
254328686
254328808
254328932
254329241
254329448
254331038
254331474
254332069
254332403
254332513
254333313
254333759
254334338
254334678
254335024
254335477
254335520
254335537
254335661
254335735
254335916
254336037
254336074
254336341
254336515
254336763
254337024
254337565
254338273
254338364
254338414
254338512
254338525
254338683
254338815
254339079
254339118
254339195
254339274
254339846
254339878
254339929
254340016
254340038
254340293
254340510
254341053
254341112
254341408
254341438
254341847
254341848
254341929
254342016
254342215
254342589
254342679
254342722
254343039
254343202
254343369
254343581
254343736
254343858
254343865
254344248
254344430
254344965
254345489
254345914
254346293
254346836
254346838
254346987
254347136
254347289
254347303
254347304
254348648
254348718
254348878
254348914
254349040
254349187
254349256
254349471
254349762
254349806
254350094
254350226
254350291
254350570
254351031
254351466
254351681
254351721
254351947
254351975
254352034
254352036
254352804
254352894
254353175
254353227
254353424
254353494
254353968
254354416
254355559
254355582
254355957
254356071
254356452
254356508
254356672
254356727
254357371
254357688
254357812
254358122
254358269
254358356
254358422
254358776
254358784
254358848
254358967
254360154
254360365
254360377
254360664
254360825
254360960
254361383
254361931
254362486
254362820
254362933
254363054
254363063
254363065
254363160
254363345
254363407
254363673
254363759
254364163
254364234
254364664
254364879
254365412
254365489
254365664
254365928
254366093
254366431
254366489
254366491
254366554
254366656
254366907
254367202
254367618
254368529
254368802
254368932
254369021
254369479
254370008
254370252
254370401
254370635
254371177
254371272
254371669
254371945
254371965
254372230
254372900
254373132
254373151
254373258
254373665
254373733
254373872
254374602
254375287
254375570
254375964
254376326
254376687
254376899
254376990
254377007
254377609
254377852
254378087
254378179
254378333
254378839
254379199
254379255
254379376
254380328
254380734
254380738
254381345
254381631
254382087
254382537
254382866
254383107
254384441
254384506
254384571
254384730
254385475
254385535
254385721
254386162
254386381
254386906
254386917
254386932
254386969
254387093
254387180
254387375
254387676
254387716
254388018
254388063
254388361
254388506
254388667
254388864
254389451
254389508
254389970
254390347
254390362
254390480
254390532
254390694
254390866
254391028
254391229
254391276
254391363
254391420
254391715
254391759
254391947
254391956
254392085
254392469
254392757
254393074
254393210
254393386
254393471
254393729
254393826
254394543
254394704
254394842
254395490
254395675
254395848
254396045
254396124
254396564
254396665
254397081
254397084
254397119
254397121
254397124
254397628
254397862
254398161
254398166
254398412
254398462
254398942
254399248
254399324
254399652
254399697
254400322
254400748
254401157
254401292
254401354
254401811
254401838
254402210
254402345
254402488
254402571
254402610
254402951
254403026
254403038
254403107
254403160
254403370
254403385
254403700
254404566
254404569
254404957
254405428
254405744
254405850
254406408
254406586
254407170
254407296
254407384
254407431
254407464
254407561
254407687
254407928
254408254
254408289
254408326
254408374
254408423
254408820
254409086
254409307
254409395
254409846
254409893
254409898
254410005
254410137
254410432
254410465
254410502
254411209
254411390
254411447
254411467
254411541
254411791
254412073
254412511
254413099
254413358
254413468
254413669
254413901
254414140
254414357
254414712
254414783
254415906
254416013
254416048
254416384
254416522
254416595
254416635
254416679
254417475
254417599
254418109
254418216
254418496
254418792
254418985
254419311
254420399
254420746
254420811
254421463
254422504
254422593
254422803
254422881
254423465
254423576
254423617
254423627
254423655
254423785
254423887
254423914
254423971
254424144
254424240
254424808
254424923
254425334
254425399
254425543
254425559
254425913
254425955
254426232
254426272
254426985
254427339
254427390
254427476
254427796
254427856
254428169
254428676
254428831
254428993
254429075
254429293
254429416
254429503
254429662
254429884
254430078
254430320
254430558
254431203
254431466
254431911
254432416
254433020
254433299
254433739
254434185
254434483
254434839
254435144
254435378
254435476
254435791
254436051
254436096
254436355
254436482
254436624
254436837
254437039
254437143
254437768
254438296
254438992
254439380
254439566
254439668
254439705
254439734
254440076
254440337
254440344
254440351
254440374
254440749
254440978
254441076
254441270
254441509
254441680
254441834
254441906
254442371
254442614
254442768
254442789
254442925
254443275
254443430
254443769
254443784
254443889
254444086
254444793
254444907
254444957
254445002
254445187
254445219
254445389
254445817
254445974
254447231
254447559
254448005
254448161
254448278
254448401
254448825
254448958
254449306
254449510
254449824
254450232
254450322
254450395
254450424
254450512
254451001
254451672
254451932
254452063
254452137
254452783
254453120
254453159
254453178
254453282
254454341
254454377
254454382
254454461
254455989
254456077
254456306
254456436
254456531
254457015
254457144
254457170
254457171
254457200
254457389
254457445
254457780
254457940
254457991
254458070
254458104
254458250
254458327
254458352
254458430
254458519
254458581
254458613
254458717
254458973
254459085
254459168
254459350
254459378
254459638
254459846
254459890
254459972
254459998
254460578
254460662
254460792
254461086
254461202
254461274
254461318
254461368
254461792
254462080
254462395
254462502
254462781
254462993
254463135
254463222
254463268
254463548
254464733
254464849
254464877
254465126
254465270
254465356
254465372
254465661
254465707
254465717
254465782
254465984
254466000
254466169
254466243
254466721
254466867
254467785
254467850
254468073
254468321
254468589
254468690
254468731
254469484
254470135
254470334
254470422
254470650
254470894
254471287
254471591
254471870
254472080
254472232
254472454
254472778
254473431
254473606
254473906
254473936
254474015
254474098
254474212
254474245
254474950
254475323
254475347
254475478
254475638
254475896
254475918
254476161
254476288
254476400
254476669
254476691
254476839
254477330
254477593
254477819
254478144
254478283
254478291
254478726
254478761
254479293
254479319
254479394
254479444
254479495
254479554
254480336
254480376
254480404
254480586
254480694
254480711
254481324
254482079
254482138
254482469
254482535
254482695
254482787
254483327
254483396
254483507
254483642
254483788
254483841
254483979
254484008
254484234
254484508
254484621
254486838
254486850
254487101
254487618
254487891
254487929
254488156
254488334
254488336
254489111
254489833
254489949
254489961
254490050
254490064
254490115
254490397
254491041
254491237
254491247
254491904
254492080
254492166
254492682
254492714
254492804
254492852
254493508
254493538
254493567
254493743
254493930
254494030
254494578
254495099
254495271
254495396
254496156
254496526
254496542
254496719
254496757
254496762
254496848
254497452
254497502
254497773
254497790
254497885
254497985
254497999
254498085
254498294
254498523
254498715
254499127
254499491
254500098
254500765
254500781
254500914
254501028
254501054
254501708
254501800
254501828
254502453
254502979
254503008
254503146
254503164
254503187
254503243
254503263
254503276
254503601
254504515
254504748
254504793
254505255
254505394
254505616
254505641
254506078
254506331
254506364
254506945
254507080
254507088
254507144
254507377
254507694
254507909
254508052
254508173
254508232
254508520
254509041
254509247
254509768
254509833
254509848
254510042
254510179
254510515
254510639
254510735
254510903
254510908
254511040
254511185
254511364
254511428
254511455
254511871
254511890
254512011
254512331
254512432
254512584
254512819
254513003
254513257
254513491
254513878
254514437
254514529
254515257
254517805
254517980
254518190
254518265
254518309
254518327
254518455
254519014
254519038
254519106
254519504
254519526
254519608
254519679
254520537
254520561
254520676
254520818
254521173
254521307
254521399
254521407
254521468
254521505
254522107
254522124
254522786
254522848
254523399
254523852
254524047
254524126
254524686
254524833
254524938
254525191
254525253
254525341
254526645
254526740
254526787
254526983
254527002
254527047
254527093
254527113
254527214
254527307
254527676
254527757
254528415
254528593
254528605
254528698
254529203
254529389
254529855
254530244
254530548
254530706
254531089
254531387
254531447
254531646
254531675
254533549
254533726
254534319
254534664
254535463
254535714
254535796
254535970
254536445
254536549
254536636
254537009
254537327
254537432
254537590
254537702
254537795
254537959
254538279
254539034
254539455
254539520
254539574
254539591
254539650
254539795
254540354
254540405
254540958
254540971
254540987
254541205
254541285
254541379
254541634
254541700
254542038
254542437
254542531
254542559
254542835
254543865
254544135
254544190
254544216
254544399
254544448
254544792
254545240
254545949
254546466
254546956
254547207
254547889
254548334
254548349
254548449
254548483
254548598
254548655
254549682
254549802
254549862
254551079
254551553
254551843
254551957
254552192
254552529
254553222
254553404
254553573
254553869
254554282
254555186
254555378
254555390
254555722
254555776
254556313
254556548
254556568
254556641
254557160
254557909
254558287
254558529
254558773
254559105
254559595
254559691
254559834
254560057
254560183
254560240
254561437
254561999
254562124
254562157
254562443
254562479
254563206
254563337
254563730
254563817
254563840
254563942
254564119
254565208
254565333
254565343
254565365
254565459
254565726
254565987
254566106
254567375
254568047
254568369
254568578
254569165
254569614
254569802
254570091
254570145
254570541
254570586
254570922
254571167
254572046
254572219
254572453
254573101
254573199
254573209
254573298
254573534
254573539
254573577
254573631
254573943
254574170
254574256
254574485
254574757
254574839
254574876
254575542
254575602
254576570
254576928
254577537
254577815
254577906
254578329
254578371
254578883
254578925
254579144
254579222
254579518
254579677
254579704
254580145
254580278
254580496
254580691
254580812
254580900
254580998
254581024
254581369
254581371
254581443
254581652
254581759
254582139
254582370
254583054
254583098
254583113
254583773
254584100
254584530
254584572
254584970
254586040
254586609
254586744
254587543
254587579
254587717
254588360
254588582
254589362
254590043
254591438
254591557
254591636
254592210
254592294
254592483
254592840
254592903
254593209
254594805
254595436
254596514
254596925
254596978
254597228
254597265
254598048
254598826
254599065
254599565
254600412
254600567
254600774
254601262
254601403
254601764
254601790
254601897
254601915
254602015
254602140
254602602
254602876
254602958
254602993
254603299
254603389
254603424
254603905
254604365
254604632
254604818
254604996
254605349
254605664
254605742
254606082
254606086
254606273
254606332
254606740
254607656
254607666
254607706
254608304
254608334
254608352
254608614
254608774
254609111
254609122
254609673
254610163
254610242
254610249
254610438
254610616
254610619
254610692
254610959
254611186
254611228
254611391
254611640
254612108
254612309
254612347
254612412
254613305
254613382
254613428
254613510
254614172
254614482
254615543
254615749
254615803
254616153
254616721
254616842
254617317
254617389
254617413
254617833
254617947
254618648
254619095
254619295
254619334
254619825
254619986
254620262
254620288
254621001
254621118
254621201
254621297
254621483
254621637
254621787
254622387
254622562
254622603
254623094
254623289
254623596
254623660
254623972
254624189
254624531
254624977
254625844
254626258
254626338
254626756
254626869
254627006
254627098
254627147
254627419
254627421
254627646
254628149
254628339
254628417
254628716
254628724
254629026
254629477
254629517
254629558
254630706
254631082
254631482
254631609
254631995
254632123
254632168
254633227
254633241
254633308
254633647
254633656
254633776
254633946
254634364
254634566
254634783
254634847
254636097
254636115
254636140
254636272
254636351
254636700
254636917
254637029
254637130
254637653
254637872
254637924
254638031
254639433
254640253
254640726
254640974
254641512
254641528
254641817
254642338
254642446
254642583
254642776
254642843
254642856
254643153
254643287
254643381
254643404
254643674
254644348
254644377
254644387
254644408
254645156
254645675
254646179
254646284
254646308
254646369
254646508
254646580
254646588
254646625
254646944
254647023
254647027
254647114
254647167
254647268
254647384
254647690
254647783
254648150
254648170
254648391
254648393
254648532
254648834
254648951
254648957
254648982
254648989
254649075
254649295
254649519
254649561
254649639
254649658
254650097
254650115
254650737
254650993
254651401
254651524
254651820
254652092
254652173
254652729
254652819
254652895
254652908
254653335
254653494
254653534
254653570
254653701
254654242
254655305
254655475
254655626
254656886
254656989
254657046
254657238
254657264
254657440
254657703
254657837
254658522
254658833
254658846
254659050
254659513
254659787
254659893
254659917
254660012
254660244
254660811
254660825
254662005
254662390
254662615
254662786
254662984
254663290
254663435
254663777
254663967
254664031
254664042
254664122
254664171
254664361
254665041
254665111
254665188
254665211
254665471
254665664
254665724
254665760
254665976
254666183
254666922
254668280
254670573
254670642
254670715
254670782
254670840
254670885
254670998
254671079
254671124
254671294
254671362
254671718
254671872
254672025
254672056
254672077
254672232
254672276
254672652
254672734
254672830
254672921
254673119
254673153
254673325
254673536
254673653
254673727
254673925
254674410
254674728
254674756
254675787
254676193
254676302
254676914
254677075
254677120
254677458
254677581
254677764
254677826
254677845
254678132
254678397
254678691
254678929
254679052
254679742
254679874
254680166
254681192
254681575
254682314
254682323
254682522
254683142
254683268
254683607
254683778
254684523
254685139
254685719
254685965
254686089
254687077
254687225
254687362
254688114
254688139
254688158
254688299
254688718
254689069
254689235
254689574
254689584
254689962
254690081
254690330
254690386
254690387
254690431
254690700
254690875
254690891
254690957
254690989
254691226
254691228
254691244
254691569
254691713
254691792
254691877
254692223
254692232
254692260
254692422
254692464
254694201
254694330
254694621
254694700
254695082
254695084
254695272
254695288
254695378
254695395
254695514
254695703
254695758
254695883
254696348
254696507
254696565
254696755
254697048
254697069
254697282
254697907
254698843
254699066
254699482
254699534
254699917
254699958
254701903
254701912
254702042
254702081
254702126
254702395
254702658
254702781
254703043
254703593
254703782
254703909
254704074
254704209
254704409
254704897
254705124
254705145
254705228
254705668
254705680
254705767
254705964
254705973
254706239
254706761
254707409
254708030
254708031
254708223
254708686
254708708
254708724
254708816
254708922
254709013
254709112
254709198
254710057
254710158
254710848
254711283
254711618
254712521
254712862
254713241
254713604
254713622
254713648
254713944
254714061
254714106
254714404
254715067
254715215
254715678
254715736
254715822
254715849
254715885
254716706
254718851
254718874
254719007
254719995
254720091
254720265
254720332
254720692
254720997
254721372
254721901
254722004
254722017
254722054
254722436
254722620
254722796
254722819
254722958
254723359
254723917
254723991
254724132
254724501
254724997
254725587
254725996
254726123
254726662
254726810
254726945
254727207
254727287
254727420
254727469
254727671
254727867
254727876
254728216
254728247
254728277
254728524
254728565
254728619
254729236
254731261
254731262
254732595
254732658
254732724
254732992
254733041
254733229
254733635
254733910
254734393
254735448
254735465
254736199
254736265
254736300
254736313
254736446
254736682
254736736
254736760
254737005
254737211
254737760
254737787
254737853
254738168
254738179
254738222
254738970
254739216
254739489
254739844
254739880
254740344
254740434
254741030
254741048
254741151
254741667
254741680
254741693
254742015
254742044
254742049
254742100
254743698
254744302
254744416
254744421
254745468
254745691
254745839
254746287
254746318
254746576
254746862
254747066
254747456
254747787
254747834
254748006
254748011
254748030
254748245
254748337
254748755
254749050
254749066
254749070
254749266
254749335
254749369
254749395
254749489
254749973
254749976
254750890
254751449
254751543
254751681
254751689
254751794
254752150
254752549
254752587
254753431
254753750
254754085
254754484
254754649
254754862
254754929
254755406
254755745
254756205
254756484
254756487
254756559
254756853
254756880
254757747
254757854
254758298
254758317
254759037
254759507
254760153
254760266
254760621
254761089
254761824
254761919
254761998
254762714
254763053
254763126
254763254
254763596
254763871
254763965
254764650
254764781
254764966
254765368
254765987
254766235
254766414
254766732
254766997
254767093
254767165
254767315
254767516
254768165
254768217
254768461
254769061
254769202
254769697
254769859
254770222
254770246
254770397
254770757
254770880
254770960
254770992
254771444
254772240
254772545
254772843
254772895
254773114
254773432
254773506
254773842
254775166
254775828
254775848
254776122
254776223
254776457
254776864
254777001
254777633
254777727
254777767
254778625
254778733
254778820
254778923
254779037
254779348
254779532
254779877
254780553
254780634
254780648
254781012
254781406
254781438
254781463
254781659
254782255
254782397
254783002
254783282
254783769
254785266
254786179
254786319
254786335
254786476
254787662
254787722
254788394
254788491
254788790
254788830
254789243
254789337
254789486
254789816
254790274
254790372
254790393
254790451
254790984
254791364
254791547
254791810
254792403
254792431
254792528
254792913
254793037
254793133
254793300
254793325
254794461
254794603
254794892
254794925
254794999
254795026
254795091
254795108
254795119
254795240
254795246
254795442
254795723
254795984
254796201
254796488
254796665
254796765
254796792
254796842
254796847
254797357
254797622
254797880
254797970
254797987
254798480
254798782
254800482
254800502
254800513
254801171
254801713
254801806
254801889
254802301
254802311
254802474
254802524
254802733
254803391
254803535
254803670
254803754
254803793
254804000
254804035
254804346
254804421
254804438
254804698
254804707
254804832
254804864
254805121
254805357
254805475
254805537
254805558
254805723
254805798
254806306
254806578
254807170
254807277
254807358
254807801
254807980
254808258
254808260
254808791
254808930
254808961
254809607
254809665
254809733
254809872
254809956
254810266
254810463
254810672
254810691
254810959
254811002
254811167
254811446
254811469
254811513
254811681
254811796
254811963
254812105
254812817
254812985
254813641
254813675
254813877
254814188
254814213
254815388
254815560
254815761
254815806
254816466
254817254
254817685
254817791
254818028
254818116
254818181
254818210
254818421
254818580
254818600
254818685
254818699
254819477
254819494
254819559
254819839
254820115
254820318
254820492
254820693
254820738
254820779
254821005
254821673
254821869
254821913
254822015
254822116
254822347
254822668
254822669
254822774
254822840
254823274
254823413
254823467
254824298
254825094
254825509
254825577
254825728
254825739
254825798
254826579
254826793
254826814
254827243
254827255
254827256
254827456
254827607
254827621
254828011
254828311
254828362
254828401
254828412
254828516
254828818
254828834
254829210
254829260
254829578
254830157
254830699
254830889
254830988
254831037
254831091
254831103
254831115
254831478
254831537
254831976
254832264
254832318
254832451
254832629
254832645
254832701
254833314
254834439
254834845
254834949
254835179
254835788
254836348
254836595
254836611
254836724
254836982
254837246
254837263
254837408
254837478
254837678
254837690
254837734
254837784
254837899
254837911
254838120
254838688
254838991
254839093
254839886
254839887
254840013
254840140
254840623
254840985
254841405
254842726
254843448
254843703
254844245
254844349
254845363
254845398
254845584
254845738
254845769
254845955
254845960
254845967
254846005
254846109
254846135
254846157
254846181
254846266
254846372
254846581
254846670
254847227
254847284
254847343
254847468
254848257
254848491
254848555
254848631
254849225
254849280
254849369
254849448
254849975
254850045
254850129
254850141
254850399
254850556
254850656
254850985
254851141
254851187
254851348
254851430
254851461
254851490
254851868
254851927
254851996
254852052
254852237
254852813
254853218
254853639
254853711
254853992
254854371
254856070
254856630
254857785
254857966
254858043
254858452
254858546
254858883
254859077
254859284
254859621
254859866
254860528
254861197
254861690
254862794
254863308
254863760
254864173
254864814
254865464
254865596
254865667
254865862
254866005
254866268
254866291
254866574
254866696
254866718
254867297
254867534
254867720
254868064
254868123
254868511
254868528
254868698
254868724
254868739
254869297
254869428
254869742
254869954
254871352
254874051
254874511
254874587
254874851
254875015
254875586
254876727
254876830
254877302
254877597
254877901
254878166
254878513
254878557
254878847
254878891
254879892
254880100
254880267
254880412
254880605
254880960
254881758
254881805
254881936
254881961
254882412
254882454
254882692
254883031
254883756
254883941
254884086
254885534
254885952
254886574
254888416
254888644
254888665
254889017
254889160
254889441
254889610
254889739
254889753
254890006
254890133
254890288
254890742
254890962
254891110
254891208
254891300
254891676
254891829
254892055
254892303
254894037
254894203
254894563
254894580
254894671
254894845
254895020
254895288
254896815
254898622
254899039
254900700
254900732
254901068
254902029
254902367
254902374
254902525
254902701
254903100
254903695
254904890
254905883
254906199
254906313
254906657
254907233
254907385
254908622
254908634
254911142
254912884
254912970
254912974
254913106
254913228
254913814
254914398
254914647
254914837
254914936
254915774
254917866
254918438
254918529
254918678
254919211
254919354
254919368
254919621
254919928
254920513
254920635
254920914
254921137
254921355
254921383
254921530
254921908
254922298
254922738
254923045
254923148
254923688
254924415
254924766
254924962
254925304
254925329
254925351
254925546
254925619
254925720
254925746
254925846
254925933
254926083
254926310
254926573
254926851
254927133
254927956
254928011
254928020
254928161
254928646
254928910
254929012
254929026
254929065
254929392
254929787
254929957
254930132
254930163
254930523
254930731
254930879
254931156
254931255
254931419
254931785
254931821
254932174
254933644
254934255
254935120
254935730
254936077
254936792
254937068
254937108
254937294
254937301
254937374
254937674
254937743
254938224
254938275
254938833
254939060
254939183
254939789
254939973
254940058
254940409
254940474
254940492
254940603
254940966
254940993
254941322
254941600
254941606
254941740
254941803
254942064
254942542
254942920
254942927
254943246
254943493
254943831
254943875
254943876
254943933
254944129
254944168
254944341
254944367
254944517
254944549
254944708
254944924
254944961
254945007
254945295
254945333
254945368
254945500
254945504
254945881
254946101
254946125
254946332
254946481
254946703
254948105
254948650
254948865
254949502
254949615
254949692
254950081
254950324
254950603
254950777
254951034
254951098
254951113
254951790
254952125
254952360
254952448
254952555
254953182
254953317
254953910
254954105
254954285
254954451
254954819
254955432
254956473
254956833
254956994
254957074
254957377
254957453
254957473
254957523
254958190
254958270
254958384
254959029
254959129
254959137
254959212
254959213
254959266
254959940
254960163
254960192
254960285
254960316
254960361
254960381
254960659
254960798
254961418
254961443
254961955
254962534
254962582
254962640
254962658
254962692
254962736
254963267
254963728
254963731
254963754
254963811
254964124
254964151
254964354
254964393
254964702
254964760
254965062
254965128
254965178
254965188
254965250
254965252
254965415
254965469
254965682
254965735
254966302
254966545
254966983
254967021
254967664
254967666
254967677
254967703
254967869
254968649
254968743
254968777
254969686
254970146
254970322
254971212
254971275
254971412
254971579
254971739
254971790
254971954
254972011
254972312
254972328
254972521
254972611
254972664
254972994
254973126
254973168
254973335
254973457
254973487
254973506
254974105
254974296
254974357
254975006
254975080
254975151
254975220
254975317
254975407
254975416
254975492
254975551
254975940
254976388
254976393
254976402
254976551
254976700
254976729
254977084
254977423
254977533
254977662
254977801
254977972
254978027
254978040
254978339
254978462
254978551
254978713
254978971
254979405
254979412
254979615
254980149
254980719
254980785
254980909
254981237
254981266
254981629
254981839
254982078
254982283
254982509
254982675
254982813
254982814
254983091
254983115
254983397
254983900
254983930
254984052
254984198
254984248
254984255
254984257
254984454
254984557
254985222
254985432
254985443
254985952
254986556
254987029
254987256
254988221
254988587
254988862
254989591
254989605
254990074
254990175
254990294
254990470
254990507
254990556
254990691
254991055
254991302
254991383
254991523
254991676
254991898
254991930
254992084
254992325
254992513
254992922
254993499
254993766
254994139
254994404
254994515
254994738
254995104
254995189
254995288
254995502
254996047
254996212
254996395
254997390
254998316
254998448
254999025
254999288
254999407
254999667
255000108
255000964
255001303
255001316
255001348
255001464
255001710
255002138
255002444
255002596
255002810
255003011
255003943
255004065
255004068
255004276
255004441
255004774
255005331
255005539
255005577
255006424
255006956
255007532
255007858
255007937
255008096
255008140
255008459
255008475
255008685
255009733
255010173
255010252
255010804
255010978
255011047
255011071
255011280
255011460
255011714
255011850
255011955
255012036
255012108
255012139
255012177
255012800
255012898
255013084
255013251
255013309
255013417
255013440
255013811
255014615
255014621
255014807
255015185
255015513
255015665
255015830
255016380
255016635
255016762
255016821
255016989
255017048
255017119
255017545
255017700
255017957
255018222
255018255
255018271
255018317
255018465
255018737
255018769
255018944
255018965
255019250
255019348
255019409
255019430
255019456
255019813
255020033
255020083
255020107
255020255
255020332
255020356
255020705
255020737
255020797
255021336
255021428
255021437
255021759
255021996
255022054
255022148
255022154
255022323
255022827
255023737
255023767
255023953
255024622
255024838
255024904
255025444
255025590
255025823
255026508
255027016
255027129
255027282
255027318
255027946
255028352
255028871
255029010
255029219
255029390
255029410
255029524
255029648
255029685
255029897
255030254
255030471
255031417
255031604
255031679
255031876
255031947
255032612
255032935
255033330
255033493
255033704
255033717
255033763
255033802
255033991
255034181
255034817
255035220
255035251
255035315
255035553
255036015
255036393
255036749
255036784
255036872
255037493
255037601
255037613
255037634
255037749
255039012
255039507
255040572
255040643
255040679
255040742
255040764
255040983
255041036
255041091
255041408
255041519
255041544
255041740
255041810
255041901
255041957
255041997
255042007
255042026
255042078
255042130
255042155
255042216
255042538
255042579
255042659
255042878
255042992
255043004
255043078
255043522
255043882
255043896
255043908
255044368
255044414
255044522
255044560
255044602
255045051
255045294
255045739
255045972
255046065
255046148
255046327
255046462
255046483
255046574
255046651
255046936
255047002
255047124
255047390
255047405
255047425
255047473
255047687
255047790
255047818
255048125
255048127
255048407
255048878
255048990
255049244
255049267
255049300
255049413
255049701
255049893
255049941
255050107
255050124
255050330
255050393
255050688
255050793
255050849
255051153
255051492
255051686
255051910
255052060
255052150
255052382
255052458
255052784
255052828
255053112
255053184
255053258
255053396
255053447
255053451
255053461
255053561
255053596
255054056
255054339
255054727
255054844
255055303
255055487
255055609
255056248
255056417
255056591
255056605
255056764
255056892
255057800
255058269
255058530
255059128
255059207
255060087
255060335
255060413
255060423
255060541
255060588
255060919
255061132
255061187
255061201
255061401
255061685
255061796
255061822
255062007
255062140
255062222
255062907
255063483
255063818
255064315
255064358
255064472
255064633
255064666
255064759
255065008
255065133
255065468
255065816
255065880
255065902
255065975
255065995
255066244
255066298
255066325
255066348
255066457
255066592
255066601
255066745
255067173
255067392
255067423
255067679
255067764
255067870
255068305
255068886
255069523
255069563
255070303
255071120
255071573
255071689
255071915
255072268
255072434
255072922
255073161
255073502
255073527
255073697
255073756
255073836
255073910
255074065
255074158
255074208
255075055
255075388
255075486
255075499
255075563
255075602
255075622
255075747
255075814
255076083
255076230
255076924
255077072
255077094
255077152
255077192
255077241
255077267
255077564
255078037
255078059
255078282
255078311
255078513
255078620
255078642
255078764
255079079
255079402
255079581
255079830
255079859
255080078
255080898
255081378
255081393
255081667
255081721
255082485
255082627
255082997
255083083
255083119
255083332
255083454
255083532
255083615
255083673
255083895
255083933
255084008
255084177
255084551
255085305
255085395
255085881
255086261
255086550
255086591
255086638
255087501
255087830
255088013
255088481
255088965
255089066
255089191
255089943
255089951
255090195
255090248
255090526
255091085
255091440
255091487
255091534
255091724
255091840
255092029
255092135
255092195
255092546
255092574
255092782
255093370
255093425
255093436
255093545
255093661
255093762
255094164
255094324
255094396
255094471
255094705
255094852
255094927
255094971
255094999
255095171
255095532
255096122
255096180
255096256
255096338
255096754
255096896
255097008
255097063
255097369
255097399
255097784
255098280
255098984
255100349
255100932
255101826
255101905
255101969
255102022
255102071
255102127
255102428
255102680
255102727
255102845
255102955
255103018
255103065
255103909
255103938
255103946
255104109
255104137
255104175
255104200
255104228
255104277
255104398
255104453
255104636
255104846
255105150
255105172
255105475
255105548
255105699
255105774
255105928
255106154
255106333
255106698
255106824
255106884
255106885
255107025
255107097
255107180
255107637
255107724
255107781
255108205
255108324
255108361
255108428
255108523
255108683
255108692
255109025
255109035
255109223
255109489
255109689
255109958
255110205
255110885
255110995
255111021
255111117
255111129
255111296
255111668
255111746
255111771
255112333
255112378
255112573
255113303
255113460
255113721
255113842
255113936
255114511
255114905
255115343
255115897
255116133
255116302
255116427
255116683
255116766
255116808
255117074
255117097
255117528
255117628
255118114
255118553
255118968
255119021
255120121
255120414
255120821
255121156
255121440
255121861
255121989
255122304
255122361
255122813
255122885
255123475
255123487
255123836
255124271
255124769
255124781
255125090
255125428
255125607
255125791
255125973
255126080
255126356
255126414
255126682
255126751
255127024
255127030
255127130
255127344
255127537
255127611
255127632
255127757
255127791
255127974
255128016
255128134
255128196
255128236
255128334
255128433
255128601
255128811
255128997
255129255
255130190
255130203
255130688
255131583
255132763
255132770
255132929
255132948
255133050
255133124
255133512
255133576
255133805
255134089
255134102
255134366
255134403
255134416
255135324
255135410
255135414
255135426
255135491
255135662
255135950
255136023
255136402
255136590
255136717
255137057
255137062
255137407
255137418
255137903
255138054
255138228
255138868
255139017
255139063
255139141
255139184
255139377
255139472
255139556
255139607
255139648
255139764
255140134
255140403
255140602
255140646
255141013
255141414
255141453
255141596
255142260
255142417
255142491
255142757
255142934
255143579
255144767
255144926
255144959
255145007
255145087
255145740
255146012
255146171
255146948
255147015
255147385
255147410
255147791
255148596
255148717
255149218
255149672
255149881
255150081
255150116
255150426
255150449
255150831
255151217
255151492
255151812
255152103
255152589
255152696
255152738
255152959
255153008
255153252
255153356
255153635
255154069
255154324
255154360
255154394
255154838
255154915
255154992
255155043
255155240
255155259
255155587
255155752
255155966
255156033
255156049
255156305
255157062
255157148
255157395
255157636
255157921
255158098
255158119
255158181
255158196
255158326
255158378
255158612
255158632
255158811
255159300
255159522
255159565
255159932
255160641
255161145
255161800
255161943
255162751
255162934
255162981
255163494
255163550
255163579
255163878
255164306
255164635
255165165
255165201
255165242
255165422
255165576
255165705
255165858
255166037
255166203
255166286
255166335
255166494
255166901
255167018
255167038
255167130
255167381
255167924
255168584
255168642
255169004
255169162
255169359
255169673
255170412
255170614
255170845
255171175
255171592
255171929
255172207
255172273
255172440
255173182
255173358
255173583
255173796
255173834
255174128
255174427
255174651
255174719
255174746
255174900
255175756
255175817
255176563
255176903
255177095
255177274
255177424
255177511
255177669
255177987
255178002
255179017
255179053
255179092
255179208
255179279
255179454
255179498
255179766
255179789
255179876
255180242
255180659
255181013
255181041
255181176
255181418
255181471
255181504
255181617
255181718
255181754
255181779
255183340
255184438
255184960
255185005
255185543
255185606
255185892
255186074
255186207
255186484
255186640
255187140
255187581
255187963
255188015
255188403
255188624
255189192
255189196
255189381
255189407
255189563
255189668
255189750
255189958
255190015
255190078
255190227
255190659
255191227
255191420
255191635
255191881
255191980
255192048
255192348
255192493
255192566
255192922
255193158
255194682
255194723
255194908
255195147
255195546
255195851
255195901
255196110
255196314
255196652
255196831
255197211
255198022
255198141
255198532
255198536
255198559
255198720
255199100
255199881
255199887
255200161
255200707
255200940
255201101
255201150
255201789
255201868
255201897
255201964
255201998
255202427
255202463
255202605
255202737
255202844
255203262
255203360
255203609
255203680
255203746
255203747
255203942
255204007
255204135
255204635
255204641
255204678
255205022
255205268
255205304
255205368
255205792
255205906
255206388
255206984
255207716
255208067
255208689
255208787
255209647
255211351
255211832
255212007
255212100
255212231
255212428
255212456
255212793
255213004
255213140
255213186
255213222
255213318
255213525
255213666
255213843
255213884
255214241
255214404
255214910
255214996
255215168
255215250
255215295
255215547
255215763
255216152
255216535
255216545
255216681
255216763
255217400
255217847
255218045
255218251
255218326
255219010
255219648
255219814
255220028
255220140
255220389
255220824
255221020
255222419
255223847
255224010
255224052
255224463
255224480
255224736
255224929
255225431
255225464
255225765
255225794
255225838
255226010
255226015
255226036
255226072
255226128
255226173
255227130
255227568
255227735
255227912
255228047
255228137
255228296
255228355
255228589
255228693
255228833
255228952
255229052
255229337
255229712
255229986
255230125
255230271
255230475
255230535
255230624
255230660
255230718
255230927
255231141
255231157
255231535
255231587
255231916
255232059
255232142
255232279
255232348
255232397
255233003
255233537
255233569
255234071
255234095
255234503
255234518
255235037
255235628
255236121
255236314
255238563
255238817
255239069
255239074
255239400
255239538
255239561
255239624
255240331
255240384
255240495
255241527
255241701
255241843
255242302
255242440
255242514
255243076
255243119
255243450
255243666
255243712
255243995
255244237
255244371
255244621
255244860
255244917
255244960
255245121
255245175
255245442
255245658
255245853
255246139
255246292
255246334
255246367
255246451
255246491
255246804
255247197
255247418
255247475
255248383
255248391
255248532
255248676
255248773
255249000
255249048
255249405
255249446
255249889
255250136
255250222
255250378
255250386
255250594
255250701
255251298
255251687
255251750
255251776
255252156
255252440
255252792
255254085
255254119
255254244
255254326
255254336
255254593
255254979
255255090
255255766
255255846
255256037
255256103
255256326
255256422
255256832
255257313
255257633
255257760
255257941
255257949
255258030
255258070
255258083
255258641
255258733
255259161
255259426
255259696
255259887
255259947
255260589
255260669
255260703
255260988
255261195
255261257
255261730
255262201
255262247
255262317
255262816
255262932
255262979
255263044
255263096
255263164
255263493
255263817
255263977
255264055
255264131
255264343
255264362
255264675
255264720
255264884
255264947
255264963
255265018
255265062
255265198
255265462
255265820
255266383
255266391
255266452
255266703
255267034
255267532
255267956
255268116
255268256
255268711
255268875
255269185
255269611
255269842
255269901
255270145
255270260
255270461
255270680
255270724
255270798
255271081
255271368
255271779
255272301
255272410
255272631
255273061
255273252
255273290
255273856
255273981
255274252
255274509
255274954
255274958
255275320
255275504
255275548
255275629
255275708
255275729
255276018
255276217
255276477
255276528
255276987
255277177
255277633
255278579
255278863
255279058
255279497
255279548
255279854
255279866
255280173
255280308
255280327
255280523
255280775
255281128
255281203
255281355
255281504
255281733
255281911
255281913
255282030
255282092
255282289
255282301
255282311
255282386
255282541
255283156
255283252
255283263
255283342
255283415
255284282
255284540
255284848
255285068
255285090
255285348
255285690
255285804
255285852
255285952
255286121
255286239
255286242
255286310
255286391
255286415
255286684
255286860
255286883
255286974
255287031
255287272
255287324
255287351
255287431
255287446
255287662
255287680
255287717
255287727
255288022
255288104
255288435
255288508
255288590
255288656
255288782
255288788
255288843
255288881
255288899
255289256
255289528
255289534
255289555
255289574
255289645
255289890
255290279
255290426
255290636
255290654
255290656
255290970
255291019
255291120
255291374
255291418
255291420
255291534
255291686
255291904
255292175
255292180
255292333
255292351
255292514
255292794
255292798
255293135
255293178
255293182
255293341
255293349
255293557
255293767
255293845
255293883
255293938
255293995
255294207
255294279
255294303
255294409
255294569
255294594
255294813
255295179
255295309
255295411
255295826
255295927
255296411
255296449
255296550
255296589
255296637
255296695
255296976
255296989
255297324
255297433
255297702
255297907
255298129
255298305
255299278
255299765
255301294
255301532
255301673
255301858
255302466
255302536
255302663
255302911
255303156
255304006
255304048
255304475
255304565
255304603
255304644
255304738
255304930
255305242
255305397
255305698
255305807
255305940
255306489
255306546
255307193
255307294
255307706
255307730
255308059
255308341
255308562
255308690
255308892
255309245
255309266
255309331
255309347
255309714
255309718
255309747
255309768
255309938
255310137
255310206
255310413
255311113
255312109
255312410
255312756
255312784
255313676
255313688
255313690
255313694
255313931
255313942
255314209
255314268
255314359
255314516
255314694
255314797
255315587
255315786
255315888
255316057
255316358
255316393
255316661
255316832
255316967
255317173
255317433
255317460
255317658
255317959
255318045
255318079
255318114
255318379
255318409
255318867
255318901
255319132
255319565
255320070
255320289
255320443
255320444
255320466
255320536
255320596
255320858
255321305
255321341
255321528
255321578
255321763
255321785
255321835
255321910
255322064
255322224
255322992
255323121
255323154
255323303
255323522
255324137
255324199
255324244
255324335
255324805
255325036
255325063
255325523
255325552
255325733
255326772
255326839
255327014
255327129
255327610
255328016
255328163
255328300
255328432
255328668
255329138
255329270
255329428
255329583
255330625
255331034
255331204
255331358
255331369
255331723
255331887
255331900
255331937
255332695
255332759
255332800
255332914
255333341
255333357
255333360
255333365
255333535
255333785
255334111
255334279
255334298
255334311
255334382
255334483
255334565
255334666
255334748
255335131
255335493
255335501
255335546
255335789
255335925
255336076
255336266
255336286
255336303
255336516
255336930
255336998
255337044
255337088
255337191
255337310
255337936
255338128
255338135
255338340
255338389
255338626
255338793
255339133
255340114
255340127
255340386
255340420
255340440
255340939
255341066
255341067
255341133
255341263
255341561
255341840
255342091
255342560
255342629
255342651
255342674
255343292
255343416
255343551
255343751
255343907
255344301
255344335
255344619
255344830
255345360
255346137
255346333
255346506
255346691
255347159
255347183
255348124
255348177
255348781
255349587
255349746
255349955
255350458
255350781
255351166
255351654
255351980
255352140
255352278
255352305
255352391
255352476
255352724
255352766
255353169
255353229
255353381
255353512
255353548
255354107
255354251
255354783
255354970
255355122
255355352
255356898
255356980
255357058
255357116
255357353
255357492
255357528
255357677
255357759
255357994
255358084
255358183
255358290
255358428
255358535
255358605
255358862
255358931
255359362
255359447
255359680
255359840
255360147
255360433
255360916
255360980
255361449
255361649
255361813
255361925
255362123
255362304
255362516
255362695
255362747
255363175
255363331
255364143
255364320
255364327
255364427
255364576
255364647
255364806
255365014
255365049
255365520
255365585
255365918
255366525
255366575
255366638
255366654
255367018
255367625
255368140
255368182
255368343
255368433
255368665
255368834
255368839
255368847
255369072
255369115
255369215
255370193
255370238
255370305
255370458
255371224
255371248
255371580
255371780
255371802
255371844
255371880
255371918
255372404
255373169
255373294
255373431
255373724
255373784
255373795
255373876
255373984
255374126
255374216
255374326
255374438
255374566
255375058
255375069
255375643
255375655
255375837
255376470
255376895
255376915
255376993
255377126
255377172
255377308
255377414
255378090
255378167
255378272
255378331
255378591
255378738
255378786
255379290
255380004
255380282
255380307
255380385
255380651
255381125
255381188
255381440
255381513
255381810
255381823
255381853
255382174
255382264
255382535
255382580
255382644
255382745
255382863
255382922
255382939
255383373
255383565
255383615
255383850
255383907
255384397
255385492
255385842
255385923
255386081
255386140
255386369
255386416
255386493
255386504
255386793
255387487
255387489
255387514
255387769
255388676
255388706
255388902
255389184
255389554
255389818
255389957
255389984
255390586
255390729
255391080
255391294
255391676
255391964
255392335
255392761
255393056
255393274
255393346
255393522
255393674
255393763
255393827
255393995
255394026
255394587
255395562
255395715
255395940
255396137
255396204
255396328
255396386
255396925
255397101
255397616
255398295
255398357
255398415
255398488
255398551
255398835
255398969
255398981
255398986
255399183
255399392
255399516
255399879
255399920
255399928
255400222
255400956
255401142
255401150
255401252
255401334
255401700
255402061
255402300
255402521
255402606
255402717
255402770
255403053
255403119
255403323
255403440
255403557
255403764
255404042
255404251
255404421
255404509
255404718
255404749
255405242
255405327
255405992
255406099
255406397
255406596
255406670
255406827
255407447
255407994
255408034
255408138
255408164
255408255
255408315
255408389
255408413
255408511
255408576
255408644
255408811
255409373
255409960
255410040
255410137
255410432
255410743
255410760
255410902
255412084
255412110
255412785
255413256
255413275
255413478
255413906
255414315
255414710
255415003
255415131
255415266
255415306
255415787
255415791
255416313
255416324
255416363
255416387
255416733
255417310
255417439
255417499
255418097
255418126
255418361
255418510
255418614
255418733
255418766
255419040
255419472
255419597
255419844
255419867
255419872
255419978
255420422
255420723
255420825
255421297
255421399
255421543
255421583
255421828
255421871
255422063
255422437
255422585
255422611
255422665
255422733
255423177
255423237
255423451
255423709
255423812
255423999
255424276
255424318
255424873
255424939
255424984
255425379
255425398
255425408
255425980
255426323
255426632
255426964
255426994
255427137
255427281
255427474
255427918
255427948
255427993
255428003
255428093
255429000
255429189
255429329
255429443
255429510
255429634
255429755
255429879
255430095
255430155
255430345
255430471
255430486
255430817
255431017
255431438
255432358
255432635
255433491
255433538
255433764
255434010
255434718
255434747
255434996
255435251
255435458
255435508
255435696
255435901
255436072
255436119
255437062
255437367
255437468
255437612
255438408
255438522
255438579
255438679
255438976
255439233
255439516
255439591
255439694
255439718
255439875
255441094
255441495
255442016
255442575
255443459
255443466
255443505
255443623
255443628
255444013
255444112
255444320
255444808
255444865
255444973
255445597
255445724
255445954
255445987
255446242
255446505
255446862
255447025
255447130
255447393
255447395
255447496
255447632
255447736
255447773
255447818
255448260
255448416
255448631
255448647
255448719
255448756
255448804
255449026
255450188
255450479
255450579
255451471
255451507
255451774
255452027
255452427
255452777
255453002
255453049
255453229
255453424
255453546
255453986
255454187
255454265
255454573
255454575
255454745
255455138
255455335
255455577
255455633
255455902
255456029
255456030
255456068
255456261
255456676
255456846
255456859
255456930
255457713
255457757
255457816
255458085
255458808
255458960
255459235
255459425
255459859
255459914
255459980
255460042
255460204
255460370
255460602
255460834
255460865
255461035
255461241
255461252
255461507
255461772
255461898
255462005
255462398
255462698
255462701
255462724
255463034
255463055
255463283
255463311
255463369
255463490
255463609
255463912
255464156
255464325
255464592
255465065
255465385
255465410
255465484
255465624
255465685
255466086
255466090
255466151
255466857
255466926
255466928
255467344
255467550
255467650
255467867
255468606
255468957
255469947
255470008
255470058
255470084
255471045
255471152
255471257
255471416
255472234
255472327
255472358
255472567
255472692
255472777
255472788
255472803
255473055
255473529
255473745
255473919
255474200
255474515
255474646
255475119
255475122
255476090
255476128
255476332
255476525
255476853
255476896
255477317
255477379
255477569
255477860
255478060
255478232
255478681
255478731
255478833
255479010
255479237
255479644
255479681
255480057
255480160
255480596
255480630
255481023
255481108
255481243
255481478
255481491
255482226
255482576
255482628
255482755
255483318
255483726
255483968
255484020
255484288
255484359
255484670
255484764
255484964
255484987
255485491
255485545
255485958
255486007
255486220
255486265
255486369
255486412
255486538
255486648
255486756
255486838
255487148
255487510
255487660
255487784
255488332
255488346
255488747
255488782
255489339
255489489
255489549
255490026
255490028
255490211
255490556
255490713
255490803
255491076
255491344
255491427
255491526
255492391
255492781
255492795
255493297
255493590
255493758
255493804
255494069
255494155
255494252
255494359
255494605
255494761
255495404
255495717
255496002
255496064
255496590
255497428
255497962
255497989
255498234
255498277
255498590
255498617
255498658
255498720
255499071
255499429
255499578
255500906
255500938
255500963
255501048
255501090
255501179
255501190
255501735
255501816
255502116
255502207
255502473
255502478
255502874
255502957
255503217
255503690
255504030
255504080
255504335
255505176
255505382
255505574
255505583
255505914
255506101
255506116
255506195
255506587
255507124
255507673
255508409
255508669
255508685
255508998
255509247
255509384
255509593
255510015
255510067
255510095
255510154
255510233
255510333
255510471
255510518
255510801
255510855
255511054
255511280
255511359
255511419
255511914
255512122
255512375
255512706
255513106
255513381
255513590
255514245
255514387
255514836
255515498
255515693
255515787
255515914
255516025
255516077
255516140
255516196
255517166
255517319
255517534
255519106
255519312
255519969
255520245
255520664
255520781
255521160
255521610
255521782
255521865
255521999
255522038
255522063
255522997
255523428
255523630
255523803
255524063
255524307
255524349
255524900
255524979
255525015
255525086
255525398
255525489
255525508
255526339
255526392
255526479
255526503
255526520
255526720
255526817
255527252
255527805
255528200
255528288
255528809
255528899
255529074
255529153
255529246
255529639
255529747
255529807
255529813
255530138
255530256
255530527
255530725
255530732
255531057
255531239
255531329
255532070
255532154
255532199
255532416
255532561
255532607
255532693
255533182
255533343
255533369
255533497
255533670
255533814
255534040
255534050
255534757
255534766
255534822
255534828
255534871
255535093
255535586
255535659
255535923
255536052
255536186
255536198
255536549
255536991
255537065
255537290
255537493
255537578
255537792
255537900
255538419
255538972
255539061
255539217
255539219
255539253
255539535
255539843
255539880
255540050
255540226
255541865
255541949
255542175
255542202
255542759
255542768
255543853
255545285
255545559
255545689
255545997
255546194
255546495
255546510
255546525
255546549
255546674
255546761
255546902
255547073
255547644
255547663
255547692
255548630
255548651
255548918
255549009
255549309
255549428
255549735
255549972
255550048
255550194
255550253
255550266
255550289
255550571
255550662
255550697
255551036
255551160
255551955
255552362
255552550
255552624
255552695
255552966
255553168
255553262
255553281
255553350
255553540
255553576
255553853
255553860
255554298
255554654
255554923
255555040
255555430
255555901
255556112
255556994
255557943
255558653
255558862
255558927
255558967
255559187
255559775
255559913
255559946
255559973
255559990
255560548
255561069
255561144
255561233
255561295
255561436
255561703
255561908
255562234
255562235
255563095
255563133
255563569
255564007
255564571
255564626
255564718
255564774
255565046
255565520
255565633
255565784
255565884
255565891
255567281
255567413
255567430
255567684
255567723
255567821
255567912
255568007
255568334
255568526
255568741
255568873
255569895
255569900
255569938
255570072
255570135
255570235
255570386
255570560
255570803
255571524
255571669
255572364
255572418
255572511
255572783
255573493
255573713
255573798
255573958
255574176
255574319
255575473
255575548
255575645
255575747
255575883
255576057
255576118
255576200
255576303
255576954
255577159
255577510
255577661
255577980
255578006
255578182
255578220
255578270
255578789
255579607
255579637
255579717
255579776
255579898
255579949
255580557
255581044
255581099
255581322
255581490
255582254
255582268
255582446
255582614
255582760
255582884
255582984
255583126
255583334
255583586
255583663
255583763
255583903
255584192
255584392
255584481
255584570
255585733
255586127
255586131
255587027
255587075
255587223
255587716
255587839
255587898
255588191
255588456
255589261
255589351
255589429
255589444
255589581
255590469
255590558
255590924
255591163
255591165
255591346
255591596
255591653
255591673
255591699
255591856
255591867
255592113
255592151
255592232
255592548
255592726
255594103
255594122
255594191
255594230
255594617
255594698
255595061
255595365
255596212
255596412
255596439
255596460
255596498
255596686
255597047
255597352
255597422
255598050
255598297
255598707
255598839
255598921
255599041
255599467
255600092
255600652
255600789
255601113
255601669
255602159
255602205
255602211
255602221
255602364
255602393
255603169
255603254
255603442
255603621
255603688
255604143
255604170
255604311
255604664
255604954
255605319
255605778
255605809
255605896
255605992
255606295
255606322
255606457
255606562
255606586
255606688
255606755
255607069
255607132
255607399
255607865
255608010
255608022
255608634
255609973
255610036
255610349
255610468
255611110
255611143
255611681
255611864
255612493
255612535
255612816
255613030
255613040
255613245
255613453
255613533
255613618
255613671
255613814
255614321
255614384
255614627
255614763
255615083
255615092
255615380
255615429
255615477
255615635
255615993
255616163
255616995
255617344
255617423
255617486
255617510
255617817
255618397
255618504
255618511
255618552
255618894
255619031
255619127
255619212
255619267
255619393
255619521
255619842
255620164
255620272
255620477
255620552
255620684
255620726
255620960
255621271
255621699
255621854
255621921
255622052
255622558
255623000
255623010
255623405
255623594
255623757
255623858
255623921
255623923
255624096
255624116
255624829
255624854
255625086
255625398
255625514
255625842
255625897
255625911
255626014
255626075
255626115
255626563
255627075
255627110
255627348
255628068
255628080
255628082
255628220
255628286
255628417
255628513
255628695
255628728
255629084
255629823
255629955
255630038
255630075
255630175
255630437
255630729
255630795
255631110
255631153
255631320
255631516
255631977
255632191
255632270
255632340
255632634
255633145
255633207
255633246
255633272
255633274
255633278
255634136
255634222
255634462
255634481
255634489
255634894
255634958
255636383
255636520
255636938
255637511
255637538
255637646
255637828
255638159
255638730
255638804
255638986
255639372
255639537
255639641
255639646
255640164
255640173
255640189
255640405
255640810
255640889
255640902
255641120
255641248
255641462
255641784
255641879
255642117
255642526
255642614
255642661
255642885
255643106
255643475
255643959
255644046
255644189
255644357
255644411
255644455
255644544
255644664
255644825
255645085
255645128
255645614
255645649
255645843
255645855
255646356
255646377
255646493
255646585
255646645
255646948
255647252
255647350
255647361
255647767
255647968
255648026
255648059
255648525
255648822
255649410
255649784
255649801
255650089
255650256
255650297
255650701
255650890
255650894
255651062
255651072
255651363
255651386
255651473
255652056
255652684
255652951
255653225
255653278
255653309
255653505
255653597
255653623
255653730
255654392
255654533
255654562
255654580
255654733
255654788
255654987
255655226
255655594
255655645
255655893
255656000
255656659
255656927
255657075
255657229
255657472
255657580
255657672
255657967
255658090
255658413
255658683
255658692
255658806
255659058
255659096
255659355
255659974
255660107
255660169
255660380
255660701
255660871
255661357
255661422
255661720
255661774
255661895
255662029
255662136
255662175
255662351
255662361
255662380
255662663
255663202
255664242
255664275
255664364
255664674
255665098
255665196
255665470
255665526
255665540
255666170
255666555
255666919
255666984
255667076
255667669
255668078
255668108
255668415
255668537
255669229
255669731
255669734
255669980
255670041
255670095
255670166
255670322
255670327
255670480
255670922
255671008
255671110
255671189
255671888
255672015
255672217
255672258
255672433
255672465
255672531
255672622
255672817
255672848
255673193
255673326
255673440
255673472
255673969
255674003
255674053
255674447
255674465
255674469
255674522
255674607
255674731
255674856
255674976
255675066
255675352
255675639
255675813
255675842
255675873
255675993
255676084
255676194
255676316
255676633
255676638
255676652
255676654
255676844
255677012
255677187
255677266
255677453
255677468
255677704
255677720
255677900
255678068
255678373
255678410
255678423
255678441
255678743
255678788
255678805
255679059
255679122
255679610
255679729
255680258
255680291
255680346
255680357
255680916
255681165
255681464
255681577
255681632
255681842
255681921
255682260
255682417
255682527
255682640
255682967
255682996
255683271
255683637
255683975
255684158
255684524
255684586
255685326
255685426
255685725
255686088
255686143
255686288
255686319
255686529
255686637
255686743
255686958
255686981
255687255
255687421
255687483
255687720
255687810
255687918
255688545
255689062
255689284
255689298
255689314
255689923
255690677
255690689
255690710
255690724
255690764
255690772
255690813
255690839
255690938
255691282
255691431
255691780
255691819
255692219
255692228
255692609
255692688
255692760
255692771
255692898
255693007
255693208
255693415
255693568
255693644
255693911
255693925
255694454
255694672
255695273
255695542
255695694
255695879
255696063
255696135
255696137
255696997
255697283
255697388
255697519
255697675
255697848
255698179
255698243
255698426
255698870
255699254
255700542
255700565
255700598
255700630
255701001
255701105
255701252
255701318
255701436
255701548
255701596
255701849
255701927
255702183
255702334
255702397
255702590
255702804
255702810
255702825
255702899
255703115
255703117
255703143
255703180
255703453
255703523
255703980
255704016
255704175
255704377
255704418
255704565
255704676
255704689
255704847
255704969
255705309
255705376
255705523
255705989
255706017
255706197
255706402
255706616
255706648
255706654
255707005
255707069
255707541
255707756
255707830
255707849
255708265
255708267
255708460
255708466
255709139
255709263
255709284
255709293
255709359
255709391
255709450
255709597
255709972
255710131
255710275
255710301
255710414
255710749
255711727
255711807
255712046
255712063
255712293
255712393
255713072
255714457
255714896
255715232
255715364
255715885
255716003
255716027
255716109
255716801
255717098
255717625
255717863
255717905
255717938
255717941
255717965
255718088
255718201
255719183
255719703
255719778
255720035
255720751
255721027
255721273
255721545
255721551
255721598
255721696
255721885
255722703
255723152
255723817
255724313
255724370
255724423
255724920
255725057
255725086
255725109
255725920
255726450
255726641
255726833
255727473
255729201
255729792
255730076
255730380
255731082
255731178
255731276
255731295
255731660
255731954
255731979
255732011
255732172
255732669
255732746
255732948
255732967
255733506
255733593
255734027
255734102
255734235
255734736
255735224
255735290
255735866
255736213
255736632
255737135
255737246
255737263
255737321
255737594
255737931
255737955
255737960
255738811
255738981
255739061
255739099
255740569
255741812
255741831
255742040
255742374
255742600
255744248
255744359
255745002
255746701
255748381
255748518
255749300
255749530
255749604
255749822
255750111
255750318
255750536
255750912
255751372
255751563
255751622
255751963
255752162
255752853
255753132
255753401
255753411
255753798
255754002
255754176
255754503
255754574
255754954
255755018
255755048
255756421
255756649
255756897
255756939
255759733
255760095
255760462
255760977
255761031
255761063
255761352
255761407
255761552
255761653
255761939
255762306
255762528
255762660
255762825
255762842
255763827
255764768
255764906
255766142
255766445
255766589
255766809
255767051
255767749
255767752
255768307
255768713
255768751
255770360
255770739
255770781
255770848
255771180
255771196
255771631
255771694
255771742
255771818
255772573
255772663
255773320
255775218
255775920
255776076
255776687
255777040
255777684
255777776
255778767
255779175
255779274
255779330
255779352
255780415
255780663
255780841
255780871
255781223
255781353
255781371
255781676
255782579
255783103
255783459
255783554
255783717
255783964
255784003
255784005
255784875
255785065
255785136
255785318
255785430
255786148
255786267
255787318
255789751
255790050
255790108
255790261
255790284
255790420
255790804
255791053
255791444
255791449
255791631
255791902
255792212
255793473
255794598
255795201
255795223
255795868
255795917
255796554
255798415
255798921
255798942
255799034
255799712
255800336
255801231
255801444
255801462
255801981
255802714
255803197
255803688
255803735
255803842
255804281
255805315
255807708
255807722
255808103
255808646
255808928
255809554
255809726
255810054
255810146
255810432
255810614
255810679
255811207
255811401
255811728
255811988
255812715
255812868
255813110
255813840
255814011
255814274
255814613
255814627
255814939
255814994
255815008
255815149
255815652
255815950
255816014
255816171
255816541
255817126
255817327
255817698
255818175
255818636
255819335
255819387
255819842
255819862
255821756
255821944
255822166
255822887
255823141
255823262
255823420
255823433
255823699
255823898
255823977
255824671
255825008
255825197
255825232
255825516
255825732
255825924
255826011
255826070
255826174
255826245
255826502
255826532
255827146
255827170
255827287
255827329
255827435
255827651
255827718
255827819
255827838
255827864
255828092
255828289
255828607
255828804
255828919
255829193
255829216
255829711
255829845
255829964
255830577
255830612
255831224
255831327
255831382
255831754
255831946
255832523
255832922
255833083
255833240
255833302
255833499
255833620
255833971
255834610
255834611
255835343
255835404
255835627
255835636
255835642
255835689
255836382
255836450
255836474
255836507
255837125
255837182
255837205
255837350
255837664
255837845
255838764
255839276
255839427
255839463
255840468
255841037
255841172
255841177
255841313
255841584
255841685
255841761
255841784
255841792
255842510
255843023
255843078
255843909
255844341
255844448
255844832
255844847
255845704
255845865
255846238
255846722
255846891
255846909
255847106
255847224
255847398
255847467
255847542
255848111
255848708
255849901
255850027
255850199
255850404
255850411
255850638
255850654
255851265
255851436
255852501
255852513
255852527
255852576
255852943
255853003
255853429
255853659
255853669
255853740
255854856
255855521
255855763
255856299
255856416
255856532
255856710
255857852
255858006
255858498
255858694
255858787
255859016
255859159
255859430
255859796
255860271
255860396
255860440
255861097
255861190
255861285
255861608
255861671
255861919
255862276
255863360
255863594
255863701
255864038
255864090
255864327
255864353
255864808
255865051
255865189
255865201
255865771
255866272
255866724
255866812
255866912
255867132
255867151
255867362
255867472
255867481
255867637
255867788
255868913
255868938
255869161
255869532
255869850
255869978
255870319
255870402
255870588
255870706
255870754
255870813
255871189
255871406
255871461
255871844
255871925
255871964
255872009
255872070
255872180
255872440
255872512
255872543
255872567
255872602
255872648
255872807
255872848
255873602
255873809
255873882
255873901
255874050
255874824
255875086
255875291
255875629
255875646
255875882
255876282
255876408
255876470
255876795
255878442
255878806
255878840
255879017
255879382
255879571
255879762
255879853
255880067
255880266
255880287
255880475
255880646
255880887
255881171
255881571
255882051
255882779
255882918
255883190
255883461
255883803
255884154
255884172
255884523
255884573
255884576
255884827
255884901
255885078
255885139
255885597
255886069
255886133
255886162
255886195
255886428
255886544
255886554
255886593
255886858
255887014
255887452
255887484
255888255
255888948
255889443
255889463
255889562
255889564
255889648
255889962
255890026
255890152
255890465
255890471
255891042
255891559
255892089
255892303
255892437
255892523
255893284
255893627
255893793
255894754
255895420
255895521
255895658
255895802
255895951
255895985
255896515
255896695
255896834
255897303
255897508
255897601
255897846
255897859
255898428
255898429
255898542
255898595
255898943
255899354
255899423
255899484
255900011
255900123
255900141
255900144
255900359
255900952
255901217
255901372
255902364
255903044
255903301
255903303
255903337
255904944
255905199
255905481
255905497
255905597
255905745
255905858
255906102
255906150
255906168
255906609
255906696
255906858
255907068
255907110
255907635
255907754
255907759
255908034
255908371
255908422
255908586
255908683
255908730
255909558
255909692
255909886
255909910
255910235
255910242
255910863
255911026
255911218
255911681
255911769
255911946
255912001
255912219
255912536
255913136
255913495
255913555
255913667
255913962
255914146
255914148
255915038
255915042
255915114
255915330
255915529
255915621
255915925
255916068
255916146
255916198
255916350
255916505
255916656
255916767
255917001
255917119
255917296
255917629
255917678
255917991
255918506
255918625
255918713
255919437
255919679
255920133
255920486
255921264
255921293
255921714
255921829
255921938
255921986
255922079
255922378
255923146
255923264
255923375
255923431
255923433
255923537
255924023
255924315
255924466
255924538
255924880
255925103
255925232
255925368
255926177
255926926
255926964
255927434
255927625
255927636
255927684
255927696
255927795
255927874
255928164
255928198
255928263
255928303
255928548
255928615
255928789
255929898
255930289
255932201
255932749
255932829
255932947
255933320
255933329
255933366
255933507
255933580
255933869
255933890
255933919
255934169
255934281
255934426
255934508
255934512
255934576
255934833
255935361
255935611
255935619
255935836
255936010
255936077
255936235
255936505
255936864
255937997
255938106
255938393
255938441
255938481
255938518
255938627
255938636
255938761
255939247
255939674
255939889
255939919
255940144
255940220
255940330
255940463
255940513
255941061
255941161
255941242
255941306
255941952
255942679
255942838
255943125
255943320
255943587
255944024
255944071
255944199
255944253
255944324
255944372
255944614
255945018
255945204
255945507
255945655
255945890
255946527
255946718
255947005
255947141
255947305
255947573
255948296
255948443
255948654
255948906
255949224
255949481
255949511
255949993
255950357
255950443
255950469
255950817
255950911
255951072
255951489
255952010
255952021
255952245
255952570
255952624
255952627
255953084
255953146
255953181
255953229
255953442
255953578
255953629
255953692
255954062
255954338
255954377
255954469
255954473
255954509
255954712
255954872
255954956
255955269
255955491
255955526
255955658
255955693
255955820
255955950
255956002
255956136
255956221
255956493
255956838
255957082
255957313
255958073
255958458
255958767
255960547
255960559
255960668
255961065
255961273
255961525
255961529
255961613
255961691
255961992
255962052
255962203
255962790
255963211
255963355
255963707
255963971
255964057
255964069
255964088
255964142
255964262
255964275
255964569
255964654
255964688
255964732
255964918
255964954
255964998
255965271
255965403
255965479
255965958
255966468
255966509
255966560
255966864
255966971
255967145
255967210
255967335
255967388
255967552
255967619
255968045
255968049
255968624
255968887
255969058
255969316
255969571
255969617
255969679
255969702
255969711
255969911
255970066
255970191
255970645
255970682
255970749
255970902
255971360
255971490
255972095
255972141
255972166
255972183
255972196
255972312
255972429
255972915
255973651
255973827
255974854
255975134
255975368
255975775
255975829
255975967
255976433
255976588
255976652
255976879
255977904
255978052
255978227
255978262
255978533
255978916
255979478
255979512
255979601
255979624
255979707
255979958
255980163
255980166
255980236
255980241
255980357
255980380
255980423
255980534
255980901
255980917
255980936
255980970
255981295
255981839
255981959
255982124
255982209
255982753
255982791
255982842
255982977
255983005
255983012
255983018
255983596
255983679
255983866
255984186
255984187
255984371
255984406
255984580
255984638
255984746
255985393
255985531
255985684
255985729
255985823
255985859
255986501
255986987
255987059
255988139
255988278
255988318
255988369
255989746
255989789
255989998
255990212
255990254
255990325
255990444
255990601
255990603
255990980
255991129
255991227
255991361
255991407
255991557
255991577
255991707
255992771
255993158
255993242
255993270
255993452
255993582
255993633
255993669
255994168
255994563
255994772
255995027
255995149
255995168
255995304
255995500
255995640
255996030
255996096
255996302
255996498
255996594
255996718
255996759
255996972
255996990
255997721
255997828
255998256
255998551
255998976
255999511
255999574
255999882
256000069
256000345
256000403
256000508
256000739
256000752
256001120
256001511
256001837
256002135
256002587
256002680
256003411
256003532
256004083
256004238
256004257
256004326
256004377
256004393
256004520
256004804
256005133
256005659
256005990
256006099
256006334
256006396
256007005
256007302
256007351
256007825
256007907
256008098
256008545
256008610
256008954
256008965
256008968
256009083
256009170
256009623
256009852
256009925
256010166
256010245
256010348
256010526
256010592
256010704
256010730
256010971
256011065
256011308
256011569
256011674
256011743
256012052
256012181
256012854
256013007
256013083
256013218
256013472
256013565
256013636
256013683
256013973
256014159
256014236
256014605
256014662
256014754
256015131
256015320
256015492
256015721
256015729
256015959
256016158
256016335
256016854
256016955
256017016
256017045
256017334
256017646
256017896
256017952
256017956
256018267
256018452
256018570
256018609
256018658
256018957
256019107
256019207
256019384
256019850
256019888
256020065
256020158
256020357
256020372
256020521
256020776
256021300
256021691
256021980
256022252
256023552
256023676
256023723
256023730
256023875
256023926
256023950
256024021
256024570
256024930
256025027
256025311
256025600
256026080
256026612
256026995
256027130
256027638
256028226
256028298
256028564
256028644
256028805
256028960
256029016
256029199
256029295
256029385
256030659
256031007
256031182
256031231
256031271
256031904
256031965
256032254
256032351
256032499
256032604
256033287
256033292
256033589
256033658
256033889
256034727
256035023
256035120
256035231
256035560
256035570
256035842
256036343
256036370
256036857
256037340
256037391
256037715
256037979
256038565
256039019
256039510
256039660
256039923
256040156
256040522
256040611
256041523
256041755
256042469
256042692
256042766
256043066
256043170
256043362
256043373
256043466
256043535
256043771
256044042
256044138
256044641
256044821
256044830
256045154
256045286
256045390
256046613
256046803
256046969
256047074
256047922
256047993
256048179
256048267
256048287
256048708
256048795
256048797
256048927
256049198
256049456
256049842
256050394
256050409
256051317
256052468
256052496
256052774
256052931
256053095
256053450
256053478
256053650
256053737
256053836
256053838
256054231
256054434
256054515
256054862
256054980
256055082
256055153
256055222
256055566
256055650
256055925
256056097
256056104
256056762
256056813
256056892
256057080
256057338
256057392
256057450
256057657
256058110
256058653
256058820
256058853
256059095
256059162
256059264
256059341
256059865
256060006
256060241
256060247
256060405
256060407
256060417
256060473
256060542
256060691
256060841
256061115
256061583
256061674
256061704
256061822
256063486
256063520
256063541
256063617
256063805
256064358
256064517
256064691
256065071
256065382
256065564
256065708
256066051
256066388
256066417
256067432
256067577
256067714
256067972
256068629
256068980
256069416
256069659
256069778
256069791
256069964
256070656
256070755
256070867
256070928
256071130
256071149
256071401
256071955
256072143
256072361
256072606
256072655
256072657
256073616
256073892
256074125
256074191
256074213
256075240
256075302
256075373
256075378
256075434
256075722
256075858
256076351
256076405
256076899
256077053
256077565
256077829
256077900
256078081
256078792
256078846
256078963
256079152
256079193
256079288
256079402
256079492
256079535
256079827
256079880
256079958
256081225
256081300
256081302
256081733
256081818
256081820
256081871
256081958
256082164
256082209
256082600
256082757
256082811
256082956
256083097
256083355
256083408
256083620
256083767
256084083
256084158
256084210
256084488
256084565
256084893
256084926
256085002
256085324
256085554
256085606
256085775
256085841
256085984
256085989
256086843
256087099
256087628
256087659
256088017
256088557
256088936
256089367
256091057
256091115
256091338
256091504
256091795
256091850
256092064
256092094
256092121
256092720
256093283
256093330
256093384
256093654
256093707
256093765
256093877
256094327
256094417
256094504
256094572
256094868
256095260
256095711
256095897
256096054
256096060
256096627
256096890
256096933
256097022
256097150
256097347
256097380
256097593
256097640
256097928
256098457
256098555
256098611
256098652
256098732
256100851
256102761
256102992
256103127
256103714
256103811
256103938
256104060
256104335
256104441
256104534
256104983
256105052
256105105
256105300
256105392
256105670
256105828
256105996
256106004
256106233
256106383
256106467
256107012
256107261
256107646
256107941
256107985
256108505
256108633
256108889
256108985
256109026
256109075
256109861
256109905
256110292
256110452
256110552
256110574
256110863
256110982
256111077
256111265
256111359
256111857
256111971
256112229
256112289
256112400
256112572
256112692
256112872
256113115
256113227
256113328
256113424
256113561
256113590
256113815
256114028
256114132
256114311
256114587
256114651
256115256
256115488
256116046
256116054
256116339
256116364
256116485
256116712
256117218
256117973
256119067
256119124
256119255
256119581
256119658
256119951
256120157
256120602
256120669
256120882
256120932
256121028
256121035
256121298
256121463
256121589
256121691
256121874
256121990
256122028
256122093
256122246
256122325
256122337
256122615
256122829
256122986
256123401
256123670
256123816
256124078
256124084
256124251
256124276
256124495
256124539
256124848
256125566
256125696
256125854
256125891
256125954
256125970
256126124
256126145
256126227
256126569
256126701
256127002
256127987
256128205
256128222
256128792
256129844
256130617
256130777
256130842
256130930
256131176
256131351
256131379
256131595
256131629
256131631
256131697
256131807
256132535
256132674
256132708
256132733
256132804
256133046
256133171
256133407
256133721
256134065
256134135
256134231
256134314
256134315
256134386
256134551
256134929
256135029
256135424
256135452
256135675
256136607
256136739
256136906
256136907
256136958
256137941
256138032
256138302
256138576
256139177
256139195
256139279
256139545
256139612
256139942
256140121
256140350
256140393
256140860
256141036
256141588
256141872
256141992
256142010
256142140
256142212
256142518
256142717
256142890
256142952
256143221
256143519
256143614
256143639
256144025
256144032
256144169
256144349
256146133
256146603
256146609
256147043
256147631
256147716
256147738
256147745
256147946
256147963
256148652
256148866
256149570
256149858
256150079
256150138
256150231
256150410
256150460
256150635
256150722
256151249
256151917
256152214
256152260
256152368
256152404
256152636
256153006
256153438
256153491
256153571
256153576
256153651
256154028
256154457
256154718
256154768
256154811
256154820
256155035
256155376
256155506
256155640
256156011
256156519
256157324
256159092
256159231
256159255
256159384
256159399
256159428
256159467
256159515
256159545
256159677
256159707
256160170
256160276
256160666
256160876
256161004
256161028
256161139
256161274
256161285
256161467
256161498
256161575
256161721
256161917
256162229
256162389
256162474
256162692
256162763
256163059
256163133
256163190
256163574
256164513
256164531
256164572
256164707
256164762
256164792
256165105
256165213
256165259
256165401
256165769
256165985
256166020
256166045
256166139
256166790
256166885
256167094
256167439
256167642
256167727
256167850
256168063
256168498
256168902
256169344
256169861
256170130
256170159
256170310
256170436
256170473
256170641
256170692
256172379
256172563
256172676
256172942
256173261
256173587
256174067
256174377
256174470
256175441
256175713
256175727
256176405
256176683
256177038
256177069
256177315
256177388
256177782
256178372
256178486
256178494
256178606
256178706
256178764
256178848
256179174
256179638
256179655
256179663
256179683
256179696
256179722
256179846
256180142
256180332
256180765
256180867
256181229
256181323
256181902
256182281
256182302
256182328
256182816
256182930
256182987
256183177
256183316
256183740
256183799
256183917
256184079
256184150
256184196
256184267
256184856
256185451
256185515
256186186
256186306
256186792
256187490
256187645
256188045
256188203
256188733
256188953
256189119
256189164
256189357
256189629
256189866
256190101
256191103
256191200
256191308
256191912
256192208
256192210
256192411
256192631
256192711
256193114
256193301
256193629
256193643
256193652
256194831
256195184
256195356
256195532
256195632
256195685
256195732
256196126
256196162
256196211
256196464
256196469
256196738
256196745
256197299
256197383
256197899
256197911
256198032
256198233
256198266
256198416
256198494
256198597
256199010
256199356
256199532
256199618
256199852
256200110
256200234
256200560
256200598
256200669
256200872
256201569
256202390
256202858
256202936
256203488
256203716
256203795
256203924
256203975
256204017
256204216
256204230
256204428
256205310
256205560
256206325
256206598
256206784
256206933
256207334
256207375
256207720
256207832
256207850
256207927
256208045
256208183
256208234
256208276
256208352
256208464
256208504
256208756
256208857
256209251
256209261
256209448
256210061
256210178
256210242
256210297
256210310
256210526
256210633
256210725
256210901
256211329
256211466
256211601
256211739
256212067
256212701
256212740
256213248
256213346
256213531
256213676
256213792
256213994
256214063
256214152
256214281
256214340
256214379
256214467
256214480
256214526
256215015
256215032
256215247
256215370
256215731
256215811
256216101
256216257
256216469
256216785
256216792
256216862
256217287
256217938
256218028
256218168
256218264
256218430
256218459
256218482
256218514
256218625
256218643
256218927
256219262
256219478
256219480
256219765
256219899
256220473
256220489
256220755
256220820
256220964
256221009
256221325
256221335
256221554
256221561
256221763
256221904
256222215
256222354
256222421
256222532
256222601
256222759
256222895
256223053
256223287
256223490
256223971
256225024
256225354
256225901
256226218
256226648
256226650
256226721
256226885
256226929
256227345
256227358
256228246
256228253
256228442
256228480
256228880
256228952
256229587
256230034
256230562
256231193
256231558
256231581
256231658
256231682
256231832
256232101
256232754
256233467
256233595
256233678
256233932
256234017
256234994
256235333
256235388
256235713
256235805
256236651
256236772
256236834
256237598
256237600
256237633
256237821
256237998
256238213
256238559
256238725
256239086
256239547
256239730
256239819
256239949
256240155
256240453
256240792
256241157
256241832
256242346
256242424
256243358
256243566
256243656
256243949
256244633
256244765
256244787
256244801
256245071
256245142
256245251
256245469
256246132
256246289
256246596
256247455
256247622
256247912
256247916
256247930
256248177
256248373
256248733
256248853
256249160
256249201
256249480
256249665
256249881
256249949
256250529
256250957
256251144
256251366
256251474
256251588
256251858
256251951
256252625
256252632
256252985
256253081
256253119
256253440
256253726
256253878
256254170
256254552
256254601
256254643
256254682
256255073
256255686
256255765
256255797
256256959
256256970
256257759
256257825
256258144
256258814
256258907
256259120
256259355
256259414
256259794
256259816
256260053
256260792
256260798
256260816
256261071
256261506
256261516
256261667
256262593
256262673
256262698
256262749
256262832
256262966
256263002
256263084
256263150
256263956
256264372
256264737
256265122
256265416
256265758
256265766
256265772
256265814
256265857
256265867
256265928
256266176
256266631
256266705
256266982
256267109
256267211
256267287
256267824
256268597
256268842
256268938
256268964
256269220
256269359
256269691
256270237
256270929
256271513
256271777
256272368
256272390
256272553
256272571
256272821
256272953
256273134
256273240
256273241
256273383
256273438
256273678
256274052
256274140
256274347
256274496
256274527
256274590
256274713
256274836
256275157
256275162
256275193
256275309
256275538
256276063
256276259
256276513
256276868
256277163
256277380
256277626
256278293
256278727
256278785
256279168
256279274
256279281
256279659
256279742
256279909
256280367
256280383
256280413
256280605
256281058
256281253
256281563
256281693
256281762
256282264
256282339
256282375
256282628
256282850
256283189
256283336
256283474
256283562
256283692
256283750
256283822
256283974
256284270
256284630
256284779
256285497
256285557
256286065
256286087
256286247
256286560
256287683
256287856
256288087
256288191
256288288
256288414
256288895
256289053
256289111
256289459
256289536
256289732
256289839
256290162
256290220
256290293
256290412
256290889
256290993
256291307
256291398
256291401
256291567
256292054
256292106
256292641
256292830
256293181
256293224
256293275
256293776
256294321
256294500
256294643
256294668
256294791
256294889
256295195
256295723
256295807
256295822
256295858
256295927
256296136
256296150
256296294
256296320
256296430
256296801
256297224
256297852
256299204
256299667
256299760
256300056
256300155
256300157
256300415
256300586
256300644
256300819
256300847
256301283
256301537
256301753
256301857
256301967
256302190
256302207
256302469
256302816
256303068
256303195
256303311
256303355
256303923
256304030
256304109
256304378
256304407
256304795
256305116
256305255
256305343
256305412
256305783
256306270
256306621
256306861
256307044
256307116
256307182
256307423
256307728
256308133
256308298
256308636
256308698
256308712
256308854
256308919
256308980
256309467
256309867
256309902
256309925
256310245
256310390
256310447
256310550
256310679
256310837
256310985
256311000
256311290
256311449
256312390
256312564
256312735
256312808
256312850
256312943
256313311
256313769
256313831
256313953
256313997
256314041
256314652
256314973
256315399
256315584
256315702
256315774
256315876
256315981
256315984
256316393
256316449
256316897
256316919
256317162
256317326
256317620
256317721
256318042
256318144
256318199
256318219
256318342
256318352
256318391
256318807
256318843
256319107
256319117
256319184
256319350
256319668
256320216
256320634
256321172
256321757
256321934
256322080
256322865
256322943
256324265
256325518
256326129
256326276
256326610
256327267
256327572
256327842
256327971
256328125
256328228
256328543
256328764
256328878
256329196
256329281
256329324
256329452
256329672
256330551
256331909
256331919
256332069
256332247
256332365
256332615
256332811
256333046
256333691
256333744
256333818
256333893
256333916
256334140
256334244
256334337
256334635
256334816
256334849
256334881
256335135
256335239
256335412
256335836
256336269
256336442
256336452
256336474
256336672
256336857
256336953
256337892
256337967
256338184
256338882
256338976
256339690
256339756
256339983
256340182
256341834
256342172
256342603
256342668
256342736
256343108
256343150
256343550
256343564
256343650
256343841
256344168
256344273
256344465
256344980
256345063
256345813
256345987
256345993
256346331
256346666
256346743
256347118
256347367
256347647
256347953
256348238
256348346
256348728
256348855
256349222
256349352
256349920
256350168
256350229
256350276
256350365
256350525
256350640
256350720
256351083
256351310
256351371
256351398
256351464
256351472
256351600
256351602
256351806
256352153
256352163
256352445
256352867
256353493
256353918
256354043
256354410
256355152
256355718
256355784
256355865
256355891
256355979
256356447
256357300
256358549
256358773
256358877
256359297
256359457
256359507
256359636
256359812
256359848
256359923
256360000
256360086
256360215
256361306
256361332
256361529
256361764
256361911
256362162
256362393
256363286
256363485
256363715
256364100
256364839
256364916
256364983
256365055
256365656
256365662
256365821
256365860
256366006
256366241
256367277
256367386
256367476
256367565
256367803
256367862
256367945
256368340
256368545
256368556
256368660
256368674
256368710
256368807
256369088
256369408
256369563
256369574
256369622
256369806
256369867
256370064
256370378
256370677
256370729
256370813
256370969
256371268
256371290
256371342
256371398
256371718
256371975
256372073
256372185
256372260
256372880
256372901
256373674
256373765
256373909
256373925
256374106
256374223
256374350
256374482
256374656
256374708
256374747
256375115
256375427
256375531
256375813
256376243
256376322
256376854
256377022
256377339
256377730
256377741
256378217
256378341
256378439
256378935
256379020
256379069
256379309
256379501
256379591
256379856
256380242
256380414
256380424
256380505
256380968
256381135
256381476
256381812
256382047
256382461
256382637
256382817
256384214
256384473
256385041
256385493
256385591
256385705
256385956
256386012
256386513
256386645
256386683
256386884
256386922
256386942
256387266
256387341
256387434
256388250
256388256
256388389
256388476
256388933
256389035
256389039
256389061
256389196
256389349
256389578
256389901
256389995
256390054
256390107
256390203
256390239
256390526
256390580
256390623
256390982
256391065
256391660
256391853
256391912
256391990
256392243
256392452
256392470
256392629
256392661
256393229
256393754
256393777
256393818
256393940
256394194
256394346
256394447
256394733
256394798
256394841
256394905
256395258
256395379
256395415
256395447
256395541
256395543
256395567
256395580
256395614
256396264
256396572
256396949
256397256
256397739
256397832
256398423
256398485
256399937
256400396
256400509
256400542
256400871
256401147
256401588
256401731
256401794
256401989
256402022
256402130
256402141
256402193
256402602
256402722
256402754
256403300
256403339
256403351
256403396
256403412
256403581
256403835
256403942
256403985
256404110
256404860
256404972
256405356
256405734
256405951
256406160
256406326
256406355
256406434
256406657
256407048
256407251
256408895
256409205
256409421
256409446
256409615
256409702
256410068
256410237
256410841
256411029
256411158
256411344
256411774
256411919
256412139
256412418
256412583
256412665
256413021
256413413
256413594
256413658
256414023
256414144
256414605
256414912
256415468
256415544
256415885
256415892
256416468
256416490
256416672
256417101
256417294
256417644
256417915
256418063
256418146
256418249
256418458
256418613
256418759
256418837
256419068
256419320
256419498
256419541
256419799
256419903
256420050
256420298
256420431
256420432
256420495
256420676
256421071
256421242
256421416
256421532
256421567
256421618
256421644
256421648
256421953
256422315
256422343
256422520
256422711
256422947
256423860
256424479
256425730
256426282
256426319
256426320
256426368
256426630
256426859
256427122
256427366
256427541
256427703
256427768
256427798
256428232
256428996
256429013
256429225
256429244
256429398
256429406
256429883
256430073
256430085
256430184
256430337
256430385
256430528
256430529
256430561
256430643
256430648
256430727
256430864
256430900
256431122
256431336
256431462
256431605
256431616
256431722
256431909
256431951
256432383
256432453
256432807
256433047
256433463
256433612
256433718
256433886
256434499
256435435
256435516
256436034
256436343
256436681
256436694
256436874
256437320
256437389
256437639
256437950
256438248
256438288
256438432
256439224
256439239
256439401
256439407
256439702
256439891
256440975
256441199
256441404
256441431
256441699
256441706
256441752
256442003
256442166
256442172
256442240
256442319
256442321
256442417
256442645
256442905
256443068
256443147
256443186
256443342
256443532
256443810
256444089
256444193
256444359
256444389
256444650
256444710
256445016
256445416
256445549
256445565
256445740
256445783
256446174
256446268
256446285
256446374
256446543
256447693
256447751
256448157
256448247
256448339
256448562
256448884
256448932
256449522
256449913
256449928
256450022
256450327
256450349
256450651
256450657
256450953
256451254
256451594
256451729
256451765
256452445
256453223
256453264
256453489
256453841
256454235
256454599
256455072
256455198
256455411
256455416
256455432
256455482
256455582
256455890
256456257
256457005
256457157
256457213
256457253
256457620
256458271
256458567
256458635
256458677
256458711
256458831
256458851
256458979
256458992
256459310
256459331
256459383
256459531
256459895
256459917
256460052
256460111
256460182
256460273
256460322
256460447
256460717
256460829
256460911
256460983
256460989
256461137
256461172
256461243
256461302
256461908
256461949
256462059
256462115
256462131
256462698
256462701
256462836
256463172
256463920
256463933
256464166
256464181
256464904
256465173
256465508
256465515
256465537
256465927
256466231
256466357
256466371
256466425
256466791
256466846
256466927
256467463
256467497
256467515
256467609
256467787
256468212
256468578
256469525
256469986
256470065
256470086
256470101
256470306
256470468
256470704
256470709
256470864
256470932
256471054
256471191
256471294
256471395
256471499
256471604
256471858
256471862
256472015
256472119
256472331
256472458
256472540
256472926
256473131
256473134
256473471
256473548
256473603
256474123
256475296
256475537
256475761
256475982
256476138
256476400
256476495
256476521
256476819
256476856
256477348
256477426
256477661
256477863
256477903
256477992
256478361
256478374
256478395
256478424
256478639
256478778
256478922
256479056
256479081
256479292
256479373
256479946
256479971
256480298
256480464
256480492
256480748
256481184
256481245
256481507
256481700
256481970
256482011
256482054
256482057
256482181
256482229
256482264
256482465
256483443
256483831
256484051
256484320
256484353
256484382
256484587
256484597
256485062
256485171
256485195
256485518
256485546
256485773
256485775
256485803
256485808
256486087
256486480
256486524
256486770
256486881
256486885
256487295
256487631
256487869
256487950
256488096
256488430
256488847
256489367
256489390
256489500
256489681
256489824
256489946
256490802
256491082
256491143
256492082
256492677
256492883
256492894
256492908
256493554
256493979
256494141
256494167
256494218
256494901
256495008
256495042
256495263
256495433
256495632
256495953
256496257
256496284
256496291
256496470
256496707
256496726
256497034
256497363
256497609
256498332
256498340
256498600
256498621
256498652
256498675
256498831
256498857
256498896
256498901
256499104
256499192
256499335
256499511
256500242
256500788
256500789
256500854
256501229
256501269
256501298
256501746
256501772
256501972
256502112
256502259
256502274
256502532
256502768
256502892
256502991
256503055
256503429
256503628
256504825
256504995
256505029
256505484
256505638
256506124
256506744
256506899
256508642
256508973
256509216
256509412
256509810
256509816
256510298
256510455
256510648
256510730
256510835
256510892
256511458
256511855
256512240
256512629
256512705
256512991
256513207
256513330
256513440
256513457
256513722
256513737
256513765
256513883
256513886
256513956
256514205
256514422
256514438
256515318
256515447
256515612
256515918
256516067
256516483
256516781
256517258
256517350
256518125
256520237
256520487
256520490
256520526
256520871
256521031
256521153
256521237
256521576
256521719
256521905
256522088
256522144
256522212
256522391
256522393
256522426
256522508
256522541
256522742
256522779
256522784
256522863
256522873
256523029
256523036
256523071
256523150
256523222
256523223
256523663
256523678
256523744
256523875
256523981
256524298
256524418
256524560
256524997
256525053
256525114
256525428
256525498
256525750
256526108
256526115
256526130
256526183
256526193
256526282
256526460
256526532
256527264
256527291
256528007
256528329
256528394
256528582
256528649
256528822
256530187
256530364
256530412
256530447
256531013
256531079
256531216
256531303
256531522
256531659
256531697
256531964
256532530
256532655
256532745
256532763
256533430
256534000
256534052
256534381
256534858
256535801
256535807
256535829
256536271
256537074
256537436
256537766
256537829
256538754
256538863
256538884
256538899
256538967
256538968
256539052
256539109
256539203
256539291
256539365
256539368
256539439
256539450
256539599
256539639
256539644
256540139
256540181
256540182
256540225
256540726
256540821
256541210
256541540
256541647
256541713
256542411
256542438
256542525
256542747
256542788
256543084
256543117
256543201
256543232
256543244
256543641
256543737
256543897
256545738
256548266
256548624
256548681
256548905
256548948
256549260
256549290
256549329
256549530
256549549
256549733
256549795
256549863
256550170
256550412
256550553
256550684
256550742
256550867
256550881
256551292
256551329
256551670
256551790
256551843
256551881
256552042
256552066
256552582
256552913
256553076
256554165
256554279
256554299
256554494
256554682
256554756
256554903
256555058
256555640
256556178
256556318
256556330
256556536
256556600
256556839
256556969
256557024
256557104
256557543
256557656
256557979
256558043
256558045
256558837
256558903
256558973
256559059
256559164
256559199
256559212
256559242
256559243
256559401
256559403
256559782
256559790
256560262
256560309
256560774
256560848
256561073
256561441
256561572
256561814
256561886
256562024
256562890
256563649
256564895
256564966
256565170
256565212
256565305
256565313
256565604
256566049
256566507
256566511
256566571
256566580
256566770
256566903
256566984
256567096
256567264
256567666
256567690
256567722
256568148
256568213
256568256
256568287
256568396
256568595
256568881
256569105
256569288
256569330
256569567
256570130
256570263
256570365
256570394
256570436
256570438
256570668
256570843
256570850
256571114
256571141
256571201
256571295
256571304
256571339
256571596
256572071
256572118
256572233
256572409
256572534
256572645
256572835
256573130
256573660
256573689
256573814
256573855
256574039
256574409
256575520
256575728
256576175
256576315
256576765
256576774
256576822
256576842
256576864
256576980
256577254
256577308
256577378
256577743
256577859
256578327
256578352
256578359
256578479
256579213
256579534
256579545
256579939
256580201
256580364
256580465
256580655
256580674
256580786
256580851
256581034
256581796
256581882
256581959
256582124
256582314
256582612
256582616
256582732
256582865
256582928
256583198
256583229
256583516
256583584
256583717
256584143
256584566
256584662
256584887
256584932
256585052
256585566
256585676
256586006
256586173
256586402
256586514
256586600
256586981
256587372
256588108
256588197
256588498
256588535
256588630
256589028
256589081
256589159
256589284
256589328
256589506
256589512
256589606
256589686
256589724
256589974
256590052
256590377
256590584
256590875
256591041
256591093
256591106
256591231
256591254
256591364
256591413
256591539
256591619
256591668
256591691
256591734
256592004
256592488
256592583
256592678
256592852
256593288
256593388
256593466
256593611
256593730
256593786
256594052
256594407
256594728
256595069
256595940
256596010
256596074
256596141
256596312
256596482
256596911
256596986
256597026
256597459
256597633
256597687
256597831
256598714
256598903
256599285
256599458
256599592
256599627
256599863
256599978
256600132
256600259
256600422
256600455
256601039
256601226
256601246
256601283
256601332
256601427
256601516
256601591
256601641
256601762
256601886
256602232
256602254
256602278
256602288
256602494
256602555
256602705
256602885
256602911
256603105
256603166
256603653
256604020
256604049
256604100
256604230
256604245
256604541
256604649
256604786
256605065
256605704
256605706
256605843
256606077
256606101
256606286
256606453
256606949
256607275
256607460
256607711
256608163
256608307
256608314
256608382
256608504
256608512
256608628
256608858
256609303
256609342
256609504
256609508
256609589
256609931
256610474
256610504
256610526
256611399
256611563
256611647
256611664
256611745
256611926
256612109
256612358
256612572
256612656
256613046
256613240
256613422
256613552
256613601
256613707
256613779
256613818
256614168
256614221
256614508
256614598
256614681
256615385
256615430
256615609
256616272
256616485
256616508
256616521
256616554
256616558
256616577
256616599
256616604
256616959
256617056
256617092
256617106
256617224
256617538
256617632
256617671
256617761
256618099
256618576
256618811
256619162
256619929
256620203
256620311
256620605
256620758
256620852
256620976
256621298
256621753
256621848
256622350
256623102
256623168
256623625
256624075
256624078
256624148
256624153
256624385
256624510
256625115
256625156
256625490
256625833
256625870
256626038
256626050
256626213
256626510
256626646
256626836
256627282
256627400
256628074
256628289
256628623
256629601
256629811
256629972
256630171
256630501
256630999
256631241
256631583
256631585
256631596
256631761
256631841
256632147
256632348
256632679
256632834
256632916
256632964
256632965
256633654
256633752
256633878
256634141
256634660
256634744
256634793
256634794
256635411
256635554
256635824
256636448
256636958
256637140
256637446
256638157
256638186
256638629
256638641
256639089
256639415
256639541
256639974
256640159
256640800
256641576
256641622
256641688
256642324
256642367
256642724
256642952
256643029
256643181
256643481
256643583
256643701
256643749
256643793
256643799
256644711
256645168
256645367
256646069
256646464
256646467
256646760
256646795
256647065
256647320
256647350
256647467
256647653
256647666
256647985
256648211
256648298
256648403
256649037
256649180
256649317
256649623
256649757
256649817
256650535
256650637
256650665
256650910
256651081
256651516
256651839
256651913
256651944
256652305
256652359
256652641
256653040
256653599
256653651
256653987
256654028
256654208
256654976
256655274
256655482
256655620
256657329
256657696
256657741
256657983
256658094
256658232
256658247
256658336
256658556
256658583
256658621
256658752
256658835
256658908
256659131
256659144
256659841
256660378
256660445
256662088
256662106
256662177
256662639
256662653
256662703
256663089
256663256
256663530
256664294
256665055
256665374
256665601
256665668
256666050
256666365
256666594
256666895
256667414
256667456
256667857
256667895
256668140
256668597
256668745
256668870
256668951
256669346
256669714
256670046
256670128
256670311
256670472
256670713
256670758
256670802
256670989
256671173
256671489
256672197
256672590
256672663
256672719
256672721
256672983
256672984
256673039
256673883
256674108
256674276
256674436
256674629
256674664
256674739
256674870
256674974
256675023
256675086
256675196
256675405
256675516
256675581
256676475
256676683
256676731
256677499
256677765
256677966
256678002
256678673
256678727
256678775
256678911
256679196
256679384
256680110
256680670
256682454
256682645
256682874
256682891
256683962
256684051
256684100
256684125
256684144
256684303
256684339
256684547
256684594
256684831
256685202
256685320
256685664
256685955
256686048
256686372
256686470
256686758
256686837
256687048
256687201
256687276
256687383
256687753
256687831
256687876
256688102
256688153
256688179
256688501
256688526
256688830
256688843
256689376
256689616
256689714
256689868
256690086
256690180
256690806
256690909
256691507
256691640
256691670
256691687
256691783
256692021
256692196
256692365
256692373
256692694
256692702
256692794
256692834
256693013
256693053
256693348
256693475
256693723
256694229
256694384
256694390
256694586
256694588
256694686
256694729
256694808
256695066
256695756
256695804
256695826
256696016
256696234
256696484
256696731
256696869
256697290
256697401
256697542
256697550
256697755
256697999
256698540
256698672
256698673
256698858
256698906
256698968
256698985
256699323
256699457
256699947
256699967
256700172
256700355
256700356
256700862
256700953
256701033
256701139
256701277
256701364
256701373
256701464
256701504
256701565
256701971
256701980
256701984
256702169
256702312
256702360
256702508
256703219
256703489
256705252
256705769
256705851
256705856
256706178
256706619
256706790
256707171
256707242
256707285
256707365
256707387
256707832
256708059
256708143
256708619
256708662
256708810
256709958
256710304
256710541
256710722
256711023
256711341
256711557
256711889
256712022
256712034
256712063
256712564
256712570
256712860
256713465
256714459
256714486
256715047
256715086
256715150
256715163
256715293
256715452
256716270
256716302
256716428
256716449
256716461
256716489
256716873
256716996
256717429
256717510
256717612
256717816
256717893
256717905
256717998
256718447
256718496
256718517
256718729
256718906
256719155
256719170
256719192
256719237
256719271
256719323
256719458
256719547
256719914
256720317
256720624
256720705
256720750
256720899
256721004
256721335
256721479
256721535
256721840
256721931
256722158
256722293
256722377
256722494
256722657
256722694
256722867
256722936
256722992
256723119
256723195
256723474
256723674
256723837
256724099
256724190
256724434
256724584
256725062
256725073
256725248
256725278
256725728
256725932
256726007
256726047
256726077
256726135
256726192
256726211
256726395
256726531
256727563
256727817
256727933
256727966
256728378
256728576
256730200
256730229
256730453
256730708
256730730
256730735
256730743
256730831
256731076
256731127
256731329
256731363
256731485
256731553
256731554
256731594
256731617
256731642
256731872
256732101
256732230
256732370
256732397
256732581
256732594
256732607
256733019
256733211
256733301
256733377
256733502
256733602
256733830
256734030
256734239
256734273
256734344
256734375
256734474
256734690
256735019
256735026
256735120
256735506
256735515
256735595
256735804
256735916
256735950
256736584
256736970
256737151
256737201
256737306
256737394
256737715
256737802
256737831
256737855
256738567
256738610
256738804
256738832
256739165
256739172
256739305
256739335
256739417
256739511
256739597
256739660
256739939
256739958
256740162
256740163
256740224
256740569
256740812
256740826
256741018
256741166
256741525
256741620
256742398
256742409
256742700
256742712
256742813
256742938
256743132
256743174
256743246
256743364
256743564
256743808
256743963
256744358
256744707
256744749
256744774
256745083
256746025
256746114
256746394
256746412
256746436
256746587
256746706
256747143
256747182
256747492
256747521
256747774
256748257
256748570
256748718
256748858
256748871
256748987
256748995
256749141
256749154
256749254
256749279
256749345
256749662
256749685
256749852
256750015
256750104
256750129
256750142
256750462
256750832
256750892
256751081
256751110
256751238
256751291
256751435
256751500
256751873
256752236
256754412
256754769
256754970
256755410
256755550
256755679
256755775
256755789
256755793
256756285
256756422
256756436
256756577
256756617
256756862
256756871
256757163
256757224
256757253
256757358
256757493
256757699
256757829
256757860
256758003
256758022
256758049
256758422
256758658
256759085
256759459
256759601
256759607
256759643
256759757
256759835
256759940
256759963
256760005
256760112
256760113
256760153
256760162
256760183
256760193
256760210
256760273
256760541
256761029
256761036
256761369
256761527
256761579
256761626
256761773
256761782
256761849
256762268
256762330
256762368
256762515
256764232
256764550
256764576
256764717
256764829
256764873
256765330
256765345
256765951
256766159
256766209
256766873
256767081
256767289
256767297
256767308
256768002
256768119
256768177
256768470
256769393
256769501
256769558
256769614
256769652
256769943
256769975
256769987
256770021
256770646
256770972
256771064
256771241
256771302
256771444
256771766
256771843
256771949
256772214
256772393
256772521
256772600
256772791
256772947
256773001
256773024
256773140
256773257
256773665
256773690
256773759
256773986
256774003
256774500
256774858
256774891
256774946
256774969
256775457
256775626
256775652
256775667
256775979
256775987
256776056
256776191
256776403
256776498
256776499
256776653
256776924
256777379
256777454
256778196
256778329
256779041
256779050
256779071
256779535
256779725
256780035
256780468
256780518
256780951
256781047
256781190
256781692
256781704
256781906
256782099
256782339
256782443
256783092
256783327
256783381
256783467
256783538
256783860
256783985
256784205
256784428
256784509
256785019
256785209
256785240
256785738
256785925
256786204
256786302
256786563
256786819
256787955
256788257
256788266
256788830
256788897
256789314
256789623
256789701
256789916
256789940
256790351
256790690
256791147
256791160
256791419
256791771
256792085
256792171
256792330
256792637
256793150
256793428
256793535
256794780
256794937
256795274
256795289
256795390
256795559
256795913
256796166
256796221
256796361
256796635
256796956
256797180
256797973
256798449
256799750
256799798
256800083
256800294
256800564
256800658
256800735
256800755
256801135
256801254
256801326
256801549
256801605
256801661
256801957
256802280
256802641
256802686
256802703
256802791
256803111
256803142
256803401
256803457
256803508
256803535
256803579
256803774
256803848
256803908
256804015
256804359
256804657
256804887
256804911
256805062
256805099
256805474
256805503
256805505
256805576
256805787
256805858
256805988
256806182
256806270
256806789
256806825
256806836
256806966
256807047
256807104
256807821
256808385
256808428
256808585
256809013
256809077
256809490
256809635
256809926
256809930
256809999
256810214
256810526
256810606
256810827
256811089
256811212
256811320
256811945
256811955
256812479
256812533
256812975
256813107
256813306
256813391
256813552
256814173
256814238
256814386
256814625
256814866
256815053
256815093
256815112
256815267
256815801
256816462
256816714
256817334
256817381
256817466
256817596
256817692
256817787
256817813
256817839
256817876
256818260
256818387
256818438
256818621
256819356
256819360
256819622
256819739
256819832
256819885
256820413
256820687
256821348
256821441
256821444
256821587
256821649
256821735
256822006
256822713
256822998
256823828
256823975
256824527
256824619
256824688
256825062
256825468
256825667
256825703
256825790
256825818
256825875
256825902
256825916
256826283
256826707
256826961
256827019
256827215
256827313
256827365
256827772
256827899
256828253
256828390
256828543
256828697
256828703
256828904
256829090
256829108
256829257
256829332
256829693
256829910
256830168
256830209
256830433
256830465
256830533
256830566
256830790
256830855
256830979
256831131
256831316
256831381
256831384
256831525
256831623
256831962
256832214
256832438
256832446
256832611
256833193
256833197
256833595
256833983
256834131
256834153
256834790
256835157
256835464
256836825
256837209
256837272
256837558
256837615
256837697
256838590
256838801
256839242
256839281
256839520
256839522
256839543
256839590
256839667
256839822
256839953
256840071
256840871
256840936
256841171
256841419
256841866
256842023
256842024
256842028
256842108
256842110
256842120
256842130
256842177
256842492
256842655
256842683
256842684
256842810
256843148
256843162
256843400
256843406
256843501
256843618
256843888
256843976
256844246
256844335
256845159
256845211
256845861
256845882
256847133
256847293
256847805
256847842
256848015
256848184
256848271
256848464
256848485
256848818
256849071
256849886
256850049
256851968
256851988
256852303
256852389
256852432
256852662
256852670
256852841
256852944
256852963
256853115
256853139
256853213
256853261
256853344
256853478
256853537
256853608
256853643
256853696
256853784
256853809
256853840
256853990
256854031
256854155
256854261
256854395
256854421
256854497
256854639
256854765
256854830
256854855
256854900
256855082
256855272
256855691
256856013
256856220
256856258
256856594
256857117
256857163
256857619
256857695
256858273
256858305
256858314
256858467
256858589
256858931
256859002
256859171
256859173
256859226
256859660
256859696
256860430
256860689
256860772
256860857
256860943
256861054
256861236
256861243
256861260
256861518
256861696
256862094
256862269
256862750
256863120
256863836
256863949
256864174
256864431
256864948
256865002
256865076
256865880
256865965
256866173
256866223
256866559
256866684
256866861
256866914
256866978
256867064
256867303
256867354
256867362
256867363
256867611
256867641
256867791
256867901
256868602
256868820
256869937
256870069
256870131
256870409
256870450
256870455
256870585
256870713
256870816
256870830
256870972
256871193
256871338
256871531
256871871
256872131
256872669
256875268
256875709
256875786
256876202
256876397
256876451
256876493
256876598
256876855
256876886
256877108
256877587
256878275
256878928
256879322
256879335
256879476
256879690
256879730
256879743
256879774
256879788
256880155
256880198
256880309
256880386
256880467
256880826
256880888
256881209
256881562
256881652
256882225
256882260
256883462
256883666
256883704
256883717
256883800
256883989
256884098
256884552
256885670
256886422
256886436
256886752
256886775
256886840
256886848
256887065
256887214
256887317
256887325
256887447
256887522
256887833
256888142
256888430
256888455
256889291
256889358
256889426
256889454
256889563
256889655
256889717
256889797
256889901
256890094
256890309
256890410
256890451
256890452
256890761
256891126
256891297
256891620
256891795
256891804
256891814
256892292
256892377
256892578
256892800
256892861
256893027
256893164
256893256
256893367
256893379
256893477
256893879
256893942
256894077
256894150
256894576
256894610
256895181
256895185
256895629
256896248
256897777
256898281
256898322
256898495
256898716
256898854
256898910
256899138
256899326
256899457
256899516
256899553
256899558
256899607
256899641
256899721
256900009
256900708
256900728
256900775
256900796
256900965
256901980
256902243
256902641
256902678
256902729
256902977
256903170
256903182
256903287
256903703
256903798
256903881
256903954
256904144
256904221
256904260
256904905
256905216
256905225
256905292
256905459
256906248
256906397
256906896
256907281
256907468
256907481
256907780
256908050
256908575
256908803
256908856
256908944
256909438
256909523
256910261
256910320
256910676
256910690
256910826
256910835
256911066
256911414
256911746
256911749
256911881
256912159
256912343
256912351
256912690
256912998
256913539
256913853
256913967
256913975
256914294
256914358
256914514
256915335
256915579
256915695
256916125
256916561
256916742
256916770
256917096
256917097
256917192
256917257
256917455
256917583
256917596
256917879
256918090
256918468
256918486
256918704
256918819
256918906
256919002
256919691
256920062
256920267
256920581
256922685
256922759
256922765
256922983
256923033
256923221
256923287
256923326
256923372
256923404
256923419
256923443
256923447
256923759
256923911
256923955
256924216
256924263
256924283
256924897
256924909
256925139
256925247
256925323
256925351
256925627
256925780
256926762
256927017
256927127
256927433
256927591
256927746
256927852
256927972
256928045
256928234
256928246
256928341
256928470
256928552
256928689
256928746
256929016
256929309
256929781
256929813
256930054
256930906
256931232
256931892
256931922
256932024
256932072
256932154
256932361
256932721
256932847
256933040
256933367
256933371
256933510
256933601
256934096
256934247
256934342
256934398
256934567
256934654
256934988
256935078
256935237
256935345
256935489
256935737
256936347
256936550
256936734
256937232
256937947
256938064
256938212
256938288
256938351
256938381
256938680
256938800
256938940
256938950
256939177
256939446
256939653
256940332
256940515
256940620
256940775
256941155
256941235
256941522
256941827
256942024
256942145
256942177
256942351
256942418
256942527
256942556
256942696
256943047
256943136
256943227
256943280
256943521
256943629
256943665
256944396
256944519
256944555
256944934
256945012
256945468
256946974
256947087
256947465
256948251
256948267
256948479
256948581
256948773
256949380
256949446
256949538
256949563
256949769
256949906
256950329
256950648
256950825
256951053
256951215
256951614
256951798
256951825
256952208
256952336
256952496
256952646
256952900
256953556
256953706
256953850
256954051
256954509
256954676
256954901
256955063
256955401
256955762
256955975
256955986
256956309
256956525
256957308
256958084
256958851
256958957
256959487
256959819
256960757
256961271
256961606
256961806
256961862
256962432
256963110
256963430
256963545
256964054
256964217
256964571
256965065
256967794
256967829
256967868
256968044
256968481
256968607
256969066
256969243
256969528
256969572
256969731
256970069
256970172
256970430
256970477
256970969
256971178
256971492
256971542
256971616
256971856
256971869
256972012
256972140
256972403
256972657
256973201
256973341
256973425
256973560
256973637
256973971
256974032
256974239
256975126
256975253
256975720
256975721
256975832
256975960
256976473
256976667
256977231
256977301
256977404
256977744
256978013
256978893
256978948
256979007
256979141
256979207
256979246
256979323
256979531
256979597
256979670
256979773
256979934
256979987
256980059
256980468
256980513
256980861
256981805
256981822
256982098
256982275
256982421
256982468
256982504
256982541
256982558
256983372
256983661
256983663
256983675
256983911
256983936
256983949
256984044
256984072
256984456
256984622
256984940
256985085
256985240
256985253
256985415
256985748
256985812
256985994
256986267
256986423
256986565
256986593
256986631
256986656
256986689
256986742
256986814
256986841
256987359
256987612
256987621
256987733
256987835
256987892
256988040
256988857
256989038
256990364
256990544
256991170
256991294
256991347
256991374
256991632
256991657
256991946
256992037
256992205
256992241
256992942
256993178
256993507
256993519
256993727
256993782
256993841
256994117
256994148
256994219
256994238
256994442
256994473
256994887
256994925
256994964
256995378
256995419
256995481
256996017
256996059
256996071
256996212
256996281
256996335
256996454
256996467
256996512
256996566
256996670
256996686
256996700
256997115
256997175
256997207
256997659
256997671
256997810
256998046
256998908
256999692
257000006
257000073
257000664
257000730
257000937
257000965
257000996
257001105
257001381
257001439
257001518
257002561
257003294
257003345
257003843
257003952
257004416
257004633
257005061
257005073
257005093
257005113
257005413
257005472
257005593
257005866
257006004
257006005
257006088
257006320
257006733
257007009
257007312
257007316
257007432
257007878
257007969
257008031
257009218
257009901
257010091
257010117
257010419
257010875
257010903
257010918
257011381
257011570
257012082
257012187
257012267
257012283
257012467
257013214
257013839
257013926
257013931
257014227
257014940
257015627
257015695
257015705
257015913
257015983
257016254
257016298
257016700
257016714
257016768
257016859
257017305
257017366
257017520
257017854
257017982
257018057
257018579
257018612
257018632
257018673
257018806
257018941
257019086
257019332
257019385
257019568
257019659
257019875
257019940
257020123
257020168
257020207
257020244
257020246
257020330
257020402
257020536
257020597
257020617
257020652
257020683
257020711
257020857
257020880
257020987
257021119
257021309
257021624
257021690
257021892
257021961
257022931
257022977
257023069
257023179
257023492
257023698
257024087
257024175
257024181
257024318
257024398
257024560
257024576
257024893
257025936
257025943
257026334
257026448
257027170
257027187
257027336
257027437
257027688
257027741
257028083
257028328
257028481
257028556
257028736
257028806
257028953
257029375
257029614
257029692
257029758
257030172
257030303
257030394
257030778
257031149
257031165
257031286
257031616
257031629
257031727
257031785
257031983
257032190
257032281
257032431
257032505
257033120
257033415
257033467
257033474
257033626
257033722
257033790
257033900
257034002
257034244
257034385
257034431
257034701
257034826
257034964
257036319
257036344
257036655
257038025
257038350
257038355
257038527
257038582
257038680
257038794
257038865
257039237
257039445
257039520
257039576
257040110
257040542
257040652
257040678
257040826
257041224
257041532
257041567
257041568
257041578
257042156
257042358
257042522
257042591
257042805
257043251
257043368
257043410
257043417
257043705
257043784
257044031
257044110
257044475
257044497
257044776
257044843
257045136
257045518
257045540
257045541
257045557
257045981
257046735
257046751
257046819
257046830
257047179
257047407
257047723
257047780
257048000
257048276
257048303
257048330
257048659
257048816
257048962
257049100
257049177
257049536
257049766
257049780
257049801
257049900
257050035
257050063
257050362
257050373
257050402
257050461
257050711
257050815
257051081
257051128
257051231
257051351
257051452
257051457
257051565
257051705
257051962
257052671
257052931
257053014
257053086
257053145
257053289
257053344
257053406
257053697
257053715
257053833
257053857
257054547
257054740
257054791
257054895
257055015
257055398
257055566
257055614
257055855
257055887
257055955
257056021
257056080
257056344
257056396
257056523
257056575
257056682
257056706
257056803
257056899
257057136
257057268
257057383
257057418
257057860
257057968
257058003
257058444
257058717
257059141
257060459
257060488
257060959
257060973
257061010
257061060
257061102
257061258
257061297
257061425
257061467
257061762
257061766
257061791
257061811
257061918
257062007
257062138
257062384
257062385
257062521
257062523
257062536
257062703
257062835
257063026
257063125
257063320
257063363
257063663
257063747
257063868
257064412
257064610
257064659
257064890
257065022
257065051
257065118
257065164
257065247
257065276
257065421
257065715
257065821
257066088
257066106
257066113
257066136
257066175
257066194
257066415
257066501
257066647
257066681
257066782
257066836
257067063
257067518
257068031
257068096
257068112
257068279
257068322
257068884
257069013
257069508
257069605
257070027
257070058
257070182
257070239
257070692
257071014
257071043
257071125
257071356
257071498
257071800
257071953
257072084
257072146
257072410
257072718
257072865
257072871
257073029
257073724
257073783
257073784
257073837
257073847
257073892
257073907
257074010
257074617
257074866
257074889
257075549
257075647
257075931
257075965
257076384
257076589
257076891
257076911
257077025
257077062
257077105
257077253
257077363
257077452
257077676
257077721
257077823
257077850
257077910
257078211
257078407
257079016
257079249
257079325
257079474
257079560
257079639
257079709
257079907
257080121
257080332
257080400
257080521
257080900
257080988
257081156
257081208
257081631
257082625
257083094
257083560
257083805
257084063
257084089
257084310
257084657
257085163
257085352
257085720
257085728
257085953
257086152
257086436
257086660
257086687
257086773
257086858
257086926
257086934
257086991
257087069
257087573
257087654
257087749
257087892
257087923
257088077
257088260
257088703
257088919
257089018
257089037
257089134
257089190
257089376
257089612
257089817
257089953
257090031
257090120
257090138
257090192
257090968
257091200
257091273
257091427
257091631
257091657
257091742
257091815
257091834
257092114
257092131
257092170
257092456
257092469
257092551
257092710
257092772
257092857
257093059
257093063
257093079
257093306
257093405
257093455
257093473
257093560
257093678
257094344
257094600
257095071
257095243
257095563
257095637
257095705
257095771
257095776
257095798
257095822
257096005
257096052
257096323
257096765
257096941
257096985
257097038
257097079
257097532
257097609
257098275
257098403
257098486
257099178
257099214
257099731
257100041
257100045
257100081
257100111
257100477
257100584
257100598
257100629
257100670
257100891
257101125
257101146
257101258
257101553
257101699
257102207
257102362
257102557
257102737
257102772
257103699
257104209
257104228
257104540
257104872
257105161
257105280
257105363
257105425
257105598
257105803
257105807
257106246
257106278
257106511
257106541
257106899
257106932
257107332
257107374
257107752
257108101
257108454
257108580
257108962
257110064
257110262
257110317
257110705
257110717
257110971
257111592
257111729
257111762
257111897
257112035
257112044
257112080
257112371
257112700
257113144
257113169
257113229
257113496
257113624
257114587
257114616
257114810
257115020
257115919
257115999
257116409
257116429
257116851
257117125
257117134
257117666
257118038
257118997
257119500
257119968
257120457
257121080
257121440
257121689
257122232
257123356
257123623
257123647
257123776
257124341
257124626
257124699
257125165
257125191
257125404
257125499
257125673
257125706
257125749
257127157
257127219
257128027
257128100
257128750
257128844
257129802
257130300
257130348
257130541
257130566
257130666
257131030
257131546
257131557
257131638
257131662
257131751
257132625
257132812
257132930
257133085
257133883
257134062
257134291
257134300
257134513
257134712
257135376
257135604
257135770
257135907
257135953
257136565
257136641
257136906
257136976
257137031
257137266
257137565
257137734
257137924
257138560
257138659
257138711
257138769
257138839
257138859
257138867
257138968
257139061
257139239
257139434
257139609
257139890
257140484
257140507
257140765
257140900
257140906
257141146
257141388
257141614
257141629
257142069
257142155
257142248
257142537
257142719
257143043
257143192
257143283
257144288
257144462
257144610
257144958
257145001
257145357
257145530
257145566
257145570
257145585
257145651
257145880
257146023
257146111
257146202
257146532
257146541
257146696
257147253
257147459
257147612
257147622
257147809
257148046
257148496
257148567
257148606
257148750
257148806
257148913
257148924
257148945
257149100
257149378
257149444
257149631
257149647
257149689
257149812
257150076
257150102
257150148
257150367
257150483
257150515
257150528
257150872
257151594
257152511
257153139
257153174
257153348
257153446
257153533
257153546
257153628
257153711
257153755
257153911
257153933
257154014
257154042
257154081
257154090
257154115
257154149
257154316
257154426
257154654
257154676
257154834
257154886
257155001
257155043
257155853
257156060
257156748
257157196
257157440
257157501
257157505
257157583
257157632
257157820
257157862
257157874
257158314
257158334
257158379
257158466
257158623
257158629
257158765
257158826
257159333
257159419
257159603
257160147
257160287
257160403
257161068
257161458
257161779
257161820
257162029
257162321
257162367
257162435
257162673
257162697
257162733
257163481
257163788
257164195
257164629
257164763
257165301
257165562
257166139
257166367
257166536
257166787
257166982
257167218
257167299
257167469
257167635
257167664
257167747
257167923
257167991
257168104
257168155
257168156
257168280
257168305
257168479
257168531
257168563
257168818
257168824
257169139
257169345
257169414
257169743
257170064
257170526
257170636
257170773
257170809
257170927
257170944
257171013
257171174
257171244
257171527
257171571
257171728
257171755
257171759
257171780
257172248
257172457
257172829
257172849
257172967
257173035
257173061
257173417
257173875
257174009
257174191
257174253
257175131
257176168
257176322
257176323
257176325
257176573
257176648
257176909
257177071
257177170
257177199
257177209
257177245
257177528
257177641
257177811
257177824
257177835
257177947
257177982
257178112
257178203
257178328
257178946
257179000
257179098
257179123
257179289
257179415
257179443
257179503
257179556
257179793
257180057
257180327
257180333
257180357
257180496
257180818
257180920
257181066
257181148
257181273
257181547
257181604
257182452
257182792
257182816
257182867
257183136
257183383
257183437
257183495
257183704
257183724
257183778
257184341
257184561
257184580
257184589
257184961
257184990
257184993
257185496
257185917
257186060
257186084
257186180
257186770
257187154
257187178
257187354
257187572
257187683
257188035
257188365
257188581
257189294
257189325
257189531
257189540
257189867
257190043
257190121
257190202
257190315
257190322
257190327
257190625
257190663
257190768
257190964
257191029
257191282
257191451
257191621
257191736
257191781
257191872
257192112
257192281
257192532
257192606
257192891
257193192
257193261
257193546
257193629
257193685
257193876
257193939
257193986
257194036
257194053
257194219
257194730
257194777
257195136
257195559
257198047
257198067
257198347
257198449
257198455
257198546
257198668
257199151
257199339
257199346
257199354
257199459
257199588
257199635
257199641
257199687
257200023
257200445
257200598
257200699
257200777
257200970
257201305
257201438
257201494
257202022
257202198
257202868
257203698
257203852
257204003
257204217
257204354
257204357
257205240
257205591
257205950
257206466
257206595
257206892
257207094
257207107
257207265
257208662
257208775
257208881
257208942
257209011
257209769
257209835
257210004
257210232
257210635
257210717
257210749
257211306
257211711
257212146
257212534
257212549
257212605
257212636
257212669
257212906
257212966
257213101
257213109
257213152
257213375
257213432
257213489
257213531
257213544
257213602
257213767
257213861
257214008
257214401
257214668
257214772
257214941
257215246
257215247
257215610
257215682
257215827
257215912
257215987
257216019
257216032
257216161
257216243
257216296
257216384
257216547
257216716
257217024
257217072
257217280
257217652
257218167
257220040
257220392
257220572
257220665
257220956
257221051
257221125
257221213
257221780
257221941
257222071
257222982
257223006
257223119
257223143
257223162
257223191
257223293
257223343
257223383
257223696
257223717
257223809
257224254
257224623
257224661
257224955
257225015
257225226
257225642
257225807
257226013
257226038
257226938
257227179
257227215
257227255
257227907
257228096
257228171
257228200
257228392
257228629
257229314
257229319
257229348
257229519
257229919
257230000
257230222
257230383
257230860
257230992
257231548
257232393
257232668
257232678
257232712
257232752
257232775
257232959
257233140
257233424
257233438
257233447
257233457
257233716
257233811
257234087
257234109
257234271
257234427
257234512
257234783
257235140
257235259
257235640
257235692
257235779
257236065
257236342
257236648
257236709
257236949
257237137
257237269
257237331
257237347
257237584
257237866
257237985
257237989
257238019
257238212
257238325
257238421
257238961
257239053
257239133
257239175
257239343
257239644
257239745
257239907
257239975
257240235
257240297
257240403
257240873
257241132
257241368
257241593
257241819
257242126
257242139
257242513
257242623
257242633
257242740
257242798
257243168
257243252
257243562
257243600
257243846
257243924
257244078
257244118
257244221
257244250
257244301
257244615
257244621
257244926
257245618
257245664
257245787
257245897
257245899
257246212
257246601
257246619
257246631
257246728
257246833
257247123
257247558
257247600
257247616
257247620
257247779
257248547
257248571
257248992
257249338
257249419
257249704
257249803
257250178
257250309
257250322
257250407
257250796
257250931
257250970
257251209
257251454
257251457
257251855
257252081
257252140
257252256
257252316
257252981
257253194
257253283
257253398
257253607
257253616
257253803
257253823
257253908
257253980
257254077
257254209
257254273
257254367
257254749
257254802
257254959
257255072
257255099
257255323
257255528
257255529
257255741
257255768
257255906
257256259
257256302
257256421
257256479
257256523
257256661
257256861
257256942
257257191
257257218
257257407
257257566
257257632
257257925
257258153
257258406
257258433
257258527
257258613
257258789
257258805
257258968
257259053
257259170
257259319
257259532
257259683
257259735
257259775
257260102
257260152
257260503
257260747
257260913
257261297
257261420
257261549
257261753
257261777
257262384
257262798
257262841
257262845
257263100
257263104
257263120
257263148
257263197
257263264
257263443
257264439
257264792
257264897
257265064
257265091
257265287
257265579
257265779
257266089
257266224
257266512
257266793
257267351
257267464
257268766
257269118
257269398
257269926
257270269
257270335
257270615
257270726
257270868
257270885
257270903
257270944
257271167
257271322
257271675
257271682
257271723
257272311
257272453
257272748
257273190
257273372
257273414
257273518
257273805
257274090
257274473
257274618
257275346
257275411
257275693
257275694
257275747
257275748
257275810
257276310
257276342
257276782
257277164
257277370
257277404
257277623
257277829
257278545
257279123
257279159
257279269
257279284
257279553
257279861
257280578
257280920
257281336
257281662
257281781
257282303
257282951
257283474
257283605
257283705
257284103
257284355
257284453
257284797
257284873
257284908
257285764
257285798
257286269
257286286
257286478
257286559
257286731
257288013
257288724
257288881
257288993
257289035
257289105
257289618
257290139
257290462
257290549
257290658
257290756
257290846
257290972
257291365
257291382
257291409
257291655
257291667
257291954
257291955
257292647
257292775
257293027
257293070
257293112
257294224
257294478
257294710
257294954
257295837
257296086
257296182
257297186
257297275
257297282
257297291
257297387
257297606
257297888
257298020
257298404
257298405
257298490
257298787
257299225
257299388
257299531
257299585
257299746
257299953
257300165
257300172
257300263
257300575
257300655
257300965
257301291
257301729
257301839
257302075
257302209
257302270
257302290
257302425
257302467
257302689
257302696
257302773
257302931
257303036
257303227
257303576
257303933
257304078
257304122
257304162
257304810
257304970
257304993
257305281
257305381
257305964
257306183
257306190
257306193
257306408
257306498
257307115
257307404
257307887
257308029
257308128
257308246
257308616
257308648
257309025
257309064
257309080
257309369
257309475
257309623
257310123
257310383
257310415
257310682
257310958
257311105
257311402
257311967
257312280
257312412
257312496
257313080
257313296
257313531
257313797
257313973
257314086
257314631
257315325
257315799
257316055
257316358
257316847
257317207
257317246
257317332
257317401
257317442
257317914
257317998
257318634
257318822
257319239
257319674
257320140
257320188
257320505
257320842
257321662
257321729
257321889
257321956
257322536
257322612
257322850
257322868
257323318
257323818
257323862
257324109
257324229
257324427
257324703
257325169
257325388
257325646
257325833
257326002
257326179
257326253
257326352
257326551
257326869
257327002
257327110
257327659
257327703
257328003
257328555
257328834
257328969
257329325
257329925
257330715
257330853
257331177
257331183
257331814
257331880
257332011
257332728
257333218
257333299
257334905
257335357
257335578
257335758
257335793
257335957
257336022
257336233
257336341
257336503
257336514
257336702
257336706
257337277
257338550
257339217
257339271
257339318
257339499
257339582
257339932
257340042
257340061
257340251
257340765
257341539
257341641
257341750
257342184
257342223
257342356
257342826
257343153
257343191
257343876
257344282
257344442
257344640
257345107
257346504
257346646
257346740
257347009
257348260
257349087
257349107
257349405
257349450
257350026
257350405
257350630
257351177
257351630
257352067
257352482
257352518
257352570
257353004
257353028
257353277
257353385
257353588
257354942
257355091
257356994
257357145
257357476
257357747
257358006
257358178
257358225
257358949
257359460
257359618
257359951
257361186
257361389
257361523
257362154
257362289
257364123
257364476
257364846
257365155
257365252
257365507
257365882
257366094
257366113
257366174
257366552
257367052
257368809
257368866
257369002
257369374
257369498
257369727
257369975
257370949
257371473
257372020
257372087
257372157
257372214
257372410
257372461
257372758
257372889
257372979
257373407
257373558
257373611
257373752
257373838
257374383
257374399
257376272
257376771
257376915
257376928
257378526
257379543
257379868
257380661
257380677
257380768
257380886
257380935
257380979
257380985
257381009
257381025
257381245
257381353
257381581
257381678
257381908
257382043
257382074
257382093
257382107
257382194
257382847
257383530
257383882
257383947
257384092
257384245
257384275
257384302
257385151
257385440
257385496
257385809
257386084
257386520
257386578
257386806
257387063
257388370
257388373
257388524
257389170
257390274
257390447
257390556
257390589
257391233
257391239
257391271
257391336
257391423
257391679
257391695
257391763
257391994
257392282
257392298
257392363
257392647
257392729
257393035
257393305
257393336
257393369
257393634
257393653
257394096
257394379
257394602
257394783
257395016
257395093
257395251
257395291
257395437
257395783
257395914
257396103
257396367
257396818
257396853
257397670
257397859
257397876
257398006
257398390
257398676
257398852
257399000
257399104
257399129
257399455
257399581
257399818
257399863
257399902
257400545
257400754
257401911
257402096
257402254
257402474
257402771
257402854
257402887
257402978
257403357
257403600
257403652
257403709
257403938
257404039
257404723
257404754
257404785
257404804
257404851
257405318
257405346
257405568
257405665
257405762
257406319
257406671
257406881
257406913
257406962
257406967
257407036
257407101
257407257
257407262
257407362
257407588
257407636
257407648
257407725
257408100
257408317
257408377
257408514
257408573
257408700
257409366
257409390
257409427
257409748
257409951
257409980
257410007
257410305
257410321
257410344
257410573
257410577
257410746
257411061
257411649
257412318
257412345
257412790
257413198
257413311
257413598
257413674
257413715
257414035
257414091
257414442
257414464
257414493
257414582
257414642
257414694
257414785
257415293
257415754
257415957
257416014
257416390
257416642
257416997
257417153
257417173
257417247
257417382
257417495
257417498
257417535
257417714
257418309
257418380
257418465
257418542
257418735
257418961
257419259
257419319
257419394
257419995
257420243
257420288
257420299
257420328
257420690
257420734
257420796
257420882
257422107
257422211
257422577
257422886
257422949
257423051
257423367
257423502
257423597
257423604
257423704
257423719
257424244
257424546
257424697
257425098
257425196
257425488
257425778
257425934
257425941
257426030
257426086
257426297
257426453
257427452
257427491
257427498
257427538
257427610
257427920
257428267
257428483
257428719
257428937
257429104
257429179
257429386
257429446
257429823
257430013
257430091
257430551
257430693
257430707
257430865
257431199
257431215
257431290
257431728
257432323
257432747
257433188
257433240
257433539
257433824
257434129
257434208
257434315
257434405
257434484
257434489
257434755
257434779
257434956
257435271
257435414
257435550
257435616
257435956
257436022
257436240
257436286
257436574
257436743
257437146
257437341
257438183
257438235
257438345
257438434
257438568
257438598
257438690
257438732
257439259
257439355
257439472
257439541
257439694
257439705
257440038
257440270
257440614
257440644
257440865
257440880
257441114
257441217
257441260
257441636
257441665
257442049
257442130
257442392
257443226
257443694
257443700
257443716
257443860
257444107
257444208
257444473
257444627
257445567
257445720
257446339
257447141
257447231
257447549
257447974
257447980
257448295
257448457
257448716
257448753
257449083
257449567
257449605
257449678
257449785
257449795
257450044
257450557
257450885
257450942
257451003
257451431
257451441
257451498
257452019
257452255
257452306
257452400
257452549
257452807
257452996
257453166
257453309
257453514
257453776
257453914
257454093
257454505
257454515
257455001
257455167
257455664
257455700
257455786
257455806
257455821
257455922
257456766
257456857
257457092
257457125
257457173
257457301
257457473
257457862
257457929
257458107
257458160
257458490
257458551
257458813
257458821
257458913
257459113
257459525
257459628
257459907
257459946
257460002
257460319
257460770
257460883
257460917
257461013
257461146
257461279
257461378
257461449
257461554
257461681
257461847
257461897
257462236
257462245
257462351
257463234
257463507
257463753
257464127
257464273
257464311
257464677
257464978
257464981
257465042
257465069
257465290
257465301
257465348
257465925
257465959
257466179
257466218
257466832
257466907
257467101
257467152
257467570
257467584
257468002
257468188
257469055
257470362
257470370
257470432
257470507
257470562
257470717
257470783
257470997
257471159
257471226
257471284
257471386
257471576
257471874
257471885
257471918
257472157
257472212
257472683
257472713
257472982
257473280
257473331
257473335
257473395
257473819
257473872
257474338
257474473
257474561
257474613
257474863
257474886
257475171
257475242
257475255
257475624
257475748
257476337
257476467
257476472
257476593
257476832
257476934
257477510
257478137
257478143
257478749
257478991
257479131
257479195
257480058
257480287
257480738
257481139
257481621
257481721
257481918
257481932
257482145
257482209
257482681
257482980
257483622
257483798
257483828
257483960
257484097
257484109
257485004
257485083
257485138
257485283
257485290
257485386
257485388
257485392
257485857
257485862
257486099
257486217
257486313
257486348
257486367
257486388
257486412
257486533
257486538
257486609
257487014
257487174
257487352
257487488
257487683
257487842
257487845
257488107
257488157
257488712
257488881
257489129
257489294
257489533
257489737
257489990
257490095
257490118
257490363
257490872
257491151
257491309
257492483
257493369
257493408
257493455
257493879
257493903
257493990
257494021
257494111
257494120
257494221
257494251
257494272
257494297
257494443
257494515
257494908
257494930
257495079
257495141
257495152
257495351
257495454
257495790
257497263
257497522
257497570
257497812
257497846
257497978
257498078
257498273
257498547
257499470
257499477
257500016
257500093
257500518
257500535
257500774
257501114
257501680
257501734
257501769
257501899
257501923
257502386
257502449
257502511
257503053
257503212
257503938
257503949
257504018
257504403
257504638
257504795
257504931
257505030
257505203
257506227
257506342
257506717
257506855
257507630
257507679
257507684
257507994
257508050
257508108
257508372
257508403
257508410
257508723
257508754
257508791
257508966
257509050
257509062
257509198
257509843
257510462
257510551
257510639
257510720
257510807
257510944
257511269
257511294
257511367
257511616
257511719
257511968
257512084
257512230
257512350
257512359
257513230
257515303
257515342
257515364
257515763
257515911
257516094
257516095
257516156
257516419
257516523
257516860
257516965
257517005
257517203
257517400
257517493
257517611
257517794
257517868
257517891
257517899
257517915
257517946
257517960
257517987
257518034
257518047
257518255
257518653
257519155
257519469
257519822
257519918
257519939
257519968
257519993
257520163
257520216
257520458
257520595
257520708
257520798
257521217
257521227
257521237
257521460
257521624
257521933
257522036
257522101
257522451
257522958
257523957
257524001
257524079
257524101
257524175
257524294
257524340
257524510
257524714
257524915
257525690
257525815
257527004
257527293
257527494
257527572
257527626
257527925
257527930
257528130
257528236
257528437
257528603
257528829
257528832
257529019
257529136
257529183
257529880
257530015
257530169
257530288
257530305
257530582
257530954
257531020
257531059
257531089
257531161
257531524
257531706
257531715
257531881
257531976
257532075
257532113
257532352
257532448
257532509
257532516
257532756
257533332
257533482
257533565
257533832
257533878
257533975
257533979
257534031
257534133
257534266
257534569
257534845
257534982
257535017
257535048
257536472
257537675
257537814
257538607
257538793
257538815
257538902
257539049
257539303
257539327
257539449
257539661
257539702
257540029
257540101
257540176
257540355
257540383
257540454
257540684
257541212
257541747
257542221
257542435
257542744
257542810
257542815
257543019
257543076
257543394
257543442
257543553
257543631
257543668
257544156
257544362
257544444
257545106
257545114
257545890
257546287
257546394
257546396
257546604
257546953
257547155
257547183
257547313
257547680
257547797
257548156
257548172
257548228
257548301
257548403
257548445
257548926
257548992
257549130
257549196
257549894
257549956
257549993
257550489
257550496
257550717
257550965
257550993
257551388
257551629
257551750
257552061
257552072
257552134
257552138
257552399
257552518
257552639
257553058
257553063
257553108
257553257
257553266
257553297
257553409
257553410
257553725
257554002
257554475
257554510
257554671
257554678
257554754
257554826
257554885
257554896
257555391
257555493
257555625
257555919
257555940
257555980
257556020
257556055
257556333
257556423
257556438
257556633
257556640
257556769
257556816
257557024
257557027
257557033
257557212
257557371
257557460
257557496
257557691
257557738
257557914
257558021
257558082
257558273
257558829
257558979
257559409
257559767
257559830
257560461
257560502
257560560
257560679
257560968
257561011
257561270
257561973
257562257
257562312
257562556
257562599
257563684
257563925
257564229
257564309
257564399
257564584
257564905
257565017
257565168
257565226
257565520
257565614
257566001
257566015
257566219
257566407
257566552
257566731
257566982
257567032
257567043
257567843
257568375
257568671
257568826
257568978
257569285
257569466
257569879
257570086
257570307
257570351
257570532
257570539
257570637
257571007
257571377
257571481
257571584
257571629
257571696
257572163
257572363
257572567
257572938
257573235
257573286
257573383
257573452
257573493
257573557
257573567
257573740
257573989
257574136
257574300
257574370
257574572
257575186
257575202
257576062
257576165
257576308
257576614
257577405
257577585
257577774
257577849
257577854
257578011
257578200
257578277
257578342
257578523
257578865
257578977
257579185
257579274
257579567
257579647
257579758
257579875
257580139
257580233
257580508
257580867
257580983
257581096
257581491
257581707
257581937
257582013
257582082
257582824
257582948
257583448
257583450
257583517
257583828
257583848
257583970
257584138
257584336
257584605
257585056
257585392
257586566
257586709
257587057
257587082
257587600
257587728
257588140
257588358
257588794
257589195
257589198
257590421
257591256
257591288
257592028
257592062
257592418
257593231
257593470
257593774
257594069
257594148
257594298
257595585
257595646
257596359
257596529
257596800
257596813
257596923
257598622
257598910
257598983
257599148
257599481
257599561
257600136
257601021
257601180
257601598
257601702
257601907
257604314
257604649
257604674
257604774
257605391
257605506
257605664
257605745
257605964
257606050
257606243
257606452
257607190
257607538
257607820
257608114
257608342
257608461
257608927
257609162
257609186
257609217
257609281
257609392
257610080
257610095
257610208
257610350
257610632
257610638
257610655
257610690
257610765
257610873
257610902
257611072
257611274
257611420
257611464
257611548
257612203
257612252
257612310
257612340
257612356
257612573
257612660
257612687
257612877
257612902
257613131
257613335
257613371
257613528
257613555
257613603
257613729
257613765
257613835
257613941
257614022
257614195
257614291
257614447
257614548
257614592
257614608
257615277
257615407
257615445
257615632
257616090
257616163
257616175
257616203
257616307
257616342
257617091
257617170
257617335
257617473
257617624
257617637
257617654
257617800
257618184
257618301
257618462
257618516
257618657
257618671
257618771
257619081
257619710
257620175
257620905
257621291
257621453
257621923
257622003
257622093
257622106
257622599
257622667
257622746
257622781
257622844
257623205
257623373
257623402
257623808
257623887
257623967
257624089
257624449
257624451
257624586
257625226
257625312
257626230
257626251
257626336
257626367
257626617
257627112
257627432
257627932
257627987
257628034
257628133
257628332
257628352
257628452
257628548
257628618
257628737
257628812
257628949
257629338
257629381
257629457
257629526
257629579
257629617
257629680
257629758
257629805
257630144
257630452
257630884
257630974
257630979
257630995
257631085
257631112
257631238
257631309
257631614
257631652
257631931
257631943
257632184
257633155
257633506
257633516
257635117
257635438
257636234
257636258
257636834
257636840
257637104
257637370
257637415
257637450
257637524
257637690
257637766
257638055
257638444
257639325
257639444
257640084
257640478
257640487
257640893
257641877
257642362
257642847
257642921
257643434
257643438
257643460
257643474
257643634
257643713
257644019
257644060
257644564
257644896
257645333
257645417
257645634
257645694
257645760
257645901
257646009
257646099
257646154
257646294
257646349
257646411
257646623
257646787
257646800
257646871
257647107
257647108
257647125
257647203
257647301
257647540
257647609
257647649
257647946
257648204
257649237
257649490
257650098
257650936
257651659
257651716
257651773
257651782
257651792
257652189
257652645
257652761
257652876
257652884
257652921
257652942
257652991
257653053
257653059
257653319
257653443
257653566
257653861
257653880
257653989
257654419
257654675
257654755
257655284
257655650
257655788
257656019
257656108
257656376
257656639
257656779
257656883
257657158
257657289
257657439
257657578
257657855
257658443
257659431
257659860
257659868
257659977
257660074
257660234
257660389
257660722
257660908
257661561
257661963
257662019
257662324
257662519
257663104
257663203
257664195
257664238
257664248
257664313
257664736
257664857
257664968
257665465
257665586
257665695
257665799
257665954
257666028
257666069
257666317
257666373
257667331
257667596
257667884
257667898
257667905
257668010
257668163
257668495
257668566
257668615
257668636
257668923
257669229
257669285
257669381
257669437
257669541
257669639
257669720
257669785
257669815
257670000
257670030
257670052
257670478
257670610
257671219
257671894
257671897
257672161
257673742
257673812
257673816
257673962
257673978
257673996
257674056
257674072
257674082
257674147
257674404
257674487
257674519
257674646
257674787
257674792
257674925
257675158
257675179
257675440
257675534
257675549
257675591
257675654
257675795
257675944
257676223
257676448
257676551
257676687
257677015
257677439
257677483
257677493
257677899
257678018
257678032
257678571
257678646
257678670
257678715
257678770
257679092
257679093
257679418
257679466
257679470
257679500
257679513
257679591
257679697
257680085
257680121
257680415
257680494
257680813
257681081
257681145
257681329
257681358
257682094
257682129
257682629
257682663
257683080
257683237
257683778
257684114
257684179
257684851
257684917
257685100
257685355
257686260
257686449
257686774
257689322
257689353
257689640
257689664
257690131
257690395
257690402
257690412
257690510
257690820
257690893
257691046
257691069
257691211
257691393
257691526
257691550
257691606
257691865
257692027
257693677
257694170
257694335
257695966
257696038
257696115
257696451
257696520
257696769
257696919
257697086
257697181
257697337
257697426
257697441
257697623
257697779
257698021
257698045
257698114
257698248
257698257
257698270
257698630
257698680
257698761
257699217
257699253
257699483
257699713
257699800
257699890
257700092
257700382
257700816
257700818
257700857
257700892
257701224
257701296
257701314
257701819
257701908
257702096
257702248
257702312
257702324
257702661
257702729
257703010
257703046
257703462
257703741
257703821
257703855
257703923
257703936
257704138
257704225
257704282
257704816
257705022
257705199
257705839
257706115
257706181
257706218
257706417
257706447
257706988
257708102
257708351
257708506
257708612
257708761
257708929
257709219
257710341
257710375
257710477
257710519
257710601
257710705
257710992
257711006
257711257
257711308
257711371
257711686
257711830
257711836
257712025
257712078
257712572
257712708
257712771
257712859
257712938
257713021
257713067
257713221
257713250
257713720
257714232
257714480
257714848
257715060
257715061
257715275
257715296
257715380
257715741
257716134
257716153
257716328
257716383
257716617
257716813
257717045
257717087
257718670
257718818
257718856
257719540
257719802
257720300
257720369
257720473
257720479
257720541
257720666
257721406
257722179
257722343
257722681
257722685
257722937
257723209
257723387
257723467
257723576
257723637
257724047
257724421
257724424
257724496
257724765
257724890
257724908
257725122
257725577
257725673
257725876
257725984
257726459
257726494
257726656
257726792
257726950
257727140
257727274
257727375
257727586
257727969
257728161
257728688
257728735
257728825
257729026
257729067
257729340
257729388
257729476
257729501
257729704
257729872
257730157
257730230
257730286
257730856
257731031
257731054
257731165
257731462
257731610
257731812
257731868
257732219
257732484
257732496
257732654
257732681
257732789
257733247
257733303
257733313
257733627
257734059
257734060
257734114
257734547
257734570
257734719
257734834
257735113
257735380
257735415
257735430
257735535
257735794
257735968
257736170
257736416
257736446
257736475
257736482
257736493
257736599
257736653
257736709
257736901
257737027
257737434
257738088
257738215
257738245
257738731
257738755
257739672
257739720
257740107
257740232
257740334
257740561
257740705
257740838
257740995
257741151
257741187
257741400
257741538
257742579
257742817
257742848
257742877
257742932
257743130
257743319
257743757
257743759
257744026
257744587
257745063
257745074
257745109
257745328
257745349
257745482
257745527
257746121
257746212
257746293
257746333
257746637
257746820
257747974
257748346
257748651
257748738
257748849
257749285
257750584
257751240
257751389
257751440
257751711
257751789
257751920
257752126
257752473
257752485
257752592
257752715
257752966
257753071
257753112
257753160
257753822
257754086
257754281
257755059
257755152
257755227
257755260
257755672
257755963
257756489
257757520
257757752
257757811
257758019
257758234
257758328
257758731
257758980
257759048
257759212
257759490
257759571
257760048
257760183
257760229
257760945
257761054
257761127
257761462
257761581
257762008
257762515
257762591
257762618
257762623
257762707
257762750
257762827
257763048
257763518
257763669
257763754
257763810
257764429
257764498
257764548
257764594
257765141
257765276
257765342
257765562
257765569
257765642
257766257
257766334
257766416
257766451
257766805
257766845
257766870
257766963
257767293
257767439
257767707
257768087
257768111
257768270
257768635
257768778
257768900
257768953
257769185
257769214
257769407
257769444
257769488
257769762
257769802
257769811
257769937
257770481
257770483
257770674
257770990
257771098
257771165
257771281
257771584
257771881
257772018
257772180
257772316
257772686
257772688
257772742
257772903
257773015
257773060
257773142
257773519
257773691
257773979
257773980
257774025
257774483
257774786
257774923
257774954
257774970
257775090
257775389
257775437
257775629
257775697
257775833
257776413
257776577
257776738
257776832
257777035
257777038
257777445
257777793
257777837
257778104
257779101
257779217
257779624
257779683
257779711
257779856
257780031
257780052
257780237
257780617
257780627
257780747
257780864
257781480
257781517
257782239
257782253
257782257
257782340
257782345
257782753
257782810
257782965
257783428
257783595
257783672
257783690
257783837
257783961
257784037
257784164
257784715
257784909
257784934
257785115
257785216
257785728
257785793
257785848
257786062
257786161
257786220
257786270
257786500
257786567
257786741
257786828
257786907
257786951
257786973
257787346
257787365
257787440
257787666
257788214
257788776
257788801
257789159
257789208
257789223
257789442
257789773
257789855
257789932
257789964
257790055
257790207
257790227
257790355
257790620
257790650
257790669
257790710
257790733
257790758
257790884
257790902
257790950
257791510
257792074
257792322
257792366
257792717
257792789
257792880
257793040
257793417
257793841
257794010
257794158
257794164
257794171
257794311
257794342
257794364
257794415
257794756
257794826
257795033
257795132
257795660
257795793
257795845
257796295
257796299
257796301
257796590
257796723
257797007
257797303
257797391
257797668
257798077
257798413
257798537
257798785
257798967
257799107
257799414
257799839
257799854
257799863
257800050
257801152
257801314
257801589
257801647
257801817
257801941
257802067
257802094
257802190
257802270
257803631
257803842
257803918
257803947
257804018
257804049
257804177
257804267
257804734
257804899
257805239
257805297
257805386
257805482
257805717
257805823
257806111
257806319
257806439
257806703
257807041
257807066
257807418
257807507
257807610
257807730
257808015
257808069
257808084
257808471
257808609
257808659
257808796
257809106
257809314
257809396
257809637
257809714
257810580
257813817
257813827
257814353
257814433
257814542
257814712
257814951
257815242
257815370
257815442
257815486
257815584
257815813
257816154
257816316
257816364
257816393
257816486
257816522
257817093
257817144
257817533
257817809
257818156
257818157
257818525
257818623
257819023
257819298
257819488
257819700
257819782
257820034
257820285
257820743
257820942
257821039
257821174
257821246
257821422
257821676
257821872
257821918
257822127
257822520
257822672
257822703
257822710
257823038
257823234
257823606
257823800
257823818
257823842
257824172
257824554
257824840
257824886
257824974
257825218
257825364
257825554
257825626
257826049
257826687
257826690
257826784
257826994
257827348
257827424
257827553
257827767
257827974
257828055
257828167
257828821
257828881
257829106
257829319
257829332
257829727
257829900
257830289
257830549
257830618
257830698
257830969
257831163
257831228
257831671
257831741
257831975
257832003
257832086
257832660
257833500
257833575
257833833
257834559
257834939
257835213
257836211
257837550
257837573
257837673
257837751
257837778
257837844
257837881
257837889
257838176
257838225
257838336
257838400
257838521
257838591
257838750
257838810
257838992
257839376
257839709
257839834
257840005
257840117
257840395
257840524
257840938
257841014
257841266
257841589
257841638
257841818
257841849
257842050
257842112
257842583
257842586
257842595
257842852
257842966
257843056
257843408
257843679
257843749
257844042
257845290
257845474
257845484
257845706
257845798
257846183
257846249
257847118
257847431
257847513
257847661
257847740
257847880
257847917
257848848
257849236
257849409
257849440
257849592
257849689
257849722
257849749
257849850
257849944
257850151
257850759
257850770
257850818
257851078
257851105
257851190
257851319
257851495
257851559
257851683
257851775
257851818
257852014
257852275
257852472
257852810
257852870
257853013
257853259
257853378
257853513
257853689
257853718
257853847
257854023
257854024
257854245
257854650
257854808
257854947
257855168
257855507
257855525
257855881
257855940
257856062
257856083
257856090
257856210
257856303
257856483
257856618
257856654
257856694
257856843
257856887
257857166
257857297
257857399
257857530
257857538
257857803
257858343
257858400
257858654
257860362
257861503
257861539
257862050
257862432
257862526
257862858
257862986
257863099
257863206
257863295
257863305
257863462
257863649
257863684
257863795
257864192
257864272
257864377
257864468
257864489
257864723
257864908
257864909
257865705
257865765
257865847
257866124
257866129
257866475
257866525
257866528
257866669
257866832
257866981
257867136
257867201
257867209
257867446
257867592
257867686
257867875
257868048
257868154
257868865
257868955
257869200
257869221
257869259
257869340
257869387
257869896
257870041
257870564
257870669
257870678
257870716
257870886
257870921
257871399
257871698
257872305
257872335
257872392
257872425
257872961
257873301
257873498
257873718
257874084
257874298
257874521
257874590
257875044
257875097
257875479
257875513
257875868
257876085
257876479
257876635
257877553
257877833
257877902
257878205
257878458
257878998
257879324
257879549
257879563
257880334
257880496
257880608
257880994
257880998
257881171
257881183
257881658
257882068
257882252
257882255
257882273
257882422
257882506
257882583
257883558
257883816
257886200
257886703
257887100
257887222
257887404
257887523
257887554
257887566
257887875
257888432
257888711
257889079
257889314
257889334
257889562
257889781
257890179
257891664
257892240
257892387
257892578
257892888
257892954
257893141
257893236
257893338
257893722
257893764
257894305
257894463
257894582
257894660
257894814
257895105
257895362
257895697
257895835
257895879
257896022
257896093
257896881
257896937
257897390
257897582
257898231
257898486
257899184
257899188
257899310
257900135
257900723
257901163
257901870
257902033
257902142
257902513
257902797
257902862
257902982
257903191
257903758
257904460
257904694
257905336
257906041
257906050
257906160
257906788
257906863
257907180
257907436
257907537
257907544
257908391
257908956
257909008
257910349
257910511
257911186
257912220
257912226
257912452
257913281
257913821
257914309
257914913
257914962
257915017
257915780
257916022
257916443
257916919
257917177
257917482
257917927
257918812
257918902
257918912
257919816
257919885
257920455
257921253
257921837
257921852
257922338
257922381
257922458
257922883
257924348
257924781
257925905
257926287
257926489
257927239
257927304
257927316
257928114
257928309
257928418
257928766
257929728
257929917
257930553
257930694
257930868
257931290
257931484
257931878
257932742
257932905
257933987
257934031
257934034
257934919
257935108
257935409
257936481
257936497
257936640
257936850
257937897
257938099
257938222
257938360
257938461
257938664
257938709
257939333
257939483
257939523
257939770
257940296
257940479
257940588
257940747
257941028
257941280
257941868
257942390
257942954
257944403
257944498
257944523
257944554
257944748
257945106
257945178
257945183
257945270
257945388
257945401
257945423
257945506
257945778
257945928
257945999
257946076
257946215
257946365
257946394
257946435
257946596
257946614
257947868
257948110
257948522
257948527
257948664
257948803
257948857
257948888
257949063
257949134
257949159
257949476
257949636
257949668
257949854
257950084
257950489
257950536
257950676
257950716
257950888
257951885
257952284
257952404
257953377
257953574
257954928
257955178
257955417
257955441
257955474
257955495
257955832
257955937
257956898
257956917
257956919
257957456
257957531
257957629
257957748
257958505
257958619
257958620
257958779
257958947
257959011
257959026
257959251
257959396
257959435
257959601
257959681
257960108
257960862
257961185
257961394
257961678
257961825
257961988
257962117
257962677
257962846
257963737
257964644
257965016
257965736
257966524
257966701
257966943
257967025
257967181
257967314
257967595
257967726
257967950
257968111
257968598
257968757
257968762
257968896
257969112
257969296
257971132
257971848
257971993
257972209
257972711
257972779
257972950
257973008
257973382
257973442
257973870
257973896
257974123
257974415
257974514
257974605
257974651
257974831
257974844
257975035
257978688
257978894
257979052
257979127
257979770
257980040
257980103
257980375
257980533
257980700
257980793
257981023
257981104
257981141
257981536
257981551
257982355
257982660
257982903
257982918
257983665
257983838
257983966
257984015
257984162
257984298
257986409
257986836
257986937
257989086
257989115
257989162
257989559
257989891
257990050
257991255
257991287
257991317
257991327
257992050
257992218
257992518
257992569
257992591
257992635
257993211
257993645
257993652
257993698
257994317
257994371
257994380
257994898
257995004
257995104
257995506
257996773
257997005
257997166
257997181
257997211
257997306
257997307
257997379
257998598
257998664
258014614
258015633
258015856
258016271
258017229
258017350
258018059
258018273
258018495
258018507
258018932
258019193
258019219
258019481
258020648
258020696
258025918
258026557
258026641
258026676
258026811
258027733
258027782
258028990
258029142
258030034
258030594
258031396
258032302
258033219
258033309
258034215
258034956
258035188
258035230
258035474
258035692
258035757
258035823
258036028
258036039
258037014
258037426
258037600
258039504
258039549
258040236
258040938
258041724
258041855
258042530
258042598
258042851
258043245
258043532
258043959
258044076
258044169
258044591
258044631
258044985
258051611
258051837
258053039
258053124
258053187
258053600
258053632
258053824
258053879
258054263
258054410
258054648
258055488
258056046
258057593
258059972
258060742
258060771
258061721
258062418
258062566
258062854
258063379
258064234
258065487
258065661
258065803
258066444
258067316
258068186
258068829
258068876
258069303
258070507
258070787
258070951
258070988
258071390
258071429
258072604
258073385
258074070
258074158
