248750808
248750874
248750971
248751044
248751237
248751339
248751342
248751391
248751422
248751439
248751470
248752150
248752160
248752732
248752828
248752845
248752864
248752883
248753208
248753264
248753430
248753761
248753765
248753854
248753903
248753937
248754229
248754577
248754583
248754588
248754610
248754751
248754894
248754995
248755289
248755344
248755488
248755530
248755629
248755682
248755843
248756214
248756482
248756537
248756734
248756913
248756982
248757006
248757323
248757490
248757494
248757623
248757844
248757861
248758348
248758350
248758552
248758561
248758592
248758637
248758745
248758800
248758839
248759084
248759099
248759980
248760463
248760549
248760562
248760820
248760860
248761148
248761422
248761624
248761775
248761818
248761940
248762113
248762376
248762452
248762706
248762843
248763348
248763479
248763560
248763603
248763619
248763650
248763792
248764277
248764424
248764475
248764894
248765240
248765322
248765339
248765571
248765609
248765785
248765807
248765927
248765958
248766235
248766302
248766382
248766400
248766782
248767189
248767222
248767332
248767565
248767608
248767639
248767668
248767745
248768224
248768311
248768376
248768424
248768443
248768623
248768797
248768985
248769056
248769402
248769403
248769480
248769655
248769683
248769811
248770007
248770052
248770082
248770178
248770235
248770494
248770548
248770857
248771049
248771156
248771221
248771289
248771640
248771905
248771988
248772246
248772493
248772688
248772912
248772961
248772965
248773302
248773425
248773514
248773584
248773702
248773757
248773758
248773765
248773862
248773870
248773899
248774500
248774501
248774540
248774562
248774714
248774885
248774916
248774950
248774967
248775044
248775120
248775320
248775558
248775710
248775800
248776125
248776543
248776582
248776822
248776875
248776978
248777262
248777612
248777863
248777864
248777928
248778018
248778642
248778864
248778874
248779108
248779450
248779504
248779580
248779615
248779700
248780054
248780145
248780180
248780316
248780411
248780502
248780513
248780821
248781129
248781354
248781425
248781607
248781849
248782057
248782069
248782300
248782700
248782931
248782942
248782960
248783018
248783216
248783257
248783839
248784146
248784192
248784463
248784476
248784486
248784569
248784667
248784793
248784811
248784983
248785238
248785410
248785416
248785438
248785506
248785549
248785621
248785627
248785668
248785780
248785836
248786011
248786299
248786619
248786814
248786869
248787138
248787158
248787249
248787329
248787700
248787720
248787886
248788084
248788087
248788297
248788613
248788681
248788762
248788888
248789097
248789198
248789289
248789304
248789389
248789903
248790011
248790098
248790103
248790121
248790410
248790619
248790626
248790631
248790661
248790750
248790778
248790939
248790978
248791184
248791268
248791476
248791556
248791572
248791602
248791625
248792284
248792299
248792564
248792909
248792911
248792958
248793096
248793143
248793282
248793294
248793369
248793401
248793507
248793666
248793953
248793999
248794037
248794644
248794683
248794800
248795131
248795369
248795462
248795561
248795623
248795996
248796010
248796224
248796476
248796641
248796694
248796780
248796801
248796904
248796946
248797009
248797246
248797331
248797696
248798050
248798137
248798409
248798438
248798460
248799125
248799167
248799177
248799675
248799692
248799766
248800182
248800548
248800754
248800768
248800927
248801004
248801035
248801275
248801321
248801530
248801564
248801618
248801661
248801925
248802115
248802215
248802312
248802341
248802358
248802389
248802641
248802655
248802947
248803157
248803413
248803645
248803790
248804052
248804176
248804280
248804444
248805036
248805060
248805281
248805295
248805394
248805689
248806018
248806101
248806206
248806286
248806511
248806642
248806905
248806918
248806954
248807023
248807072
248807091
248807558
248807633
248807657
248807737
248807833
248808096
248808100
248808209
248808254
248808288
248808307
248808537
248808679
248808881
248808886
248809025
248809078
248809265
248809278
248809414
248809663
248810162
248810275
248810350
248810371
248810389
248810395
248810444
248810712
248810903
248811007
248811376
248811479
248811540
248811869
248811933
248812109
248812321
248812526
248812659
248812897
248813431
248813519
248813997
248814006
248814283
248814332
248814678
248814731
248815219
248815326
248815578
248815653
248815656
248815844
248815934
248816259
248816359
248816399
248816462
248816486
248816643
248816908
248816932
248816956
248817513
248817593
248817791
248817811
248817869
248818053
248818125
248818208
248818291
248818616
248818628
248818673
248818734
248818780
248818843
248819139
248819268
248819680
248819862
248819925
248819928
248820469
248820490
248820627
248820791
248821017
248821200
248821270
248821390
248821454
248821574
248821886
248822158
248822231
248822253
248822266
248822296
248822402
248822467
248822587
248822672
248822718
248823006
248823151
248823445
248823506
248823888
248824525
248824618
248824713
248824762
248824763
248824776
248824808
248824915
248824987
248825154
248825350
248825357
248825886
248825980
248826374
248826500
248826601
248826682
248826711
248827319
248827502
248827580
248827678
248827900
248827979
248828266
248828375
248828473
248828475
248828847
248829025
248829059
248829165
248829329
248829613
248829925
248829994
248830157
248830226
248830346
248830412
248830477
248830748
248830776
248830926
248831200
248831467
248831532
248831626
248831684
248832026
248832031
248832342
248832394
248832452
248832724
248832863
248833165
248833188
248833245
248833342
248833355
248833585
248833910
248834099
248834108
248834130
248834601
248834663
248834803
248834942
248835141
248835615
248835667
248835829
248836189
248836222
248836225
248836285
248836303
248836348
248836353
248836534
248836551
248836988
248837010
248837271
248837305
248837435
248837455
248837520
248837563
248838012
248838146
248838207
248838378
248838853
248838915
248839208
248839230
248839276
248839290
248839292
248839300
248839416
248839492
248839744
248839928
248840170
248840188
248840447
248840448
248840460
248840532
248840571
248840954
248840975
248840992
248841055
248841175
248841190
248841216
248841650
248842074
248842432
248842550
248842855
248842909
248842962
248843009
248843049
248843530
248843595
248843618
248843670
248843956
248844060
248844091
248844125
248844240
248844261
248844529
248844628
248844910
248844939
248844940
248844958
248845135
248845167
248845619
248845857
248845950
248845971
248846083
248846100
248846127
248846365
248846416
248846469
248846595
248846597
248846667
248846953
248846970
248847253
248847276
248847325
248847476
248847567
248847634
248847804
248848053
248848156
248848235
248848830
248848923
248849066
248849395
248849497
248849609
248849933
248850359
248850512
248850513
248850941
248851168
248851182
248851306
248851562
248851667
248851886
248851925
248852047
248852052
248852275
248852523
248852580
248852763
248852889
248853008
248853091
248853177
248853214
248853736
248853973
248854655
248855120
248855203
248855458
248855461
248855614
248855634
248855953
248856002
248856028
248856030
248856296
248856351
248856547
248856834
248857043
248857142
248857627
248857749
248857886
248857923
248857967
248858056
248858313
248858411
248858474
248858598
248858634
248858873
248858897
248859000
248859151
248859161
248859314
248859632
248859835
248859893
248860066
248860075
248860196
248860392
248860440
248860572
248860658
248860960
248861012
248861208
248861335
248861357
248861360
248861380
248861423
248861519
248861749
248862023
248862136
248862141
248862376
248862504
248862634
248862761
248862825
248863150
248863219
248863257
248863307
248863346
248863372
248863838
248863858
248863910
248863998
248864015
248864071
248864148
248864155
248864176
248864417
248864464
248864533
248864658
248864885
248865192
248865634
248865801
248866105
248866215
248866281
248866350
248866384
248866846
248866866
248866937
248867203
248867432
248867440
248867597
248867711
248867756
248867757
248867835
248868044
248868152
248868250
248868263
248868269
248868320
248868396
248868432
248868445
248868510
248868583
248868747
248868831
248868889
248868926
248868967
248869061
248869065
248869082
248869172
248869347
248869603
248869639
248869650
248869763
248869926
248870252
248870271
248870291
248870596
248870752
248870807
248870810
248871181
248871198
248871267
248872064
248872766
248872958
248873148
248873389
248873473
248873500
248873548
248873631
248873733
248873745
248873848
248873858
248873987
248874035
248874211
248874231
248874319
248874341
248874810
248874919
248874925
248874986
248875318
248875595
248875650
248875915
248875963
248876029
248876061
248876172
248876242
248876309
248876884
248877383
248877420
248877819
248878214
248878343
248878406
248878521
248878897
248878970
248879072
248879115
248879116
248879198
248879244
248879348
248879475
248879493
248879877
248879910
248879984
248880007
248880160
248880236
248880248
248880335
248880434
248880565
248880653
248881209
248881220
248881268
248881663
248881672
248881698
248881760
248881773
248881896
248882148
248882395
248882398
248882555
248882672
248882911
248883051
248883188
248883241
248883322
248883724
248884374
248884619
248884757
248884807
248885076
248885247
248885307
248885348
248885353
248885376
248885429
248885787
248886025
248886427
248886477
248886491
248886643
248886655
248886693
248886736
248887231
248887232
248887270
248887400
248887421
248887468
248887753
248887783
248887804
248887853
248887881
248887914
248887927
248887997
248888197
248888222
248888238
248888334
248888517
248888756
248888917
248889036
248889057
248889233
248889439
248889444
248889553
248889805
248889829
248890161
248890347
248890355
248890398
248890429
248890449
248890619
248890772
248890845
248891191
248891240
248891286
248891321
248891330
248891352
248891606
248891858
248891973
248892057
248892088
248892222
248892330
248892341
248892438
248892800
248892804
248892861
248892946
248893147
248893267
248893289
248893519
248893562
248893618
248893669
248893739
248893787
248893841
248894124
248894141
248894400
248894855
248894899
248894902
248895065
248895159
248895187
248895231
248895396
248895501
248895754
248895893
248895895
248895970
248895976
248896097
248896155
248896213
248896497
248896960
248896977
248897077
248897263
248897339
248897349
248897801
248897850
248898001
248898273
248898315
248898478
248898680
248898772
248898840
248899231
248899317
248900357
248900409
248900416
248900431
248900571
248900592
248900990
248901539
248901644
248901721
248901761
248901795
248901853
248901871
248902076
248902085
248902252
248902298
248902467
248903010
248903013
248903043
248903096
248903156
248903293
248903300
248903440
248903519
248903558
248903588
248904066
248904265
248904512
248904669
248904727
248904783
248905045
248905109
248905139
248905171
248905287
248905293
248905605
248905621
248905752
248905875
248905910
248906129
248906245
248906304
248906377
248906390
248906404
248906698
248906811
248906874
248906970
248907033
248907123
248907496
248907514
248907638
248907736
248907774
248907822
248907991
248908026
248908062
248908310
248908373
248908677
248908790
248908817
248908882
248908901
248908994
248909290
248909426
248909479
248909484
248909534
248909555
248909716
248910053
248910450
248910596
248910641
248910825
248910922
248910957
248911010
248911635
248911637
248911660
248911824
248912016
248912033
248912051
248912342
248912594
248912600
248912768
248912769
248912836
248913022
248913384
248913419
248913475
248913632
248913706
248913829
248913906
248913963
248913997
248914058
248914145
248914414
248914555
248914627
248914695
248914809
248914915
248915176
248915309
248915338
248915501
248915737
248915884
248915919
248915990
248916015
248916056
248916073
248916264
248916385
248916403
248916546
248916558
248916753
248917410
248917696
248917789
248917884
248918014
248918235
248918612
248918855
248919009
248919063
248919180
248919267
248919268
248919574
248919594
248919640
248919739
248919759
248919862
248919918
248920255
248920531
248920570
248920589
248920939
248920960
248921093
248921132
248921170
248921257
248921294
248921542
248921543
248921585
248921666
248922118
248922520
248922746
248922758
248923103
248923264
248923492
248923617
248923765
248923808
248924255
248924297
248924457
248924543
248924605
248924645
248924680
248924694
248924934
248925444
248925480
248925487
248925545
248925607
248925868
248925951
248925979
248926040
248926161
248926215
248926216
248926222
248926353
248926399
248926719
248926724
248926725
248926793
248926794
248926818
248926855
248926954
248927284
248927467
248927498
248927694
248927775
248928073
248928207
248928297
248928324
248928510
248928743
248928963
248929246
248929687
248929692
248929718
248929960
248930015
248930022
248930386
248930674
248930874
248931251
248931581
248931781
248931839
248932426
248932594
248932689
248932703
248932770
248932780
248932850
248932897
248933229
248933252
248933387
248933466
248933531
248933761
248933846
248933865
248934013
248934014
248934081
248934104
248934308
248934423
248934539
248934965
248934987
248935023
248935027
248935032
248935083
248935105
248935200
248935587
248935660
248936217
248936227
248936321
248936348
248936375
248936407
248936482
248936677
248936896
248936900
248936960
248936987
248937189
248937280
248937294
248937652
248937693
248937832
248937868
248937963
248937964
248938092
248938257
248938760
248938889
248939047
248939105
248939194
248939468
248939607
248939627
248939857
248939865
248939881
248940101
248940146
248940756
248940780
248940782
248941001
248941252
248941354
248941695
248941796
248941895
248941957
248942029
248942203
248942220
248942359
248942367
248942750
248943018
248943109
248943219
248943455
248943488
248943493
248943662
248943899
248944258
248944521
248944687
248944747
248944898
248944926
248945360
248945512
248945735
248946085
248946097
248946257
248946515
248946532
248946865
248946878
248946938
248947311
248947334
248947553
248947720
248948017
248948022
248948265
248948267
248948382
248948544
248948548
248948615
248948673
248949299
248949327
248949647
248949661
248949983
248950037
248950272
248950451
248950539
248950752
248951098
248951159
248951400
248951530
248951810
248951947
248952220
248952221
248952384
248952391
248952464
248952480
248952647
248952730
248953114
248953190
248953244
248953442
248953448
248954254
248954332
248954451
248954452
248954477
248954511
248955029
248955079
248955158
248955358
248955593
248955732
248955749
248956178
248956320
248956420
248956499
248956569
248956588
248957269
248957316
248957553
248957706
248957815
248958243
248958343
248958344
248958864
248958968
248959135
248960059
248960084
248960832
248960846
248960864
248960955
248961054
248961132
248961217
248961294
248961370
248961442
248961472
248961741
248961844
248961896
248961905
248962013
248962021
248962688
248962757
248962853
248962867
248962871
248963013
248963041
248963127
248963176
248963193
248963293
248963370
248963510
248963763
248963825
248963843
248963887
248963969
248964082
248964126
248964296
248964308
248964510
248964811
248964930
248965067
248965510
248965548
248965549
248965723
248965806
248965941
248966408
248966441
248966749
248966862
248966934
248966970
248966980
248967210
248967285
248967292
248967296
248967769
248967806
248967855
248967898
248967912
248968200
248968253
248968456
248968514
248968527
248968533
248968669
248968830
248968920
248969471
248969766
248969876
248969931
248969951
248970359
248970561
248970844
248971007
248971017
248971227
248971632
248971638
248971957
248971964
248972045
248972156
248972232
248972445
248972645
248972954
248972964
248972967
248973077
248973457
248973478
248973849
248973939
248973970
248974068
248974120
248974261
248974360
248974654
248974657
248974832
248974953
248974986
248975217
248975225
248975257
248975258
248975421
248975812
248975981
248976115
248976440
248976630
248976957
248977089
248977106
248977213
248977276
248977389
248977829
248978130
248978150
248978203
248978522
248979072
248979355
248979437
248979443
248979480
248979638
248979718
248980018
248980105
248980420
248980598
248980607
248980958
248981250
248981277
248981479
248982029
248982144
248982167
248982290
248982343
248982626
248982986
248983152
248983178
248983255
248983263
248983344
248983434
248983635
248983648
248983750
248983906
248984347
248984355
248984444
248984635
248984653
248984670
248984877
248985105
248985308
248985625
248985645
248985902
248986102
248986346
248986359
248986675
248986733
248986852
248986959
248987003
248987354
248987463
248987473
248987486
248987555
248987605
248987805
248988129
248988161
248988180
248988457
248988495
248988800
248988851
248988981
248988995
248989078
248989306
248989539
248989956
248990032
248990051
248990151
248990179
248990245
248990417
248990550
248990553
248990687
248990896
248991134
248991579
248991734
248991853
248991900
248992262
248992390
248992645
248992815
248992993
248993058
248993070
248993453
248993656
248993727
248993775
248993873
248993880
248994155
248994236
248994349
248994378
248994427
248994519
248994543
248994803
248995125
248995199
248995268
248995450
248995561
248995768
248996309
248996346
248996966
248996985
248997068
248997074
248997134
248997249
248997265
248997548
248997691
248997737
248997858
248998100
248998172
248998188
248998308
248998310
248998776
248998787
248998925
248999077
248999101
248999232
248999260
248999387
248999406
248999695
249000146
249000332
249000573
249001126
249001221
249001282
249001433
249001568
249001603
249001710
249001761
249001811
249001946
249001963
249002051
249002143
249002155
249002328
249002347
249002543
249002922
249002989
249003058
249003259
249003290
249003362
249003372
249003381
249003487
249003522
249003557
249003614
249003963
249004032
249004170
249004199
249004229
249004303
249004969
249005260
249005377
249005451
249005582
249005596
249005652
249005920
249005928
249005942
249006087
249006137
249006341
249006386
249006609
249006629
249006928
249006955
249007008
249007098
249007138
249007159
249007224
249007243
249007276
249007790
249008056
249008515
249008544
249008764
249008767
249008859
249009041
249009347
249009351
249009551
249009836
249009993
249010009
249010321
249010373
249010534
249010549
249010760
249010840
249010884
249011159
249011224
249011255
249011359
249011372
249011500
249011592
249011732
249011831
249012400
249012473
249012536
249012547
249012548
249012626
249012637
249013206
249013545
249013648
249013990
249014033
249014138
249014323
249014376
249014664
249014704
249014741
249014750
249014868
249014893
249015106
249015615
249015809
249015816
249015828
249015834
249015943
249016000
249016320
249016647
249016791
249016926
249016976
249016991
249017150
249017167
249017239
249017256
249017565
249017596
249017713
249017724
249017796
249017880
249018082
249018477
249018488
249018524
249018529
249018544
249018595
249018929
249019095
249019405
249019435
249019505
249019550
249019593
249019607
249019629
249019645
249019704
249020048
249020345
249020458
249020580
249020592
249020647
249020790
249020985
249021002
249021013
249021016
249021380
249021429
249021461
249021482
249021595
249021693
249021763
249021966
249022387
249022393
249022553
249022602
249022653
249022869
249022902
249023121
249023188
249023306
249023375
249023406
249023422
249023434
249023612
249023685
249023887
249024189
249024333
249024375
249024423
249024628
249024805
249025136
249025186
249025283
249025366
249025421
249025428
249025628
249025742
249025775
249026279
249026321
249026655
249026779
249026843
249026923
249026975
249027101
249027194
249027277
249027981
249028273
249028453
249028515
249028594
249028962
249029007
249029402
249029485
249029505
249029582
249029638
249029661
249030133
249030320
249030361
249030372
249030512
249030877
249030952
249030999
249031047
249031156
249031166
249031213
249031231
249031325
249031326
249031355
249031482
249031678
249031911
249032135
249032168
249032291
249032362
249032459
249033014
249033102
249033125
249033206
249033550
249033802
249033817
249033925
249034039
249034359
249034443
249034463
249034570
249034842
249034986
249035086
249035230
249035254
249035308
249035444
249035457
249035671
249035844
249035905
249035913
249036003
249036384
249036494
249036497
249036676
249036815
249037254
249037435
249037502
249037515
249037704
249037779
249037799
249037809
249037935
249038063
249038566
249038595
249038626
249038749
249038988
249039084
249039102
249039171
249039227
249039414
249039590
249039621
249039685
249039840
249040198
249040374
249040617
249040715
249040826
249040911
249040951
249041085
249041284
249041330
249041396
249041423
249041634
249041641
249041729
249041769
249041993
249042025
249042140
249042464
249043143
249043160
249043245
249043283
249043369
249043433
249043568
249043570
249043587
249043824
249043865
249044144
249044289
249044432
249044602
249044669
249044713
249045237
249045524
249045538
249045642
249045907
249046006
249046022
249046023
249046047
249046245
249046351
249046367
249046458
249046495
249046570
249046590
249046599
249046771
249046787
249047024
249047074
249047076
249047106
249047149
249047281
249047283
249047456
249047762
249048160
249048319
249048488
249048489
249048749
249050074
249050229
249050275
249050288
249050296
249050451
249050663
249050759
249050793
249050856
249050907
249051294
249051343
249051472
249051481
249051514
249051638
249051766
249051982
249052165
249052369
249052457
249052653
249052757
249052928
249053152
249053158
249053194
249053415
249053593
249053608
249053637
249053765
249054235
249054589
249054620
249054627
249054768
249054770
249054796
249055473
249055553
249055631
249055672
249055745
249055795
249055818
249055883
249056040
249056212
249056237
249056530
249056538
249056575
249056587
249056799
249057116
249057632
249057831
249058039
249058149
249058452
249058744
249058973
249059371
249059394
249059770
249059779
249059810
249059951
249060089
249060223
249060808
249060822
249060892
249060930
249060953
249061027
249061252
249061255
249061313
249061411
249061555
249062166
249062483
249062751
249062753
249062766
249063029
249063286
249063477
249063536
249063622
249064433
249064563
249064633
249064821
249065009
249065166
249065416
249065683
249065854
249065960
249066110
249066127
249066648
249066939
249066960
249067166
249067229
249067287
249067338
249067412
249067655
249067676
249067940
249067983
249068324
249068892
249068954
249069229
249069391
249069488
249069794
249069862
249069958
249070032
249070043
249070507
249070509
249070536
249070616
249071024
249071248
249071384
249071418
249071431
249071500
249071817
249071869
249072063
249072470
249072700
249072900
249072980
249073117
249073163
249073735
249073899
249073988
249074049
249074102
249074198
249074320
249074708
249074789
249074796
249075191
249075377
249075633
249075653
249075783
249075885
249076070
249076186
249076288
249076350
249076497
249076522
249076602
249076689
249077068
249077155
249077620
249077691
249077969
249078136
249078169
249078248
249078498
249078564
249078709
249078863
249079001
249079203
249079470
249079494
249079603
249079610
249079626
249079818
249079891
249079951
249080474
249080867
249080948
249081326
249081485
249081510
249081726
249081846
249082038
249082324
249082479
249082505
249082514
249082635
249082964
249083020
249083048
249083166
249083265
249083551
249083581
249083591
249083679
249083927
249083950
249083978
249083979
249084064
249084527
249084561
249084580
249084737
249084789
249084927
249085102
249085299
249085316
249085337
249085634
249085679
249085849
249086030
249086047
249086096
249086253
249086428
249086577
249086633
249086643
249086832
249087258
249087266
249087343
249087495
249087529
249087843
249089322
249089451
249089453
249089457
249089618
249089638
249089851
249089855
249090064
249090358
249090920
249090923
249091154
249091443
249091453
249091591
249091752
249091964
249092275
249092359
249092360
249092484
249092897
249093042
249093059
249093319
249093463
249093532
249093809
249094401
249094498
249094795
249094947
249095073
249095584
249095590
249095620
249095779
249095803
249095914
249095921
249095925
249096443
249096498
249096641
249096675
249096960
249097212
249097219
249097496
249097623
249098107
249098233
249098334
249098509
249098591
249098741
249098982
249099045
249099125
249099198
249099685
249099781
249099805
249099947
249100005
249100048
249100064
249100811
249100862
249101056
249101124
249101181
249101338
249101487
249101532
249101852
249102227
249102385
249102532
249102652
249102795
249102966
249103045
249103706
249103734
249104108
249104197
249104238
249104450
249104777
249104914
249105032
249105176
249105631
249105716
249105897
249105969
249106121
249106148
249106237
249106280
249106570
249106678
249107060
249107102
249107271
249107274
249107525
249107699
249107721
249107728
249107768
249107864
249107904
249107929
249108097
249108238
249108363
249108605
249108725
249108922
249108929
249109208
249109218
249109220
249109263
249109274
249109465
249109598
249109676
249109911
249110062
249110083
249110215
249110296
249110349
249110372
249110388
249110478
249111499
249111574
249111657
249111761
249111926
249112056
249113304
249113445
249113551
249113679
249114051
249114169
249114352
249114435
249114458
249114911
249114935
249115035
249115088
249115094
249115311
249115344
249115383
249115512
249115560
249115802
249115897
249115937
249115962
249116045
249116170
249116281
249116321
249116824
249116897
249116951
249117098
249117167
249117565
249117579
249117734
249117846
249118069
249118123
249118305
249118417
249118465
249118616
249118657
249118735
249118906
249118955
249119464
249119468
249119749
249119855
249120103
249120140
249120991
249121617
249121641
249121699
249121906
249121913
249122114
249122565
249122678
249122744
249122825
249122862
249122966
249122983
249122985
249123311
249123361
249123698
249123890
249124281
249124417
249124909
249125309
249125365
249125706
249125812
249125959
249125968
249126012
249126432
249126527
249126653
249126745
249126767
249126909
249126959
249127016
249127196
249127880
249128351
249128369
249128423
249128527
249128561
249128611
249128747
249128866
249128961
249129032
249129070
249129252
249129441
249129854
249129980
249132009
249132214
249132416
249132580
249132661
249132783
249132821
249132823
249132927
249132967
249132969
249133023
249133063
249133171
249133269
249133330
249133424
249133475
249133523
249133525
249133692
249133724
249133957
249133978
249134361
249134489
249134512
249134533
249134682
249134801
249134803
249134824
249134884
249134935
249134967
249134998
249135029
249135063
249135206
249135219
249135293
249135330
249135391
249135414
249135428
249135522
249135579
249135580
249135699
249135784
249135787
249135822
249135959
249136170
249136432
249136554
249136608
249136777
249136823
249136947
249137029
249137562
249137804
249138007
249138145
249138230
249138313
249138454
249138573
249138576
249138884
249138905
249138942
249139154
249139237
249139545
249140064
249140135
249140200
249140333
249140334
249140404
249140476
249140495
249140572
249140760
249140778
249140903
249141090
249141214
249141495
249141886
249142080
249142165
249142427
249142441
249142502
249142506
249142553
249142587
249142595
249142599
249142807
249143120
249143128
249143408
249143514
249143911
249144001
249144237
249144511
249144659
249144782
249145366
249145966
249145972
249146176
249146202
249146371
249146513
249146826
249147218
249147272
249147732
249148035
249148271
249148276
249148365
249148450
249148647
249148689
249148736
249148843
249149138
249149227
249149386
249149536
249149655
249149668
249149882
249149925
249150275
249150352
249150431
249150627
249150814
249151304
249151396
249151797
249151982
249152035
249152256
249152290
249152566
249152645
249152672
249153420
249153495
249153603
249153612
249153772
249153774
249153826
249154385
249154471
249154491
249154520
249154744
249155010
249155019
249155584
249155884
249155989
249156114
249156426
249156467
249156593
249156806
249156960
249157140
249157180
249157225
249157588
249158208
249158216
249158561
249158656
249158727
249158956
249159022
249159131
249159177
249159401
249159428
249159498
249159608
249159637
249159641
249159656
249159669
249159718
249159801
249159895
249160024
249160262
249160799
249160925
249160952
249161027
249161078
249161142
249161262
249161696
249161757
249161844
249162215
249162227
249162379
249162599
249163300
249163361
249163454
249163510
249163663
249163971
249164056
249164231
249164283
249164510
249164600
249164614
249165035
249165526
249165677
249165965
249166029
249166075
249166127
249166153
249166181
249166394
249166899
249167075
249167234
249167330
249167431
249167681
249167923
249168202
249168296
249168297
249168399
249168493
249168656
249168930
249168969
249169035
249169260
249169455
249170256
249170261
249170655
249170848
249170941
249170990
249171035
249171250
249171407
249171428
249171529
249171592
249171961
249172514
249172885
249172892
249173091
249173311
249173473
249173502
249173575
249173778
249173823
249174012
249174017
249174361
249174426
249174826
249174994
249175094
249175346
249175371
249175391
249176010
249176036
249176154
249176548
249176837
249176904
249176953
249177083
249177085
249177125
249177225
249177307
249177815
249178058
249178294
249178547
249178595
249178601
249178626
249178669
249178727
249178880
249179131
249179345
249179582
249180312
249181053
249181392
249181444
249181487
249181492
249181578
249181602
249182168
249182536
249182692
249182789
249183009
249183022
249183919
249184480
249184584
249184941
249185344
249185542
249185898
249185952
249186002
249186114
249186258
249186363
249186730
249187167
249187407
249187540
249187772
249187940
249188095
249188385
249188631
249188650
249188864
249188947
249189080
249189154
249189211
249189237
249189447
249190003
249190185
249190186
249190510
249190910
249191075
249191420
249192398
249192440
249192836
249193317
249194113
249194461
249194902
249195305
249195603
249195738
249196123
249196147
249196515
249197169
249197479
249197664
249198013
249198018
249198028
249198349
249198550
249198580
249198859
249198918
249199471
249199520
249199536
249200461
249201077
249201310
249201986
249202392
249202767
249203476
249203776
249203869
249204483
249204600
249204734
249204791
249204923
249205200
249205347
249205663
249206233
249206321
249206704
249206759
249206916
249207021
249207137
249207243
249207685
249207742
249207823
249208088
249208240
249208325
249208584
249208674
249208702
249208906
249209135
249209212
249209712
249209838
249210020
249210162
249210294
249211360
249211770
249211928
249212271
249212526
249212674
249212839
249212915
249212990
249213025
249213117
249213232
249213401
249213536
249213806
249213901
249214794
249214951
249214984
249214987
249215803
249216083
249216177
249216432
249216538
249216629
249217010
249217074
249217470
249217671
249218103
249218434
249219063
249219080
249219731
249219737
249219749
249220125
249220348
249220576
249220937
249221029
249221035
249221108
249221116
249221263
249221463
249221759
249222159
249222206
249222221
249222321
249222458
249222866
249222881
249223142
249223530
249223615
249224113
249224150
249224175
249224180
249224314
249224516
249224757
249225005
249225440
249225519
249225936
249226075
249226748
249227413
249227502
249227914
249227954
249228311
249228325
249228354
249228752
249228842
249228860
249229032
249229098
249229609
249229647
249229868
249230167
249230177
249230213
249230303
249230309
249230348
249230364
249230365
249230688
249231300
249231307
249231529
249231755
249231900
249231942
249232397
249232447
249232584
249232597
249232681
249232987
249233258
249233688
249233821
249234198
249234199
249234824
249234836
249235081
249235407
249235428
249235595
249235734
249235764
249236516
249236718
249236747
249236849
249236851
249236918
249237440
249237443
249237509
249237839
249237958
249238415
249238446
249238550
249238728
249238850
249238857
249238988
249239053
249239358
249239539
249239799
249240217
249240222
249240260
249240366
249240409
249240726
249240784
249241006
249241065
249241277
249241369
249241429
249241944
249241966
249241972
249242054
249242115
249242255
249242411
249242478
249242495
249242549
249242616
249242882
249243077
249243760
249243763
249243796
249244221
249244467
249244476
249244919
249244942
249245451
249245482
249245493
249245514
249245602
249245813
249245846
249245903
249246226
249246639
249246776
249246960
249247207
249247222
249247468
249247717
249247867
249247868
249247881
249248172
249248326
249248492
249248552
249248556
249248570
249248661
249248718
249248742
249248778
249248813
249248960
249248985
249249147
249249981
249250381
249250567
249250606
249250628
249250821
249250824
249250870
249250921
249250965
249250976
249251027
249251058
249251073
249251168
249251186
249251368
249251741
249251954
249252172
249252219
249252275
249252405
249252441
249252466
249252486
249252488
249252662
249252838
249252850
249252978
249253045
249253683
249253808
249254042
249254253
249254461
249254498
249254857
249254877
249254969
249255116
249255143
249255165
249255394
249255559
249255827
249255916
249256066
249256661
249256899
249256902
249256916
249257160
249257273
249257301
249257823
249257926
249258279
249258289
249258303
249258321
249258368
249258450
249258464
249258489
249258578
249258616
249258725
249258812
249259254
249259571
249259592
249259724
249259779
249259887
249260078
249260091
249260330
249260471
249260516
249260560
249260581
249260673
249260702
249260920
249260922
249260973
249261046
249261171
249261181
249261386
249261413
249261426
249261537
249261759
249261788
249261893
249261927
249262271
249262436
249262558
249263008
249263307
249263343
249263913
249264013
249264305
249264673
249264681
249264772
249264828
249264951
249264964
249265061
249265091
249265113
249265114
249265133
249265166
249265201
249265769
249265951
249266161
249266309
249266515
249266550
249266551
249266899
249267191
249267378
249267431
249267581
249267589
249268005
249268195
249268591
249268627
249268789
249268791
249268831
249268934
249269133
249269223
249269301
249269350
249269528
249269705
249269726
249269938
249270024
249270110
249270322
249271089
249271312
249271684
249271900
249272357
249272423
249272442
249272457
249272602
249272621
249272776
249272783
249272884
249272920
249273715
249273850
249273942
249274238
249274343
249274535
249274567
249274624
249274707
249275030
249275122
249275254
249275319
249275343
249275363
249275732
249275867
249275938
249276147
249276481
249276630
249276714
249276921
249276970
249277096
249277371
249278541
249278639
249278715
249279043
249279108
249279111
249279129
249279361
249279417
249279513
249280012
249280359
249280363
249280576
249280726
249281137
249281482
249281659
249282203
249282489
249282856
249283137
249283182
249283542
249283698
249283729
249283835
249283962
249284284
249284637
249284688
249284805
249285521
249285545
249285551
249285568
249285593
249285952
249286026
249286058
249286271
249286367
249286611
249286778
249286845
249286902
249287089
249287651
249287685
249289042
249289056
249289277
249289417
249289431
249289788
249289826
249290026
249290247
249290883
249290916
249291058
249291287
249291296
249291952
249291956
249291984
249292899
249293266
249294039
249294507
249294598
249294614
249294615
249295039
249295224
249295332
249295903
249296046
249296050
249296246
249296285
249296306
249296467
249296518
249296591
249296702
249296929
249296932
249297278
249297768
249297825
249297892
249298000
249298033
249298569
249298874
249298999
249299253
249299545
249299964
249300120
249300280
249300312
249300383
249300763
249301747
249302550
249303002
249303203
249303222
249303270
249303293
249303590
249303852
249304014
249304509
249304720
249304973
249305000
249305056
249305227
249305953
249306056
249306531
249306755
249306816
249306926
249307007
249307106
249307396
249307754
249307919
249307997
249308243
249308616
249308690
249309091
249309092
249309446
249309736
249309929
249309989
249310172
249310191
249310221
249310488
249310501
249310886
249311013
249311079
249311093
249311572
249311893
249311967
249311993
249312055
249312118
249312148
249312292
249312756
249312764
249313172
249313208
249313230
249313405
249313472
249313853
249314084
249314202
249314748
249315109
249315242
249315294
249315520
249315600
249315704
249316116
249316159
249316188
249316323
249316324
249316458
249316505
249317093
249317386
249317422
249317424
249317444
249317848
249317849
249317906
249318280
249318412
249319104
249319265
249319322
249319344
249319368
249319377
249319752
249320202
249320352
249320435
249321016
249321326
249321554
249321689
249321741
249322094
249322145
249322401
249322862
249322909
249323403
249323693
249324154
249324237
249324509
249324692
249325214
249325672
249326385
249326490
249326764
249326796
249327427
249327433
249327802
249327852
249327895
249328015
249328055
249328235
249328598
249328688
249328748
249328979
249329322
249329660
249329700
249329731
249329840
249330086
249330105
249330144
249331204
249331317
249331344
249331358
249331729
249331871
249332018
249332328
249332469
249332538
249332558
249332821
249333047
249333157
249333440
249333607
249333830
249333893
249334960
249335412
249335496
249336035
249336330
249336431
249336457
249336464
249336583
249336752
249336901
249337016
249337337
249337658
249337920
249338005
249338200
249338795
249339006
249339137
249339418
249339634
249339685
249339748
249339857
249339865
249339878
249340076
249340291
249340306
249340452
249340489
249340641
249340830
249341306
249341791
249341809
249342257
249342292
249342392
249342616
249342881
249343284
249343485
249343698
249343858
249343958
249344102
249344484
249344520
249344657
249344920
249345100
249345130
249345462
249345562
249345646
249345697
249345775
249345887
249345894
249346174
249346329
249346363
249346760
249346810
249347072
249347095
249347154
249347417
249347499
249347526
249347717
249347841
249347897
249348111
249348402
249348641
249348700
249348903
249349367
249349831
249349869
249349880
249349907
249349914
249349953
249350013
249350047
249350212
249350418
249350727
249350764
249351023
249351106
249351136
249351174
249351236
249351268
249351283
249351389
249351393
249351587
249351614
249351641
249351777
249351921
249351979
249352031
249352100
249352251
249352345
249352400
249352420
249352690
249352822
249353379
249353389
249353463
249353585
249354106
249354142
249354840
249354854
249354857
249354886
249355068
249355381
249355459
249355878
249356157
249356222
249356442
249356578
249356683
249356812
249356823
249356836
249357190
249357375
249357542
249357780
249357884
249357959
249358144
249358182
249358360
249358509
249358808
249358878
249359090
249359709
249359936
249360280
249360363
249360428
249361377
249361442
249361540
249361652
249361723
249361728
249361786
249362024
249362432
249362678
249362963
249362994
249363025
249363177
249363202
249363251
249363383
249363572
249363578
249363678
249364221
249364241
249364367
249364417
249364428
249364741
249365054
249365077
249365290
249365760
249365820
249365986
249366131
249366325
249366690
249366849
249366856
249366882
249367149
249367153
249367298
249367820
249367832
249368110
249368195
249368196
249368460
249368920
249368943
249369200
249369201
249369213
249369425
249369621
249370306
249370335
249370348
249370385
249370788
249371019
249371382
249371391
249371495
249371534
249371592
249371602
249371745
249371831
249371972
249372221
249372234
249372669
249372758
249372943
249372999
249373275
249373329
249373358
249373381
249373534
249373617
249373784
249373794
249373859
249373876
249374087
249374327
249374371
249374524
249374577
249374766
249374776
249374837
249374873
249374902
249375098
249375239
249375353
249375386
249375397
249375451
249375582
249375704
249375743
249375962
249375967
249376069
249376174
249376428
249376477
249376610
249376775
249376848
249376923
249377139
249377275
249377283
249377315
249377728
249377798
249377810
249377826
249377886
249377945
249377967
249378474
249378681
249378774
249379036
249379054
249379205
249379648
249380154
249380285
249380324
249380781
249380782
249380787
249380921
249380942
249381049
249381241
249381266
249381812
249381908
249382052
249382159
249382259
249382281
249382293
249382311
249382403
249382549
249382558
249382585
249382611
249382635
249382946
249383363
249383407
249383453
249383677
249383715
249383717
249383762
249384116
249384122
249384263
249384717
249385021
249385135
249385136
249385179
249385228
249385285
249385367
249385373
249385445
249385450
249385645
249386446
249386666
249386804
249386839
249387038
249387321
249387345
249387519
249387808
249387811
249387842
249388000
249388385
249388481
249388522
249388627
249388676
249388715
249388916
249389102
249389143
249389223
249389280
249389341
249389539
249389550
249389560
249389599
249389810
249389907
249390057
249390262
249390373
249390417
249390689
249390840
249390929
249391081
249391082
249391522
249391525
249391900
249391914
249391940
249392093
249392133
249392384
249392574
249392669
249392912
249392944
249393114
249393197
249393336
249393478
249393600
249393607
249393771
249393783
249394202
249394369
249394433
249394515
249394536
249394544
249394660
249394725
249395199
249395320
249395379
249395605
249395655
249395681
249395752
249396020
249396101
249396373
249396498
249396646
249396863
249396939
249397005
249397137
249397191
249397234
249397265
249397598
249397712
249397777
249397785
249397967
249397996
249398092
249398257
249398672
249398689
249398798
249398974
249399021
249399038
249399075
249399108
249399521
249399870
249399915
249400012
249400145
249400202
249400280
249400952
249401174
249401303
249401305
249401413
249401423
249401432
249402175
249402206
249402250
249402551
249402557
249402828
249403342
249403377
249403487
249403568
249403854
249404362
249404386
249404405
249404600
249404652
249405726
249405952
249405979
249405989
249406030
249406431
249406454
249406656
249406730
249407110
249407135
249407183
249407293
249407569
249407613
249408057
249408317
249408349
249408405
249408988
249409018
249409109
249409254
249409296
249409339
249409418
249409481
249410372
249410679
249410756
249410897
249410898
249411041
249411255
249411323
249411372
249411556
249412473
249412768
249413057
249413224
249413244
249413285
249413637
249413658
249413693
249413819
249413929
249414060
249414136
249415342
249415490
249415688
249415695
249415934
249415948
249416145
249416306
249416386
249416400
249416842
249416865
249416918
249416937
249417037
249417080
249417202
249417269
249417271
249417365
249417537
249417571
249417690
249417837
249418010
249418297
249418358
249418376
249418719
249418726
249418849
249418927
249418999
249419289
249419724
249420069
249420146
249420223
249420276
249421004
249421141
249421600
249421950
249422175
249422208
249422949
249423371
249423405
249423407
249423488
249423676
249424167
249424171
249424180
249424559
249424641
249424912
249425314
249425479
249425510
249426343
249426444
249426553
249426831
249426905
249427091
249427274
249427280
249427553
249427972
249428254
249428394
249428409
249428427
249428495
249428587
249428957
249429979
249430134
249430308
249430330
249430354
249430473
249430718
249430912
249431993
249432290
249432293
249432530
249432560
249432577
249432587
249433347
249433548
249433950
249433976
249434185
249434825
249435298
249435299
249435828
249436009
249436087
249436532
249436739
249436747
249436759
249436819
249436856
249436857
249437165
249437240
249437395
249437429
249437848
249437887
249438052
249438132
249438570
249438612
249438798
249438908
249439099
249439146
249439166
249439212
249439416
249439462
249439564
249439740
249440044
249440098
249440240
249440366
249440378
249440438
249440617
249440799
249440854
249441079
249441171
249441377
249441477
249441492
249441545
249441596
249441629
249441743
249441779
249441905
249442147
249442297
249442870
249443014
249443213
249443368
249443634
249443851
249443902
249443925
249444086
249444838
249444917
249445030
249445177
249445253
249445501
249445784
249445881
249446039
249446181
249446210
249446211
249446240
249446388
249446519
249446627
249446637
249446660
249446779
249446805
249446922
249446928
249447492
249447618
249447649
249447653
249448092
249448365
249448524
249448831
249449017
249449125
249449305
249449646
249449681
249449877
249449988
249450068
249450176
249450329
249451201
249451271
249451398
249451549
249452399
249452414
249452605
249452765
249452884
249453026
249453297
249453443
249453567
249453652
249453693
249453739
249453978
249454064
249454426
249454489
249454787
249455050
249455263
249455886
249455959
249456210
249456232
249456651
249456679
249456688
249456850
249456877
249456978
249457032
249457177
249457207
249457217
249457532
249457631
249457674
249457894
249457948
249458119
249458513
249458538
249458546
249458872
249458935
249459447
249459598
249459764
249459816
249459871
249460004
249460358
249460400
249460705
249460721
249460768
249460862
249461188
249461251
249461579
249461655
249461861
249462116
249462145
249462250
249462768
249463129
249463266
249463267
249463345
249463371
249463843
249464238
249464378
249464391
249464590
249464663
249464773
249464784
249464957
249465044
249465047
249465049
249465075
249465253
249465551
249465602
249465611
249465718
249465903
249467169
249467318
249467381
249467691
249467733
249468120
249468193
249468509
249469285
249469414
249469511
249469791
249469973
249469992
249470130
249470274
249470532
249470547
249470580
249470758
249470768
249470948
249471006
249471228
249471359
249472037
249472066
249472333
249472515
249472516
249472883
249473049
249473141
249473386
249473409
249473894
249473964
249474051
249474063
249474078
249474244
249474262
249474508
249474518
249474566
249474572
249474594
249474599
249474602
249474609
249474623
249474633
249474783
249474891
249475644
249475906
249475996
249476062
249476220
249476511
249476628
249476691
249476765
249476859
249476904
249477312
249477878
249477912
249477964
249478093
249478379
249478962
249479012
249479034
249479595
249479979
249480003
249480068
249480563
249480564
249480651
249481059
249481072
249481138
249481164
249481327
249481338
249481398
249481561
249481598
249481691
249481774
249481982
249482149
249482169
249482691
249482728
249482904
249482970
249483716
249484757
249484884
249484949
249485036
249485347
249485565
249485717
249485942
249485964
249486372
249486683
249486690
249486764
249486944
249487217
249487353
249487453
249487815
249488364
249488375
249488606
249488725
249488839
249489035
249489234
249489274
249489531
249489661
249489726
249489749
249489842
249489958
249490034
249490494
249490513
249490725
249490855
249491050
249491119
249491297
249491517
249491522
249491523
249491530
249491656
249491662
249491674
249491736
249491751
249491988
249492069
249492099
249492402
249492847
249492850
249492853
249492855
249493050
249493507
249493757
249493967
249493996
249494049
249494109
249494377
249494592
249494691
249494701
249494882
249494903
249494911
249494917
249494982
249495048
249495160
249495186
249495221
249495363
249495406
249495636
249495716
249495772
249495915
249496192
249496280
249496294
249496360
249496370
249496436
249496552
249496612
249496881
249496904
249496935
249497288
249497510
249497978
249498077
249498373
249498405
249498433
249498696
249498759
249498852
249498934
249498945
249498951
249498966
249499031
249499678
249499793
249499944
249499959
249500000
249500436
249500763
249500870
249500949
249501131
249501188
249501202
249501280
249501385
249501444
249501525
249501636
249501891
249501992
249502395
249502438
249502720
249502964
249503083
249503190
249503422
249503605
249503631
249503899
249504170
249504198
249504226
249504329
249504351
249504503
249504606
249504783
249504978
249505478
249505835
249505862
249506053
249506122
249506393
249506712
249506876
249507229
249507572
249507789
249507927
249508003
249508100
249508190
249508584
249508819
249508834
249508865
249508940
249509008
249509019
249509485
249509546
249509739
249509746
249509833
249509859
249510078
249510167
249510227
249510461
249510832
249511206
249511279
249511346
249511466
249511803
249512115
249512186
249512238
249512349
249512441
249512620
249512662
249512725
249513328
249513334
249513470
249513642
249514170
249514203
249514251
249514253
249514407
249514468
249514675
249514814
249514854
249514865
249514976
249515023
249515172
249515877
249516079
249516228
249516547
249516635
249516667
249516975
249517239
249517260
249517292
249517536
249517595
249517676
249517881
249518248
249518485
249518612
249518644
249519117
249519150
249519206
249519415
249519587
249519658
249519890
249519905
249520059
249520861
249520933
249521050
249521447
249521474
249521563
249521721
249521805
249522129
249522437
249522457
249522655
249523068
249523621
249523733
249523764
249523888
249524182
249524216
249524329
249524616
249524936
249525269
249525345
249525464
249525510
249525874
249525963
249526011
249526057
249526588
249526645
249526993
249527356
249527458
249527649
249527704
249527849
249528462
249528476
249528651
249528800
249528977
249529066
249529122
249529152
249529394
249530114
249530356
249530532
249530561
249530741
249530857
249530908
249531010
249531361
249531366
249532260
249532264
249532364
249532522
249532529
249533034
249533575
249533844
249534120
249534135
249534162
249534355
249534419
249534550
249534574
249534622
249534647
249535480
249535524
249535583
249535756
249536046
249536096
249536209
249536575
249536727
249536842
249536865
249536972
249537145
249537280
249537291
249537317
249537342
249537766
249537787
249537945
249538036
249538341
249538361
249538618
249538690
249538933
249538964
249539156
249539280
249539310
249539425
249539487
249540194
249540196
249540357
249540421
249540976
249541042
249541291
249541349
249541385
249541408
249541459
249541503
249541657
249542084
249542108
249542378
249542520
249542563
249542768
249542841
249542932
249543028
249543251
249543674
249544026
249544167
249544363
249544538
249544976
249545038
249545121
249545371
249545396
249545405
249545804
249546185
249546253
249546287
249546431
249546979
249547846
249548405
249548478
249548607
249548869
249549279
249549693
249549897
249550284
249550745
249551332
249551392
249551683
249551945
249551993
249552046
249552881
249553006
249553067
249553398
249553399
249553535
249553853
249553956
249554159
249554249
249554267
249554510
249554833
249554886
249554900
249555022
249555235
249555322
249555629
249555964
249556004
249556353
249556714
249556835
249556982
249557371
249557378
249557427
249557944
249558073
249558113
249558306
249558711
249558960
249559114
249559121
249559210
249559303
249559546
249560034
249560524
249560535
249560543
249562680
249562728
249562852
249562951
249563030
249563072
249563161
249563363
249563730
249563790
249563920
249563970
249564181
249564246
249564254
249564293
249564610
249564677
249564806
249565019
249565068
249565293
249565742
249566249
249566449
249566754
249566809
249566844
249566901
249567952
249567994
249568004
249568024
249568334
249568720
249568760
249568839
249569377
249569419
249569504
249569632
249569780
249569890
249570177
249570338
249570456
249570457
249570544
249570568
249570639
249570776
249570831
249570895
249571348
249571495
249571585
249571710
249572111
249572270
249572319
249572748
249573113
249573213
249573996
249574018
249574279
249575010
249575085
249575100
249575626
249576002
249576657
249576682
249576719
249576728
249577108
249577128
249577179
249577323
249577484
249577606
249577686
249577694
249577697
249577830
249578006
249578427
249578459
249578750
249578835
249579097
249579469
249579758
249580282
249580759
249580814
249581044
249581176
249581179
249581637
249581651
249581785
249582229
249582472
249582512
249582676
249582891
249582920
249583004
249583082
249583271
249583384
249583555
249583582
249583693
249584107
249584262
249584314
249584511
249584615
249584760
249584932
249584933
249585008
249585608
249585713
249585756
249585758
249585918
249586416
249586419
249586922
249586933
249586962
249587075
249587191
249587262
249587551
249587560
249587870
249587910
249588024
249588031
249588073
249588100
249588481
249588973
249589007
249589468
249589666
249589713
249589741
249589982
249590014
249590159
249590232
249590358
249590571
249590759
249590798
249590818
249590848
249590858
249591097
249591125
249591295
249591401
249591482
249591502
249591616
249591866
249592029
249592260
249592433
249592571
249593003
249593086
249593324
249593658
249593669
249593741
249594113
249594366
249594565
249594762
249594827
249594829
249594936
249595121
249595163
249595171
249595577
249595608
249595835
249595848
249596080
249596197
249596482
249596966
249597032
249597238
249597450
249597776
249597862
249598014
249598094
249598208
249598284
249598349
249598413
249598559
249598911
249598953
249599435
249599579
249599607
249600213
249600244
249600489
249600560
249601507
249601808
249601844
249601860
249601898
249602001
249602076
249602297
249602452
249602806
249603134
249603212
249603263
249603677
249603959
249604318
249604464
249604574
249604766
249604848
249605219
249605282
249605297
249605537
249606075
249606193
249606217
249606397
249606581
249606688
249606782
249607000
249607126
249607165
249607174
249607221
249607238
249607317
249607402
249607589
249607811
249608024
249608224
249608307
249608695
249608976
249609075
249609138
249609223
249609759
249609968
249610072
249610087
249610301
249610304
249610515
249611002
249611194
249611227
249611328
249611424
249611620
249611675
249611685
249611868
249611959
249612031
249612380
249613145
249613637
249613642
249613643
249613824
249613913
249613914
249613993
249614184
249614598
249614618
249614907
249614944
249615204
249615356
249615618
249615622
249615726
249615857
249615973
249616019
249616066
249616436
249616548
249616553
249616619
249616654
249616958
249616994
249617117
249617144
249617226
249617236
249617305
249617307
249617348
249617394
249617469
249617532
249617772
249617778
249617804
249618121
249618434
249618680
249618781
249618891
249618920
249619060
249619148
249619182
249619511
249619570
249619692
249619695
249619767
249619979
249620331
249620390
249620393
249620685
249620727
249620744
249620885
249620925
249621055
249621187
249621359
249621495
249621875
249621973
249622094
249622189
249622214
249622222
249622454
249622551
249622646
249622650
249622749
249623042
249623105
249623200
249623206
249623310
249623372
249623453
249623483
249623760
249623770
249624139
249624168
249624196
249624213
249624241
249624301
249624352
249624373
249624472
249624551
249624745
249625110
249625326
249625554
249625606
249625667
249625764
249625828
249625835
249625836
249625926
249625958
249626346
249626714
249626715
249626791
249627077
249627103
249627463
249627685
249627726
249627756
249627800
249627839
249627849
249627861
249627958
249628072
249628151
249628338
249628489
249628529
249628640
249628847
249628881
249629468
249629483
249629596
249629630
249629786
249630005
249630021
249630159
249630190
249630342
249630701
249630851
249631085
249631129
249631432
249631476
249631496
249631634
249631810
249631898
249631963
249632042
249632294
249632355
249632378
249632388
249632403
249632512
249632533
249632623
249632824
249632826
249632879
249632896
249633473
249633479
249633512
249633613
249633633
249633674
249633695
249633707
249633815
249634067
249634669
249634916
249635216
249635293
249635301
249635303
249635610
249635685
249635824
249635939
249636152
249636180
249636455
249636492
249636511
249636642
249636705
249636726
249636779
249636873
249637017
249637235
249637237
249637471
249637695
249637801
249637829
249637833
249637883
249638165
249638278
249638296
249638373
249638415
249638419
249638627
249638811
249638813
249638912
249638919
249638986
249639544
249639571
249639704
249639714
249639776
249640098
249640112
249640139
249640198
249640331
249640357
249640413
249640501
249640531
249640533
249640551
249640583
249640751
249640831
249640834
249640941
249640987
249641188
249641251
249641536
249641579
249641603
249641626
249641677
249642108
249642158
249642216
249642523
249642611
249642637
249642720
249642809
249642816
249642838
249642879
249642953
249643031
249643433
249643621
249643702
249644086
249644257
249644258
249644518
249644680
249644786
249644796
249644827
249645343
249645358
249645448
249645468
249645524
249645747
249645859
249646069
249646501
249646549
249646697
249646764
249647035
249647156
249647409
249647412
249647433
249647907
249647933
249648335
249648367
249648373
249648410
249648708
249648762
249649049
249649185
249649460
249649494
249649592
249649629
249649697
249649706
249649946
249649989
249650388
249650679
249651000
249651045
249651372
249651447
249651922
249652077
249652326
249652333
249652454
249652708
249653145
249653241
249653252
249653330
249653389
249653567
249653735
249653848
249653866
249653965
249653976
249654125
249654563
249654975
249655103
249655268
249655480
249655694
249655760
249655761
249655830
249655905
249655906
249656064
249656263
249656626
249656883
249656957
249657199
249657247
249657371
249657403
249657476
249657533
249657611
249657813
249658702
249658880
249659089
249659147
249659455
249659495
249659588
249659630
249660650
249660661
249660674
249660784
249660789
249660844
249660922
249661061
249661166
249661256
249661882
249661984
249662091
249662406
249662516
249662623
249662654
249662702
249662921
249663175
249663341
249663518
249663537
249663691
249663696
249663747
249664253
249664328
249664337
249664462
249664848
249664908
249665044
249665045
249665500
249665631
249665691
249665900
249665964
249665965
249666167
249666172
249666208
249666517
249666621
249666982
249667003
249667405
249667812
249668017
249668464
249668528
249668597
249668648
249668972
249669034
249669188
249669324
249669357
249669438
249670079
249670121
249670534
249670577
249670661
249670774
249670910
249671050
249671061
249671373
249671430
249671707
249672096
249672120
249672223
249672230
249672544
249672606
249672658
249672670
249672871
249673018
249673020
249673293
249673347
249673775
249673880
249673918
249673953
249674303
249674312
249674914
249674975
249674984
249675003
249675009
249675044
249675045
249675845
249676109
249676237
249676310
249676345
249676357
249676366
249676369
249676377
249676471
249676664
249676691
249677063
249677205
249677276
249677367
249677491
249677871
249677923
249677963
249678834
249678916
249679100
249679353
249679729
249679767
249679771
249680189
249680281
249680556
249680944
249681020
249681041
249681054
249681102
249681190
249681200
249681352
249681695
249682026
249682086
249682279
249682362
249682799
249682913
249683018
249683097
249683128
249683207
249683265
249684014
249684259
249684325
249684466
249684467
249684469
249684563
249684688
249685076
249685131
249685406
249685564
249685575
249685606
249685712
249685750
249685889
249685931
249686032
249686169
249686527
249686876
249686947
249687071
249687670
249687885
249687971
249688144
249688183
249688451
249689072
249689167
249689199
249689588
249689627
249689736
249689887
249690103
249690607
249690619
249690791
249690833
249690976
249691270
249691473
249691729
249692263
249692326
249692538
249692691
249692756
249692840
249693511
249693576
249693593
249693837
249694022
249694373
249694449
249694494
249694507
249694706
249694785
249694898
249695053
249695057
249695080
249695106
249695408
249695657
249695741
249695755
249695847
249696190
249696239
249696422
249697191
249697444
249697617
249697625
249697776
249697800
249697887
249697973
249697997
249698032
249698111
249698184
249698336
249698422
249698538
249698823
249698843
249699045
249699239
249699612
249699791
249699837
249700411
249700771
249700818
249700953
249700954
249700960
249700964
249700975
249701563
249701614
249701658
249701763
249701924
249702783
249702849
249702907
249702909
249703382
249703398
249703415
249703601
249703728
249703823
249704037
249704371
249704871
249704908
249705025
249705102
249705385
249705400
249705603
249705793
249706032
249706034
249706036
249706173
249706294
249706296
249706441
249706467
249707259
249707389
249707395
249707408
249707466
249707584
249707718
249707756
249707942
249708075
249708079
249708290
249708363
249708443
249708500
249708563
249708744
249709283
249709295
249709547
249709757
249709764
249709952
249709957
249709996
249710310
249710688
249710940
249710948
249711006
249711083
249711143
249711177
249711290
249711883
249712194
249712304
249712391
249712683
249712705
249713142
249713184
249713307
249713370
249713500
249713641
249714114
249714244
249714269
249714287
249714449
249714530
249714567
249714578
249714797
249714860
249714882
249715548
249715573
249715835
249715957
249716044
249716059
249716467
249716533
249717006
249717065
249717122
249717294
249717327
249717352
249717399
249717401
249717739
249718133
249718290
249718361
249718499
249718698
249719359
249719462
249719572
249719997
249720440
249721061
249721244
249721253
249721797
249721845
249722193
249722348
249722684
249722781
249722960
249722981
249722995
249723002
249723729
249723963
249724015
249724035
249724592
249724787
249724807
249725065
249725071
249725159
249725165
249725241
249725253
249725265
249725360
249725618
249725909
249726041
249726125
249726277
249726502
249726901
249727011
249727064
249727220
249728223
249728240
249728252
249729072
249729172
249729301
249729407
249729643
249729680
249729689
249729766
249729791
249729843
249729979
249730033
249730080
249730087
249730467
249730670
249730844
249731782
249732372
249732510
249732512
249732936
249733065
249733230
249733320
249733732
249733735
249733852
249733860
249734113
249734148
249734170
249734218
249734351
249734417
249734667
249734780
249734911
249734918
249735087
249735099
249735140
249735545
249735586
249735760
249735863
249736245
249736259
249736497
249736579
249737004
249737041
249737127
249737363
249737374
249737399
249737417
249737554
249737655
249737785
249737802
249737809
249737845
249738065
249738416
249738640
249738720
249738806
249738858
249738944
249738974
249739038
249739490
249739577
249739730
249740140
249740355
249740422
249740466
249740622
249741065
249741071
249741087
249741102
249741104
249741131
249741173
249741240
249741298
249741496
249741546
249741582
249741671
249741746
249741960
249742116
249742189
249742521
249742715
249743102
249743116
249743128
249743598
249743697
249743790
249743888
249744042
249744145
249744175
249744293
249744349
249744537
249744560
249744690
249745004
249745142
249745267
249745294
249745334
249745464
249745509
249745786
249745872
249745914
249746332
249746438
249746543
249746558
249746641
249746674
249746857
249746902
249747190
249747265
249748078
249748112
249748208
249748511
249748550
249748605
249748726
249749093
249749509
249749652
249749658
249749888
249750036
249750456
249750527
249750906
249751070
249751269
249751273
249751301
249751419
249751542
249751673
249751679
249751764
249751813
249752292
249752500
249752698
249752870
249753220
249753441
249753659
249753703
249753738
249753743
249753933
249754307
249754488
249754517
249755098
249755853
249755875
249756120
249756376
249756436
249756501
249756816
249756913
249756958
249757238
249757289
249757367
249757378
249757523
249757636
249757865
249758046
249758119
249758306
249758388
249758638
249758654
249758839
249758907
249759070
249759098
249759164
249759291
249759318
249759413
249759631
249759689
249759696
249759736
249759809
249759865
249759866
249759959
249760003
249760053
249760105
249760312
249760347
249760447
249760616
249760786
249760821
249760971
249760997
249761417
249761455
249761743
249761823
249761955
249761992
249762013
249762156
249763011
249763154
249763209
249763413
249763467
249763576
249763741
249763767
249763812
249764046
249764124
249764292
249764305
249764327
249764532
249764735
249764758
249764917
249765288
249765329
249765430
249765489
249765562
249765673
249765746
249765770
249765795
249765817
249765911
249766072
249766391
249766402
249766413
249766530
249766680
249766882
249767045
249767108
249767187
249767188
249767251
249767330
249767608
249767616
249767778
249767926
249768137
249768340
249768372
249768385
249768497
249768832
249768860
249768972
249769002
249769209
249769237
249769339
249769388
249769411
249769617
249769696
249769913
249769957
249770051
249770052
249770056
249770103
249770148
249770198
249770273
249770642
249770786
249770988
249771097
249771123
249771245
249771309
249771341
249771410
249771437
249771788
249771963
249772001
249772013
249772301
249772594
249772670
249772714
249772826
249772849
249772896
249772936
249772956
249773093
249773100
249773153
249773272
249773404
249773475
249773621
249773805
249773929
249774151
249774176
249774189
249774397
249774571
249774627
249774663
249774755
249774825
249774895
249775004
249775155
249775259
249775376
249775403
249775491
249775520
249775822
249775920
249775923
249776328
249776360
249776416
249776495
249776549
249776691
249776738
249776836
249777060
249777126
249777228
249777326
249777414
249777464
249777474
249777808
249777884
249777983
249778327
249778551
249778664
249778743
249778861
249779102
249779626
249779699
249779721
249779920
249780105
249780239
249780354
249780494
249780503
249780716
249781023
249781213
249781250
249781403
249781552
249781681
249781688
249781923
249782133
249782141
249782298
249782457
249782507
249782542
249782547
249782572
249782686
249782729
249782742
249782799
249782969
249782986
249782996
249783056
249783216
249783353
249783466
249784053
249784104
249784194
249784304
249784557
249784701
249784733
249784879
249785372
249785527
249786028
249786279
249786358
249786458
249786940
249787137
249787217
249787278
249787312
249787443
249787921
249787966
249788098
249788562
249788604
249788641
249788975
249789004
249789079
249789163
249789313
249789689
249789694
249789832
249789883
249789896
249790219
249790329
249790829
249791040
249791229
249791290
249791295
249791305
249791319
249791325
249791341
249791469
249791756
249791804
249791885
249791928
249791985
249792239
249792264
249792400
249792416
249792423
249792691
249792745
249792778
249793026
249793054
249793165
249793192
249793231
249793491
249793526
249793615
249793652
249794186
249794249
249794368
249794542
249794900
249795003
249795207
249795383
249795419
249795490
249795989
249796033
249796248
249796253
249796618
249796858
249797037
249797405
249797587
249797671
249797702
249798400
249798561
249798624
249799411
249799499
249799980
249800118
249800428
249800497
249800925
249801117
249801201
249801220
249801355
249801549
249802010
249802269
249802343
249802553
249802694
249802841
249802911
249803029
249803244
249803517
249803608
249803625
249803669
249803745
249803753
249803782
249804257
249804276
249804340
249804347
249804372
249804705
249804800
249804842
249804863
249804956
249804993
249805056
249805341
249805433
249805443
249805483
249805618
249805733
249805773
249805827
249806062
249806087
249806108
249806253
249806360
249806758
249806893
249806991
249807501
249807811
249807952
249808160
249808165
249808205
249808858
249809045
249809172
249809317
249809684
249809861
249810356
249810417
249810440
249810458
249810803
249810842
249810915
249810967
249811001
249811158
249811197
249811238
249811454
249811718
249811789
249812749
249812826
249812832
249812901
249813125
249813166
249813284
249813289
249813575
249813597
249813598
249813739
249813933
249814250
249814269
249814611
249814831
249815016
249815254
249815277
249815364
249815403
249815416
249816001
249816054
249816077
249816546
249816760
249816884
249816957
249817108
249817127
249817177
249817421
249817440
249817866
249817920
249817986
249818204
249818240
249818278
249818355
249818372
249818425
249818477
249818836
249818859
249818860
249819159
249819292
249819609
249819610
249819797
249820089
249820254
249820255
249820269
249820550
249820801
249820882
249821146
249821333
249821337
249821404
249821473
249821523
249821576
249821637
249821899
249821927
249822093
249822367
249822581
249822972
249822992
249823183
249823269
249823599
249823628
249823673
249823674
249823899
249823911
249824189
249824207
249824997
249825124
249825366
249825379
249825515
249825804
249825907
249825970
249825991
249826000
249826014
249826229
249826311
249826452
249826460
249826473
249826491
249826517
249826804
249827169
249827315
249827437
249827904
249827952
249827991
249829025
249829033
249829122
249829499
249829932
249830030
249830450
249830793
249830992
249831304
249831401
249831505
249831620
249831696
249831905
249832003
249832110
249832178
249832306
249832696
249832823
249832872
249832909
249833409
249833658
249833835
249834008
249834295
249834363
249834595
249834824
249835285
249835311
249835599
249835662
249835788
249835818
249835869
249835995
249836053
249836136
249836221
249836790
249836834
249837066
249837181
249837198
249837273
249837391
249837525
249837559
249837687
249837791
249838073
249838293
249838700
249838932
249838989
249838993
249839032
249839139
249839191
249839334
249839391
249839534
249839693
249839746
249839822
249839947
249839985
249840577
249840591
249840597
249840636
249840831
249840927
249840940
249841034
249841221
249841376
249842137
249842212
249842403
249842587
249842729
249842738
249843061
249843131
249843258
249843335
249843349
249843405
249843510
249843896
249844433
249844532
249844573
249844838
249845125
249845163
249845524
249845627
249845785
249845894
249846215
249846397
249846473
249846860
249846895
249846928
249847050
249847361
249847499
249847809
249848087
249848138
249848224
249848253
249848372
249848425
249848453
249848500
249849006
249849233
249849274
249849282
249849334
249849398
249849813
249850200
249850406
249850494
249850788
249850884
249850929
249850954
249851051
249851115
249851255
249851401
249851461
249851665
249851781
249851851
249851856
249851892
249852067
249852112
249852312
249852380
249852468
249852605
249852608
249852783
249852909
249852979
249853043
249853275
249853671
249853696
249853868
249853908
249854078
249854137
249854261
249854292
249854333
249854355
249854823
249855106
249855395
249855412
249855456
249855530
249855665
249855749
249855764
249856175
249856669
249856747
249856805
249856958
249856988
249857290
249857327
249857678
249857768
249857836
249858064
249858118
249858201
249858604
249859489
249859979
249860095
249860229
249860240
249860605
249860689
249860766
249860866
249860867
249860983
249861656
249861928
249862053
249862077
249862681
249862684
249862850
249863395
249863467
249863675
249863746
249863934
249864096
249864100
249864258
249864262
249864273
249864590
249864677
249864685
249865097
249865118
249865238
249865530
249865552
249865725
249865919
249866332
249866416
249866495
249866777
249866781
249867156
249867193
249868146
249868324
249868431
249868440
249868739
249868860
249868935
249869398
249869496
249869844
249869996
249870026
249870112
249870139
249870199
249870860
249871466
249871547
249871554
249871598
249871777
249871921
249871971
249872102
249872246
249872398
249872416
249872722
249872789
249872836
249872992
249873188
249873206
249873267
249873456
249873689
249873742
249873914
249874080
249874266
249874339
249874378
249874428
249874521
249874543
249874576
249875137
249875180
249875232
249875478
249875750
249875944
249876055
249876126
249876347
249876435
249877165
249877181
249877445
249877472
249877830
249877869
249878068
249878077
249878253
249878280
249878286
249878342
249878366
249878372
249878388
249878435
249878768
249878781
249878804
249879004
249879187
249879274
249879388
249879405
249879598
249879610
249879756
249879798
249880017
249880031
249880538
249880675
249880704
249881089
249881116
249881126
249881305
249881545
249881690
249881804
249881858
249881939
249881955
249881970
249882021
249882039
249882122
249882157
249882462
249882602
249882990
249883019
249883316
249883390
249883541
249884003
249884640
249884729
249884820
249885000
249885231
249885416
249885440
249885513
249885704
249885756
249885868
249886017
249886099
249886517
249886584
249886610
249886697
249886975
249887165
249887401
249887513
249887584
249887626
249888079
249888230
249888258
249888329
249888454
249888545
249888915
249888933
249889246
249889509
249889530
249889536
249889580
249889611
249889656
249889745
249889956
249890047
249890210
249890551
249890678
249890925
249891068
249891183
249891277
249891564
249892555
249892641
249892685
249892742
249892768
249892799
249892845
249892996
249893014
249893342
249893480
249893518
249893558
249893756
249894271
249894274
249895122
249895146
249895201
249895334
249895680
249895756
249896144
249896324
249896427
249896601
249896741
249896778
249896846
249897426
249897608
249897617
249898346
249898881
249899968
249900117
249900179
249900187
249900235
249900247
249900278
249900296
249900307
249900452
249900455
249900459
249900477
249900860
249900912
249901080
249901088
249901220
249901285
249901351
249901362
249901374
249901432
249901434
249901537
249901743
249901880
249901973
249902002
249902003
249902038
249902042
249902064
249902184
249902206
249902468
249902615
249902653
249902666
249902701
249902733
249902837
249903067
249903108
249903192
249903294
249903311
249903370
249903570
249903649
249903882
249903884
249903941
249903970
249904009
249904140
249904214
249904250
249904259
249904283
249904315
249904398
249904410
249904414
249904472
249904514
249904515
249904743
249904815
249904817
249904826
249904982
249905040
249905060
249905108
249905136
249905457
249905756
249905879
249905902
249906183
249906348
249906407
249906471
249906848
249907151
249907429
249907449
249907590
249907597
249907629
249907759
249907773
249907853
249908291
249908399
249908619
249908894
249908963
249909017
249909093
249909097
249909112
249909319
249909368
249909369
249909553
249909582
249909849
249910442
249910728
249911113
249911216
249911222
249911263
249911276
249911298
249911349
249911379
249911604
249911725
249911796
249911803
249911805
249912143
249912182
249912266
249912454
249912495
249912672
249912920
249913055
249913108
249913146
249913340
249913497
249913566
249913758
249913994
249914807
249914818
249914874
249914974
249915144
249915412
249915723
249915763
249915861
249915867
249915921
249915967
249916017
249916535
249916864
249917283
249918112
249918178
249918276
249918288
249918347
249918382
249918489
249918498
249918623
249918671
249918705
249919008
249919010
249919209
249919239
249919637
249919680
249919730
249919860
249919914
249919915
249920220
249920472
249920611
249920795
249921127
249921334
249921525
249921548
249921915
249922155
249922212
249922213
249922546
249922781
249923177
249923410
249923475
249923707
249923792
249923893
249924159
249924382
249924664
249925176
249925212
249925469
249925746
249925869
249925895
249925923
249926161
249926342
249926344
249926400
249926436
249926648
249926847
249926877
249927054
249927153
249927167
249927185
249927289
249927645
249927675
249927756
249928022
249928075
249928126
249928186
249928307
249928409
249928515
249928522
249928563
249928674
249928797
249929081
249929236
249929353
249929361
249929498
249929530
249929579
249929761
249929887
249929890
249929923
249929967
249930015
249930769
249930778
249930787
249930904
249930959
249930992
249931075
249931517
249931711
249931787
249931803
249932303
249932321
249932584
249932768
249932778
249932990
249933083
249933233
249933255
249933320
249933359
249933467
249933699
249933712
249933841
249934297
249934692
249934802
249934813
249934840
249934890
249935000
249935081
249935435
249935722
249935837
249935854
249935870
249936326
249936378
249936566
249936745
249936767
249936855
249936990
249937032
249937048
249937149
249937429
249937844
249937845
249937956
249938043
249938188
249938390
249938510
249938982
249938992
249939066
249939097
249939225
249939282
249939318
249939340
249939430
249939533
249939638
249939894
249940051
249940396
249940560
249941002
249941003
249941180
249941359
249941631
249941749
249941925
249942068
249942174
249942280
249942419
249942518
249942565
249942632
249942670
249942725
249942867
249943139
249943172
249943246
249943770
249944249
249944606
249944637
249944675
249944723
249945194
249945244
249945249
249945425
249945452
249945522
249945576
249945577
249945604
249945643
249945694
249945718
249945855
249945882
249945966
249946359
249946745
249946975
249947123
249947216
249947378
249947564
249947571
249947640
249947644
249947693
249948023
249948044
249948130
249948288
249948289
249948585
249948632
249948971
249949281
249949420
249949436
249949519
249949743
249949786
249949880
249949939
249950040
249950308
249950311
249950341
249950343
249950431
249950540
249950633
249951033
249951160
249951183
249951192
249951477
249951525
249951583
249951733
249951742
249952132
249952338
249952339
249952489
249952805
249952891
249952893
249952904
249953033
249953077
249953086
249953130
249953197
249953632
249953776
249954168
249954188
249954199
249954697
249954785
249954824
249955112
249955501
249955642
249955831
249956047
249956210
249956408
249956720
249956766
249956831
249956896
249956912
249957092
249957409
249957486
249957492
249957643
249957894
249958274
249958329
249958433
249958450
249958451
249958754
249958937
249958966
249958976
249959254
249959302
249959318
249959339
249959565
249959620
249959722
249959764
249960102
249960170
249960198
249960531
249960774
249960775
249960815
249960985
249961193
249961227
249961251
249961289
249961456
249961512
249961519
249961637
249962315
249962325
249962379
249962590
249963013
249963031
249963048
249963248
249963293
249963490
249963521
249963638
249963710
249964377
249964495
249964666
249964722
249964797
249964818
249965090
249965125
249965133
249965189
249965291
249965429
249965532
249965847
249966058
249966059
249966163
249966209
249966236
249966533
249966619
249966712
249967000
249967135
249967341
249967523
249967747
249967773
249967897
249967966
249967970
249968044
249968172
249968275
249968314
249968340
249968390
249968415
249968518
249968683
249969054
249969185
249969375
249969390
249969457
249969507
249969508
249969715
249969767
249970219
249970250
249970667
249970752
249970759
249970813
249970836
249971009
249971051
249971237
249971376
249971491
249971595
249971629
249971650
249971661
249971839
249972125
249972313
249972383
249972748
249972770
249972879
249972924
249973089
249973118
249973177
249973198
249973290
249973316
249973497
249973506
249973563
249973712
249973811
249974218
249974389
249974664
249974821
249974970
249975337
249975475
249975485
249975490
249975534
249975579
249975628
249975791
249975798
249975857
249976234
249976836
249976880
249977113
249977191
249977384
249977396
249977551
249977735
249977825
249977951
249978029
249978078
249978216
249978238
249978281
249978373
249978579
249978585
249978612
249979075
249979103
249979169
249979201
249979324
249979350
249979439
249979473
249979548
249979663
249979753
249979821
249979958
249980320
249980408
249980643
249980769
249981048
249981523
249981728
249981770
249981830
249982067
249982487
249982543
249982673
249982798
249983174
249983463
249983592
249983620
249984000
249984478
249984486
249984676
249985111
249985168
249985364
249985509
249985587
249986066
249986114
249986195
249986408
249986472
249986736
249987197
249987298
249987552
249987601
249987635
249987863
249987990
249988283
249988445
249988468
249988500
249988538
249988562
249988865
249989105
249990064
249990096
249990105
249990243
249990246
249990372
249990411
249990431
249990537
249990700
249991017
249991325
249991388
249991514
249991800
249991850
249992038
249992040
249992100
249992176
249992474
249992934
249992984
249993360
249993379
249993504
249993682
249993809
249994191
249994342
249994385
249995269
249995363
249995407
249995557
249995616
249995744
249995819
249995955
249996542
249996647
249996654
249996705
249996797
249996817
249996894
249997203
249997248
249997261
249997548
249997749
249997934
249997959
249997976
249998155
249998183
249998492
249998924
249998937
249998949
249999068
249999121
249999187
249999210
249999898
250000103
250000231
250000448
250000523
250000577
250000984
250001193
250001484
250001549
250001596
250001670
250001685
250001779
250001794
250001803
250001932
250001963
250001967
250002144
250002237
250002328
250002509
250002653
250002793
250002845
250003129
250003148
250003508
250003667
250003769
250003774
250003783
250003795
250004031
250004119
250004960
250004973
250005035
250005210
250005627
250005696
250005771
250005866
250005990
250006200
250006344
250006430
250006997
250007352
250007433
250007612
250008025
250008071
250008483
250008561
250008663
250008682
250008735
250009191
250009383
250009399
250009884
250010370
250010392
250010396
250010479
250010642
250010760
250010897
250010908
250010926
250011071
250011223
250011246
250011247
250011312
250011656
250011668
250011679
250012039
250012040
250012046
250012058
250012391
250012482
250012640
250012815
250012960
250013320
250013342
250013502
250013725
250014061
250014181
250014502
250014529
250014620
250014728
250015285
250015374
250015466
250015511
250015772
250015836
250015895
250015939
250015997
250016062
250016066
250016098
250016146
250016185
250016575
250016883
250016895
250016951
250016955
250017466
250017532
250017622
250017711
250017873
250018100
250018141
250019019
250019050
250019233
250019265
250019350
250019369
250019702
250020015
250020431
250020743
250020758
250021208
250021251
250021529
250021582
250021656
250021794
250021975
250022127
250022158
250022610
250022660
250023055
250023281
250023411
250023423
250023570
250023623
250023649
250023653
250023791
250023834
250024526
250024581
250024736
250024737
250024889
250024983
250025140
250025227
250025547
250025724
250025749
250025754
250025872
250026490
250026549
250026722
250026730
250026816
250026954
250027015
250027059
250027136
250027203
250027456
250027486
250027664
250027857
250028079
250028285
250028335
250028343
250028410
250028431
250028492
250028636
250028950
250029175
250029196
250029469
250029730
250029735
250029782
250029798
250029819
250030183
250030204
250030286
250030386
250030527
250030554
250030589
250030762
250030891
250031068
250031127
250031246
250031503
250031578
250031612
250031749
250031774
250031793
250031960
250032030
250032211
250032266
250032338
250032936
250033176
250033249
250033277
250033319
250033322
250033328
250033342
250033398
250033682
250033730
250034200
250034223
250034312
250034391
250034489
250034512
250034734
250034791
250035010
250035059
250035081
250035193
250035261
250035299
250035533
250035643
250035758
250035879
250035915
250036558
250037151
250037224
250037225
250037293
250037405
250037467
250037656
250037705
250037841
250038216
250038293
250038441
250038512
250038537
250038724
250038892
250039058
250039112
250039290
250039323
250039408
250039450
250039705
250039959
250040025
250040103
250040167
250040172
250040174
250040701
250040750
250040767
250041017
250041157
250041389
250041474
250041481
250041707
250041855
250041920
250041936
250041958
250042002
250042003
250042100
250042119
250042180
250042245
250042505
250042914
250042921
250043022
250043024
250043089
250043335
250043394
250043774
250043846
250043976
250044014
250044033
250044083
250044113
250044311
250044572
250044740
250044767
250045160
250045209
250045289
250045318
250045338
250045365
250045709
250045923
250045951
250046173
250046196
250046248
250046376
250046465
250046556
250046666
250046868
250047003
250047010
250047029
250047275
250047339
250047340
250047468
250047705
250047755
250047907
250048124
250048581
250048651
250048704
250048748
250048758
250048759
250048771
250048987
250049119
250049338
250049543
250049545
250049592
250049726
250049897
250050156
250050167
250050219
250050272
250050615
250050660
250050721
250050968
250050985
250051815
250051828
250051871
250051892
250052009
250052092
250052279
250052280
250052314
250052366
250052440
250052493
250052573
250052596
250052603
250052788
250053358
250053416
250053511
250053526
250053910
250053972
250054027
250054128
250054290
250054330
250054451
250054452
250054466
250054541
250054721
250054752
250054990
250055190
250055253
250055312
250055384
250055410
250055479
250055615
250056086
250056099
250056463
250056554
250056597
250056667
250056827
250057148
250057207
250057252
250057424
250057459
250057494
250057495
250057798
250057898
250058005
250058258
250058347
250058399
250058409
250058426
250058551
250058662
250058786
250059580
250059686
250059689
250059761
250059907
250059931
250060059
250060244
250060308
250060319
250060925
250060990
250061094
250061201
250061251
250061309
250061380
250061742
250061879
250062077
250062107
250062117
250062202
250062210
250062621
250062632
250062819
250062869
250062939
250063068
250063080
250063253
250063345
250063418
250063442
250063448
250063621
250063674
250063750
250063843
250064110
250064179
250064325
250064398
250064618
250064714
250065164
250065176
250065264
250065370
250065371
250065386
250065455
250065472
250065535
250065552
250065555
250065589
250065700
250065803
250065966
250066223
250066435
250066460
250066694
250066787
250066856
250066857
250066885
250067069
250067344
250067430
250067989
250068117
250068206
250068405
250068702
250068773
250068828
250069213
250069312
250069319
250069331
250069376
250069614
250069668
250069674
250069680
250069822
250069844
250070214
250070500
250070566
250070575
250070577
250070711
250070876
250071207
250071299
250071657
250071697
250071787
250071902
250071992
250072264
250072428
250072443
250073043
250073125
250073222
250073408
250073570
250073684
250073767
250073934
250073967
250073994
250074182
250074405
250074427
250074618
250074621
250074635
250074730
250075219
250075402
250075448
250075668
250075709
250075820
250076015
250076084
250076206
250076383
250076568
250076654
250076865
250077099
250077109
250077433
250077555
250077897
250077906
250078090
250078173
250078190
250078200
250078241
250078446
250078535
250079370
250079542
250079548
250079570
250079640
250079898
250079944
250080850
250081141
250081174
250081241
250081465
250081699
250081733
250081864
250082047
250082539
250082540
250082658
250082824
250082960
250083413
250083562
250083800
250083824
250084541
250084544
250084599
250084671
250084876
250084961
250085364
250085426
250085746
250085832
250086224
250086458
250087184
250087312
250087477
250087560
250087986
250088095
250088282
250088615
250088874
250088920
250089378
250089446
250089497
250089744
250089932
250089949
250090002
250090086
250090158
250090230
250090337
250090719
250090865
250090968
250091458
250091477
250091858
250091911
250091917
250091960
250091979
250091993
250092026
250092148
250092513
250092681
250092707
250092791
250092870
250092936
250093019
250093183
250093482
250093636
250093741
250094191
250094340
250094357
250094571
250094642
250094720
250094835
250094850
250095109
250095149
250095610
250095917
250095973
250096204
250096238
250096465
250096564
250096605
250096652
250096684
250096737
250097273
250097339
250097367
250097450
250097551
250098177
250098207
250098248
250098409
250098912
250099188
250099453
250099483
250099502
250099549
250099705
250099764
250099878
250099930
250099991
250100142
250100242
250100293
250100304
250100339
250100543
250100584
250100791
250101029
250101141
250101411
250101448
250101466
250101494
250101552
250101601
250101733
250101742
250102343
250102534
250102627
250102849
250102859
250102870
250103004
250103182
250103308
250103345
250103414
250103523
250103600
250103618
250103791
250103868
250103895
250104005
250104058
250104063
250104086
250104306
250104618
250104655
250104989
250105408
250105425
250105482
250105638
250105799
250105915
250106057
250106472
250106600
250106956
250107075
250107449
250107451
250107786
250108014
250108023
250108119
250108396
250108562
250108639
250108947
250109079
250109317
250109342
250109837
250110350
250110463
250110473
250110515
250110534
250110652
250110761
250110837
250110937
250111447
250111814
250111890
250111931
250111947
250112161
250112268
250112327
250112541
250112925
250112943
250113062
250113108
250113263
250113566
250113803
250114051
250114126
250114202
250114284
250114288
250114292
250114519
250114692
250114745
250114814
250115228
250115398
250115460
250115516
250115847
250115887
250116047
250116462
250116517
250116583
250116626
250116744
250116811
250117102
250117226
250117420
250117572
250117686
250117905
250118064
250118351
250118520
250118913
250118929
250119213
250119752
250119766
250120137
250120148
250120154
250120224
250120713
250120733
250120918
250120928
250120968
250121030
250121088
250121195
250121419
250121482
250121483
250121511
250122406
250122504
250122956
250122974
250123055
250123069
250123157
250123165
250123418
250123532
250123742
250123780
250123794
250123858
250123914
250123956
250123971
250123982
250124182
250124530
250124822
250124834
250124842
250124912
250125106
250125261
250125302
250125304
250125415
250125720
250125757
250125977
250126041
250126355
250126792
250127310
250127470
250127512
250127718
250127846
250128311
250128346
250128495
250128759
250129306
250129464
250129555
250129604
250129827
250129841
250129924
250129964
250130044
250130111
250130361
250130550
250130651
250130744
250130750
250130859
250131395
250131882
250132246
250132655
250132795
250132801
250132836
250133176
250133193
250133234
250133480
250133878
250133961
250134013
250134315
250134325
250134653
250134657
250134698
250134748
250134813
250134860
250134882
250134920
250134932
250135435
250135672
250135686
250135844
250136956
250137718
250137744
250137778
250137805
250138519
250138566
250139030
250139099
250139203
250139691
250139749
250140209
250140700
250140726
250140783
250141287
250141363
250141609
250141685
250141745
250141771
250141791
250141860
250141869
250141940
250142039
250142170
250142280
250142389
250142518
250142934
250143075
250143188
250143221
250143491
250143766
250144069
250144252
250144256
250144259
250144271
250144414
250144532
250144591
250144714
250144776
250144816
250145012
250145165
250145250
250145289
250145509
250145560
250145655
250145837
250145897
250146169
250146172
250146335
250146412
250146479
250146503
250146614
250146828
250146833
250146834
250146886
250146923
250146975
250147019
250147045
250147064
250147144
250147147
250147174
250147310
250147469
250148114
250148121
250148141
250148223
250148710
250148900
250149003
250149009
250149160
250149179
250149350
250149484
250149757
250149842
250149982
250149988
250150123
250150232
250150443
250150541
250150657
250151166
250151584
250152142
250152358
250152407
250152461
250152516
250152546
250152744
250152784
250153224
250153245
250153287
250153525
250153596
250153598
250153681
250153931
250154195
250154473
250154518
250154573
250154801
250154908
250155134
250155312
250155647
250155977
250156272
250156610
250157034
250157248
250157496
250157498
250157502
250157731
250157814
250158165
250158317
250158341
250158536
250159007
250159010
250159340
250159525
250159578
250159805
250160236
250160298
250160311
250160505
250160506
250160691
250160715
250161662
250161665
250161694
250161708
250161709
250161873
250162033
250162046
250162061
250162064
250162168
250162220
250162810
250162934
250163053
250163074
250163177
250163271
250163401
250163444
250163719
250163737
250163946
250164011
250164298
250164501
250164740
250164773
250164792
250164972
250165331
250165580
250165721
250165723
250165897
250165978
250166061
250166066
250166107
250166137
250166408
250166596
250166719
250167068
250167399
250167517
250167861
250167896
250168083
250168443
250168505
250168653
250168704
250168803
250168924
250169039
250169089
250169128
250169196
250169397
250169419
250169905
250169955
250170282
250170446
250170739
250170784
250170925
250170980
250170985
250171384
250171466
250171606
250171795
250172466
250172664
250172848
250172876
250172879
250172883
250172951
250173041
250173055
250173069
250173080
250173314
250173549
250173686
250173820
250174433
250174523
250174530
250174585
250174871
250175029
250175044
250175057
250175501
250175742
250175749
250175757
250175782
250175789
250176042
250176213
250176341
250176404
250176501
250176537
250176712
250176807
250177336
250177427
250177519
250177566
250177714
250177725
250177802
250177815
250177950
250178007
250178069
250178245
250178326
250178418
250178586
250178916
250178925
250179042
250179097
250179120
250179131
250179510
250179633
250179659
250179718
250179954
250180009
250180159
250180190
250180258
250180259
250180328
250180687
250180830
250180872
250180972
250181433
250181540
250181583
250181629
250181760
250181956
250182140
250182222
250182304
250182341
250182459
250182481
250182490
250182557
250182778
250182984
250183072
250183330
250183413
250183546
250183560
250183666
250183732
250183814
250184168
250184286
250184296
250184367
250184417
250184499
250184658
250184793
250185483
250185547
250185550
250185567
250185664
250185742
250185766
250185973
250186086
250186095
250186193
250186524
250186564
250186577
250186784
250186824
250186932
250187237
250187240
250187416
250187591
250187765
250187835
250188135
250188204
250188272
250188870
250188889
250188991
250189065
250189092
250189097
250189478
250189479
250189616
250189624
250189650
250189681
250189908
250190049
250190140
250190152
250190280
250190403
250190410
250190559
250190637
250191046
250191282
250191422
250191426
250191463
250191671
250191706
250191753
250191835
250192223
250192437
250192608
250192667
250192987
250193155
250193194
250193334
250193353
250193612
250193737
250193871
250193918
250194140
250194813
250194966
250194992
250195077
250195172
250195350
250195569
250196342
250196396
250196551
250196601
250196623
250196722
250196794
250197028
250197233
250197441
250197711
250197734
250197798
250198116
250198641
250199225
250199408
250199778
250199841
250200127
250200434
250200473
250200527
250200552
250200575
250200629
250200816
250201058
250201093
250201264
250201492
250201597
250201690
250201735
250201736
250201819
250201897
250202079
250202487
250202494
250202708
250202884
250203062
250203067
250203094
250203126
250203354
250203691
250203704
250204133
250204376
250204395
250204584
250204673
250204835
250204904
250204917
250205069
250205315
250205328
250205761
250205783
250205807
250206161
250206605
250206649
250206650
250206809
250207043
250207059
250207121
250207132
250207158
250207374
250207455
250207899
250208019
250208294
250208530
250208597
250208614
250208673
250208709
250208830
250208831
250209002
250209053
250209099
250209236
250209705
250209765
250209950
250210015
250210266
250210444
250210456
250210944
250211015
250211302
250211305
250211398
250211410
250211569
250211578
250211745
250211856
250212216
250212375
250212501
250212761
250212935
250213210
250213372
250213469
250213607
250213701
250213713
250213830
250213898
250213939
250214136
250214527
250214639
250214645
250214691
250214789
250214858
250214977
250215026
250215110
250215381
250215487
250215532
250215967
250216322
250216575
250216651
250216792
250216850
250216986
250217099
250217266
250217370
250217552
250217847
250218089
250218698
250218793
250218808
250218822
250218875
250218893
250218921
250219096
250219328
250219499
250219541
250219715
250219842
250219891
250220047
250220053
250220059
250220313
250220358
250220369
250220430
250220644
250220857
250221078
250221157
250221240
250221277
250221344
250221345
250221493
250221550
250221718
250221914
250222088
250222469
250222628
250222820
250223025
250223088
250223816
250223895
250224025
250224188
250224315
250224470
250224758
250224789
250225427
250225428
250225803
250225864
250225956
250226164
250226167
250226269
250226312
250226518
250226554
250226617
250226660
250226710
250226799
250227175
250227405
250227409
250227549
250227748
250227762
250227952
250228168
250228235
250228524
250228634
250228901
250229001
250229099
250229444
250229449
250229597
250230414
250230567
250230581
250230588
250230646
250230704
250230823
250231054
250231153
250231165
250231196
250231297
250231575
250231612
250231641
250231711
250231787
250232020
250232040
250232080
250232187
250232267
250232497
250232939
250232980
250233200
250233232
250233294
250233319
250233320
250233759
250233832
250233837
250233943
250234179
250234187
250234246
250234337
250234360
250234573
250234575
250234624
250234641
250235038
250235183
250235209
250235285
250235361
250235374
250235385
250235775
250235949
250236023
250236256
250236263
250236348
250236355
250236356
250236447
250236571
250236616
250236749
250236793
250237161
250237199
250237222
250237389
250237410
250237482
250237551
250237593
250237822
250237919
250237929
250238380
250238405
250238469
250238545
250238632
250238777
250239019
250239160
250239237
250240114
250240167
250240185
250240216
250240493
250240558
250240647
250240721
250241003
250241041
250241052
250241104
250241339
250241497
250241731
250242119
250242151
250242207
250242385
250242521
250242578
250242587
250243050
250243100
250243125
250243162
250243235
250243340
250243368
250243383
250243534
250243866
250243967
250244070
250244135
250244177
250244287
250244389
250244642
250245395
250245706
250245804
250245861
250245892
250246038
250246532
250247076
250247371
250247544
250247909
250248015
250248355
250248500
250248502
250248834
250248867
250249131
250249164
250249234
250249531
250249548
250249628
250249758
250249770
250249778
250250068
250250259
250250324
250250806
250251556
250251751
250251821
250251909
250252251
250252369
250252398
250252448
250252614
250252619
250252865
250252973
250253168
250253276
250253284
250253301
250253700
250253904
250254045
250254284
250254305
250254379
250255169
250255293
250255901
250255924
250256176
250256272
250256389
250256765
250257255
250257330
250257783
250257871
250258096
250258216
250258419
250258636
250258671
250258728
250258786
250259041
250259236
250259265
250259622
250259931
250260225
250260441
250260486
250260602
250261458
250261464
250261682
250261764
250262012
250262077
250262228
250262269
250262775
250262776
250262798
250262819
250262925
250262954
250263001
250263022
250263283
250263461
250263644
250263670
250263736
250263754
250263825
250264183
250264224
250264822
250264975
250265045
250265100
250265155
250265222
250265278
250265416
250265422
250265889
250266012
250266147
250266206
250266613
250266967
250267007
250267139
250267594
250267659
250267663
250267988
250268328
250268446
250268506
250269117
250269440
250269593
250269855
250270019
250270028
250270075
250270364
250270465
250270515
250270592
250270782
250270812
250270904
250270985
250271576
250271776
250271956
250272128
250272177
250272311
250272451
250272539
250272637
250272789
250272893
250272896
250273102
250273103
250273123
250273494
250273498
250273621
250273714
250273860
250273921
250274007
250274105
250274109
250274336
250274363
250274462
250275038
250275041
250275134
250275315
250275387
250275406
250275638
250276001
250276118
250276262
250276304
250276360
250276419
250276447
250276589
250276667
250276702
250277136
250277150
250277533
250277540
250277641
250277646
250277754
250277827
250278092
250278151
250278473
250278498
250278893
250279160
250279219
250280060
250280109
250280259
250280293
250280323
250280404
250280728
250280812
250280819
250281030
250281043
250281064
250281368
250281490
250281506
250281813
250281814
250281822
250281959
250282127
250282297
250282312
250282585
250282614
250282818
250282867
250282874
250282896
250283048
250283078
250283085
250283306
250283588
250283604
250283618
250283838
250283957
250283983
250284026
250284373
250284419
250284559
250285325
250285522
250285731
250285896
250285903
250286224
250286258
250286452
250286548
250286664
250286683
250286858
250287362
250287406
250287708
250287714
250287746
250287778
250287865
250287869
250287900
250288132
250288681
250288722
250288725
250289010
250289416
250289508
250289534
250289572
250290075
250290176
250290675
250290698
250290708
250290805
250290807
250290901
250290908
250290989
250291013
250291306
250291477
250291574
250291581
250291674
250291735
250291983
250292150
250292233
250292342
250292391
250292510
250292714
250292793
250292865
250293245
250293410
250293459
250293507
250293556
250293726
250293793
250293813
250293891
250294185
250294339
250294480
250294584
250294661
250294720
250294728
250294736
250294743
250294820
250295059
250295098
250295106
250295123
250295469
250295665
250295895
250295983
250296064
250296244
250296860
250297190
250297265
250297430
250297706
250297825
250297841
250297881
250297904
250297996
250298015
250298144
250298357
250298571
250298700
250298866
250299431
250299433
250299651
250299916
250300246
250300433
250300652
250300843
250301186
250301210
250301220
250301257
250301473
250301474
250301556
250301562
250301698
250301782
250301967
250302003
250302194
250302467
250302516
250302803
250302911
250303001
250303439
250303821
250304178
250304188
250304268
250304296
250304765
250304814
250305086
250305108
250305280
250305379
250305406
250305477
250305630
250305631
250306113
250306141
250306580
250306600
250306733
250306760
250306768
250306786
250306787
250306813
250306883
250306903
250307070
250307163
250307199
250307233
250307239
250307589
250307689
250307842
250307898
250307931
250307946
250307976
250307996
250308151
250308300
250308511
250308613
250308844
250309125
250309156
250309224
250309346
250309389
250309529
250309656
250310109
250310392
250310419
250310500
250310511
250310530
250310552
250310839
250310978
250311102
250311136
250311271
250311329
250311400
250311418
250312165
250312448
250312458
250312522
250313017
250313107
250313135
250313451
250313567
250313644
250313796
250313878
250313970
250313999
250314232
250314278
250314282
250314708
250314761
250314870
250314879
250315144
250315151
250315232
250315277
250315557
250315787
250315814
250316023
250316696
250316819
250317018
250317172
250317185
250317233
250317258
250317930
250317951
250318023
250318038
250318169
250318615
250318714
250318717
250318808
250318815
250318860
250318973
250319174
250319283
250319385
250319386
250319560
250319632
250319731
250319830
250319882
250319992
250319997
250320035
250320163
250320264
250320348
250320457
250320466
250320566
250320708
250320787
250321005
250321113
250321131
250321293
250321586
250321588
250321723
250321965
250322084
250322146
250322149
250322262
250322356
250322378
250322453
250322620
250322685
250322706
250322772
250322795
250322859
250322904
250322955
250322968
250322993
250323100
250323108
250323484
250323703
250323748
250323887
250324002
250324013
250324210
250324385
250324575
250324727
250324770
250324895
250324912
250324999
250325001
250325183
250325250
250325316
250325748
250325775
250325866
250325876
250326014
250326227
250326406
250326443
250326489
250326529
250326867
250327059
250327093
250327119
250327214
250327405
250327463
250327543
250327683
250327702
250327908
250328304
250328497
250328579
250328588
250328609
250328718
250328907
250329031
250329161
250329336
250329343
250329458
250329627
250329686
250329691
250329875
250329926
250330014
250330107
250330116
250330265
250330388
250330489
250330579
250330834
250331086
250331245
250331352
250331402
250331429
250331591
250331777
250331978
250332246
250332269
250332270
250332366
250332388
250332478
250332500
250332538
250332670
250332706
250332781
250332947
250332979
250333231
250333243
250333379
250333579
250333586
250333622
250334016
250334134
250334352
250334372
250334432
250334438
250334538
250334570
250334586
250334848
250334976
250335092
250335167
250335188
250335212
250335216
250335385
250335465
250335540
250335615
250335721
250335821
250336181
250336427
250336591
250336705
250336856
250336886
250337443
250337528
250337749
250337921
250337988
250338041
250338472
250338830
250339059
250339062
250339119
250339449
250339474
250339668
250339741
250339764
250340038
250340049
250340164
250340257
250340297
250340570
250340960
250340973
250340980
250341038
250341135
250341495
250341577
250341617
250341767
250341877
250342203
250342421
250342473
250342502
250342577
250342688
250342771
250342903
250343119
250343435
250343477
250343727
250343902
250344043
250344051
250344057
250344074
250344088
250344174
250344278
250344354
250344986
250345024
250345215
250345440
250345542
250345768
250345847
250346416
250346481
250346674
250346717
250346743
250346904
250346964
250347068
250347163
250347273
250347426
250347447
250347506
250347671
250347726
250348100
250348113
250348129
250348173
250348794
250348949
250348971
250349009
250349081
250349114
250349149
250349162
250349170
250349309
250349314
250349558
250349768
250350000
250350189
250350277
250350294
250350413
250350495
250350584
250350587
250350713
250350946
250350949
250351082
250351147
250351185
250351690
250351792
250351816
250351956
250352057
250352464
250352477
250352682
250352717
250353014
250353028
250353065
250353110
250353472
250353629
250353649
250353865
250353966
250354041
250354317
250354351
250354575
250354687
250354697
250354874
250355070
250355101
250355108
250355151
250355241
250355337
250355373
250355424
250355473
250355542
250355588
250355877
250355889
250356071
250356109
250356209
250356394
250356543
250356732
250356916
250357207
250357268
250357458
250357498
250357536
250357605
250357634
250357945
250358081
250358163
250358168
250358320
250358362
250358573
250358614
250358669
250358719
250358731
250358807
250358933
250359540
250359559
250359588
250359919
250360296
250360343
250360430
250360538
250360701
250360902
250360946
250361196
250361239
250361244
250361266
250361299
250361542
250361608
250361643
250361649
250362381
250362449
250362516
250362621
250362623
250363153
250363174
250363457
250363533
250363829
250363872
250363910
250363939
250364105
250364452
250364467
250364505
250364594
250364906
250365153
250365375
250365421
250365488
250365549
250365846
250365893
250365977
250366022
250366043
250366053
250366105
250366148
250366159
250366188
250366268
250366301
250366322
250366617
250366847
250366858
250366914
250367275
250367294
250367701
250367741
250367856
250368377
250368387
250368718
250368851
250368895
250369049
250369544
250369588
250369603
250369697
250369754
250369796
250370207
250370239
250370288
250370757
250371254
250371336
250371862
250372106
250372404
250372763
250373382
250373612
250373637
250374076
250374089
250374256
250374295
250374348
250374380
250374407
250374418
250374709
250374774
250374837
250374936
250375096
250375194
250375215
250375225
250375701
250375978
250376151
250376184
250376468
250376482
250376568
250376606
250376654
250376742
250376879
250376963
250376985
250376990
250377449
250377508
250377661
250377831
250377862
250378099
250378343
250379293
250379339
250379605
250379706
250379815
250379821
250379833
250379839
250380221
250380369
250380418
250380715
250380827
250380861
250380993
250381181
250381323
250381465
250381544
250381567
250381629
250381647
250381660
250381828
250381842
250381957
250382254
250382256
250382509
250382613
250382627
250383019
250383025
250383081
250383536
250383677
250383902
250384019
250384627
250384659
250384680
250384925
250385055
250385164
250385244
250385281
250385330
250385432
250385612
250385630
250385662
250386202
250386209
250386310
250386492
250386655
250386664
250386670
250386725
250386821
250386826
250386968
250387070
250387161
250387605
250387619
250387688
250387776
250387800
250387845
250387909
250388182
250388610
250388686
250389089
250389250
250389424
250389471
250389505
250389612
250389689
250389990
250390619
250390845
250390884
250390982
250391101
250391107
250391203
250391245
250391314
250391363
250391365
250391392
250391752
250391764
250391990
250392209
250392308
250392320
250392385
250392516
250392523
250392589
250392878
250393002
250393119
250393158
250393328
250393376
250393422
250393715
250393731
250394010
250394073
250394142
250394356
250394369
250394417
250394497
250394615
250394636
250394663
250394684
250394765
250394784
250395024
250395037
250395076
250395346
250395349
250395525
250395576
250395872
250395983
250396089
250396216
250396259
250396309
250396350
250396410
250396893
250397018
250397424
250397446
250397512
250397544
250397636
250397668
250397804
250398109
250398239
250398308
250398494
250398574
250398727
250398786
250398853
250398898
250399089
250399113
250399524
250399614
250399782
250399851
250400098
250400202
250400255
250400318
250400334
250400433
250400474
250400506
250400645
250400654
250400671
250400757
250400842
250400897
250401170
250401275
250401295
250401398
250401721
250401857
250401965
250402117
250402236
250402256
250402267
250402385
250402551
250402787
250403172
250403518
250403643
250403977
250404034
250404059
250404126
250404682
250405369
250405403
250405498
250405565
250405598
250406152
250406191
250406275
250406906
250407130
250407258
250407270
250407276
250407346
250407494
250407502
250407568
250407670
250407833
250408216
250408247
250408418
250408484
250408711
250408884
250409032
250409122
250409143
250409484
250409549
250409743
250410207
250410257
250410301
250410342
250410434
250410535
250410846
250410917
250411285
250411297
250411492
250411626
250411642
250411658
250411879
250412022
250412101
250412197
250412199
250412202
250412242
250412264
250412556
250412588
250412689
250413078
250413110
250413119
250413268
250413465
250413592
250413906
250413920
250414002
250414080
250414085
250414217
250414411
250414427
250414573
250414665
250414711
250414749
250414858
250414979
250415559
250415569
250415826
250415893
250416123
250416184
250416192
250416241
250416247
250416310
250416562
250416774
250417244
250417464
250417702
250417795
250418411
250418707
250418738
250418768
250418788
250418810
250418968
250419100
250419231
250419247
250419250
250419407
250419421
250419498
250419621
250419726
250419752
250419774
250419992
250420002
250420263
250420387
250420881
250420891
250421264
250421667
250421710
250421972
250422035
250422059
250422269
250422403
250422447
250422705
250422725
250423176
250423183
250423274
250423340
250423379
250423561
250423741
250423805
250423817
250424089
250424165
250424173
250424635
250424703
250424889
250425003
250425528
250425593
250425641
250425676
250425725
250425752
250425759
250425775
250425776
250425844
250426085
250426093
250426220
250426316
250426322
250426546
250426983
250427181
250427190
250427278
250427474
250427575
250427702
250427851
250428029
250428321
250428373
250428408
250428436
250428648
250429202
250429224
250429522
250429694
250429728
250429826
250430096
250430438
250430454
250430826
250430878
250430978
250431340
250431529
250431544
250431553
250431776
250431966
250432607
250432646
250432776
250432841
250433244
250433357
250433544
250433799
250433877
250434321
250434395
250434407
250434484
250434771
250434787
250434901
250435070
250436131
250436166
250436198
250436217
250436258
250436281
250436311
250436438
250436485
250436520
250436725
250436846
250436902
250437161
250437173
250437302
250437657
250438070
250438452
250438467
250438508
250438564
250439135
250439389
250439510
250439896
250439995
250440207
250440540
250440571
250440582
250440640
250440853
250440882
250441067
250441452
250441746
250442097
250442105
250442292
250442394
250442521
250442548
250442630
250442972
250443005
250443021
250443104
250443215
250443758
250443808
250444077
250444526
250444577
250444591
250444644
250444676
250444731
250445044
250445416
250445862
250446048
250446284
250446507
250446531
250447190
250447421
250447699
250447983
250447999
250448016
250448091
250448222
250448330
250448397
250448951
250449527
250449693
250449837
250450297
250450360
250450404
250450447
250450641
250451341
250451390
250451447
250451517
250451653
250451720
250452120
250452871
250453072
250453078
250453140
250453190
250453388
250453644
250453930
250454130
250454366
250454438
250454442
250454482
250454634
250454651
250454803
250455402
250455500
250455981
250456183
250456478
250456522
250456561
250457012
250457016
250457367
250457535
250457831
250457842
250457885
250458173
250458178
250458224
250458490
250458512
250458528
250458808
250458892
250458898
250459012
250459117
250459205
250459513
250459691
250459708
250460056
250460107
250460139
250460150
250460547
250460570
250460927
250461087
250461114
250461136
250461528
250461530
250461874
250462001
250462158
250462516
250462719
250462760
250462798
250463059
250463131
250463331
250463343
250464025
250464229
250464378
250464603
250465522
250466024
250466041
250466105
250466150
250466175
250466254
250466720
250467014
250467109
250467117
250467133
250467217
250467583
250467682
250467734
250467972
250467973
250467984
250468330
250468721
250468821
250469058
250469129
250469147
250469175
250469353
250469459
250469460
250469520
250469669
250469685
250469718
250469767
250469916
250470262
250470293
250470468
250470650
250470932
250470992
250471289
250471684
250471709
250472051
250472116
250472311
250472323
250472335
250472351
250472370
250472476
250472480
250472492
250472528
250472577
250472672
250472693
250472735
250472751
250472756
250472874
250473008
250473068
250473121
250473253
250473310
250473421
250473517
250473842
250474120
250474248
250474249
250474442
250474536
250474932
250475002
250475039
250475190
250475510
250475571
250475619
250475764
250476001
250476051
250476139
250476257
250476282
250476611
250476688
250476700
250476977
250476989
250477038
250477075
250477406
250477529
250477712
250477715
250477846
250477943
250477989
250478194
250478201
250478275
250478370
250478371
250478613
250478627
250478649
250478717
250478745
250478769
250479304
250479373
250479454
250480119
250480147
250480213
250480287
250480523
250480573
250480631
250480654
250480890
250481416
250481488
250481700
250481829
250481891
250482103
250482134
250482622
250482694
250482870
250482932
250483084
250483292
250483293
250483294
250483502
250483533
250483770
250483845
250483885
250483931
250484098
250484245
250484249
250484358
250484480
250484563
250484788
250484855
250485021
250485037
250485580
250485583
250485676
250485822
250485846
250486088
250486104
250486369
250486482
250487303
250487346
250487554
250487571
250488002
250488434
250488535
250488564
250488817
250489009
250489023
250489563
250489831
250489833
250489893
250490770
250490888
250490963
250491301
250491445
250491498
250491539
250491663
250491685
250491816
250491994
250492045
250492563
250492579
250492769
250492864
250493225
250493299
250493632
250493937
250494139
250494321
250494430
250494734
250495182
250495203
250495230
250495409
250495491
250495763
250495998
250496011
250496535
250496618
250496692
250496806
250496875
250497197
250497592
250497891
250497904
250497942
250498528
250499197
250499317
250499425
250499475
250499523
250499532
250499596
250499703
250499713
250499928
250499944
250500116
250500160
250500213
250500483
250500733
250500781
250501108
250501160
250501223
250501302
250501440
250501457
250501492
250501498
250501793
250501824
250501853
250501884
250502041
250502143
250502165
250502254
250502485
250502603
250503074
250503106
250503117
250503162
250503236
250503328
250503421
250503478
250503572
250503716
250504061
250504123
250504155
250504365
250504448
250504608
250504627
250504764
250504908
250505026
250505310
250505499
250505781
250505815
250505887
250505897
250506199
250506203
250506282
250506380
250506508
250506663
250506672
250506785
250506893
250507083
250507152
250507225
250507335
250507343
250507412
250507460
250507502
250507518
250507537
250507588
250507623
250507642
250508010
250508011
250508080
250508082
250508175
250508349
250508366
250508512
250508656
250509426
250509498
250509565
250509743
250509754
250509778
250509808
250509927
250509929
250509963
250510036
250510374
250510468
250511045
250511192
250511236
250511250
250511294
250511482
250512105
250512199
250512621
250512694
250513027
250513209
250513235
250513237
250513238
250513283
250513303
250513420
250513446
250513801
250513855
250514036
250514073
250514231
250514654
250514694
250514827
250514993
250515033
250515103
250515403
250515519
250515617
250515970
250515973
250516066
250516079
250516129
250516233
250516246
250516349
250516408
250516433
250516741
250516754
250516934
250516946
250517037
250517084
250517097
250517104
250517135
250517184
250517244
250517341
250517466
250517678
250517722
250517774
250517895
250517992
250518442
250518478
250518517
250518599
250518667
250518868
250519105
250519565
250519587
250519819
250519920
250519990
250520130
250520367
250520439
250520643
250520687
250520697
250520967
250521627
250521684
250521789
250521808
250521889
250522223
250522671
250522846
250522899
250522925
250522963
250523112
250523128
250523218
250523357
250523454
250523521
250523619
250523967
250524155
250524268
250524681
250524994
250525046
250525115
250525165
250525180
250525234
250525281
250525283
250525324
250525415
250525503
250525647
250525920
250526053
250526057
250526087
250526094
250526097
250526105
250526111
250526157
250526326
250526371
250526531
250526652
250526822
250526911
250527186
250527212
250527843
250527934
250527991
250528017
250528032
250528157
250528199
250528473
250528502
250528575
250528641
250529119
250529262
250529327
250529686
250529755
250530115
250530330
250530524
250530897
250530962
250531241
250531257
250531299
250531422
250531627
250532183
250532381
250532409
250532516
250532778
250532779
250532782
250532956
250533095
250533277
250533346
250533650
250533856
250534105
250534302
250534586
250535018
250535096
250535125
250535207
250535293
250535797
250535829
250535963
250535979
250535989
250536011
250536103
250536117
250536134
250536167
250536514
250536847
250536885
250537123
250537200
250537253
250537300
250537312
250537465
250538477
250538621
250538638
250538745
250538809
250538894
250538975
250539334
250539424
250539661
250539827
250539828
250540123
250540209
250540262
250540355
250540384
250540417
250540430
250540454
250541158
250541159
250541712
250541721
250541895
250542005
250542200
250542475
250542589
250542600
250542739
250542817
250543097
250543130
250543209
250543234
250543405
250543489
250543514
250543548
250543722
250543880
250544034
250544179
250544271
250544539
250544564
250544853
250544938
250545186
250545348
250545569
250545818
250546261
250546377
250546491
250546610
250546637
250546645
250546700
250546706
250546828
250546854
250547212
250547290
250547384
250547654
250547744
250547745
250547995
250548060
250548061
250548096
250548143
250548374
250548634
250548764
250549112
250549163
250549190
250549204
250549269
250549324
250549628
250549723
250549729
250549832
250549885
250549988
250550077
250550133
250550197
250550209
250550697
250550702
250550739
250550861
250550982
250550991
250551111
250551184
250551281
250551346
250551472
250551544
250551673
250551674
250551685
250551822
250551869
250551910
250551977
250552068
250552275
250552351
250552359
250552462
250552655
250552789
250552817
250553103
250553362
250553517
250553737
250553798
250554010
250554077
250554173
250554190
250554194
250554198
250554320
250554544
250554592
250554908
250554925
250555163
250555264
250555407
250555545
250555752
250555794
250555798
250555926
250556112
250556280
250556492
250556546
250556600
250557004
250557150
250557213
250557234
250557287
250557303
250557316
250557580
250557606
250557918
250558473
250558716
250558773
250558801
250558860
250558961
250559065
250559243
250559275
250559330
250559512
250559942
250560014
250560027
250560102
250560122
250560127
250560300
250560334
250560418
250560742
250560862
250560878
250561047
250561178
250561374
250561396
250561406
250561452
250561552
250561615
250561751
250562076
250562248
250562348
250562375
250562543
250562672
250562777
250563321
250563375
250563390
250563506
250563926
250563931
250564145
250564255
250564283
250564285
250564344
250564375
250564538
250564672
250564848
250565137
250565232
250565520
250565788
250565893
250566050
250566450
250566548
250566567
250566570
250566736
250566743
250566899
250566906
250567287
250567478
250567647
250567746
250567898
250567926
250568128
250568657
250568732
250568817
250568825
250568879
250568881
250568909
250569042
250569180
250569683
250569702
250569849
250570241
250570331
250570638
250570667
250570686
250570786
250570960
250571267
250571807
250571902
250572082
250572214
250572307
250572348
250572542
250572740
250572969
250573059
250573113
250573124
250573151
250573324
250573352
250573640
250573650
250573707
250574123
250574158
250574425
250574580
250574662
250574862
250575450
250575531
250575552
250575588
250575651
250575739
250575742
250575753
250575833
250575982
250576022
250576099
250576275
250576288
250576582
250576608
250576661
250577108
250577179
250577374
250577485
250577650
250578194
250578273
250578357
250578466
250578647
250578657
250578720
250579022
250579110
250579201
250579408
250580086
250580670
250581387
250581454
250581478
250581546
250581571
250581673
250581773
250582206
250582372
250582383
250582410
250582482
250582513
250582988
250583019
250583135
250583762
250583843
250583887
250584310
250584486
250584853
250584890
250585121
250585516
250585990
250585991
250586105
250586165
250586222
250586405
250586658
250586705
250586903
250586948
250588412
250588504
250588923
250588947
250589056
250589179
250589305
250589322
250589581
250589912
250589945
250590011
250590093
250590097
250590129
250590189
250590584
250590591
250591275
250591603
250591838
250591984
250591990
250592153
250592250
250592485
250592541
250592671
250592750
250592799
250592850
250592954
250593093
250593316
250593751
250593790
250593843
250593881
250594663
250595004
250595050
250595124
250595242
250595709
250595832
250596047
250596048
250596211
250596674
250596692
250596806
250597062
250597766
250598021
250598216
250598283
250598306
250598325
250598512
250598548
250598669
250598832
250598941
250598976
250599030
250599103
250599107
250599221
250599306
250599657
250599664
250599909
250599933
250600269
250600293
250600506
250600597
250601011
250601243
250601258
250601259
250601331
250601572
250601931
250602023
250602038
250602090
250602109
250602213
250602221
250602255
250602681
250602862
250603117
250603248
250603398
250603443
250603601
250603607
250604130
250604147
250604910
250604960
250605533
250605598
250605955
250606145
250606146
250606202
250606252
250606693
250606712
250607262
250607273
250607518
250607519
250607649
250607665
250607826
250607940
250607955
250608202
250608372
250608382
250608392
250608684
250608741
250608748
250608856
250608919
250609065
250609237
250609356
250609424
250609439
250609473
250609649
250610045
250610074
250610237
250610349
250610869
250611252
250611280
250611344
250611507
250611551
250611910
250612093
250612283
250612313
250612335
250612440
250612741
250612883
250612963
250613014
250613209
250613410
250613449
250613515
250613690
250613802
250613916
250614076
250614660
250614819
250615173
250615435
250615516
250615829
250615833
250615984
250616005
250616219
250616323
250616346
250616369
250616568
250616720
250616785
250616986
250617187
250617390
250617416
250617586
250617790
250617972
250618127
250618213
250618312
250618424
250618968
250619181
250619259
250619574
250619658
250619702
250619938
250620165
250620181
250620262
250620386
250620803
250620852
250620883
250621114
250621206
250621331
250621390
250621665
250621690
250621797
250622049
250622234
250622453
250622505
250622573
250622620
250622690
250622700
250622706
250622738
250622765
250622800
250622842
250622927
250622972
250623079
250623357
250623395
250623468
250623487
250623510
250623547
250623654
250623730
250623757
250623840
250623933
250623949
250624006
250624191
250624292
250624410
250624659
250624695
250624870
250625038
250625075
250625080
250625275
250625327
250625329
250625493
250625537
250626167
250626490
250626606
250626686
250626761
250626775
250627003
250627008
250627190
250627438
250627466
250627565
250627576
250627843
250627959
250628001
250628242
250628271
250628289
250628395
250628450
250628489
250628556
250628657
250628802
250628908
250629051
250629130
250629198
250629584
250629985
250630367
250630422
250630438
250630508
250630645
250630737
250630739
250630870
250631016
250631405
250631552
250631586
250631609
250631617
250632024
250632090
250632120
250632124
250632145
250632169
250632188
250632200
250632326
250632355
250632366
250632413
250632424
250632562
250632606
250632783
250632945
250633013
250633153
250633292
250633305
250633516
250633820
250633822
250633958
250634003
250634140
250634333
250634356
250634801
250635176
250635352
250635458
250635484
250635487
250635527
250635570
250635650
250635686
250635729
250635824
250635829
250635930
250635978
250636115
250636173
250636258
250636525
250636538
250636688
250636717
250636718
250636719
250636783
250637170
250637189
250637322
250637414
250637502
250637541
250637967
250638153
250638295
250638693
250638721
250638900
250638932
250638970
250639367
250639377
250639728
250639785
250639815
250639863
250639930
250640119
250640536
250640571
250640603
250640724
250640821
250641074
250641100
250641327
250641699
250641753
250642014
250642115
250642145
250642150
250642278
250642288
250642411
250642458
250642634
250643080
250643146
250643170
250643187
250643278
250643403
250643441
250643580
250643662
250643762
250644141
250644378
250644534
250644692
250644768
250645003
250645066
250645248
250645391
250645656
250645798
250645952
250646094
250646223
250646459
250646473
250646765
250647098
250647110
250647146
250647155
250647412
250647440
250647528
250647629
250647768
250648763
250648843
250648907
250648997
250649385
250649535
250649856
250649956
250650433
250651188
250651308
250651506
250651587
250651614
250651775
250651943
250651952
250651977
250651993
250652003
250652433
250653044
250653049
250653064
250653267
250653284
250653292
250653340
250653630
250653676
250653890
250653982
250654017
250654189
250654206
250654213
250654356
250654361
250654368
250654639
250654650
250654751
250654783
250655202
250655223
250655264
250655290
250655308
250655548
250655567
250655686
250655753
250655811
250656169
250656296
250656300
250656375
250656428
250656473
250656683
250656834
250656891
250657141
250657250
250657271
250657502
250657775
250658029
250658044
250658142
250658153
250658163
250658629
250658688
250658935
250659032
250659083
250659109
250659612
250659638
250659648
250659689
250659743
250659753
250660016
250660032
250660040
250660173
250660189
250660480
250660670
250660914
250660931
250660949
250661002
250661042
250661124
250661324
250661405
250661411
250661427
250661440
250661461
250661507
250661565
250661625
250661635
250661664
250661717
250662169
250662260
250662422
250662742
250662979
250663032
250663164
250663487
250663650
250663676
250663695
250663898
250663963
250664145
250664193
250664218
250664229
250664715
250664977
250665114
250665380
250665458
250665487
250665506
250665535
250665722
250666007
250666027
250666190
250666331
250666371
250666372
250666466
250666892
250666999
250667096
250667173
250667259
250667379
250667476
250667590
250667635
250667667
250668412
250668471
250668515
250668554
250668642
250669009
250669029
250669091
250669441
250669486
250669760
250669788
250669801
250669887
250669986
250670091
250670232
250670696
250670862
250670868
250671254
250671320
250671397
250671405
250671581
250671777
250671800
250672286
250672622
250672762
250672887
250673083
250673266
250673322
250673370
250673407
250673521
250673526
250673547
250673712
250674090
250674248
250674252
250674279
250674451
250674548
250674636
250674677
250675164
250675191
250675565
250675790
250675864
250676057
250676135
250676396
250676811
250676877
250676904
250677080
250677104
250677250
250677258
250677293
250677308
250677315
250677437
250677710
250677817
250677987
250678002
250678285
250678325
250678796
250678826
250678845
250678887
250679157
250679238
250679386
250679701
250679737
250679862
250680028
250680047
250680239
250680344
250680370
250680467
250681152
250681225
250681534
250681599
250682165
250682364
250682622
250682667
250682740
250682751
250682804
250683042
250683083
250683222
250683267
250683422
250683488
250683533
250683698
250683788
250684378
250684431
250684484
250684514
250684557
250684675
250684817
250684924
250685007
250685158
250685296
250685313
250685429
250685764
250685922
250686071
250686148
250686405
250686626
250686670
250686824
250687052
250687065
250687374
250687545
250687689
250688015
250688143
250688349
250688498
250688527
250688579
250688779
250688908
250688923
250689051
250689179
250689333
250689360
250689373
250689418
250689466
250689655
250689713
250689752
250689869
250689936
250689959
250689978
250690113
250690278
250690327
250690466
250690582
250690788
250690948
250690997
250691100
250691280
250691293
250691383
250691724
250691780
250691879
250692058
250692060
250692185
250692271
250692521
250692758
250692780
250692795
250692809
250692840
250693268
250693429
250693532
250693538
250693581
250693636
250693722
250693743
250693746
250693791
250694071
250694556
250694571
250694754
250694783
250694807
250694883
250694897
250695043
250695053
250695153
250695218
250695285
250695309
250695315
250695371
250695540
250695553
250695796
250695997
250696046
250696336
250696389
250696415
250696433
250696435
250696471
250696622
250696632
250696644
250696785
250696887
250697298
250697342
250697373
250697374
250697385
250697848
250697853
250698103
250698152
250698260
250698663
250699016
250699410
250699432
250699482
250699778
250699961
250699966
250700114
250700211
250700373
250700452
250700524
250700682
250700700
250700913
250701104
250701239
250701349
250701617
250701800
250701912
250702115
250702725
250702837
250702875
250703044
250703233
250703348
250703387
250703401
250703672
250703887
250703926
250703982
250703987
250704197
250704220
250704254
250704364
250704434
250704454
250704616
250704830
250704931
250704939
250704963
250705073
250705280
250705563
250705565
250705750
250705794
250705846
250705979
250706023
250706115
250706302
250706392
250706498
250706723
250706761
250707197
250707213
250707232
250707351
250707376
250707398
250707526
250707539
250707617
250707685
250707696
250707787
250707891
250708221
250708624
250708673
250708772
250708888
250708963
250708970
250709022
250709129
250709134
250709213
250709318
250709443
250709498
250709676
250709741
250710190
250710233
250710250
250710288
250710300
250710303
250710426
250710474
250710529
250710603
250710622
250710660
250710992
250710993
250711032
250711270
250711341
250711707
250711708
250711768
250711769
250712068
250712073
250712403
250712767
250712840
250712974
250713032
250713248
250713347
250713359
250713398
250713419
250713494
250713741
250713910
250713944
250714075
250714294
250714505
250714555
250714883
250714889
250714953
250714964
250715409
250715652
250715772
250715847
250716087
250716432
250716511
250716679
250717040
250717356
250717386
250717408
250717535
250717623
250717644
250717677
250717863
250718140
250718308
250718398
250718489
250718499
250718500
250718557
250718798
250719012
250719102
250719108
250719263
250719494
250719656
250719829
250719856
250719869
250719903
250719959
250720051
250720062
250720077
250720170
250720413
250720474
250720692
250720704
250720831
250721096
250721110
250721324
250721729
250721744
250721811
250721832
250721954
250722081
250722103
250722164
250722169
250722182
250722211
250722272
250722444
250722687
250722770
250722787
250722895
250722955
250723146
250723281
250723294
250723443
250723528
250723671
250723721
250723812
250723945
250723969
250724224
250724253
250724377
250724521
250724774
250724801
250724905
250724947
250725114
250725212
250725313
250725465
250725608
250725649
250725724
250726067
250726075
250726103
250726149
250726209
250726355
250726554
250726842
250726887
250726922
250727317
250727497
250727722
250727925
250728009
250728124
250728184
250728464
250729147
250729194
250729317
250729415
250729473
250729493
250729541
250729813
250729918
250730024
250730194
250730221
250730611
250730613
250730658
250730801
250731015
250731049
250731128
250731136
250731529
250731546
250731564
250731659
250731787
250731802
250731876
250732114
250732190
250732194
250732245
250732288
250732767
250732789
250732943
250733230
250733524
250733734
250733751
250733810
250733892
250733914
250734021
250734069
250734074
250734273
250734375
250734483
250734856
250734876
250735115
250735122
250735503
250735542
250735817
250736416
250736651
250736789
250737018
250737053
250737642
250738113
250738145
250738296
250738326
250738446
250738544
250738546
250738644
250738680
250738716
250738876
250738978
250739596
250739908
250739988
250740072
250740104
250740258
250740379
250740468
250740551
250740615
250740727
250740807
250741157
250741166
250741380
250741454
250741674
250741692
250741834
250742005
250742087
250742115
250742306
250742686
250742706
250742856
250742879
250743012
250743171
250743198
250743693
250744037
250744204
250744241
250744262
250744311
250744344
250744359
250744592
250744620
250744647
250744674
250744694
250744779
250744975
250744979
250745024
250745060
250745188
250745308
250745548
250745622
250745684
250745797
250745954
250745960
250746174
250746189
250746414
250746522
250746527
250746719
250747078
250747264
250747291
250747481
250747564
250747886
250747905
250748066
250748172
250748393
250748505
250748551
250748777
250748964
250749075
250749108
250749494
250750316
250750552
250750646
250750872
250751143
250751266
250751362
250751620
250751622
250751846
250751848
250751999
250752050
250752055
250752099
250752215
250752370
250752385
250752796
250752854
250752892
250753214
250753226
250753266
250753281
250753300
250753424
250753445
250753757
250753868
250753916
250753925
250753989
250754392
250754711
250754784
250754838
250754899
250755008
250755021
250755159
250755237
250755400
250755967
250756249
250756278
250756615
250756671
250756768
250757044
250757202
250757893
250757936
250758045
250758074
250758268
250758340
250758504
250758820
250758893
250759003
250759029
250759094
250759108
250759321
250759430
250759498
250759539
250759643
250759674
250759840
250759987
250760284
250760674
250760689
250760809
250760825
250760901
250761106
250761128
250761238
250761391
250761421
250761753
250762082
250762675
250763034
250763035
250763056
250763125
250763153
250763229
250763311
250763394
250763407
250763592
250763926
250763991
250764177
250764216
250764265
250764360
250764393
250764510
250764520
250764656
250764784
250764829
250764881
250765005
250765220
250765312
250765593
250765833
250765933
250766165
250766181
250766307
250766644
250766648
250766782
250766789
250766863
250767023
250767404
250767858
250767921
250768238
250768281
250768443
250768460
250768603
250768643
250768671
250769556
250769759
250769946
250770116
250770148
250770192
250770231
250770271
250770362
250770539
250770591
250770781
250770877
250771106
250771425
250771647
250771695
250771773
250771850
250771868
250772214
250772471
250772522
250772639
250772649
250772797
250773166
250773289
250773815
250773851
250773914
250774441
250774566
250774589
250774596
250774727
250774828
250774856
250774966
250775075
250775299
250775385
250775481
250775555
250775599
250775641
250775763
250775903
250775910
250776173
250776254
250776543
250776864
250776939
250776953
250777046
250777150
250777202
250777241
250777559
250777601
250777731
250777763
250777841
250777883
250777975
250778171
250778189
250778198
250778520
250778555
250778962
250778983
250779022
250779116
250779479
250779544
250779578
250779682
250779695
250779755
250779773
250779834
250780093
250780296
250780443
250780450
250780540
250780618
250780629
250780664
250780731
250780798
250780938
250781493
250781737
250781838
250781900
250782137
250782375
250782742
250782799
250782911
250782954
250783411
250783420
250783457
250783460
250783506
250783788
250783968
250784122
250784166
250784504
250784506
250784754
250784897
250785021
250785076
250785142
250785159
250785539
250785603
250785699
250785743
250786040
250786047
250786663
250786808
250787198
250787238
250787289
250787484
250787626
250787637
250788058
250788107
250788116
250788195
250788455
250788757
250789088
250789117
250789176
250789227
250789608
250789873
250789874
250789905
250789954
250790105
250790123
250790428
250790587
250790742
250790784
250791034
250791073
250791084
250791176
250791179
250791352
250791376
250791545
250791613
250791803
250791828
250791841
250791876
250791884
250792160
250792249
250792475
250792476
250792692
250792715
250792729
250792828
250793001
250793208
250793237
250793304
250793395
250793447
250793449
250793602
250793604
250793609
250793667
250793679
250793702
250793861
250793878
250794324
250794490
250794585
250794741
250795009
250795029
250795050
250795441
250795516
250795520
250795791
250795964
250796368
250796467
250796608
250796756
250796785
250796839
250797038
250797130
250797149
250797531
250797604
250797828
250797957
250798044
250798050
250798245
250798295
250798336
250798458
250798764
250798823
250798827
250798872
250798896
250798995
250799034
250799429
250799571
250799726
250799804
250799808
250800004
250800138
250800258
250800296
250800399
250800517
250800541
250800815
250801002
250801079
250801085
250801335
250801336
250801431
250801499
250801576
250801597
250801781
250801913
250802400
250802519
250802558
250802834
250802887
250802894
250803354
250803582
250803667
250803774
250804231
250804454
250804773
250804786
250804858
250805217
250805374
250805466
250805536
250805855
250805964
250806983
250807476
250807624
250807646
250807858
250807911
250807913
250807917
250807987
250808037
250808126
250808142
250808237
250808392
250808505
250808586
250808697
250808788
250808862
250808953
250808964
250808978
250809132
250809198
250809269
250809332
250809339
250809390
250809474
250809488
250809643
250809743
250809746
250809828
250809886
250810134
250810216
250810230
250810242
250810311
250810367
250810544
250810560
250810615
250810651
250811156
250811299
250811452
250811664
250811841
250811890
250811893
250811955
250812351
250812404
250812521
250812649
250812693
250812860
250813402
250813470
250813528
250813570
250813628
250813973
250814273
250814332
250814340
250814364
250814417
250814460
250814461
250814518
250814679
250814707
250814769
250814772
250814819
250814840
250814878
250814927
250815144
250815261
250815367
250815720
250815762
250816114
250816333
250816472
250816482
250816509
250816709
250816819
250816906
250817316
250817353
250817483
250817513
250817680
250817684
250817778
250817892
250818168
250818176
250818208
250818390
250818532
250818590
250818939
250819154
250819268
250819574
250819659
250819993
250820027
250820515
250820632
250820748
250820901
250820951
250820953
250821132
250821309
250821765
250821861
250821952
250822344
250823070
250823165
250823331
250823367
250823585
250823884
250824079
250824113
250824589
250824707
250824762
250824859
250825004
250825122
250825282
250825325
250825366
250825421
250825448
250825583
250825705
250825722
250825786
250825800
250825944
250825958
250825968
250825984
250826147
250826173
250826413
250826642
250826770
250827094
250827377
250827412
250827459
250827514
250827536
250827738
250827871
250827995
250828043
250828101
250828327
250828564
250828614
250828801
250828817
250828861
250829392
250829410
250829646
250829762
250829767
250830089
250830166
250831366
250832165
250832305
250832585
250832753
250832766
250832812
250832940
250833100
250833271
250833290
250833394
250833526
250833913
250834000
250834004
250834057
250834065
250834212
250834216
250834221
250834284
250834285
250834354
250834389
250834439
250834481
250834483
250834560
250834752
250834900
250834941
250834976
250835082
250835160
250835180
250835186
250835195
250835229
250835451
250835653
250835681
250836004
250836099
250836294
250836427
250836514
250836600
250836675
250836678
250836720
250836830
250836883
250837377
250837418
250837554
250837635
250837658
250837700
250837807
250837995
250838089
250838252
250838589
250838880
250838965
250839196
250839279
250839295
250839306
250839384
250839400
250839474
250839513
250839591
250839605
250839623
250839745
250839820
250840043
250840229
250840353
250840446
250840647
250840726
250840880
250840899
250841013
250841055
250841216
250841518
250841535
250841625
250841658
250841708
250841762
250841768
250841875
250841924
250842453
250842748
250842772
250843162
250843258
250843341
250843446
250843543
250844413
250844564
250844588
250844668
250844812
250844923
250844928
250845085
250845157
250845245
250845784
250845802
250846093
250846164
250846358
250846503
250846738
250846752
250846856
250847114
250847747
250847871
250847901
250848202
250848525
250848545
250848656
250848664
250848714
250848811
250849092
250849259
250849383
250849946
250850166
250850246
250850310
250850315
250850350
250850408
250850458
250850668
250850755
250850870
250850988
250851040
250851142
250851691
250851717
250851888
250852929
250854205
250854226
250854349
250854444
250854514
250854618
250854769
250854848
250855624
250855630
250855705
250856068
250856412
250856450
250856456
250856524
250856777
250856784
250856787
250856810
250856849
250857350
250857474
250857489
250857739
250857804
250858016
250858021
250858261
250858711
250858754
250858794
250858925
250858928
250859233
250859419
250859461
250859563
250859745
250859952
250859981
250860112
250860213
250860248
250860316
250860987
250861146
250861183
250861220
250861610
250861631
250861769
250861824
250861844
250861954
250861978
250862222
250862306
250862336
250862449
250862562
250862591
250862764
250862941
250863107
250863250
250863494
250863517
250863588
250863917
250864418
250864641
250864839
250864875
250864936
250865007
250865168
250865195
250865224
250865257
250865270
250865287
250865470
250865514
250865639
250865898
250866183
250866189
250866199
250866213
250866280
250866387
250866401
250866800
250866835
250866837
250866908
250866995
250867146
250867194
250867908
250868003
250868006
250868218
250868288
250868434
250868464
250868603
250868801
250868821
250868855
250869193
250869303
250869312
250869333
250869386
250869926
250869943
250870224
250870295
250870306
250870381
250870664
250870801
250870935
250871102
250871170
250871362
250871401
250871734
250871886
250871928
250872011
250872034
250872327
250872696
250872786
250872837
250872853
250873769
250873801
250874101
250874214
250874687
250874721
250874751
250874821
250874937
250874977
250875214
250875460
250875599
250875736
250876115
250876130
250876168
250876171
250876213
250876214
250876317
250876449
250876541
250876570
250876616
250877677
250877724
250877761
250877825
250877952
250877970
250877978
250878019
250878147
250878253
250878256
250878309
250878879
250879172
250879195
250879357
250879407
250879444
250879509
250879728
250879796
250879932
250880122
250880140
250880213
250880231
250880319
250880403
250880453
250880495
250880581
250880732
250880736
250880739
250880934
250881005
250881034
250881310
250881387
250881399
250881496
250881601
250881663
250881830
250881898
250881921
250881998
250882126
250882163
250882394
250882505
250882706
250882755
250882786
250882928
250883252
250883346
250883351
250883425
250883587
250883678
250883880
250883972
250884116
250884150
250884197
250884235
250884285
250884322
250884559
250884667
250884789
250885003
250885110
250885160
250885429
250885644
250885760
250885855
250885857
250885896
250885963
250885972
250886500
250886562
250886625
250886856
250887115
250887502
250887508
250887580
250887745
250887768
250888036
250888234
250888549
250888557
250888659
250888706
250888741
250888765
250888980
250889160
250889411
250889669
250889739
250889828
250889866
250889975
250890192
250890210
250890236
250890364
250890422
250890540
250890590
250890630
250890680
250890736
250891135
250891139
250891144
250891176
250891225
250891306
250891320
250891334
250891375
250891419
250891440
250891456
250891730
250891827
250891830
250892023
250892166
250892172
250892298
250892467
250892674
250892738
250892889
250893146
250893321
250893355
250893601
250893771
250893895
250894072
250894353
250894437
250894897
250894971
250895029
250895154
250895399
250895418
250895494
250895556
250895565
250895615
250895807
250895893
250896176
250896471
250896540
250896563
250896565
250896603
250896628
250896816
250896844
250896880
250896977
250897225
250897247
250897426
250898349
250898447
250898660
250898700
250898775
250899093
250899095
250899830
250899964
250900025
250900640
250900698
250900730
250900829
250900845
250900875
250901151
250901212
250901255
250901306
250901332
250901352
250901432
250901603
250901716
250902248
250902347
250902404
250902839
250902870
250903006
250903012
250903110
250903479
250903673
250903802
250903815
250903863
250904074
250904348
250904379
250904421
250904511
250904519
250904562
250904623
250904687
250904716
250904791
250904837
250904882
250905253
250905316
250905342
250905472
250905581
250905682
250906010
250906015
250906068
250906339
250906348
250906386
250907077
250907153
250907185
250907267
250907528
250907616
250907753
250907805
250907931
250907975
250908564
250908688
250908694
250908847
250909165
250909202
250909309
250909481
250909495
250909570
250909773
250910063
250910067
250910219
250910230
250910490
250910575
250910576
250910680
250910986
250911148
250911513
250911844
250912189
250912230
250912239
250912255
250912309
250912346
250912348
250912448
250912592
250912631
250913171
250913724
250913931
250913957
250914093
250914246
250914272
250914343
250914488
250914604
250914794
250914796
250914813
250915096
250915299
250915501
250915915
250915931
250915951
250916155
250916304
250916405
250916587
250916744
250916916
250917117
250917273
250917395
250917574
250918001
250918016
250918027
250918105
250918440
250918729
250918847
250918967
250919020
250919169
250919198
250919373
250919428
250919431
250919565
250919663
250919739
250920056
250920114
250920133
250920149
250920190
250920268
250920277
250920289
250920377
250920655
250920805
250921013
250921074
250921102
250921206
250921504
250921564
250921614
250921615
250921628
250921662
250921750
250921985
250922011
250922034
250922129
250922305
250922578
250922603
250922626
250922680
250922681
250922690
250922736
250923020
250923104
250923124
250923202
250923244
250923501
250923507
250923801
250924100
250924313
250924369
250924403
250924661
250924966
250925270
250925437
250925456
250925776
250925812
250925822
250925850
250925867
250926190
250926222
250926261
250926272
250926416
250926534
250926737
250926955
250927104
250927144
250927255
250927328
250927529
250927926
250927936
250927957
250927984
250928132
250928659
250928945
250929054
250929088
250929248
250929526
250929650
250929760
250929770
250929774
250930144
250930470
250931101
250931120
250931394
250931407
250931409
250931454
250931486
250931725
250931753
250932315
250932317
250932368
250932470
250932772
250932988
250933021
250933236
250933772
250933885
250933894
250934073
250934415
250934478
250934570
250934915
250935015
250935233
250935347
250935418
250935503
250935536
250935795
250935825
250935848
250935864
250935946
250935993
250936265
250936375
250936395
250936464
250936502
250936785
250936805
250936897
250936906
250936939
250936972
250937324
250937406
250937507
250937561
250937579
250937713
250937721
250938031
250938165
250938289
250938443
250938512
250938974
250939007
250939030
250939052
250939070
250939488
250939497
250939558
250939570
250939742
250939895
250939923
250939942
250939944
250939975
250940046
250940165
250940474
250940570
250940635
250940741
250940766
250941268
250941282
250941294
250941405
250941499
250941548
250941764
250941852
250942115
250942227
250942339
250942344
250942359
250942558
250942621
250942897
250943042
250943119
250943147
250943237
250943414
250943527
250943683
250943770
250943877
250943902
250944132
250944163
250944280
250944545
250944642
250944740
250944939
250945286
250945419
250945476
250945685
250945824
250946263
250946437
250946858
250946890
250946937
250946971
250947303
250947322
250947419
250947473
250947534
250948133
250948461
250948502
250948660
250948868
250949223
250949380
250949477
250949498
250949525
250949724
250950019
250950055
250950067
250950083
250950174
250950275
250950508
250950545
250950683
250950939
250951100
250951216
250951227
250951288
250951455
250951524
250951587
250951624
250951841
250951853
250951974
250952181
250952420
250952875
250953202
250953235
250953506
250953525
250953673
250953683
250953770
250953994
250954014
250954205
250954384
250954646
250954819
250954847
250954892
250954931
250954951
250955006
250955026
250955179
250955303
250955420
250955454
250955508
250955828
250955930
250955941
250956001
250956231
250956287
250956325
250956439
250956783
250956785
250957104
250957175
250957288
250957527
250957642
250957760
250958055
250958059
250958068
250958069
250958172
250958263
250958409
250958532
250958601
250958797
250958834
250959218
250959990
250960103
250960353
250960578
250960687
250960722
250960914
250961377
250961665
250961812
250961842
250962419
250962442
250962547
250962611
250963022
250963255
250963388
250963446
250963899
250964258
250964286
250964628
250964785
250964914
250965153
250965279
250965402
250965484
250965515
250965625
250965695
250965896
250965937
250966235
250966337
250966339
250966345
250966411
250966419
250966450
250966495
250966532
250966927
250967320
250967387
250968120
250968316
250968333
250968338
250968356
250968521
250968615
250968707
250968712
250968717
250968796
250968912
250969364
250969450
250969455
250969702
250969737
250969742
250970062
250970078
250970481
250970672
250970874
250971004
250971245
250971391
250971448
250971476
250971727
250971941
250972236
250972292
250972440
250972653
250972757
250972768
250972990
250973025
250973052
250973629
250973744
250973963
250974318
250974390
250974447
250974469
250974570
250974798
250975195
250975384
250975506
250975726
250975961
250976077
250976217
250976471
250976527
250976556
250976600
250976977
250977100
250977179
250977256
250977419
250977587
250977610
250977613
250977614
250977671
250977753
250977762
250977811
250977930
250978004
250978135
250978137
250978408
250978667
250978894
250979052
250979323
250979332
250979522
250979622
250979627
250979714
250979954
250979975
250980234
250980324
250980458
250980623
250980658
250980697
250980809
250981063
250981066
250981102
250981103
250981162
250981218
250981224
250981274
250981335
250981533
250981576
250981893
250981894
250982082
250982219
250982363
250982431
250982773
250982792
250982795
250982830
250982966
250983036
250983088
250983160
250983398
250983487
250983576
250983590
250983650
250983710
250983788
250984001
250984068
250984213
250984216
250984271
250984547
250984579
250984582
250984979
250985016
250985020
250985078
250985129
250985443
250985447
250985558
250985626
250986133
250986284
250986342
250986605
250986644
250986688
250987564
250987730
250987842
250987882
250987958
250988205
250988239
250988297
250988381
250988394
250988426
250988541
250988929
250989281
250989331
250989747
250989854
250989855
250989978
250990073
250990352
250990452
250990509
250990772
250990850
250990877
250991153
250991276
250991626
250991749
250991784
250992328
250992350
250992433
250992461
250992483
250992494
250992790
250992868
250992895
250993114
250993310
250993319
250993382
250993588
250994047
250994060
250994294
250994540
250994740
250994875
250994907
250995050
250995459
250995648
250995807
250995940
250996223
250996425
250996429
250996618
250996670
250997299
250997335
250997441
250997465
250997472
250997538
250997703
250997870
250997955
250998074
250998171
250998421
250998803
250998856
250998944
250998961
250999057
250999532
250999625
250999649
250999682
250999716
250999784
250999841
251000024
251000093
251000250
251000881
251000932
251000950
251001268
251001313
251001495
251001541
251001698
251001792
251001944
251002364
251002416
251002486
251002570
251002626
251002641
251002670
251002759
251002898
251002959
251002997
251003173
251003392
251003483
251003518
251003811
251004174
251004228
251004353
251004406
251004624
251004692
251004880
251004973
251005066
251005111
251005262
251005639
251005682
251005751
251006003
251006362
251006363
251006459
251006625
251006626
251006648
251006693
251006784
251006817
251006881
251006887
251006893
251007168
251007335
251007386
251007414
251007429
251007441
251007630
251007878
251007917
251007926
251007935
251007978
251008077
251008108
251008247
251008472
251008729
251008801
251008876
251008906
251008928
251009452
251009453
251009506
251009690
251009989
251010101
251010134
251010156
251010229
251010296
251010309
251010578
251010629
251010701
251010708
251010785
251010906
251010939
251011188
251011391
251011668
251011739
251012094
251012121
251012201
251012399
251012453
251012977
251013073
251013546
251013575
251013609
251013694
251013784
251013795
251013948
251014120
251014266
251014386
251014419
251014554
251014679
251014964
251015478
251015772
251015805
251015826
251015940
251015968
251016084
251016357
251016384
251016432
251016477
251016508
251016523
251016548
251016586
251016749
251016824
251016868
251016881
251016988
251017174
251017313
251017753
251017818
251017877
251017888
251018061
251018080
251018219
251018446
251018493
251018722
251018778
251018918
251019229
251019317
251019517
251019583
251019619
251019905
251020003
251020340
251020644
251020767
251020868
251020920
251020953
251021035
251021174
251021767
251021792
251021809
251022090
251022286
251022295
251022464
251022480
251022537
251022584
251023006
251023153
251023286
251023525
251023693
251023854
251023855
251023914
251024045
251024066
251024618
251024619
251024924
251024984
251025000
251025265
251025311
251025331
251025907
251026133
251026134
251026160
251026603
251026682
251026781
251026827
251026948
251026952
251027057
251027150
251027252
251027370
251027404
251027524
251027607
251027679
251027832
251028010
251028162
251028210
251028325
251028331
251028398
251028613
251028696
251029117
251029434
251029513
251029535
251029593
251029623
251029790
251029794
251029798
251030040
251030296
251030344
251030616
251030626
251031078
251031177
251031324
251031356
251031953
251032154
251032462
251032469
251032476
251032494
251032629
251032641
251032663
251032677
251032900
251033027
251033320
251033505
251033726
251034006
251034151
251034153
251034163
251034216
251034371
251034380
251034398
251034530
251034754
251034813
251035022
251035211
251035214
251035252
251035301
251035594
251035599
251035683
251035702
251035742
251035884
251035936
251035990
251036173
251036193
251036243
251036501
251036559
251036694
251036717
251036809
251037171
251037186
251037334
251037390
251037458
251037500
251037861
251037967
251038033
251038053
251038552
251038826
251038845
251039036
251039376
251039603
251039615
251039733
251039867
251039924
251040296
251040376
251040519
251040640
251040759
251040821
251040946
251041067
251041360
251041375
251041472
251041608
251041873
251041887
251041986
251042050
251042055
251042073
251042098
251042100
251042125
251042201
251042233
251042382
251042614
251042689
251042842
251042975
251043120
251043396
251043406
251043754
251043756
251043890
251044058
251044269
251044336
251044382
251044474
251044676
251044695
251044986
251045171
251045176
251045218
251045309
251045473
251045679
251045903
251045909
251045940
251045969
251046145
251046153
251046190
251046221
251046256
251046632
251046949
251047005
251047036
251047099
251047146
251047229
251047542
251047604
251047656
251047676
251047779
251047788
251047823
251047832
251048138
251048176
251048296
251048372
251048548
251048662
251048792
251048851
251049054
251049350
251049363
251049624
251049692
251049853
251049982
251050097
251050120
251050249
251050599
251050644
251050742
251050798
251050917
251051348
251051456
251051490
251051513
251051707
251051755
251052274
251052459
251052722
251052817
251052996
251053329
251053578
251053663
251054088
251054095
251054420
251054470
251054520
251054526
251054605
251054692
251055004
251055568
251055618
251055955
251056029
251056115
251056125
251056248
251056341
251056374
251056574
251056607
251056656
251056760
251057013
251057120
251057604
251057622
251057667
251057755
251057769
251057779
251057999
251058109
251058115
251058679
251058945
251059086
251059368
251059499
251059557
251059643
251059739
251059816
251059942
251059958
251060054
251060314
251060356
251060459
251060992
251061075
251061400
251061469
251061510
251061534
251061849
251061933
251062034
251062091
251062333
251062729
251062765
251062845
251062879
251063073
251063074
251063307
251063336
251063462
251063484
251063559
251063585
251063759
251063760
251064021
251064067
251064070
251064403
251064644
251064801
251064996
251065135
251065453
251065501
251065643
251065675
251065682
251065698
251065700
251065751
251065813
251066070
251066084
251066292
251066551
251066729
251067258
251067384
251067660
251067788
251067853
251067965
251068028
251068053
251068431
251068496
251068628
251068651
251068749
251068778
251068897
251068999
251069149
251069156
251069287
251069306
251069416
251069520
251069612
251069718
251069911
251069944
251069958
251070099
251070334
251070587
251071015
251071042
251071183
251071198
251071232
251071262
251071329
251071344
251071389
251071794
251071803
251072093
251072612
251072640
251072719
251072779
251072937
251073205
251073737
251073858
251073864
251074120
251074129
251074140
251074290
251074488
251074542
251074544
251074707
251074770
251074915
251074953
251075009
251075061
251075189
251075245
251075432
251075700
251075826
251075967
251076017
251076021
251076200
251076205
251076390
251076393
251076547
251076769
251076832
251076837
251076999
251077008
251077446
251077819
251077858
251077894
251077939
251077940
251077970
251078302
251078352
251078416
251078554
251078641
251078968
251079151
251079209
251079211
251079261
251079283
251079298
251079309
251079501
251079659
251079969
251079970
251079998
251080037
251080173
251080208
251080276
251080528
251080674
251080692
251080780
251080815
251080942
251081184
251081351
251081618
251081660
251082022
251082127
251082159
251082234
251082290
251082341
251082645
251082653
251082725
251082868
251082982
251082996
251083110
251083169
251083212
251083248
251083848
251083861
251083964
251084065
251084084
251084344
251084345
251084477
251084508
251084681
251084773
251084795
251084923
251085103
251085742
251085929
251086078
251086225
251086250
251086303
251086698
251086829
251087052
251087233
251087298
251087401
251087406
251087582
251087628
251087653
251087742
251087867
251087927
251088044
251088045
251088055
251088092
251088178
251088187
251088342
251088635
251088718
251088886
251088893
251088930
251089272
251089342
251089383
251090012
251090058
251090194
251090284
251090524
251090550
251090636
251090653
251090689
251090918
251090965
251091048
251091052
251091128
251091232
251091416
251091557
251091713
251092013
251092173
251092521
251092562
251092628
251092637
251093032
251093297
251093397
251093410
251093557
251093566
251093577
251093588
251093596
251093664
251093781
251093880
251093990
251094088
251094742
251094832
251094923
251094966
251095181
251095208
251095282
251095308
251095419
251095628
251095673
251095818
251095895
251095994
251096055
251096316
251096381
251096420
251096444
251096511
251096601
251096679
251096821
251096837
251096945
251097010
251097222
251097320
251097342
251097562
251097920
251098446
251098603
251098805
251099241
251099379
251099493
251099580
251099678
251099821
251099888
251100011
251100044
251100084
251100123
251100172
251100319
251100394
251100537
251100556
251100605
251100617
251100624
251100634
251100869
251100999
251101040
251101143
251101329
251101431
251101533
251101552
251101606
251101676
251101833
251101882
251101934
251101988
251102058
251102160
251102536
251102598
251102623
251102770
251102880
251102909
251102970
251103132
251103395
251103407
251103409
251103460
251103626
251103666
251103792
251104110
251104113
251104178
251104237
251104355
251104600
251105135
251105327
251105757
251105788
251106033
251106202
251106441
251106676
251106952
251107005
251107036
251107144
251107285
251107426
251107470
251107622
251107703
251107714
251107999
251108408
251108419
251109041
251109175
251109270
251109320
251109359
251109475
251109480
251109488
251109616
251109757
251109948
251110049
251110124
251110725
251111275
251111394
251111413
251111451
251111620
251111623
251111747
251112094
251112149
251112227
251112267
251112579
251112589
251112766
251112839
251112984
251113220
251113225
251113328
251113352
251113772
251113793
251113798
251113820
251114372
251114767
251114911
251115376
251115409
251115427
251115476
251115677
251115951
251116467
251116484
251117039
251117439
251117440
251117557
251117572
251117686
251117856
251117964
251118564
251118589
251118621
251118929
251118967
251119010
251119112
251119263
251119463
251119464
251119599
251120076
251120513
251120582
251120616
251121153
251121210
251121309
251121655
251121684
251121699
251121817
251121835
251122497
251122516
251122695
251122766
251122877
251122947
251123277
251123432
251123481
251123543
251123572
251123628
251123997
251124125
251124131
251124279
251124408
251124608
251124645
251124968
251125041
251125239
251125956
251125977
251126074
251126180
251126225
251126526
251126538
251126557
251126650
251126970
251127029
251127037
251127159
251127173
251127321
251127508
251127639
251127948
251128001
251128293
251128380
251128400
251128637
251128672
251128674
251128774
251129013
251129139
251129347
251129647
251130050
251130178
251130324
251130436
251130775
251130884
251130986
251131020
251131047
251131160
251186070
251186198
251186447
251186545
251186831
251186853
251186856
251187157
251187180
251187445
251187447
251187531
251187681
251187785
251187875
251188193
251188292
251188687
251189042
251189051
251189076
251189197
251189413
251189465
251189548
251189573
251190361
251190488
251190512
251190532
251190706
251190708
251190782
251190910
251191059
251191098
251191152
251191223
251191290
251191470
251191510
251191587
251191709
251191717
251191848
251192700
251192748
251192873
251192972
251192982
251192994
251193104
251193171
251193751
251193992
251194175
251194198
251194498
251194562
251194578
251194589
251194648
251194674
251195012
251195455
251195531
251195741
251196012
251196153
251196377
251196687
251196822
251197186
251197229
251197368
251197416
251197500
251197513
251197530
251197687
251197690
251197775
251197830
251197991
251198272
251198526
251198546
251199145
251199228
251199232
251199258
251199364
251199492
251199565
251199849
251199903
251200372
251200676
251200767
251200774
251200805
251200872
251201031
251201043
251201271
251201460
251201570
251201645
251201932
251202245
251202854
251202990
251203100
251203185
251203278
251203720
251203800
251204007
251204013
251204224
251204225
251204237
251204256
251204457
251204458
251204621
251204647
251205056
251205300
251205452
251205751
251206059
251206063
251206156
251206486
251206603
251206620
251206623
251206772
251206998
251207004
251207070
251207084
251207408
251207409
251207463
251207552
251207617
251207624
251207740
251207775
251208147
251208605
251208731
251208800
251208812
251209396
251209500
251209509
251209587
251209592
251209758
251209776
251210300
251210673
251210998
251211012
251211026
251211147
251211241
251211287
251211295
251211317
251211396
251211789
251211844
251211845
251211963
251212287
251212292
251212443
251212531
251212551
251212807
251212935
251212960
251213019
251213064
251213259
251213440
251213445
251213679
251214146
251214203
251214213
251214309
251214486
251214577
251214617
251214749
251215061
251215135
251215174
251215207
251215334
251215505
251215515
251215544
251215605
251215672
251215732
251215818
251215842
251215985
251216377
251216401
251216449
251216484
251216502
251216925
251216995
251217019
251217070
251217147
251217333
251217416
251217716
251217829
251217999
251218194
251218305
251218364
251218428
251218922
251219013
251219026
251219472
251220296
251220568
251220582
251221079
251221829
251222062
251222066
251222396
251222444
251222484
251222570
251222659
251222851
251222888
251223228
251223286
251223467
251223540
251223616
251223781
251224079
251224091
251224217
251224242
251224460
251224469
251224507
251224509
251224772
251224860
251225232
251225291
251225416
251225424
251225837
251225843
251225874
251226086
251226905
251227379
251227771
251227775
251228067
251228068
251228126
251228176
251228238
251228327
251228447
251229092
251229581
251229585
251229625
251229638
251229809
251229816
251229936
251230019
251230273
251230629
251230643
251230667
251230726
251231329
251231453
251231572
251231766
251231788
251232224
251232484
251232539
251232546
251232738
251232741
251233433
251233737
251233787
251233968
251234020
251234033
251234110
251234177
251234263
251234928
251234983
251235050
251235200
251235335
251235398
251235582
251235591
251235708
251236059
251236068
251236128
251236591
251236596
251236765
251237222
251237311
251237394
251237506
251237775
251237957
251238002
251238043
251238333
251238484
251238721
251238852
251238906
251238917
251239235
251239433
251239631
251239804
251240168
251240213
251240341
251240357
251241135
251241311
251241443
251241496
251241524
251241539
251242027
251242028
251242101
251242132
251242261
251242377
251242986
251243530
251243569
251243998
251244025
251244274
251244491
251245554
251245707
251246071
251246134
251246160
251246223
251246241
251246784
251247279
251247286
251247509
251248720
251248882
251249578
251249658
251249821
251249852
251250001
251250163
251250627
251251140
251251207
251251511
251252183
251252450
251252476
251252497
251252517
251252866
251252928
251253017
251253606
251253894
251253967
251254349
251254555
251254919
251255069
251255697
251255722
251255798
251255950
251256966
251256967
251256995
251257010
251257180
251257457
251257478
251257702
251257906
251258122
251258417
251258491
251259087
251259405
251259532
251259767
251259922
251259941
251260203
251260299
251261147
251261705
251262006
251263040
251263078
251263298
251263420
251263819
251264038
251264783
251264913
251264918
251265323
251265637
251265806
251266192
251266333
251266509
251266541
251266748
251267031
251267056
251267132
251267278
251267281
251267383
251267544
251268071
251268194
251268580
251268842
251268906
251268976
251269009
251269017
251269083
251269465
251269497
251269566
251269623
251269739
251269911
251270073
251270166
251270272
251270405
251270488
251270497
251270530
251270560
251270676
251270721
251270818
251270908
251271125
251271141
251271156
251271236
251271395
251271450
251271556
251271718
251272022
251272068
251272138
251272276
251272418
251272701
251272753
251272769
251272854
251272929
251273111
251273126
251273157
251273201
251273211
251273228
251273342
251273502
251273592
251273792
251273811
251273836
251273870
251273927
251273947
251274427
251274429
251274504
251274595
251274812
251274969
251275234
251275523
251275571
251275680
251275746
251275764
251275913
251276080
251276195
251276300
251276304
251276347
251276482
251276567
251276571
251276690
251276743
251276750
251276782
251276783
251276841
251276861
251276867
251276877
251277045
251277063
251277072
251277081
251277102
251277955
251278167
251278349
251278467
251278475
251278679
251278708
251279125
251279211
251279279
251279526
251279585
251279654
251279694
251279807
251280006
251280304
251280350
251280431
251280478
251280610
251280881
251281153
251281428
251281429
251281449
251281620
251281643
251282022
251282222
251282525
251282820
251282848
251282854
251282890
251283336
251283507
251283624
251283762
251283765
251284297
251284481
251284779
251285063
251285069
251285247
251285404
251285658
251285746
251285901
251286220
251286237
251286640
251286661
251286721
251286885
251287232
251287268
251287573
251288017
251288176
251288304
251288347
251288455
251288483
251288557
251288682
251288854
251289053
251289087
251289105
251289663
251289696
251289745
251290080
251290138
251290209
251290538
251290626
251290695
251290861
251290909
251291086
251291136
251291151
251291365
251291600
251291825
251292273
251292336
251292403
251292413
251292449
251292450
251292489
251292549
251292667
251292760
251292823
251292832
251292864
251292893
251292937
251292950
251292991
251293195
251293495
251293598
251293672
251293699
251293803
251293888
251293927
251294213
251294240
251294280
251294341
251294426
251294548
251294871
251294911
251294971
251295080
251295126
251295567
251295685
251295697
251295718
251295818
251295932
251295969
251296045
251296068
251296156
251296178
251296251
251296618
251296760
251296828
251296955
251297064
251297126
251297188
251297217
251297295
251297336
251297730
251298023
251298029
251298054
251298081
251298098
251298260
251298360
251298422
251298496
251298674
251298716
251299238
251299311
251299336
251299341
251299368
251299457
251299527
251299617
251299637
251299643
251299671
251299773
251299806
251300120
251300158
251300319
251300336
251300390
251300430
251300673
251300968
251301037
251301356
251301371
251301420
251301629
251301857
251302121
251302167
251302859
251302967
251303190
251303331
251303528
251303615
251303746
251303780
251303855
251303898
251303903
251304168
251304498
251304917
251305372
251305461
251306027
251306128
251306213
251306291
251306353
251306356
251306374
251306417
251306441
251306472
251306493
251306508
251306701
251306802
251306917
251307012
251307094
251307164
251307268
251307469
251307817
251308367
251308416
251308440
251308476
251308542
251308696
251309045
251309596
251309658
251309674
251309695
251309728
251309910
251309945
251309981
251310016
251310183
251310894
251310926
251311044
251311088
251311455
251311470
251311658
251311827
251311853
251312009
251312078
251312729
251312761
251313046
251313184
251313394
251313526
251313635
251313703
251314123
251314326
251314545
251314673
251314927
251315230
251315298
251315333
251315364
251315385
251315426
251315532
251315955
251316192
251316276
251316405
251316499
251316543
251316754
251316778
251316803
251317004
251317016
251317035
251317080
251317665
251317842
251317927
251318037
251318210
251318347
251318425
251318433
251318445
251318567
251318682
251318701
251318842
251318859
251319315
251319342
251319403
251319447
251319478
251319514
251319677
251319798
251319984
251320569
251320633
251320965
251320966
251321281
251321356
251321523
251321559
251322028
251322152
251322213
251322259
251322415
251322758
251322933
251322943
251323060
251323190
251323485
251323641
251323720
251323899
251324231
251324238
251324555
251324598
251324627
251324831
251324849
251325123
251325192
251325221
251325280
251325302
251325457
251325539
251325805
251325888
251325997
251326201
251326254
251326326
251326336
251326466
251326951
251326952
251326994
251327356
251327495
251327733
251327938
251327944
251327960
251328135
251328141
251328239
251328395
251328646
251328723
251329031
251329044
251329127
251329385
251329510
251329525
251329526
251329700
251329724
251330077
251330119
251330293
251330394
251330738
251330814
251330901
251331056
251331082
251331234
251331249
251331334
251331359
251331439
251331441
251331584
251331597
251331690
251331830
251332087
251332240
251332428
251332494
251332608
251332648
251332827
251332892
251333053
251333133
251333243
251333303
251333343
251333501
251333641
251334016
251334043
251334152
251334195
251334496
251334532
251334695
251335322
251335649
251335671
251335777
251335815
251335887
251335892
251336012
251336027
251336069
251336183
251337263
251337285
251337319
251337392
251337509
251337520
251337566
251337683
251337752
251337794
251338098
251338118
251338339
251338449
251338500
251338607
251338648
251339290
251339586
251339804
251339843
251340507
251340618
251340639
251340673
251340781
251340992
251341062
251341085
251341124
251341150
251341219
251341223
251341487
251341624
251341805
251341853
251341933
251342249
251342281
251342380
251342643
251342654
251342776
251342817
251342920
251343425
251343747
251343786
251343835
251344088
251344202
251344391
251344429
251344867
251344987
251344990
251344991
251345065
251345316
251345631
251345836
251345940
251346131
251346607
251346631
251347251
251347344
251347551
251347603
251347739
251348180
251348202
251348240
251348869
251349027
251349144
251349179
251349265
251349310
251349347
251349355
251349530
251349532
251349564
251349785
251349825
251350450
251350508
251350603
251350924
251351007
251351017
251351344
251351373
251351435
251351543
251351633
251351646
251351721
251351831
251351877
251352266
251352436
251352559
251352598
251352656
251353158
251353174
251353298
251353309
251353408
251353535
251353781
251353834
251353968
251353992
251354163
251354247
251354359
251354431
251354486
251354508
251354524
251354536
251354558
251354739
251354966
251355208
251355271
251355526
251355581
251355725
251355866
251355889
251355956
251356443
251356555
251356626
251356813
251356904
251357191
251357266
251357269
251357616
251357723
251358265
251358724
251359126
251359242
251359265
251359296
251359506
251359666
251359718
251360027
251360072
251360126
251360539
251360596
251360632
251360816
251360902
251360992
251360993
251361758
251361842
251361964
251362113
251362153
251362163
251362541
251362562
251362685
251362754
251362784
251362885
251363490
251364125
251364271
251364291
251364309
251364329
251364417
251364514
251365553
251365561
251365572
251365832
251365985
251366119
251366761
251367130
251367204
251367231
251367247
251367255
251367267
251367316
251367322
251367507
251367648
251367768
251368165
251368227
251368297
251368327
251368496
251368539
251368781
251368790
251368807
251368865
251368920
251369094
251369123
251369128
251369199
251369218
251369364
251369370
251369402
251369454
251369646
251369902
251370102
251370258
251370325
251370515
251370529
251371195
251371322
251371329
251371421
251371618
251371637
251371663
251371733
251371747
251372384
251372405
251372428
251372694
251372983
251373278
251373555
251373568
251374500
251374515
251374658
251374695
251374833
251374859
251374881
251375105
251375133
251375138
251375211
251375274
251375506
251375679
251375789
251375797
251375867
251375872
251376088
251376151
251376200
251376245
251376305
251376330
251376548
251376851
251376852
251377134
251377146
251377320
251377410
251377452
251377528
251377631
251377954
251378089
251378558
251378748
251378800
251378845
251378874
251379162
251379187
251379251
251379263
251379323
251379374
251379533
251379804
251380201
251380371
251380511
251380589
251380653
251380880
251380928
251381172
251381183
251381501
251381533
251381590
251381809
251381981
251382514
251382736
251382877
251382880
251383110
251383155
251383286
251383789
251383879
251383966
251384102
251384353
251384411
251384458
251384531
251384589
251384702
251384913
251384953
251384954
251385201
251385253
251385542
251385657
251385827
251385963
251386191
251386285
251386352
251386464
251386584
251386635
251386654
251386662
251387100
251387119
251387126
251387220
251387330
251387343
251387345
251387363
251387372
251387444
251387462
251387498
251387737
251387777
251387851
251387859
251388044
251388118
251388246
251388280
251388431
251388567
251388916
251388989
251389111
251389139
251389264
251389393
251389653
251389895
251390056
251390264
251390290
251390595
251390822
251390827
251390839
251390902
251391039
251391410
251391449
251391509
251391602
251391852
251391941
251391982
251392271
251392469
251392501
251392641
251392645
251392717
251392772
251393092
251393254
251393338
251393466
251393479
251393610
251393797
251393901
251393952
251394099
251394241
251394296
251394351
251394388
251394615
251394815
251394923
251394930
251394981
251395023
251395189
251395198
251395344
251395365
251395386
251395499
251395910
251396016
251396288
251396663
251396806
251396871
251396925
251397081
251397423
251397474
251397475
251397872
251397931
251397981
251398077
251398155
251398179
251398407
251398456
251398491
251398508
251398568
251398594
251398901
251398956
251398975
251399068
251399071
251399079
251399118
251399126
251399696
251399914
251400210
251400259
251400332
251400416
251400684
251400745
251401103
251401168
251401628
251401833
251402039
251402064
251402416
251402471
251402565
251402636
251402706
251402847
251402890
251403150
251403154
251403169
251403214
251403349
251403414
251403893
251403894
251404137
251404226
251404257
251404420
251405215
251405230
251405245
251405771
251405792
251405902
251406064
251406123
251406144
251406237
251406655
251406671
251406691
251406726
251406930
251406945
251406985
251407007
251407375
251407451
251407520
251407644
251407783
251407947
251407962
251408103
251408119
251408145
251408180
251408230
251408298
251408434
251408440
251408447
251408506
251408521
251408588
251408597
251408756
251409223
251409302
251409429
251409670
251409863
251410048
251410180
251410605
251410713
251410782
251411286
251411433
251411468
251411525
251411572
251411637
251411732
251411898
251411942
251412156
251412179
251412198
251412302
251412354
251412385
251412490
251412893
251412923
251413037
251413042
251413047
251413051
251413096
251413493
251413495
251413602
251413814
251413825
251413984
251413985
251414022
251414065
251414099
251414352
251414457
251414717
251415025
251415274
251415397
251415405
251415523
251415613
251415850
251415904
251416007
251416025
251416070
251416377
251416643
251416652
251416661
251416730
251417078
251417249
251417323
251417436
251417530
251417591
251417804
251417885
251418127
251418291
251418860
251418922
251419122
251419134
251419280
251419380
251419477
251419491
251420068
251420119
251420198
251420199
251420291
251420349
251420497
251420529
251420581
251420589
251420690
251420759
251420820
251420821
251420925
251420926
251420974
251421124
251421221
251421900
251421986
251422099
251422123
251422232
251422247
251422364
251422625
251423004
251423390
251423394
251423718
251423776
251424044
251424076
251424138
251424149
251424219
251424227
251424524
251424581
251424612
251424639
251424720
251424799
251424871
251425071
251425166
251425492
251425510
251425649
251425675
251425853
251425919
251426050
251426196
251426198
251426214
251426648
251426654
251426810
251426868
251426910
251426944
251427017
251427314
251427407
251427532
251427626
251427728
251427788
251427826
251427883
251428002
251428177
251428493
251428714
251428868
251428917
251429117
251429327
251429371
251429406
251429433
251429471
251429511
251429518
251429564
251429649
251429789
251429796
251429801
251429854
251429878
251430056
251430089
251430136
251430569
251430672
251430732
251430910
251431302
251431492
251431558
251431608
251431816
251431937
251432363
251432599
251432675
251433216
251433410
251433558
251433594
251433597
251433639
251433682
251434064
251434170
251434281
251434523
251434890
251434897
251434941
251435001
251435013
251435148
251435485
251435526
251435569
251435715
251435728
251435765
251435999
251436016
251436243
251436320
251436377
251436395
251436438
251436476
251436536
251436549
251436658
251436701
251437471
251437602
251437942
251438173
251438201
251438215
251438264
251438681
251438683
251439099
251439161
251439291
251439719
251439917
251439939
251440060
251440499
251440561
251440623
251440752
251440760
251440981
251441494
251441590
251441665
251441669
251442285
251442289
251442339
251442360
251442375
251442436
251442481
251442700
251442704
251442730
251442734
251442764
251442862
251443120
251443233
251443312
251443425
251443432
251443473
251443729
251444239
251444281
251444352
251444391
251444490
251444510
251444576
251444588
251444620
251444623
251444676
251444877
251444964
251444980
251445078
251445161
251445178
251445270
251445328
251445388
251445457
251445561
251445818
251445832
251445985
251446056
251446180
251446395
251446592
251446618
251446755
251446795
251446864
251446962
251447249
251447448
251447565
251447595
251447621
251447622
251447897
251448255
251448528
251448592
251448635
251449051
251449214
251449226
251449290
251449302
251449308
251449568
251449692
251449901
251449959
251450169
251450290
251450407
251450717
251450804
251450908
251451199
251451508
251451814
251451863
251452229
251452344
251452997
251453205
251453359
251453360
251453431
251453930
251453942
251454047
251454053
251454119
251454264
251454528
251454724
251454891
251455000
251455050
251455065
251455290
251455337
251455531
251455576
251455763
251455952
251455997
251456312
251456334
251456366
251456442
251456552
251456629
251456844
251456984
251457009
251457204
251457206
251457282
251457545
251457569
251457759
251457886
251458244
251458258
251458325
251458496
251458574
251458615
251458617
251458695
251459008
251459326
251459347
251459439
251459520
251459586
251459593
251460073
251460109
251460127
251460240
251460510
251460600
251460627
251460704
251461256
251461551
251461794
251461841
251461856
251461925
251462014
251462080
251462251
251462391
251462408
251462420
251462524
251462670
251462682
251462733
251462737
251462780
251462892
251463026
251463128
251463198
251463206
251463369
251463429
251463550
251463618
251463937
251464012
251464072
251464373
251464408
251464442
251464504
251464697
251464702
251464978
251465138
251465197
251465424
251465609
251465645
251465746
251466003
251466011
251466082
251466509
251466555
251466746
251466785
251466841
251466857
251466913
251466957
251467000
251467132
251467302
251467669
251467788
251467828
251467874
251467901
251468088
251468142
251468151
251468191
251468207
251468237
251468283
251468676
251468928
251469011
251469039
251469268
251469313
251469518
251469559
251469604
251469653
251469708
251470182
251470241
251470353
251470374
251470417
251470921
251471060
251471238
251471345
251471348
251471520
251471541
251471642
251471843
251471927
251471941
251471993
251472094
251472208
251472266
251472367
251472733
251472734
251472805
251472824
251472836
251472896
251473246
251473342
251473454
251473505
251473792
251473997
251474022
251474053
251474443
251474709
251474836
251475027
251475037
251475114
251475274
251475275
251475311
251475351
251475440
251475493
251475577
251475701
251475945
251475968
251476032
251476039
251476048
251476090
251476232
251476244
251476533
251476602
251476732
251476799
251476921
251476951
251477135
251477186
251477223
251477499
251477543
251477672
251477985
251478170
251478183
251478285
251478386
251478447
251478485
251478550
251478564
251478594
251478599
251479064
251479073
251479125
251479344
251479505
251479517
251479630
251479797
251479896
251480127
251480206
251480554
251480938
251481083
251481155
251481383
251481514
251481608
251481638
251481788
251481805
251481931
251482011
251482029
251482187
251482384
251482549
251482579
251482638
251482658
251482794
251482887
251482989
251483031
251483052
251483159
251483428
251483552
251483628
251483678
251483692
251483767
251483844
251483907
251483940
251483952
251484130
251484290
251484309
251484351
251484373
251484424
251484462
251484641
251484651
251484822
251484931
251484949
251484978
251485003
251485425
251485548
251485634
251485695
251485920
251485964
251486095
251486151
251486275
251486318
251486382
251486413
251486493
251486863
251487107
251487331
251487369
251487390
251487728
251487767
251487797
251487850
251487858
251488194
251488279
251488351
251488576
251488952
251489589
251489598
251489638
251489689
251489698
251490075
251490427
251490647
251490677
251490697
251490845
251491057
251491127
251491197
251491325
251491715
251491798
251491866
251491900
251491995
251492258
251492268
251492269
251492394
251492619
251492674
251492879
251492887
251493139
251493307
251493394
251493672
251493685
251493825
251493857
251493869
251494314
251494418
251494481
251494710
251494961
251495001
251495083
251495134
251495153
251495254
251495286
251495408
251495668
251495675
251495757
251495770
251495816
251495849
251495967
251496016
251496048
251496072
251496100
251496374
251496612
251496657
251496661
251496678
251496680
251496932
251497025
251497026
251497079
251497263
251497292
251497295
251497330
251497404
251497454
251497460
251497470
251497758
251497980
251497983
251498122
251498271
251498295
251498446
251498448
251498451
251499210
251499419
251499436
251499488
251499495
251499885
251499904
251499943
251499953
251499973
251499992
251500023
251500354
251500375
251500475
251500482
251500586
251500761
251500868
251500995
251501277
251501295
251501565
251502010
251502022
251502227
251502459
251502715
251502751
251502774
251502805
251502885
251502958
251502990
251503329
251503596
251503597
251503656
251503661
251503792
251503815
251503864
251503914
251504027
251504193
251504494
251504513
251504612
251504978
251505038
251505101
251505111
251505139
251505280
251505336
251505347
251505373
251505511
251505607
251505976
251506094
251506113
251506194
251506404
251506429
251506446
251506506
251506693
251506889
251506976
251507116
251507154
251507169
251507246
251507311
251507358
251507501
251507539
251507658
251507752
251507905
251508000
251508049
251508083
251508186
251508485
251508855
251509036
251509056
251509360
251509474
251509662
251509749
251510315
251510328
251510438
251510484
251510553
251510641
251510650
251510668
251510696
251510726
251510790
251510862
251511096
251511437
251511516
251511536
251511660
251511750
251512305
251512492
251512807
251512816
251512945
251513031
251513087
251513099
251513161
251513548
251513641
251513930
251514187
251514321
251514367
251514405
251514467
251514581
251515134
251515394
251515482
251515512
251515732
251515760
251515972
251516045
251516089
251516109
251516140
251516306
251516307
251516331
251516679
251516747
251516875
251516905
251517503
251517674
251517766
251517893
251518212
251518454
251518461
251518529
251518549
251518635
251518638
251518780
251518852
251519053
251519095
251519151
251519179
251519335
251519509
251519550
251519551
251519645
251519752
251519837
251520047
251520095
251520123
251520154
251520251
251520843
251520847
251520892
251520896
251521160
251521226
251521985
251522192
251522212
251522223
251522245
251522347
251522378
251522569
251522724
251522772
251522786
251522799
251523181
251523190
251523367
251523552
251523719
251523747
251523794
251523947
251524012
251524040
251524241
251524345
251524354
251524539
251524998
251525152
251525169
251525544
251525548
251525633
251525653
251525791
251525906
251525929
251525941
251526177
251526192
251526198
251526274
251526304
251526305
251526311
251526936
251527193
251527277
251527360
251527389
251527415
251527799
251528055
251528075
251528252
251528366
251528475
251528518
251528551
251528595
251528674
251528778
251528805
251529015
251529020
251529055
251529133
251529150
251529175
251529227
251529375
251529469
251529489
251529521
251529618
251530004
251530044
251530147
251530830
251530966
251531183
251531244
251531407
251531540
251531838
251531954
251532012
251532141
251532204
251532265
251532361
251532374
251532817
251532841
251532943
251533142
251533229
251533560
251533575
251533791
251533834
251533898
251534006
251534577
251534816
251534853
251534857
251535228
251535234
251535351
251535461
251535610
251535612
251535626
251535639
251535752
251536198
251536200
251536288
251536299
251536538
251536899
251536922
251536994
251536999
251537103
251537105
251537247
251537404
251537470
251537599
251537610
251537888
251537925
251537927
251538044
251538116
251538211
251538240
251538269
251538285
251538351
251538726
251538819
251538984
251539109
251539116
251539203
251539268
251539324
251539479
251539608
251540000
251540027
251540412
251540462
251540638
251540663
251541026
251541090
251541100
251541380
251541496
251541544
251541703
251541868
251542300
251542465
251542501
251542598
251542701
251542841
251543160
251543240
251543589
251543849
251543922
251543948
251544075
251544083
251544125
251544327
251544410
251544621
251544724
251544841
251544866
251544929
251545552
251545748
251545795
251545824
251545855
251545926
251545930
251545931
251545944
251545946
251546003
251546012
251546018
251546129
251546378
251546848
251546972
251547056
251547065
251547172
251547237
251547297
251547429
251547438
251547464
251547470
251547486
251547491
251547505
251547656
251548040
251548165
251548752
251548926
251548939
251548954
251549024
251549173
251549377
251549669
251549878
251549907
251550130
251550491
251550674
251550832
251550860
251550864
251550865
251551048
251551134
251551323
251551371
251551683
251551699
251551705
251551766
251551873
251551914
251551947
251552018
251552324
251552462
251552587
251552625
251552696
251552738
251552740
251552901
251552902
251553022
251553318
251553415
251553586
251553645
251553919
251553922
251553936
251553953
251553967
251554093
251554307
251554310
251554369
251554413
251554686
251554758
251554808
251554897
251554970
251555060
251555087
251555112
251555145
251555204
251555701
251555716
251555832
251555941
251555978
251555999
251556021
251556128
251556138
251556260
251556262
251556334
251556370
251556669
251557053
251557259
251557294
251557328
251557579
251557706
251557748
251558080
251558366
251558412
251558519
251558548
251558662
251558670
251558702
251558726
251558734
251558735
251559054
251559091
251559148
251559329
251559535
251559584
251559592
251559595
251559655
251559767
251559782
251559794
251560000
251560048
251560060
251560369
251560502
251560607
251560672
251560682
251560725
251560920
251561095
251561255
251561705
251561870
251561949
251561971
251561984
251561992
251562063
251562287
251562334
251562340
251562360
251562494
251562820
251562830
251562944
251562977
251562979
251563869
251564108
251564204
251564236
251564320
251564411
251564470
251564638
251564703
251564707
251564804
251564836
251564911
251565048
251565307
251565329
251565434
251565493
251565596
251565754
251566093
251566356
251566475
251566484
251566565
251566626
251566743
251566953
251567142
251567673
251567707
251567718
251568057
251568166
251568169
251568257
251568515
251568633
251568867
251568915
251569031
251569037
251569095
251569205
251569255
251569473
251569484
251569697
251569717
251569810
251569867
251570056
251570103
251570153
251570184
251570643
251570749
251570760
251571148
251571215
251571337
251571473
251571822
251571829
251572138
251572275
251572580
251572722
251572795
251572974
251573084
251573089
251573122
251573177
251573516
251573517
251573720
251573748
251573850
251573991
251573994
251574056
251574207
251574313
251574353
251574640
251574659
251574708
251574739
251574741
251574791
251574892
251575071
251575102
251575114
251575282
251575372
251575393
251575623
251576056
251576128
251576197
251576529
251576575
251576581
251576691
251576899
251576978
251577166
251577365
251577425
251577523
251577597
251577842
251578141
251578256
251578379
251578453
251578778
251578816
251579091
251579368
251579381
251579431
251579548
251579640
251579667
251579989
251580005
251580136
251580213
251580331
251580396
251580404
251580481
251580490
251580545
251580816
251580893
251581267
251581358
251581501
251581535
251581626
251581862
251581863
251581914
251582035
251582073
251582220
251582408
251582515
251582575
251582766
251582810
251582968
251583169
251583254
251583625
251583726
251583857
251583974
251583979
251584176
251584286
251584447
251584617
251584765
251584784
251584804
251584851
251584960
251584961
251585042
251585602
251585672
251585776
251585834
251586051
251586052
251586058
251586075
251586104
251586129
251586255
251586336
251586401
251586761
251586843
251587221
251587432
251587481
251587524
251587531
251587559
251587847
251587976
251588310
251588385
251588537
251588547
251588626
251589318
251589487
251589521
251589566
251589616
251589773
251589777
251590060
251590197
251590324
251590356
251590368
251590495
251590503
251590772
251590775
251590850
251591144
251591145
251591155
251591238
251591363
251591433
251591509
251591580
251591782
251591846
251591932
251592022
251592297
251592463
251592680
251593108
251593259
251593708
251593959
251594176
251594183
251594503
251594514
251594524
251594617
251594638
251594673
251595009
251595054
251595147
251595478
251595551
251595851
251595985
251595993
251596002
251596008
251596082
251596275
251596735
251596817
251597247
251597358
251597526
251597701
251597750
251598099
251598127
251598187
251598220
251598427
251598520
251598660
251599037
251599124
251599193
251599530
251599542
251599568
251599954
251600715
251601077
251601095
251601192
251601216
251601220
251601272
251601414
251601688
251601782
251601832
251601866
251601971
251602030
251602068
251602582
251602603
251602720
251602795
251602834
251602839
251602900
251602923
251603030
251603120
251603290
251603424
251603480
251603584
251603612
251603716
251603793
251603802
251603814
251603943
251603966
251603989
251604030
251604047
251604065
251604076
251604084
251604152
251604614
251604647
251604691
251604746
251604813
251604866
251604983
251605018
251605266
251605328
251605336
251605342
251605353
251605357
251605592
251605618
251605759
251606058
251606297
251606357
251606529
251606648
251606672
251607052
251607163
251607271
251607346
251607373
251607441
251607449
251607628
251607658
251607704
251607740
251607771
251607914
251608123
251608337
251608504
251608580
251608842
251608860
251608938
251608974
251609167
251609265
251609309
251609480
251609557
251609563
251609617
251609778
251610089
251610119
251610147
251610245
251610299
251610330
251610341
251610382
251610641
251610667
251610754
251610803
251611008
251611009
251611158
251611160
251611317
251611325
251611879
251611985
251612447
251612545
251612736
251612770
251612909
251613075
251613148
251613187
251613296
251614048
251614055
251614256
251614421
251614433
251614728
251614759
251614808
251614817
251614833
251614975
251615044
251615154
251615331
251615628
251615631
251615665
251616149
251616183
251616219
251616222
251616245
251616260
251616286
251616306
251616400
251616669
251616671
251616683
251616783
251616866
251616892
251616949
251617000
251617454
251617649
251617697
251617721
251618068
251618125
251618183
251618202
251618208
251618381
251618590
251618667
251618712
251618755
251618813
251619000
251619005
251619454
251619608
251619901
251620048
251620082
251620170
251620225
251620273
251620311
251620348
251620387
251620441
251620523
251620627
251620647
251620666
251620809
251620900
251620991
251621029
251621078
251621096
251621114
251621498
251621507
251621520
251621577
251621612
251621620
251621733
251621888
251621972
251622053
251622684
251623015
251623018
251623184
251623250
251623298
251623350
251623401
251623506
251623953
251624113
251624166
251624237
251624239
251624266
251624627
251624646
251624658
251624671
251624744
251624771
251624878
251625072
251625099
251625176
251625452
251625589
251625617
251625664
251625705
251625709
251625793
251626140
251626527
251626615
251626654
251626671
251626704
251626728
251626845
251626881
251626895
251627151
251627192
251627222
251627296
251627330
251627401
251627594
251627654
251627673
251627732
251627754
251627830
251627928
251628442
251628457
251628617
251629093
251629094
251629118
251629134
251629147
251629224
251629402
251629449
251629553
251629641
251629646
251629680
251629691
251630026
251630087
251630212
251630241
251630265
251630499
251630774
251630890
251630928
251630980
251631035
251631068
251631075
251631210
251631270
251631317
251631861
251631883
251631966
251632000
251632250
251632309
251632456
251632553
251632584
251632646
251632986
251633141
251633233
251633354
251633779
251633833
251633877
251634000
251634095
251634307
251634386
251634463
251634757
251634758
251634764
251634777
251634832
251634966
251635030
251635254
251635310
251635328
251635390
251635392
251635412
251635413
251635705
251635818
251635878
251635894
251635931
251636206
251636752
251636899
251636946
251637024
251637115
251637139
251637372
251637497
251637536
251638318
251638569
251638764
251638782
251638799
251638810
251638818
251638945
251638957
251639090
251639143
251639331
251639333
251639339
251639508
251639591
251639867
251639888
251639996
251640297
251640454
251640835
251640934
251641406
251641434
251641450
251641479
251641597
251641707
251641808
251641819
251641858
251641921
251642076
251642296
251642423
251642435
251642467
251642470
251642698
251642947
251643092
251643161
251643455
251643479
251643619
251644071
251644073
251644115
251644128
251644142
251644227
251644700
251644834
251644835
251644990
251645007
251645087
251645133
251645199
251645356
251645890
251645993
251646067
251646103
251646162
251646215
251646440
251646465
251646517
251646666
251646982
251647071
251647080
251647144
251647608
251647815
251647931
251648175
251648285
251648366
251649154
251649200
251649554
251649588
251649657
251649668
251649682
251649789
251649849
251650212
251650272
251650277
251650536
251650594
251650645
251650747
251650812
251651195
251651298
251651508
251651638
251651707
251651708
251651917
251652199
251652303
251652785
251652807
251652857
251652914
251653018
251653048
251653052
251653075
251653131
251653160
251653333
251653373
251653595
251653755
251653766
251653845
251653938
251654205
251654269
251654278
251654351
251654410
251654490
251654509
251654524
251654556
251654778
251654831
251654882
251655004
251655181
251655340
251655349
251655504
251655987
251656008
251656014
251656053
251656120
251656208
251656238
251656248
251656303
251656360
251656377
251656414
251656624
251656722
251657021
251657083
251657089
251657151
251657207
251657244
251657312
251657523
251657593
251657627
251658052
251658114
251658228
251658275
251658439
251659179
251659226
251659285
251659454
251659588
251659689
251659963
251659977
251660000
251660110
251660143
251660179
251660206
251660524
251660529
251660530
251660555
251660574
251660612
251660741
251660811
251660820
251660872
251661134
251661151
251661158
251661337
251661358
251661478
251661665
251661684
251661779
251661790
251661805
251662083
251662115
251662256
251662541
251662819
251662962
251663070
251663161
251663199
251663331
251663425
251663643
251663648
251663663
251663724
251663777
251663790
251663818
251663948
251663956
251663970
251664161
251664193
251664198
251664247
251664338
251664557
251664620
251664645
251664670
251664705
251664872
251664966
251665022
251665353
251665625
251665708
251666180
251666336
251666374
251666432
251666445
251666556
251666768
251666804
251667042
251667219
251667416
251667849
251667935
251668175
251668209
251668318
251668323
251668338
251668362
251668618
251668657
251668667
251668700
251668722
251668842
251668856
251669150
251669305
251669334
251669531
251669789
251669922
251669999
251670050
251670133
251670150
251670218
251670344
251670385
251670459
251670526
251670586
251670808
251670961
251671186
251671208
251671219
251671256
251671689
251671834
251671967
251671979
251672013
251672066
251672264
251672274
251672295
251672396
251672458
251672530
251672598
251672641
251672759
251672902
251672905
251672946
251672998
251673094
251673716
251673931
251673957
251674105
251674335
251674352
251674562
251674602
251674630
251674675
251674774
251674902
251674927
251675021
251675242
251675247
251675264
251675292
251675463
251675623
251675804
251675912
251675942
251675944
251676012
251676082
251676113
251676252
251676285
251676335
251676640
251676663
251676723
251676806
251676904
251676987
251677108
251677260
251677295
251677315
251677418
251677960
251677966
251678146
251678158
251678189
251678437
251678587
251678670
251678835
251678886
251679463
251679477
251679489
251679516
251679693
251679766
251679858
251679926
251680128
251680160
251680179
251680491
251680656
251681017
251681182
251681206
251681207
251681208
251681232
251681355
251681407
251681575
251681791
251681817
251681875
251682048
251682069
251682169
251682184
251682276
251682385
251682523
251682585
251682644
251682850
251682874
251682918
251683128
251683256
251683308
251683404
251683434
251683441
251683491
251683701
251683766
251683827
251683893
251683947
251684574
251684593
251684701
251684809
251685087
251685136
251685188
251685278
251685368
251685622
251685676
251685778
251686073
251686330
251686343
251686384
251686494
251686512
251686600
251686838
251686930
251686989
251687054
251687058
251687136
251687149
251687223
251687438
251687937
251688017
251688030
251688065
251688117
251688256
251688311
251688326
251688350
251688482
251688571
251688628
251688686
251688723
251689097
251689510
251689790
251689931
251689957
251690402
251690486
251690531
251690573
251690652
251690905
251690938
251691916
251691997
251692231
251692339
251692425
251692462
251692585
251692595
251692600
251692662
251692925
251692955
251693239
251693452
251693575
251693747
251693844
251693868
251693948
251694048
251694243
251694352
251694567
251694621
251694866
251695052
251695303
251695306
251695414
251695435
251695458
251695546
251695716
251695818
251695865
251695930
251696007
251696092
251696182
251696618
251696872
251696953
251697029
251697204
251697278
251697528
251697604
251697702
251697719
251697738
251697842
251697915
251698073
251698079
251698232
251698445
251698550
251698781
251699052
251699460
251699811
251700025
251700081
251700762
251701162
251701163
251701349
251701655
251701842
251701875
251701960
251702334
251702363
251702608
251702641
251702664
251702702
251702792
251702813
251702815
251702840
251702878
251702969
251703147
251703251
251703334
251703413
251703453
251703498
251703522
251703581
251703690
251704311
251704417
251704440
251704609
251704849
251704877
251705236
251705355
251705372
251705442
251705523
251705595
251705982
251706049
251706092
251706285
251706423
251706738
251706868
251707030
251707033
251707065
251707114
251707416
251707563
251707657
251707719
251707731
251707782
251707844
251707889
251707907
251707991
251708479
251708539
251708885
251708892
251708896
251708971
251709172
251709185
251709249
251709291
251709300
251709347
251709361
251709405
251709412
251709488
251709623
251709698
251709734
251709789
251710071
251710204
251710311
251710332
251710374
251710684
251710717
251710803
251710815
251710941
251710946
251711071
251711081
251711210
251711275
251711358
251711862
251711945
251711972
251711981
251712208
251712261
251712320
251712425
251712505
251712506
251712675
251712695
251712777
251712864
251712970
251713025
251713130
251713175
251713446
251713559
251713629
251713659
251714416
251714496
251714762
251714765
251714772
251714905
251715586
251715661
251715669
251715685
251715820
251715828
251716023
251716131
251716221
251716235
251716509
251716575
251716892
251716908
251717001
251717320
251717331
251717350
251717369
251717377
251717895
251717920
251717933
251717950
251718380
251718427
251718620
251719078
251719333
251719334
251719491
251719604
251720000
251720099
251720219
251720220
251720256
251720284
251720491
251720705
251720762
251720773
251720819
251720907
251720947
251721039
251721144
251721146
251721174
251721298
251721573
251721646
251721959
251721974
251722284
251722314
251722357
251722414
251722430
251722566
251722831
251722846
251723289
251723315
251723331
251723440
251723465
251723640
251723782
251723910
251723943
251723954
251723983
251724019
251724125
251724209
251724235
251724239
251724250
251724349
251724356
251724441
251724522
251724714
251725079
251725194
251725220
251725371
251725573
251725602
251725633
251725667
251725978
251726257
251726276
251726519
251726747
251726834
251726895
251726964
251727016
251727466
251727672
251727849
251727939
251728116
251728325
251728402
251728683
251728737
251728746
251728771
251728842
251729152
251729473
251729494
251729639
251729668
251729950
251730157
251730169
251730188
251730301
251730775
251730878
251730991
251731071
251731234
251731257
251731296
251732126
251732163
251732213
251732241
251732275
251732476
251732615
251732642
251732648
251732684
251732813
251733214
251733253
251733255
251733315
251733782
251733786
251733798
251733865
251733933
251733963
251734154
251734213
251734288
251734466
251734518
251734595
251734637
251734737
251734765
251734781
251734922
251734941
251735321
251735585
251735586
251735646
251735761
251736063
251736141
251736384
251736543
251736821
251736866
251737153
251737239
251737360
251737385
251737404
251737501
251737613
251737697
251738106
251738128
251738370
251738385
251738544
251738616
251738638
251738705
251739037
251739068
251739211
251739222
251739241
251739363
251739406
251739442
251739773
251739974
251740083
251740151
251740325
251740375
251740563
251740608
251741141
251741167
251741524
251741570
251741575
251741635
251741707
251741889
251741963
251741965
251742092
251742300
251742348
251742529
251742572
251742615
251742636
251742971
251743019
251743128
251743396
251743770
251743773
251743853
251743901
251743976
251744056
251744132
251744509
251744711
251745057
251745063
251745174
251745691
251745901
251745922
251745974
251746303
251746467
251746527
251746537
251746609
251746657
251747034
251747563
251747653
251747845
251748025
251748070
251748090
251748096
251748348
251748445
251748710
251748823
251748994
251749126
251749255
251749503
251749731
251749742
251749756
251750094
251750239
251750348
251750493
251750536
251750896
251751070
251751439
251751475
251751484
251751630
251751752
251751949
251752076
251752115
251752711
251752746
251752858
251752908
251753000
251753299
251753369
251753521
251753554
251753569
251753661
251753672
251753952
251753981
251753984
251754010
251754147
251754197
251754240
251754610
251755030
251755148
251755157
251755246
251755375
251755396
251755473
251755495
251755522
251755704
251755749
251755797
251756217
251756489
251756531
251756561
251756611
251756848
251756854
251757002
251757164
251757233
251757332
251757521
251757723
251757828
251758051
251758052
251758110
251758195
251758210
251758228
251758528
251758631
251758637
251758699
251758700
251758879
251758920
251759283
251759292
251759337
251759463
251760084
251760384
251760433
251760508
251760661
251760762
251760812
251760926
251760960
251761059
251761112
251761601
251761627
251761646
251761679
251761737
251761812
251761821
251762075
251762281
251762472
251762526
251762533
251762654
251762658
251762738
251762748
251762758
251762806
251763086
251763125
251763359
251763489
251763664
251763691
251763796
251763800
251763963
251764059
251764317
251764340
251764494
251764505
251764588
251765055
251765098
251765126
251765218
251765236
251765313
251765351
251765497
251765620
251765677
251765705
251765834
251765864
251765990
251766112
251766142
251766145
251766149
251766171
251766273
251766283
251766396
251766471
251766479
251766629
251767093
251767236
251767345
251767390
251767693
251767712
251767896
251768107
251768204
251768283
251768728
251768730
251768809
251768894
251768976
251768983
251769344
251769415
251769417
251769424
251769505
251769590
251769871
251770019
251770117
251770486
251770488
251770681
251770721
251770861
251770941
251771192
251771451
251771518
251771605
251771792
251772079
251772121
251772123
251772140
251772196
251772260
251772281
251772385
251772475
251772484
251772522
251772749
251772780
251773067
251773094
251773121
251773188
251773243
251773478
251773581
251773651
251773716
251773804
251773871
251774477
251774482
251774557
251774622
251774645
251774893
251774967
251774975
251775071
251775175
251775283
251775439
251775598
251775887
251776098
251776196
251776359
251776625
251776924
251776938
251777160
251777396
251777572
251777701
251778121
251778302
251778307
251778362
251778372
251779062
251779238
251779516
251779762
251779868
251779893
251780127
251780480
251780531
251780629
251780819
251781437
251781534
251781786
251781802
251781879
251782867
251782945
251783078
251783259
251783359
251783456
251783687
251783726
251784088
251784098
251784500
251784602
251784779
251784999
251785248
251785377
251785422
251785529
251785534
251785606
251785910
251785973
251786014
251786023
251786043
251786045
251786352
251786826
251787297
251787688
251787824
251787857
251787917
251788008
251788044
251788104
251788406
251788814
251788915
251789033
251789086
251789225
251789669
251789919
251790741
251790930
251790967
251790970
251791050
251791335
251791427
251791441
251791494
251791506
251791732
251791854
251791859
251791990
251791991
251792220
251792300
251792716
251793092
251793183
251793210
251793473
251793651
251793711
251793729
251793860
251794041
251794093
251794264
251794479
251794554
251794578
251794579
251794663
251794951
251795372
251795389
251795401
251795507
251796018
251796082
251796131
251796167
251796252
251796335
251796373
251796425
251796459
251796526
251796548
251796760
251796774
251796904
251796929
251797062
251797070
251797090
251797231
251797445
251797756
251797999
251798028
251798042
251798066
251798327
251798406
251798461
251798774
251799048
251799086
251799093
251799253
251799260
251799333
251799506
251799637
251800032
251800099
251800116
251800445
251800577
251800670
251800677
251800828
251800831
251800834
251800914
251801024
251801038
251801625
251801706
251802079
251802218
251802229
251802294
251802574
251802624
251802691
251802723
251802730
251803327
251803341
251803476
251803540
251803682
251803983
251804031
251804087
251804291
251804406
251804665
251804730
251804882
251804932
251805068
251805258
251805309
251805445
251805766
251805905
251805975
251806127
251806239
251806411
251806812
251807135
251807152
251807346
251807564
251807667
251807701
251807761
251807795
251807932
251807944
251808060
251808083
251808293
251808517
251808643
251808759
251808817
251809053
251809097
251809233
251809491
251809494
251809511
251809763
251809873
251809891
251809999
251810102
251810110
251810147
251810599
251810712
251811369
251811427
251811437
251811608
251811732
251811782
251812103
251812125
251812211
251812235
251812824
251812839
251813003
251813146
251813230
251813235
251813363
251813528
251813638
251813931
251814162
251814201
251814304
251814336
251814382
251814384
251814810
251815076
251815130
251815237
251815244
251815457
251815631
251815877
251815883
251815917
251815944
251816073
251816125
251816263
251816271
251816328
251816455
251816723
251816824
251816908
251817009
251817173
251817230
251817366
251817505
251817523
251817603
251817749
251817848
251818154
251818164
251818223
251818433
251818450
251818524
251818575
251818622
251819031
251819097
251819109
251819129
251819195
251819307
251819512
251819579
251819583
251819669
251819902
251820060
251820240
251820259
251820337
251820555
251820614
251820813
251820861
251820956
251821058
251821073
251821255
251821258
251821344
251821429
251821539
251821793
251821824
251822355
251822368
251822387
251822402
251822478
251822630
251822631
251822694
251822718
251822931
251823334
251823515
251823712
251824071
251824197
251824247
251824456
251824530
251824645
251824696
251824750
251824870
251824880
251824947
251825038
251825268
251825447
251825518
251825653
251825659
251825678
251825858
251825866
251825901
251825934
251826313
251826889
251826980
251827049
251827089
251827812
251827858
251827877
251827960
251827974
251828250
251828469
251828505
251828540
251828975
251829106
251829242
251829319
251829386
251829496
251830357
251830475
251830648
251830724
251830736
251830764
251830950
251831234
251831271
251831309
251831338
251831710
251831778
251831877
251831992
251831998
251832306
251832394
251832429
251832512
251832661
251832666
251832921
251833218
251833334
251833413
251833515
251833523
251833720
251833811
251834188
251834425
251834686
251834984
251834985
251835011
251835173
251835207
251835208
251835295
251835303
251835409
251835588
251835914
251836115
251836179
251836578
251836684
251836736
251836754
251836939
251836997
251837088
251837201
251837489
251837929
251837958
251837968
251837997
251838274
251838275
251838338
251838489
251838572
251838749
251838949
251839182
251839279
251839331
251839412
251839475
251839557
251839575
251839594
251839595
251839960
251840025
251840028
251840179
251840281
251840356
251840785
251840789
251840987
251841394
251841509
251841597
251841793
251842136
251842361
251842679
251842708
251842800
251842943
251843113
251843120
251843137
251843166
251843404
251843472
251843561
251843596
251843644
251844048
251844325
251844467
251844579
251844698
251844713
251844809
251844900
251845021
251845023
251845055
251845093
251845182
251845377
251845766
251846237
251846307
251846541
251846584
251846615
251847002
251847006
251847199
251847235
251847432
251847580
251847703
251847986
251848146
251848224
251848252
251848315
251848318
251848380
251848451
251848478
251848525
251848617
251848814
251848852
251849205
251849548
251850013
251850059
251850242
251850403
251850567
251850665
251850716
251851286
251851529
251851592
251851737
251851839
251852122
251852219
251852452
251852846
251852870
251853037
251853269
251853373
251853423
251853508
251853517
251853912
251854031
251854040
251854305
251854435
251854964
251855023
251855140
251855484
251855662
251855672
251855774
251855864
251856091
251856233
251856592
251856593
251856768
251856772
251856815
251857144
251857239
251857629
251857724
251857726
251857784
251857835
251857841
251857864
251857940
251858119
251858197
251858363
251858433
251858455
251858489
251858491
251858535
251858675
251858743
251858770
251858863
251858897
251859080
251859230
251859283
251859595
251859896
251860010
251860104
251860163
251860194
251860430
251860672
251860856
251861016
251861091
251861510
251861854
251862190
251862316
251862457
251862566
251862568
251862675
251862740
251862775
251862843
251862851
251863124
251863364
251863558
251863698
251863823
251863843
251864062
251864149
251864158
251864187
251864261
251864276
251864397
251864475
251864555
251864629
251864729
251864950
251865153
251865244
251865299
251865853
251865876
251866026
251866110
251866491
251866509
251866540
251866654
251866754
251866951
251866963
251866987
251867176
251867242
251867630
251867633
251867699
251867718
251867830
251867844
251867897
251867900
251867990
251868045
251868086
251868103
251868164
251868174
251868754
251868767
251869396
251869427
251869490
251869519
251869856
251870523
251870554
251870643
251870659
251870740
251871271
251871296
251871389
251871394
251871427
251871507
251871650
251871821
251871865
251872200
251872329
251872347
251872675
251872695
251872766
251872935
251872982
251872983
251873045
251873130
251873134
251873239
251873524
251873697
251873719
251874086
251874109
251874170
251874527
251874626
251874792
251874819
251875029
251875054
251875221
251875447
251875470
251875588
251875630
251875821
251875876
251875916
251875991
251876446
251876453
251876512
251876628
251876883
251877333
251877415
251877494
251877496
251877527
251877694
251877883
251878315
251878337
251878355
251878365
251878543
251878601
251878636
251878723
251878928
251879305
251879477
251879478
251879552
251879735
251879866
251880024
251880098
251880204
251880294
251880325
251880444
251880586
251880655
251880768
251881026
251881065
251881273
251881425
251881704
251881708
251881806
251881829
251881888
251882123
251882173
251882197
251882322
251882396
251882433
251882527
251883007
251883018
251883085
251883207
251883535
251883580
251883892
251884584
251884666
251884680
251884751
251884804
251884858
251884928
251885062
251885112
251885119
251885193
251885196
251885204
251885222
251885266
251885308
251885436
251885518
251885581
251886186
251886192
251886398
251886566
251886872
251886984
251887018
251887207
251887249
251887340
251887522
251887575
251887740
251887764
251887809
251887984
251887985
251887987
251888055
251888173
251888188
251888416
251888599
251888728
251888882
251888891
251888902
251888903
251888996
251889205
251889244
251889269
251889488
251889994
251890029
251890046
251890088
251890448
251890513
251890722
251890991
251891298
251891319
251891373
251891506
251891540
251891557
251891687
251891717
251891879
251891933
251892313
251892317
251892370
251892429
251892445
251892483
251892570
251892636
251892796
251892814
251892958
251893106
251893180
251893849
251893980
251894067
251894204
251894214
251894384
251894573
251894918
251895017
251895149
251895189
251895426
251895678
251895679
251895701
251895900
251895924
251896024
251896329
251896742
251897040
251897556
251897688
251897929
251898148
251898182
251898250
251898367
251898540
251898647
251898898
251898938
251898981
251899297
251899313
251899319
251899336
251899444
251899531
251900040
251900126
251900154
251900182
251900266
251900467
251900516
251900826
251901149
251901206
251901505
251901904
251901911
251901969
251902058
251902154
251902267
251902559
251902626
251902789
251902955
251902985
251903001
251903008
251903119
251903301
251903326
251903846
251903852
251904228
251904259
251904284
251904303
251904326
251904379
251904383
251904685
251904876
251905003
251905149
251905540
251905863
251905883
251906003
251906024
251906206
251906272
251906300
251906436
251906576
251906674
251906864
251906911
251906961
251906990
251907089
251907267
251907460
251907653
251907678
251907818
251908056
251908241
251908464
251908482
251908943
251909049
251909294
251909301
251909335
251909358
251909360
251909395
251909499
251909613
251909687
251909812
251909970
251909977
251910322
251910527
251910540
251910561
251910581
251910655
251910734
251910921
251911106
251911129
251911474
251911483
251911566
251911659
251911683
251911719
251911802
251911882
251912141
251912319
251912412
251912533
251912629
251912929
251912946
251913024
251913035
251913277
251913299
251913445
251913596
251913604
251914064
251914281
251914291
251914301
251914352
251914679
251914814
251914970
251915067
251915319
251915457
251915609
251915637
251915724
251915826
251915944
251916088
251916141
251916451
251916490
251916666
251916702
251916926
251916988
251917011
251917036
251917164
251917552
251917561
251917768
251917794
251917820
251918047
251918165
251918277
251918279
251918298
251918395
251918448
251918525
251918536
251918652
251918671
251918693
251918699
251918723
251918826
251919278
251919424
251919481
251919518
251919519
251919537
251919575
251919659
251919678
251919926
251919948
251919984
251920122
251920186
251920192
251920274
251920343
251920412
251920534
251920871
251921085
251921234
251921304
251921490
251921681
251921733
251921760
251921801
251921815
251922020
251922275
251922325
251922613
251922798
251922825
251922903
251922946
251923124
251923892
251923904
251924026
251924224
251924475
251924669
251924716
251925029
251925211
251925218
251925377
251925382
251925422
251925572
251925763
251925788
251925839
251925878
251925883
251925939
251926123
251926329
251926570
251926828
251926936
251926987
251927521
251927570
251927757
251927793
251928226
251928310
251928556
251928632
251928736
251929035
251929056
251929171
251929309
251929359
251929525
251929948
251930017
251930056
251930150
251930188
251930199
251930366
251930472
251930535
251930742
251930786
251930875
251930990
251930998
251931142
251931281
251931312
251931454
251931633
251931692
251931740
251931920
251932223
251932418
251932603
251932759
251932990
251933014
251933109
251933413
251933790
251933847
251933985
251934041
251934056
251934079
251934107
251934200
251934324
251934379
251934583
251934590
251934637
251934859
251934870
251935134
251935142
251935379
251935604
251935726
251935879
251935968
251935985
251936426
251936729
251936820
251936925
251937177
251937245
251937468
251937624
251937803
251937819
251938126
251938176
251938299
251938302
251938360
251938504
251938598
251938604
251938652
251938731
251939156
251939274
251939402
251939429
251939636
251939860
251940015
251940149
251940241
251940340
251940428
251940442
251940482
251940651
251940964
251941041
251941196
251941883
251941919
251942020
251942034
251942040
251942122
251942141
251942164
251942412
251942466
251942757
251942817
251943034
251943124
251943168
251943318
251943321
251943575
251943733
251943753
251943873
251943903
251944066
251944125
251944207
251944273
251944425
251944613
251944704
251944816
251944830
251944869
251945047
251945076
251945225
251945234
251945386
251945843
251945907
251945959
251946017
251946057
251946636
251946928
251946947
251947335
251947363
251947543
251947585
251947607
251947612
251947613
251947791
251947827
251947922
251948144
251948389
251948501
251948626
251949104
251949164
251949201
251949203
251949218
251949258
251949469
251949530
251949698
251949882
251949983
251950015
251950317
251950887
251951543
251952014
251952234
251952349
251952458
251952602
251952880
251952935
251953557
251953737
251953893
251954011
251954026
251954235
251954287
251954653
251954814
251954843
251955126
251955138
251955145
251955199
251955406
251955458
251955501
251955506
251955573
251955605
251955759
251955763
251955798
251956090
251956228
251956435
251956493
251957006
251957153
251957192
251957281
251957634
251957654
251957666
251957674
251957777
251958002
251958303
251958326
251958407
251958549
251958644
251958744
251958818
251958839
251958977
251959278
251959283
251960028
251960051
251960181
251960224
251960371
251960554
251960580
251960712
251960845
251960915
251961130
251961175
251962076
251962226
251962361
251962443
251962684
251962716
251962743
251962756
251962768
251962948
251962983
251963034
251963188
251963222
251963620
251963641
251963684
251963798
251963829
251963868
251963873
251963951
251963967
251964353
251964399
251964470
251964750
251964896
251964908
251964918
251965223
251965288
251965351
251965370
251965555
251965598
251965607
251965740
251965818
251965831
251965934
251965940
251965947
251966006
251966090
251966227
251966277
251966342
251966417
251966709
251966744
251966946
251967091
251967174
251967313
251967348
251967535
251967631
251967640
251968316
251968820
251968867
251968878
251968996
251969105
251969153
251969308
251969320
251969346
251969358
251969468
251969687
251969781
251969988
251970147
251970624
251970636
251970791
251970927
251971064
251971200
251971262
251971625
251971705
251971803
251971974
251972045
251972301
251972532
251972562
251972667
251972687
251972750
251972926
251973112
251973250
251973251
251973316
251973395
251973726
251974172
251974419
251974465
251974508
251974627
251974907
251975188
251975287
251975323
251975414
251975518
251975922
251975932
251976128
251976138
251976303
251976323
251976334
251976396
251976445
251976555
251976668
251976719
251976793
251976929
251977061
251977324
251977358
251977585
251977929
251977998
251978052
251978120
251978700
251978873
251978985
251979031
251979064
251979333
251979398
251979428
251979651
251979696
251979735
251979864
251979944
251980035
251980267
251980288
251980446
251980578
251980671
251980696
251980732
251980851
251980861
251980996
251981303
251981312
251981323
251981331
251981373
251981381
251981422
251981440
251981478
251981489
251981548
251981830
251982017
251982089
251982147
251982159
251982308
251982412
251982424
251982460
251982552
251982651
251982708
251982779
251983036
251983123
251983142
251983387
251983516
251983735
251983770
251983888
251984044
251984121
251984140
251984154
251984397
251984405
251984427
251984917
251985194
251985552
251985573
251985710
251986046
251986124
251986202
251986255
251986744
251986789
251986849
251986903
251987787
251988054
251988392
251988473
251988483
251988687
251988750
251988770
251989047
251989289
251989408
251989557
251989722
251989740
251989822
251990020
251990302
251990402
251990465
251990648
251990662
251990809
251991223
251991235
251991268
251991317
251991352
251991377
251991442
251991572
251991839
251991970
251992021
251992029
251992179
251992215
251992231
251992240
251992275
251992460
251992537
251992831
251993146
251993284
251993876
251994184
251994324
251994380
251994809
251995220
251995253
251995261
251995321
251995410
251996397
251996447
251996534
251996585
251996816
251996897
251996923
251997521
251998076
251998190
251998213
251998581
251998648
251998666
251998686
251998938
251999256
251999302
251999303
251999692
251999699
251999778
252000597
252000773
252001022
252001086
252001098
252001131
252001312
252001496
252001561
252002150
252002261
252002366
252002784
252002808
252003041
252003264
252003850
252003972
252004080
252004126
252004410
252004624
252004664
252004675
252005025
252005218
252005619
252005632
252006264
252006578
252006761
252007134
252007165
252007271
252007436
252007646
252007682
252008058
252008449
252008506
252008571
252008675
252009054
252009166
252009217
252009243
252009254
252009371
252009428
252009929
252009949
252010590
252010812
252010828
252010844
252010949
252010969
252011150
252011273
252011398
252011780
252011930
252012027
252012167
252012424
252012485
252012654
252012760
252012890
252012960
252012997
252013081
252013206
252013497
252013522
252013934
252014047
252014266
252014437
252014598
252014707
252014722
252014851
252014889
252014990
252015047
252015111
252015421
252015760
252015874
252015884
252016061
252016120
252016130
252016182
252016601
252016645
252016696
252016945
252017134
252017147
252017173
252017335
252017384
252017461
252017544
252017575
252017587
252017626
252017670
252017768
252018023
252018078
252018188
252018433
252018603
252018710
252018842
252018853
252018875
252018962
252019097
252019352
252020240
252020258
252020304
252020775
252020863
252021064
252021099
252021247
252021253
252021316
252021325
252021346
252021829
252021963
252022153
252022308
252022328
252022374
252022385
252022401
252022500
252022623
252022652
252022861
252022873
252023048
252023076
252023149
252023582
252023735
252023742
252023767
252023835
252024741
252024826
252024860
252024941
252026041
252026099
252026249
252026286
252026295
252026816
252026958
252027057
252027260
252027265
252027281
252027349
252027476
252027479
252027536
252027641
252027724
252028144
252028214
252028374
252028491
252028700
252028806
252028982
252029097
252029313
252029383
252029418
252029664
252029827
252030165
252030170
252030174
252030237
252030334
252030431
252030568
252030853
252030951
252031024
252031357
252031462
252031471
252031583
252031916
252032142
252032469
252032703
252033052
252033131
252033138
252033221
252033223
252033504
252033604
252033846
252033893
252034249
252034281
252034289
252034307
252034317
252034364
252034372
252034388
252034476
252034518
252034536
252034616
252034627
252034708
252035002
252035080
252035350
252035386
252035470
252035486
252035564
252035644
252035729
252036001
252036065
252036080
252036563
252037264
252037398
252037486
252037742
252037915
252038037
252038334
252038500
252038784
252038880
252038905
252039152
252039219
252039713
252039746
252039916
252039945
252040043
252040065
252040603
252040887
252041012
252041162
252041441
252041528
252041548
252041632
252041689
252041741
252041751
252041793
252041823
252041989
252042182
252042206
252042360
252042546
252042736
252043380
252043580
252043685
252043712
252043784
252044024
252044033
252044409
252044437
252044468
252044689
252044827
252044929
252045005
252045106
252045127
252045154
252045253
252045257
252045738
252045870
252046443
252046460
252046461
252046498
252046818
252047135
252047145
252047280
252047785
252047812
252047893
252048066
252048093
252048550
252048680
252048786
252049017
252049082
252049164
252049643
252049814
252049829
252049977
252050346
252050472
252050474
252050501
252050507
252050517
252050549
252050601
252050620
252050722
252050732
252050824
252050850
252051246
252051408
252051453
252051477
252051504
252051637
252051692
252051754
252051861
252051916
252052464
252052599
252052681
252052866
252053243
252053952
252053979
252054028
252054398
252054460
252054528
252054689
252054793
252055122
252055178
252055190
252055428
252055968
252055989
252056115
252056230
252056430
252056449
252057052
252057293
252057326
252057641
252057767
252057960
252058047
252058288
252058360
252058638
252058675
252058780
252058878
252059106
252059139
252059323
252059377
252059852
252059941
252060078
252060123
252060258
252060548
252060591
252060643
252060820
252060821
252060835
252061067
252061471
252061731
252061837
252061951
252062059
252062417
252062601
252062817
252062941
252063289
252063621
252063912
252063928
252064545
252064562
252064766
252064768
252065058
252065145
252065148
252065406
252065544
252065647
252065951
252066316
252066559
252066956
252067057
252067123
252067140
252067429
252067673
252067770
252067831
252067903
252067959
252068127
252068352
252068359
252068599
252068600
252068670
252068724
252068949
252069001
252069126
252069156
252069211
252069275
252069431
252069598
252070219
252070488
252070579
252070994
252071338
252071455
252071462
252072022
252072041
252072507
252072611
252072640
252072675
252072695
252073076
252073109
252073124
252073164
252073194
252073224
252074172
252074599
252074669
252074677
252074699
252074855
252074862
252075001
252076002
252076009
252076485
252076547
252076780
252076884
252077327
252077510
252077516
252077752
252077966
252077984
252078369
252078434
252078493
252078674
252078734
252079060
252079318
252079757
252079804
252079875
252080481
252080682
252080719
252080957
252081054
252081469
252081677
252082006
252082017
252082332
252082633
252082683
252082832
252083151
252083227
252083367
252083530
252083743
252083843
252084084
252084539
252085052
252085158
252085718
252086039
252086090
252086155
252086187
252086396
252086542
252086669
252087044
252087231
252087657
252087983
252088201
252088538
252088600
252088629
252088721
252089399
252089472
252089643
252089822
252089890
252090100
252090298
252090755
252091215
252091371
252091429
252091702
252091993
252092035
252092193
252092339
252092353
252092363
252092436
252092536
252092957
252093036
252093536
252094313
252094445
252094753
252095139
252095358
252095452
252096745
252097005
252097278
252097496
252097832
252098304
252098305
252098412
252099035
252099159
252099412
252099499
252099534
252100101
252100263
252100339
252100421
252100596
252100619
252100679
252100722
252100823
252101082
252101366
252101746
252101768
252101794
252102645
252102763
252102774
252102906
252103067
252103907
252104653
252104802
252105451
252106275
252106339
252106602
252106763
252107062
252107080
252107539
252107636
252108255
252108853
252108854
252108858
252108978
252109127
252109949
252110112
252110519
252110567
252110588
252110781
252110865
252110866
252111063
252111177
252111922
252112054
252112426
252112439
252112778
252112952
252112993
252113073
252113764
252113804
252113844
252114188
252114503
252114817
252115339
252115353
252115426
252115584
252115741
252115963
252115973
252116227
252116247
252116366
252116606
252116827
252117796
252117931
252118417
252119007
252119126
252119164
252119547
252119935
252120117
252120215
252120234
252120244
252120287
252121043
252121121
252121158
252121425
252121472
252121721
252121758
252121791
252121825
252121987
252122013
252122057
252122077
252122100
252122121
252122164
252122220
252122314
252122351
252122706
252122784
252123000
252123409
252123665
252123749
252123827
252123937
252123950
252124304
252124307
252124693
252124734
252124809
252125168
252125238
252125284
252125314
252125562
252125700
252125725
252125808
252125976
252126282
252126320
252126361
252126371
252126628
252126717
252126796
252126987
252127056
252127109
252127237
252127303
252127374
252127395
252127437
252127503
252127560
252127674
252127760
252127973
252128001
252128073
252128076
252128081
252128141
252128154
252128253
252128358
252128367
252128397
252128530
252128838
252128851
252128893
252129110
252129147
252130073
252130076
252130586
252130738
252130760
252131223
252131835
252132162
252132313
252132419
252132510
252132567
252132897
252133140
252133219
252133226
252133834
252133884
252133912
252134254
252134315
252134320
252134350
252134384
252134409
252134473
252134548
252134640
252134650
252134774
252134973
252135051
252135053
252135083
252135340
252135342
252135494
252135505
252135535
252135726
252135795
252136150
252136166
252136187
252136264
252136295
252136477
252136505
252136518
252136537
252137995
252138017
252138071
252138079
252138153
252138226
252138233
252138340
252138461
252138524
252138724
252138758
252138928
252139116
252139222
252139705
252139808
252139823
252139934
252140041
252140238
252140305
252140415
252140425
252140671
252140745
252140805
252140821
252141062
252141348
252141367
252141387
252141711
252141720
252141813
252141856
252141872
252141914
252142141
252142276
252142383
252142520
252142581
252142906
252143051
252143147
252143352
252143476
252143545
252143590
252143643
252143790
252143798
252143906
252144101
252144181
252144595
252144842
252145005
252145030
252145058
252145223
252145475
252145525
252145614
252145717
252145790
252145952
252146312
252146359
252146599
252146846
252146867
252147253
252147298
252147550
252147626
252147659
252148145
252148428
252148432
252148543
252148814
252148890
252148945
252149256
252149463
252149534
252149631
252149820
252149833
252149931
252150543
252150591
252150604
252150705
252151035
252151060
252151480
252151603
252151841
252152035
252152115
252152223
252152373
252152747
252152784
252152949
252153086
252153192
252153394
252153432
252153747
252153820
252153841
252153903
252154219
252154265
252154337
252154370
252154377
252154583
252154734
252154925
252155022
252155637
252155804
252155965
252156204
252156239
252156811
252156936
252157014
252157079
252157087
252157161
252157307
252157391
252157604
252157722
252157725
252157807
252157903
252158107
252158136
252158167
252158254
252158474
252158650
252158864
252159057
252159138
252159193
252159236
252159264
252159570
252159633
252159980
252160248
252160275
252160304
252160539
252160788
252161072
252161124
252161169
252161429
252161442
252161537
252161845
252162662
252162933
252162948
252162957
252163008
252163153
252163222
252163269
252164215
252164319
252164596
252165281
252165282
252165552
252165740
252166361
252166488
252166617
252166624
252166625
252166964
252167258
252167551
252167585
252167625
252167631
252167692
252168047
252168081
252168201
252168502
252168507
252168947
252169036
252169296
252169473
252169488
252169546
252169704
252169737
252169768
252170221
252170546
252170632
252170689
252170868
252171362
252171426
252171622
252171943
252172037
252172075
252172454
252172563
252172614
252172902
252173098
252173187
252173236
252173400
252173583
252173728
252173914
252173958
252174172
252174229
252174258
252174376
252174686
252175053
252175503
252175624
252175855
252175893
252176208
252176402
252176520
252176590
252176628
252176771
252176832
252176973
252177019
252177311
252177570
252177572
252177639
252177863
252178001
252178274
252178467
252179286
252179418
252179486
252179600
252179659
252179697
252179823
252180473
252180576
252180598
252180669
252181268
252181338
252181639
252181780
252181914
252181932
252182102
252182208
252182262
252182365
252182741
252182814
252183038
252183159
252183168
252183283
252183677
252183858
252184167
252184235
252184294
252184358
252184380
252184407
252184590
252185059
252185119
252185267
252185309
252185460
252185693
252185846
252185858
252185939
252185948
252186035
252186097
252186352
252186442
252186745
252186872
252187070
252187073
252187157
252187280
252187291
252187314
252187439
252187968
252188079
252188088
252188135
252188282
252188290
252188513
252188760
252188830
252188963
252189326
252189415
252189520
252189756
252189894
252190092
252190192
252190382
252190727
252190729
252190869
252191033
252191066
252191173
252191404
252191418
252191558
252191667
252191864
252191935
252191994
252192289
252192310
252192417
252192530
252192594
252192685
252192733
252192854
252193293
252193559
252193572
252193648
252193656
252193980
252194025
252194043
252194079
252194082
252194123
252194245
252194432
252194477
252194533
252194848
252194886
252194992
252195327
252195425
252195440
252195622
252195974
252196391
252196494
252196496
252196741
252196913
252196919
252197308
252197465
252197466
252197510
252197861
252198266
252198320
252198404
252198474
252198549
252198615
252198688
252198912
252198926
252199048
252199072
252199442
252199620
252199665
252199852
252200398
252200452
252200699
252200976
252201232
252201336
252201365
252201453
252201626
252201746
252201821
252202134
252202193
252202284
252202312
252202371
252202386
252202507
252202570
252202607
252202685
252202818
252202888
252202984
252202996
252203099
252203102
252203111
252203405
252203582
252203599
252203622
252204132
252204180
252204296
252204457
252204628
252204634
252204643
252204716
252204844
252205130
252205326
252205361
252205518
252205577
252205727
252205929
252206719
252207130
252207265
252207296
252207360
252207389
252207416
252207524
252207535
252207951
252208013
252208052
252208053
252208107
252208188
252208628
252208852
252209074
252209290
252209293
252209363
252209414
252209427
252209447
252209532
252209994
252210022
252210196
252210211
252210354
252210392
252210401
252210419
252210466
252210546
252210728
252210888
252210944
252210971
252211123
252211894
252211951
252211956
252212043
252212783
252212849
252212866
252213262
252213284
252213342
252213353
252213557
252213677
252213701
252213821
252213823
252213854
252214918
252214987
252215029
252215080
252215223
252215312
252215375
252215417
252215519
252216173
252216446
252216520
252216555
252216646
252216804
252216851
252217023
252217200
252217564
252217608
252217668
252217723
252217745
252217949
252218362
252218456
252218482
252218483
252218505
252218573
252218637
252218659
252218891
252218948
252219031
252219053
252219328
252219386
252219411
252219449
252219667
252219686
252219708
252219712
252219897
252220152
252220180
252220326
252220333
252220919
252220938
252220945
252221032
252221133
252221193
252221328
252221673
252221740
252221838
252221961
252222050
252222117
252222267
252222364
252222676
252222688
252222870
252222925
252222931
252222958
252223180
252223530
252223832
252223835
252224388
252224431
252224483
252225077
252225120
252225147
252225245
252225252
252225305
252225411
252225502
252226106
252226450
252226487
252226676
252227086
252227109
252227442
252227545
252227693
252227736
252227748
252227774
252227850
252228039
252228151
252228358
252228453
252228466
252228536
252228678
252228734
252228795
252228831
252229069
252229078
252229232
252229742
252229811
252230136
252230349
252230476
252230604
252230618
252230851
252230889
252230974
252230994
252231088
252231288
252231478
252231736
252231743
252231893
252232326
252232464
252232537
252232645
252232855
252233234
252233251
252233694
252233850
252233860
252234175
252234257
252234379
252234421
252234472
252234486
252234522
252234929
252235152
252235363
252235859
252236051
252236145
252236153
252236841
252237158
252237299
252237438
252237784
252237811
252237835
252237837
252237953
252237968
252238294
252238488
252238532
252238589
252238656
252238803
252238816
252239354
252239522
252239603
252239717
252240098
252240127
252240175
252240545
252240603
252240801
252240842
252241086
252241197
252241222
252241410
252241428
252241455
252241487
252241607
252241834
252241862
252241876
252241882
252241942
252242128
252242236
252242250
252242336
252242528
252242622
252242634
252242994
252243104
252243131
252243377
252243633
252243718
252243733
252244128
252244185
252244272
252244328
252244497
252244541
252244601
252244827
252244851
252244889
252244897
252245118
252245138
252245209
252245364
252245473
252245595
252245631
252245916
252246072
252246147
252246298
252246523
252246544
252246802
252246844
252247091
252247172
252247579
252248356
252248422
252248586
252249047
252249248
252249468
252249789
252249912
252249917
252250016
252250036
252250067
252250098
252250136
252250400
252250515
252250524
252250548
252250558
252250771
252251369
252251416
252251425
252251466
252251477
252251607
252251659
252251678
252251688
252251941
252252248
252252299
252252304
252252437
252252543
252252818
252253302
252253463
252253549
252254313
252254416
252254622
252254685
252254867
252254982
252255010
252255100
252255172
252255174
252255279
252255348
252255381
252255604
252255688
252255901
252255977
252256264
252256284
252256301
252256767
252256949
252257061
252257231
252257544
252257622
252257731
252257844
252258078
252258434
252258880
252259114
252259125
252259377
252259624
252259648
252259706
252259848
252259980
252260138
252260250
252260379
252260467
252260509
252260526
252260548
252260822
252261329
252261337
252261438
252261865
252262038
252262113
252262198
252262248
252262686
252262846
252262861
252262922
252263027
252263073
252263210
252263518
252263573
252263677
252264013
252264376
252264475
252264511
252264663
252265392
252265546
252265606
252265832
252265837
252265861
252266042
252266183
252266331
252266342
252266524
252266708
252266719
252267053
252267073
252267271
252267366
252267625
252268094
252268215
252268339
252268509
252268669
252268727
252269036
252269256
252269921
252270161
252270221
252270360
252270380
252270794
252270826
252271060
252271115
252271355
252271371
252271441
252271640
252271827
252272041
252272289
252272361
252272781
252272890
252273152
252273796
252274049
252274168
252274170
252274414
252274443
252274571
252274581
252274671
252274673
252274708
252275077
252275292
252275459
252275626
252275757
252275882
252275900
252275990
252276152
252276358
252276483
252276870
252276929
252277006
252277231
252277270
252277421
252277433
252277571
252277689
252277881
252278077
252278116
252278117
252278279
252278365
252278452
252278564
252278567
252278580
252279285
252279290
252279370
252279594
252279607
252279624
252279861
252279963
252279971
252280014
252280082
252280153
252280576
252280601
252281096
252281586
252281660
252281694
252282045
252282076
252282368
252282493
252282605
252283008
252283247
252283822
252283982
252284732
252284802
252284837
252284849
252285076
252285259
252285391
252285585
252285654
252285731
252285741
252285815
252285848
252285995
252286482
252286608
252286753
252286889
252287066
252287610
252287690
252288093
252288446
252288473
252288618
252288870
252288926
252288950
252288972
252289095
252289096
252289167
252289494
252289849
252289898
252290101
252290297
252290316
252290341
252290350
252290457
252290567
252290624
252290727
252290790
252291135
252291279
252291281
252291309
252291404
252291422
252291429
252291530
252291660
252291740
252291972
252292099
252292141
252292185
252292203
252292692
252292744
252292778
252292788
252292789
252292798
252293162
252293357
252293425
252293580
252293589
252293602
252293751
252293949
252293958
252293965
252293973
252294166
252294175
252294346
252294349
252294685
252294766
252294857
252294979
252295088
252295155
252295240
252295362
252295368
252295470
252295521
252295856
252296126
252296132
252296266
252296311
252296340
252296655
252296779
252296943
252296970
252296971
252297097
252297147
252297165
252297328
252297736
252297749
252297758
252297789
252297817
252297831
252297887
252297924
252298218
252298241
252298378
252298402
252298552
252298752
252298800
252298891
252299316
252299569
252300451
252300537
252301066
252301491
252301502
252301538
252301541
252301567
252301790
252301961
252302083
252302121
252302388
252302392
252302404
252302571
252302749
252302875
252302892
252302915
252303105
252303260
252303345
252304021
252304305
252304400
252305022
252305027
252305107
252305142
252305262
252305328
252305724
252305903
252306330
252306374
252306618
252306739
252306745
252306845
252307039
252307496
252307589
252307595
252307767
252307972
252308005
252308285
252308525
252308687
252308790
252309027
252309115
252309178
252309240
252309381
252309434
252309521
252309599
252309739
252309878
252309888
252309898
252309957
252309995
252310168
252310308
252310369
252310429
252310673
252310726
252310867
252310963
252311188
252311607
252311609
252311621
252311627
252311647
252311982
252312045
252312301
252312422
252312581
252312722
252313036
252313153
252313286
252313388
252313438
252313447
252314036
252314150
252314193
252314352
252314461
252314642
252315295
252315300
252315437
252315684
252316066
252316140
252316291
252316364
252316530
252316703
252317139
252317359
252317367
252317396
252317426
252317745
252318216
252318473
252318900
252319259
252319272
252319312
252319460
252319658
252319737
252319786
252320056
252320118
252320177
252320320
252320609
252320696
252320723
252321082
252321136
252321174
252321472
252321752
252322075
252322079
252322193
252322226
252322290
252322762
252323040
252323307
252323448
252323768
252323776
252323949
252324489
252324499
252324500
252324627
252324694
252325168
252325173
252325254
252325489
252325826
252326158
252326179
252326575
252326692
252326884
252326991
252327114
252327176
252327627
252327641
252327751
252327820
252327877
252328064
252328382
252328433
252328570
252328675
252329247
252329630
252329910
252330258
252330260
252330324
252330369
252330827
252331073
252331424
252331592
252331893
252332005
252332012
252332143
252332349
252332569
252332632
252332639
252332841
252332921
252333038
252333056
252333070
252333089
252333526
252333651
252333682
252333792
252333840
252333899
252334034
252334055
252334100
252334212
252334389
252334786
252334804
252335219
252335427
252335436
252335550
252335622
252335926
252336226
252336416
252336517
252336892
252336905
252337052
252337231
252337232
252337437
252337549
252337623
252337656
252338049
252338094
252338598
252338706
252339126
252339336
252339359
252339469
252339525
252339695
252339696
252340301
252340479
252340625
252340826
252340964
252341044
252341217
252341285
252341515
252341563
252342054
252342078
252342182
252342196
252342324
252342333
252342334
252342345
252342498
252342521
252342807
252343129
252343257
252343329
252343397
252343570
252343729
252343963
252344050
252344167
252344206
252344221
252345203
252345656
252345690
252345839
252346273
252346328
252346351
252346442
252346554
252346788
252346830
252346848
252347305
252347543
252347615
252347686
252347882
252347896
252347897
252347950
252348221
252348448
252348633
252348729
252348840
252349017
252349021
252349101
252349199
252349277
252349512
252349520
252349590
252349752
252349908
252349933
252350011
252350135
252350185
252350192
252350522
252350541
252350615
252350898
252351226
252351772
252351777
252351863
252351894
252352081
252352469
252352628
252352671
252352839
252353301
252353351
252353384
252353460
252353862
252354022
252354173
252354197
252354552
252354602
252354627
252354631
252354764
252354817
252354844
252354845
252354896
252355006
252355020
252355081
252355166
252355272
252355389
252355433
252355803
252356058
252356149
252356153
252356332
252356520
252357217
252357628
252358014
252358179
252358210
252358311
252358420
252358602
252358704
252358732
252358985
252359034
252359039
252359672
252359906
252360283
252360294
252360428
252360970
252361031
252361045
252361103
252361321
252361331
252361396
252361489
252361582
252361587
252361608
252361662
252362066
252362067
252362375
252362392
252362506
252362850
252362965
252363525
252363583
252363721
252364328
252364338
252364438
252364465
252364562
252364704
252364879
252365184
252365514
252365515
252365592
252365842
252366010
252366355
252366672
252366769
252366804
252367089
252367172
252367344
252367355
252367921
252368439
252368612
252368676
252369007
252369017
252369765
252369798
252369818
252370209
252370242
252370448
252370539
252370983
252370992
252371447
252371733
252372070
252372169
252372766
252372964
252373069
252373548
252373715
252374054
252374199
252374510
252374552
252374631
252374811
252375587
252375758
252375813
252375856
252375927
252376338
252376371
252376381
252376400
252376442
252376448
252376472
252376569
252376583
252376702
252376965
252376979
252377072
252377141
252377341
252377510
252377642
252377718
252377798
252378232
252378765
252379151
252379202
252379223
252379345
252379837
252380002
252380299
252380443
252380477
252380586
252380824
252381358
252381436
252381532
252381542
252381778
252381787
252381802
252381832
252382049
252382115
252382404
252382482
252383116
252383179
252383364
252383650
252383727
252383752
252383997
252384069
252384081
252384252
252384545
252384758
252385039
252385201
252385302
252385464
252385580
252385685
252385756
252385925
252386790
252387077
252387453
252387698
252387715
252388056
252388312
252388437
252388959
252389121
252389142
252389361
252390486
252390684
252390893
252391279
252391506
252391611
252391630
252391694
252391744
252392479
252392549
252392933
252392985
252393028
252393164
252393453
252393559
252393645
252393774
252393781
252394019
252394155
252394188
252394259
252394487
252394620
252394646
252394762
252394822
252395026
252395087
252395384
252395394
252395781
252395868
252395963
252396135
252396259
252396301
252396385
252396683
252396839
252396844
252397152
252397295
252397394
252397666
252397831
252397835
252397910
252398322
252398795
252398818
252399181
252399242
252399243
252399310
252399855
252399961
252400221
252400490
252400526
252400531
252400840
252401038
252401042
252401710
252401736
252401782
252401897
252401899
252401930
252402066
252402420
252402560
252402688
252402710
252402753
252402815
252403137
252403428
252403565
252403638
252403646
252403800
252403845
252403871
252403889
252404194
252404270
252404441
252404606
252404679
252404713
252404800
252404808
252405068
252405260
252405760
252405978
252406194
252406432
252406532
252407155
252407903
252407964
252408080
252408166
252408226
252408303
252408361
252408545
252408584
252408670
252408861
252408960
252409123
252409305
252409430
252409546
252410218
252410405
252410430
252410457
252410706
252410997
252411374
252411380
252411483
252411709
252411795
252412404
252412948
252413232
252413322
252413757
252413801
252413856
252414157
252414190
252414220
252414241
252414253
252414493
252414499
252414542
252414661
252414814
252414871
252414872
252415114
252415142
252415159
252415221
252415290
252415394
252415567
252415605
252415913
252415984
252416159
252416609
252416711
252416838
252416847
252417037
252417066
252417180
252417581
252417621
252417841
252417963
252418037
252418050
252418701
252418813
252418852
252419413
252419414
252419862
252419998
252420386
252420395
252420399
252420505
252421148
252421160
252421490
252421869
252421925
252422010
252422026
252422226
252422285
252422568
252422855
252422917
252422930
252422985
252423184
252423200
252423611
252423714
252424171
252424276
252424346
252424730
252424798
252424808
252425069
252425080
252425115
252425325
252426369
252426536
252426582
252427159
252427240
252427445
252427463
252427496
252427615
252427624
252427784
252427924
252428009
252428084
252428127
252428323
252428476
252428701
252428748
252428932
252429086
252429093
252429114
252429413
252429486
252429530
252429615
252429762
252429792
252429822
252429869
252429924
252430541
252430719
252430860
252431028
252431181
252431200
252431272
252431452
252431591
252431634
252431939
252431940
252431961
252432077
252432090
252432329
252432378
252432665
252432913
252432969
252433072
252433165
252433510
252433513
252433657
252433886
252433970
252433995
252434129
252434172
252434572
252434746
252434862
252435048
252435120
252435285
252435325
252435343
252435461
252435473
252435657
252435753
252435869
252435926
252435978
252436110
252436410
252436413
252436444
252436539
252436608
252436663
252436707
252436841
252437178
252437231
252437403
252437413
252437938
252438132
252438142
252438409
252438505
252438701
252439051
252439055
252439481
252439491
252440361
252440368
252440447
252440561
252440800
252440939
252440946
252441165
252441754
252441950
252441968
252441970
252441973
252442128
252442187
252442248
252442735
252442737
252443072
252443204
252443405
252443442
252443448
252443689
252443828
252444138
252444250
252444320
252444326
252444376
252444377
252444458
252444678
252445017
252445157
252445169
252445304
252445319
252445562
252445647
252445658
252445965
252446230
252446378
252446424
252446477
252446622
252446646
252446675
252446679
252446733
252446871
252447051
252447192
252447428
252447504
252447968
252448217
252448411
252448843
252449490
252449505
252449566
252449646
252449724
252449773
252449949
252450093
252450272
252450503
252450551
252450615
252450729
252450776
252450792
252450872
252450890
252451011
252451072
252451230
252451541
252451671
252451674
252451945
252452073
252452091
252452211
252452313
252452414
252452645
252452702
252452844
252452952
252453226
252453374
252453401
252453639
252453803
252453989
252454071
252454119
252454440
252454549
252454605
252454691
252454788
252455122
252455123
252455174
252455375
252455568
252455771
252456134
252456566
252456883
252457105
252457723
252457937
252457963
252457966
252458064
252458128
252458194
252458605
252458926
252459042
252459434
252459928
252460117
252460206
252460550
252460955
252461149
252461276
252461287
252461395
252461496
252461636
252461710
252461837
252461935
252461964
252462113
252462198
252462360
252462425
252462850
252463055
252463149
252463683
252464826
252465097
252465226
252465840
252465845
252466073
252466222
252466987
252467267
252467376
252467469
252467672
252468134
252468403
252468673
252468705
252468968
252469036
252469399
252469468
252469656
252469691
252469946
252469987
252470084
252470308
252470368
252470370
252470383
252470495
252470849
252470987
252471006
252471315
252471675
252471706
252471771
252472148
252472288
252472296
252472376
252472743
252472820
252472850
252472886
252473060
252473116
252473407
252473482
252473636
252473659
252473702
252473728
252473759
252473915
252473927
252473994
252474146
252474295
252474398
252474494
252474558
252474627
252474678
252474812
252475053
252475059
252475244
252475262
252475339
252475537
252475632
252475774
252475843
252476161
252476178
252476266
252476274
252476276
252476399
252476549
252476589
252476670
252476857
252476906
252477029
252477088
252477942
252478207
252478209
252478250
252478806
252478918
252479228
252479299
252479969
252480226
252480685
252480747
252480757
252480961
252480993
252481117
252481235
252481377
252481399
252481429
252481874
252481908
252481916
252482079
252482641
252483277
252483279
252483509
252483511
252483569
252483643
252484045
252484153
252484204
252484417
252484476
252484544
252484779
252484925
252485041
252485065
252485202
252485479
252485663
252485664
252485842
252486126
252486471
252486565
252486667
252486678
252486904
252486993
252487298
252487484
252487551
252487573
252487649
252487716
252487833
252488086
252488112
252488186
252488310
252488494
252488540
252488727
252488805
252488847
252489063
252489067
252489116
252489246
252489309
252489349
252489417
252489550
252489657
252489730
252489943
252489991
252490316
252490324
252490566
252490577
252490795
252491369
252491550
252491691
252491806
252491836
252492131
252492152
252492292
252492303
252492361
252492864
252492866
252492935
252493079
252493272
252493293
252493337
252493357
252493420
252493460
252493491
252493639
252493730
252494025
252494114
252494224
252494519
252494702
252495009
252495776
252495929
252496043
252496066
252496067
252496569
252496736
252496751
252496868
252497045
252497082
252497605
252497634
252497687
252497729
252497777
252497863
252497904
252497940
252497967
252498032
252498081
252498425
252498528
252498557
252498641
252498727
252499122
252499184
252499290
252499339
252499347
252499562
252499721
252499772
252499878
252499922
252500160
252500258
252500450
252500514
252500674
252500757
252500803
252500866
252500910
252500931
252501169
252501230
252501640
252501885
252501983
252502029
252502416
252502662
252502711
252502816
252502907
252503010
252503264
252503300
252503362
252503410
252503596
252503934
252503939
252503987
252504092
252504132
252504216
252504228
252504282
252504291
252504391
252504572
252504959
252505096
252505269
252505339
252505885
252506076
252506944
252506968
252507057
252507119
252507347
252507381
252507831
252508354
252508497
252508872
252509163
252509230
252509537
252509565
252509574
252509777
252510091
252510618
252510984
252511034
252511156
252511903
252511997
252512177
252512207
252512451
252512642
252512859
252513205
252513589
252513688
252513980
252514308
252514614
252515304
252515925
252515966
252516027
252516100
252516215
252516501
252516629
252516675
252516826
252516885
252516905
252516933
252517572
252517697
252517758
252517894
252518188
252518369
252518409
252518498
252518575
252518793
252518831
252519047
252519244
252519407
252519904
252520233
252520253
252520437
252520854
252520919
252520931
252521385
252521390
252521520
252521854
252521932
252522114
252522311
252522478
252522724
252522725
252522766
252523315
252523358
252523970
252524128
252524360
252524495
252524702
252524728
252524889
252524931
252525157
252525396
252525406
252525413
252525818
252525932
252525957
252526150
252526250
252526717
252527159
252527596
252527703
252527807
252527918
252527951
252527998
252528018
252528112
252528357
252528644
252529095
252529207
252529248
252529447
252529582
252529998
252530033
252530949
252530973
252531261
252531886
252532339
252532829
252532905
252533267
252533362
252533400
252533438
252533528
252533529
252533877
252534152
252534159
252534410
252534609
252534784
252534897
252534989
252534993
252535042
252535071
252535206
252535510
252535540
252535572
252535829
252535834
252535865
252535930
252536030
252536152
252536171
252536202
252536381
252536585
252536710
252536879
252537402
252537520
252537539
252537544
252537822
252538111
252538319
252538333
252538638
252538764
252538850
252538966
252539118
252539278
252539299
252539352
252539484
252540114
252540145
252540355
252540972
252540987
252541649
252541661
252541668
252541903
252541931
252542167
252542366
252542418
252542509
252542524
252542599
252542736
252542978
252543178
252543340
252543437
252543710
252543715
252543778
252544356
252544775
252544872
252545002
252545334
252545469
252545619
252545729
252545824
252545981
252546297
252546426
252546500
252546951
252547227
252547350
252547460
252547603
252547661
252547902
252548194
252548420
252548575
252548911
252549016
252549130
252549325
252549445
252549520
252549575
252549708
252549932
252550359
252550585
252550671
252550753
252550899
252551175
252551206
252551252
252551389
252551406
252551649
252551849
252551909
252551936
252552459
252552546
252552579
252552711
252552716
252552793
252552794
252552868
252552992
252553062
252553086
252553111
252553152
252553340
252553345
252553526
252553615
252553639
252553928
252553991
252554087
252554167
252554372
252554516
252554688
252554947
252554952
252555473
252555806
252555912
252556334
252556553
252556904
252556990
252557268
252557367
252557388
252557522
252557541
252557575
252557629
252557758
252557760
252557938
252558039
252558098
252558356
252558862
252558998
252559214
252559724
252560162
252560215
252560324
252560501
252560586
252560859
252561079
252562989
252563518
252564050
252564928
252565014
252565019
252565162
252565315
252565553
252565604
252565618
252565624
252565664
252565717
252565766
252566046
252566198
252566244
252566333
252566476
252566651
252566815
252566823
252566864
252567045
252567066
252567259
252567278
252567313
252567326
252567588
252567914
252568058
252568506
252568682
252568771
252568891
252569048
252569051
252569064
252569127
252569212
252569488
252569696
252569798
252569906
252569916
252569968
252570011
252570242
252570265
252570358
252570385
252570467
252570680
252570681
252570720
252570874
252571381
252571609
252571732
252571812
252571862
252572293
252572312
252572483
252572529
252572531
252572600
252572784
252573056
252573324
252573446
252573625
252573659
252573951
252573958
252573959
252574175
252574454
252574559
252574610
252574634
252574764
252574854
252575227
252575239
252575443
252575566
252575647
252576037
252576183
252576188
252576417
252576797
252576909
252576958
252576999
252577402
252577786
252577996
252578173
252578228
252578503
252578578
252578894
252579346
252579409
252579485
252579521
252580134
252580308
252580449
252580660
252580692
252580967
252580975
252581632
252581670
252581882
252581902
252581980
252582351
252582353
252582376
252582389
252582586
252582618
252582877
252582969
252583168
252583295
252583376
252583583
252583624
252583817
252583953
252584037
252584160
252584182
252585133
252585167
252585168
252585254
252585477
252585676
252585747
252585872
252586036
252586180
252586235
252586390
252586415
252586505
252586576
252586615
252586730
252586858
252587229
252587270
252587502
252587513
252587898
252588007
252588077
252588146
252588155
252588411
252588797
252588907
252589080
252589247
252590047
252590061
252590139
252590250
252590514
252591180
252592951
252593021
252593208
252593302
252593536
252594010
252594269
252594862
252595332
252595528
252595544
252595633
252595675
252595724
252595803
252596246
252596254
252596330
252596553
252596597
252596684
252597069
252597268
252597807
252598306
252598333
252598885
252599111
252599305
252599436
252599540
252599684
252599802
252600054
252600187
252600995
252601143
252601184
252601242
252601286
252601545
252601646
252601697
252601841
252601906
252601940
252601969
252602207
252602739
252602917
252603084
252603085
252603098
252603260
252603346
252603645
252603756
252604037
252604377
252604440
252604479
252604592
252604691
252604701
252605040
252605068
252605120
252605331
252605372
252605398
252605531
252605559
252605829
252605839
252606087
252606240
252606265
252606301
252606347
252606953
252607267
252607287
252607366
252607622
252607677
252607784
252608159
252608425
252608553
252608650
252609022
252609023
252609554
252609593
252609724
252609867
252610315
252610884
252611009
252611142
252611350
252611477
252611986
252612012
252612041
252612165
252612632
252612888
252612906
252613049
252613210
252613235
252613773
252613865
252613868
252614080
252614149
252614224
252614400
252614420
252614471
252614635
252614677
252614683
252614898
252615430
252615572
252615875
252616510
252616514
252616627
252616771
252617056
252617319
252617712
252617806
252617942
252617957
252618159
252618284
252618694
252618862
252619074
252619315
252619334
252619551
252620053
252620090
252620258
252620335
252620502
252620803
252620912
252620976
252621020
252621096
252621344
252621581
252621642
252621763
252621780
252621973
252622142
252622238
252622498
252622613
252622953
252623016
252623067
252623151
252623203
252623270
252623310
252623620
252623622
252623677
252623917
252623918
252623968
252623983
252624230
252624660
252624682
252624686
252624926
252625551
252625764
252626360
252626371
252626544
252626673
252627076
252627191
252627380
252627822
252627923
252628443
252628645
252628864
252629270
252629528
252629586
252629654
252629659
252629759
252629785
252629912
252630131
252630565
252630612
252630701
252630760
252630846
252630973
252631213
252631266
252631409
252631487
252631673
252631932
252632090
252632448
252632532
252632633
252633062
252633222
252633649
252633847
252634000
252634057
252634275
252634439
252634817
252634963
252635402
252635538
252635616
252636610
252636671
252636704
252636710
252636821
252636888
252636980
252637033
252637093
252637525
252637663
252637781
252637846
252637873
252637901
252638304
252638331
252638353
252638412
252638803
252638845
252638904
252639078
252639230
252639499
252639821
252639857
252640050
252640147
252640210
252640307
252640878
252640973
252641332
252641480
252641676
252642382
252642779
252642991
252643027
252643277
252643325
252643466
252643681
252643694
252643906
252644020
252644098
252644535
252644670
252644683
252644798
252644971
252645141
252645181
252645357
252645399
252645497
252645682
252645839
252646098
252646144
252646273
252646560
252646942
252647172
252647230
252647458
252647513
252647635
252647727
252647818
252648001
252648016
252648134
252648193
252648395
252648919
252649089
252649207
252649247
252649249
252649609
252649696
252649706
252650313
252650345
252650583
252650707
252651230
252651259
252651327
252651568
252651622
252652169
252652206
252652287
252652297
252652936
252653120
252653142
252653364
252653449
252653786
252653828
252654010
252654043
252654080
252654395
252654455
252654726
252654730
252655052
252655255
252655324
252655432
252655533
252655661
252655843
252656600
252656788
252656903
252657009
252657015
252657548
252657674
252658076
252658180
252658203
252658365
252658438
252658566
252658701
252658722
252658736
252658828
252659123
252659448
252659624
252659648
252659756
252659957
252660374
252660516
252660739
252660908
252661130
252661147
252661350
252661423
252661471
252661492
252661706
252661969
252661999
252662133
252662247
252662556
252662641
252662722
252662923
252662962
252662972
252663141
252663209
252663414
252663663
252663711
252663988
252664265
252664476
252664986
252665037
252665138
252665460
252665469
252665510
252665553
252665607
252665882
252666111
252666232
252666875
252667501
252667636
252667727
252667804
252667992
252668009
252668158
252668164
252668372
252668588
252668609
252668798
252669230
252669252
252669277
252669369
252669424
252669594
252669613
252669635
252669636
252669899
252669931
252670279
252670490
252670537
252670629
252670643
252670711
252670846
252671184
252671340
252671556
252671783
252671790
252672074
252672135
252672343
252672943
252673093
252673299
252673790
252674020
252674036
252674195
252674217
252674863
252675085
252675210
252675240
252675438
252675471
252675476
252675564
252675757
252675876
252675968
252676030
252676213
252676500
252676743
252676842
252677033
252677034
252677036
252677236
252677830
252678029
252678069
252678255
252678373
252678453
252678468
252678476
252678713
252679024
252679037
252679363
252679725
252679863
252679973
252680011
252680243
252680302
252680697
252681363
252682740
252682779
252682817
252683032
252683229
252683267
252683408
252683497
252683737
252683793
252683906
252683988
252684014
252684124
252684205
252684219
252684302
252684346
252684445
252684563
252684719
252684742
252684778
252684814
252684824
252684866
252684922
252685004
252685082
252685086
252685122
252685142
252685305
252685494
252685552
252685629
252685630
252685751
252685888
252685921
252685935
252686119
252686242
252686501
252686555
252686576
252686705
252686713
252686985
252687017
252687474
252687951
252687964
252688027
252688409
252688481
252688487
252688616
252688886
252688943
252689012
252689049
252689470
252689655
252689695
252689912
252690039
252690119
252690401
252690463
252690492
252690497
252690674
252690850
252691175
252691289
252691441
252691470
252691554
252691626
252691743
252691805
252691865
252691893
252692069
252692080
252692098
252692121
252692175
252692253
252692352
252692395
252692470
252692888
252693025
252693026
252693090
252693270
252693324
252693917
252693945
252694395
252694469
252694594
252694645
252694654
252694682
252694689
252694693
252694886
252694925
252695079
252695377
252695405
252695424
252695478
252695493
252695594
252695676
252696305
252696664
252696710
252696902
252696963
252697055
252697109
252697173
252697198
252697945
252697979
252698052
252698325
252698433
252698455
252698473
252698843
252698892
252698957
252699469
252699747
252700201
252700235
252700275
252700334
252700469
252700503
252700695
252701439
252701959
252702811
252702868
252703165
252703320
252703516
252703559
252703955
252704015
252704041
252704279
252704341
252704520
252704548
252704693
252705005
252705207
252705358
252705815
252705937
252705957
252706061
252706163
252706216
252706394
252706396
252706398
252706414
252706460
252706492
252706607
252706836
252707037
252707132
252707148
252707165
252707332
252707430
252707478
252707481
252707547
252707599
252707728
252707935
252708011
252708060
252708259
252708286
252708382
252708450
252708508
252708743
252708871
252708945
252708967
252709039
252709057
252709300
252709489
252709808
252710087
252710223
252711019
252711348
252711463
252711753
252712907
252713463
252713543
252713609
252713901
252713977
252713987
252714435
252714760
252714997
252715049
252715136
252715199
252715232
252715645
252715671
252716025
252716053
252716153
252716202
252716294
252716467
252716562
252716756
252716824
252716835
252716962
252716990
252717089
252717136
252717147
252717203
252717243
252717276
252717298
252717393
252717442
252717650
252717819
252717949
252718326
252718428
252718449
252718460
252718573
252718966
252718990
252719007
252719089
252719157
252719225
252719513
252719670
252719732
252719743
252719907
252720308
252720352
252720380
252720517
252720532
252720879
252721108
252721430
252721447
252721580
252721866
252722031
252722162
252722180
252722296
252722567
252722645
252722772
252723162
252723177
252723358
252723454
252723504
252723515
252723540
252723721
252723779
252724002
252724131
252724421
252724657
252724752
252724819
252724947
252725058
252725087
252725246
252725256
252725318
252725337
252725656
252725735
252725835
252725946
252725952
252726001
252726029
252726129
252726236
252726340
252726494
252726834
252727448
252727566
252727690
252727788
252728014
252728047
252728231
252728269
252728415
252728437
252728444
252728807
252728929
252729004
252729322
252729410
252729447
252729688
252730328
252730421
252730459
252730544
252730616
252730738
252730817
252730843
252731099
252731307
252731558
252731685
252731710
252732026
252732055
252732295
252732408
252732817
252732958
252732982
252733018
252733220
252733424
252733522
252733543
252733788
252733818
252733918
252734421
252734706
252734728
252734789
252734909
252735127
252735274
252735337
252736141
252736236
252736336
252736426
252736456
252736511
252736596
252736689
252736757
252736933
252736964
252736989
252736991
252737070
252737177
252737447
252737573
252737626
252737726
252737897
252737966
252737988
252738078
252738079
252738104
252738136
252738227
252738340
252738375
252738598
252738886
252738931
252739089
252739216
252739250
252739341
252739419
252739561
252739566
252739576
252739596
252740259
252740476
252740741
252741881
252742033
252743446
252743643
252743881
252743999
252744021
252744034
252744078
252744199
252744212
252744334
252744390
252744441
252744446
252744490
252745049
252745252
252745273
252745486
252745670
252745687
252745688
252745760
252745778
252745916
252746058
252746149
252746186
252746235
252746307
252746357
252746380
252746554
252746692
252746700
252746705
252746717
252746857
252746883
252746925
252746980
252746984
252747023
252747173
252747318
252747439
252747508
252747698
252747739
252748382
252748515
252748552
252748910
252749147
252749159
252749380
252750071
252750178
252750190
252750378
252750511
252750522
252750549
252750635
252751077
252751093
252751208
252751428
252751479
252751498
252752041
252752271
252752354
252752452
252752526
252752582
252752738
252752825
252753143
252753170
252753173
252753205
252753284
252753321
252753390
252753600
252753702
252753824
252753947
252754358
252754648
252754723
252754725
252754960
252754961
252754972
252755075
252755327
252755458
252755459
252755570
252755700
252755781
252755784
252755806
252755821
252756057
252756130
252756232
252756249
252756318
252756621
252756880
252757095
252757338
252757344
252757435
252757456
252757914
252757997
252758391
252758603
252758690
252758771
252758981
252758997
252759004
252759007
252759072
252759128
252759224
252759326
252759510
252760085
252760421
252760663
252760675
252761215
252761311
252761395
252761676
252761833
252761874
252761875
252761906
252762162
252762298
252762339
252762560
252762584
252762864
252763151
252763267
252763270
252763551
252763587
252763606
252763980
252764003
252764311
252764411
252764603
252764712
252764842
252764941
252764992
252765079
252765144
252765162
252765185
252765325
252765387
252765422
252765469
252765471
252765930
252765972
252766127
252766248
252766703
252766759
252767038
252767103
252767447
252767614
252767844
252767887
252768023
252768311
252768596
252768635
252768683
252768725
252768773
252768910
252769147
252769217
252769424
252769506
252769516
252769645
252769758
252770121
252770159
252770169
252770257
252770466
252770974
252771647
252772076
252772229
252772307
252772438
252774230
252774584
252774601
252774812
252774838
252774876
252774952
252775053
252775177
252775275
252775504
252775596
252775687
252775901
252776290
252776333
252776429
252776446
252776503
252776527
252776711
252776717
252776757
252776993
252777048
252777069
252777113
252777117
252777158
252777331
252777669
252777672
252777746
252777826
252777863
252777879
252777900
252778041
252778160
252778227
252778256
252778267
252778571
252778624
252778743
252779247
252779652
252779656
252779985
252780206
252780506
252780527
252780529
252780797
252780814
252780905
252780988
252781075
252781230
252781301
252781373
252781389
252781477
252781570
252781652
252781808
252781974
252782443
252782468
252782491
252782698
252782827
252782927
252783187
252783762
252783789
252783791
252783905
252784017
252784060
252784087
252784158
252784215
252784328
252784331
252784725
252784778
252784896
252784905
252785473
252785535
252785613
252786000
252786089
252786224
252786449
252786516
252786549
252786676
252786728
252787145
252787331
252787444
252787445
252787508
252787758
252788084
252788911
252788942
252789644
252790141
252790259
252790491
252790618
252790867
252791347
252791381
252791437
252791662
252792173
252792436
252792539
252792725
252792739
252792831
252793017
252793134
252793371
252793579
252793677
252793681
252794097
252794133
252794247
252794393
252794527
252794690
252794725
252794741
252794986
252795036
252795143
252795187
252795216
252795241
252795381
252795404
252795645
252795858
252795888
252795899
252796209
252796350
252796397
252796621
252796660
252796681
252796697
252796724
252796818
252797221
252797224
252797291
252797508
252797778
252797848
252797980
252798195
252798358
252798399
252798497
252798593
252798781
252798882
252798929
252799026
252799359
252799486
252799534
252799572
252799660
252799715
252799818
252799918
252799937
252799950
252800229
252800484
252800488
252800807
252800994
252801071
252801095
252801352
252801379
252801401
252801863
252801940
252802167
252802867
252803044
252803356
252803427
252803546
252803878
252803879
252803989
252804444
252804671
252804934
252805284
252805287
252805603
252805796
252806030
252806175
252806212
252806251
252806438
252806502
252806660
252807001
252807068
252807078
252807160
252807200
252807321
252807346
252807518
252807550
252807567
252807752
252807865
252808016
252808061
252808068
252808081
252808133
252808167
252808331
252808370
252808438
252808526
252808567
252808755
252808894
252809169
252809390
252809529
252809727
252809728
252809868
252810062
252810275
252810375
252810615
252810683
252810704
252810933
252811011
252811150
252811359
252811397
252811742
252811853
252811909
252811914
252812244
252812319
252812638
252812696
252812871
252812887
252812979
252813007
252813288
252813420
252813623
252813667
252813830
252814010
252814192
252814195
252814316
252814775
252815177
252815357
252815460
252815634
252815759
252816091
252816118
252816356
252816454
252816545
252816561
252816869
252816945
252817328
252817413
252817471
252817541
252817639
252818104
252818113
252818328
252818341
252818555
252818957
252818995
252819121
252819312
252819562
252819564
252819706
252819794
252819898
252820436
252820490
252820697
252821385
252821502
252821517
252821678
252821805
252821850
252822075
252822156
252822190
252822321
252822326
252822476
252822633
252822819
252822935
252822972
252823141
252823304
252823345
252823445
252823496
252823526
252823929
252823992
252824293
252824459
252824675
252824762
252824766
252824779
252825049
252825134
252825181
252825756
252826477
252827018
252827067
252827339
252827946
252828202
252828493
252828834
252829141
252829228
252829440
252829505
252829629
252829656
252829868
252830042
252830234
252830475
252830912
252831583
252831677
252831847
252831983
252832007
252832075
252832166
252832258
252832297
252832571
252832631
252832640
252832784
252833054
252833279
252833527
252833546
252833552
252833604
252833708
252833758
252833928
252834042
252834111
252834122
252834150
252834281
252834699
252835061
252835118
252835416
252835489
252835638
252835890
252836025
252836118
252836256
252836288
252836325
252836467
252836815
252836817
252836868
252837443
252837537
252837587
252837599
252837640
252837874
252837925
252838028
252838130
252838235
252838338
252838495
252838691
252838784
252838790
252838849
252839049
252839088
252839474
252839834
252839842
252839994
252840293
252840605
252841180
252841282
252841334
252841429
252841441
252841521
252841526
252841588
252841702
252841712
252841856
252841931
252842157
252842279
252842504
252842519
252843261
252843294
252843598
252843630
252843921
252843946
252844022
252844045
252844181
252844219
252844312
252844966
252845019
252845169
252845194
252845296
252845424
252845531
252845970
252846128
252846258
252846286
252846582
252846782
252846843
252847039
252847330
252847594
252847616
252847744
252847893
252847929
252848172
252848711
252848757
252848765
252848855
252848948
252849139
252849179
252849509
252849669
252849821
252849959
252850046
252850292
252850460
252850635
252850641
252851202
252851288
252851544
252851636
252851811
252852048
252852061
252852068
252852087
252852230
252852253
252852288
252852339
252852462
252852584
252852710
252852784
252852836
252852868
252853205
252853252
252853261
252853389
252853421
252853487
252853522
252853527
252853531
252853929
252854329
252854330
252854411
252854632
252854730
252854875
252855143
252855194
252855644
252855691
252855782
252855833
252855882
252856161
252856538
252856615
252856637
252856732
252856916
252857191
252857347
252857354
252857414
252857422
252857560
252857656
252857682
252857753
252857964
252858104
252858479
252858991
252859318
252859359
252859430
252859676
252861052
252861083
252861382
252861482
252861855
252861895
252862211
252862274
252862351
252862408
252862440
252862469
252862487
252862748
252863555
252863612
252863811
252864100
252864117
252864234
252864346
252864487
252864523
252864852
252864879
252865014
252865168
252865281
252865450
252865546
252865621
252865639
252865676
252865725
252865913
252866084
252866112
252866133
252866249
252866257
252866631
252866636
252866723
252866925
252866950
252866994
252867097
252867430
252867503
252867779
252868049
252868500
252868883
252868950
252868957
252868981
252869058
252869221
252869508
252869640
252869695
252869726
252869739
252869789
252869923
252870013
252870072
252870101
252870176
252870249
252870587
252870621
252870774
252871050
252871088
252871100
252871184
252871231
252871453
252871488
252871538
252871571
252871680
252871753
252871840
252872131
252872212
252872236
252872292
252872310
252872515
252872562
252872595
252872772
252872865
252873176
252873207
252873843
252875171
252875422
252875474
252875597
252875803
252875842
252876076
252876294
252876842
252877046
252877307
252878141
252878756
252878841
252879447
252879893
252880013
252880115
252880224
252880382
252880386
252880419
252880518
252880727
252880755
252880922
252881191
252881197
252881205
252881277
252881314
252881325
252882038
252882122
252882272
252882414
252882962
252882978
252883092
252883165
252883226
252883531
252883718
252884033
252884066
252884157
252884234
252884513
252884613
252884620
252884707
252884826
252884875
252884911
252884968
252884984
252885069
252885212
252885675
252885759
252885921
252885947
252886000
252886002
252886101
252886132
252886238
252886470
252886511
252886523
252886678
252886793
252886891
252886981
252887077
252887083
252887103
252887286
252887352
252887429
252887540
252887542
252887732
252887817
252887828
252887885
252888052
252888053
252888355
252888613
252888631
252888635
252888655
252888668
252888879
252889155
252889433
252889523
252889836
252889853
252890114
252890180
252890312
252890429
252890528
252890719
252890936
252891186
252891901
252892899
252893441
252893550
252893563
252893811
252894262
252894344
252894348
252894409
252894461
252894600
252894728
252894740
252894790
252895065
252895087
252895104
252895115
252895192
252895207
252895208
252895240
252895241
252895260
252895403
252895404
252895466
252895790
252895916
252896023
252896161
252896392
252896461
252896527
252896631
252896668
252896848
252896920
252896943
252897172
252897210
252897249
252897442
252897530
252897650
252897806
252897945
252898101
252898224
252898567
252898715
252899005
252899130
252899164
252899193
252899220
252899222
252899284
252899285
252899354
252899382
252899460
252899579
252899594
252899672
252899742
252899816
252899889
252899997
252900023
252900024
252900116
252900137
252900245
252900267
252900327
252900434
252900672
252900674
252901061
252901746
252901770
252901811
252902299
252902335
252902524
252902631
252902638
252902741
252902914
252903105
252903215
252903414
252903495
252904094
252904124
252904176
252904214
252904272
252904283
252904555
252904877
252905132
252905357
252905566
252905935
252906312
252906427
252906576
252907737
252907836
252908375
252908454
252909042
252909110
252909395
252909402
252909812
252909891
252910013
252910203
252910243
252910430
252910502
252910570
252910715
252911291
252911331
252911679
252912015
252912053
252912168
252912185
252912400
252912468
252912614
252912878
252913059
252913155
252913423
252913643
252913721
252913769
252913783
252913904
252914144
252914148
252914472
252914706
252914811
252914997
252915052
252915131
252915299
252915419
252915506
252915643
252915729
252916001
252916391
252916407
252916488
252916808
252916855
252916928
252916969
252916988
252917341
252917352
252917959
252917975
252918022
252918035
252918067
252918068
252918154
252918174
252918230
252918386
252918541
252918549
252918579
252918775
252918789
252918790
252918827
252918840
252918841
252919099
252919219
252919266
252919603
252919684
252920162
252920357
252920478
252920611
252920872
252920877
252921127
252921929
252921930
252922530
252922695
252924096
252924215
252924442
252924465
252924625
252924654
252924667
252924739
252925096
252925150
252925442
252925483
252925522
252925598
252925647
252925752
252925772
252925857
252925929
252926055
252926074
252926102
252926161
252926278
252926351
252926376
252926647
252926894
252926991
252927008
252927214
252927327
252927426
252927721
252927873
252927891
252927957
252928051
252928772
252929318
252929389
252929823
252930173
252930383
252930391
252930538
252930549
252930583
252930586
252930815
252931524
252931713
252931717
252932103
252932368
252932419
252932436
252932588
252932619
252933475
252933485
252933958
252934017
252934619
252934716
252934746
252934931
252934957
252935034
252935145
252935194
252935226
252935824
252935861
252935885
252935905
252936061
252936064
252936084
252936117
252936388
252936439
252936602
252936695
252936810
252936985
252937268
252937410
252938137
252938199
252938907
252939400
252939513
252939671
252939864
252939953
252940001
252940020
252940064
252940253
252940455
252940654
252940791
252940882
252940911
252942050
252942186
252942452
252942460
252942504
252942516
252942566
252942898
252942972
252944003
252944046
252944140
252945061
252945435
252945751
252945926
252946090
252946145
252946808
252946857
252946879
252946948
252947209
252947358
252947538
252947722
252947788
252947850
252947854
252948048
252948379
252948405
252948594
252948648
252948709
252948725
252948852
252948888
252949313
252949400
252949700
252949884
252950416
252951210
252951595
252954511
252955027
252955356
252955490
252955615
252955619
252956595
252956612
252956787
252956790
252956802
252956886
252956991
252957270
252957570
252958050
252958157
252958239
252958344
252958506
252958775
252959022
252959180
252959233
252959554
252959725
252959878
252959901
252960010
252960465
252960699
252960771
252960871
252961054
252961187
252961370
252961405
252961800
252961845
252961875
252961962
252962335
252962449
252962485
252962579
252962593
252962643
252962677
252962760
252962802
252963169
252963230
252963242
252963274
252963361
252963403
252963615
252963686
252963741
252964199
252964480
252964490
252964629
252964822
252964940
252965274
252965325
252965820
252965980
252966259
252966296
252966931
252967529
252967698
252968027
252968408
252969921
252970232
252970319
252970476
252971276
252971650
252971838
252972103
252973169
252973340
252974048
252974298
252974330
252974377
252974500
252974649
252974750
252974778
252975182
252975559
252976244
252976326
252976367
252976812
252976837
252977156
252977354
252977594
252977663
252977847
252977950
252978143
252978367
252978556
252978560
252978950
252979130
252979286
252979384
252979400
252979452
252979562
252979696
252979732
252979835
252980118
252980225
252980301
252980734
252980918
252981599
252982892
252982942
252984209
252986137
252986321
252986343
252986738
252986739
252986835
252987002
252987097
252987255
252987430
252987477
252987526
252987738
252987884
252987944
252988310
252988375
252988917
252989010
252989041
252989099
252989125
252989388
252989848
252990319
252990746
252991564
252991752
252992150
252992202
252992404
252992485
252992676
252992728
252992856
252993241
252993484
252993580
252993700
252993715
252993766
252993876
252993964
252994277
252994352
252994392
252994852
252995262
252995823
252996217
252996273
252996635
252997248
252997303
252997501
252997615
252998215
252998870
252998910
252998962
252999403
253000315
253000554
253000621
253001890
253002575
253002616
253003001
253003012
253004184
253004248
253004718
253004750
253005046
253005416
253005911
253006031
253006140
253006242
253006384
253006410
253006434
253006524
253006723
253006724
253007008
253007324
253007367
253007397
253008458
253008768
253009587
253009647
253009789
253009823
253009904
253009914
253009915
253009934
253009998
253010001
253010202
253010483
253010661
253011074
253011120
253011185
253011499
253011501
253011851
253012512
253012522
253012574
253013234
253013963
253015097
253015416
253015449
253015472
253015491
253015501
253015728
253015795
253016026
253016132
253016392
253016421
253016532
253016574
253016580
253016609
253016625
253016630
253016759
253016821
253017051
253017143
253017151
253017216
253017272
253017372
253017423
253017440
253017490
253017585
253017611
253017637
253017878
253018037
253018151
253018223
253018291
253018383
253018643
253018724
253018778
253018869
253019115
253019353
253019458
253019609
253019868
253019967
253019986
253020074
253020092
253020179
253020368
253020660
253020699
253020813
253020821
253020826
253021044
253021156
253021179
253021225
253021254
253021259
253021317
253021334
253021461
253021513
253021629
253021780
253021944
253022049
253022065
253022112
253022113
253022163
253022174
253022195
253022197
253022315
253022330
253022334
253022357
253022623
253022639
253022716
253022720
253022867
253023127
253023362
253023492
253023551
253024005
253024061
253024493
253024635
253024690
253024807
253024866
253025015
253025290
253025349
253025605
253025812
253025886
253025900
253025991
253026002
253026020
253026091
253026186
253026338
253026514
253026664
253026708
253026732
253026985
253027016
253027641
253027666
253027766
253028053
253028154
253028550
253028606
253028639
253028956
253029015
253029255
253029280
253029447
253029540
253029593
253030201
253030228
253030234
253030447
253030754
253030963
253031050
253031052
253031105
253031476
253031719
253032087
253032097
253032392
253032484
253032658
253032806
253032822
253033009
253033136
253033393
253033619
253033788
253034011
253034255
253034404
253034582
253035743
253036059
253036992
253037069
253037244
253037301
253037331
253037615
253037815
253037998
253038363
253038639
253038785
253038934
253039015
253039078
253039205
253039218
253039462
253039478
253039500
253039598
253039640
253039843
253040012
253040077
253040164
253040240
253040859
253040978
253041056
253041397
253041673
253042052
253042658
253042732
253043002
253043218
253043459
253043953
253044087
253044626
253044646
253044943
253045143
253045430
253045433
253045508
253046112
253046407
253046508
253046563
253047234
253047294
253047336
253047596
253047793
253047939
253048002
253048124
253048251
253048314
253048347
253048480
253048550
253048618
253048786
253048927
253049039
253049090
253049257
253049362
253049366
253049485
253049584
253049594
253049861
253050034
253050604
253050735
253050748
253050813
253051121
253051164
253051355
253051494
253051653
253051861
253051941
253052038
253052071
253052415
253052754
253052791
253052856
253053049
253053132
253053184
253053267
253053282
253053321
253053743
253053901
253054210
253054267
253054279
253054435
253054613
253054733
253054873
253055436
253055624
253055648
253055949
253056146
253056876
253056974
253057244
253057245
253057332
253057458
253057531
253058001
253058056
253058154
253058309
253058520
253058521
253058632
253058653
253058670
253058795
253058983
253059019
253059088
253059172
253059268
253059270
253059545
253059688
253059720
253059754
253059803
253060038
253060148
253060362
253060437
253060441
253060498
253061001
253061145
253061167
253061392
253061434
253061436
253061472
253061490
253061628
253061789
253062069
253062076
253062172
253062306
253062351
253062816
253062834
253063191
253063514
253063639
253063792
253064134
253064488
253064572
253064675
253064807
253064875
253064932
253064937
253065073
253065090
253065131
253065260
253065321
253065334
253065404
253065452
253065515
253065581
253065914
253066104
253066151
253066441
253066477
253066598
253066769
253066828
253066836
253067029
253067355
253067377
253067509
253067791
253067877
253067884
253067915
253068208
253068241
253068349
253068364
253068642
253068674
253068706
253068933
253069044
253069200
253069240
253069562
253069756
253069970
253070368
253070522
253070626
253070697
253071027
253071514
253071785
253071894
253072055
253072160
253072188
253072195
253072867
253072898
253072958
253072985
253073358
253073360
253073401
253073452
253073600
253073602
253073696
253073717
253073737
253073878
253074014
253074509
253074610
253074617
253074716
253074831
253074849
253075047
253075118
253075276
253075414
253075484
253075502
253075632
253075738
253075739
253075944
253076069
253076336
253076453
253076516
253076577
253076819
253076899
253077083
253077396
253077669
253077679
253077685
253077946
253078451
253078463
253078541
253078692
253079188
253079418
253079468
253080192
253080342
253080478
253080600
253081073
253081271
253081470
253081499
253081517
253081782
253081823
253081877
253081923
253081982
253082208
253082286
253082305
253082526
253082639
253082687
253082865
253083440
253083474
253083498
253083701
253083746
253083814
253084026
253084137
253084341
253084739
253084835
253085143
253085599
253085603
253085732
253085740
253085765
253086006
253086146
253086184
253086328
253086366
253086635
253086933
253087038
253087077
253087140
253087339
253087525
253087592
253088037
253088601
253089120
253089243
253089287
253089737
253089827
253089849
253089916
253089947
253090033
253090037
253090190
253090415
253090481
253090495
253090551
253090624
253090734
253090762
253090942
253091131
253091156
253091588
253091607
253091778
253092221
253092276
253092379
253092527
253092643
253092674
253092697
253092722
253092769
253092794
253093183
253093438
253093444
253093701
253093749
253093897
253093939
253093945
253094185
253094364
253094376
253094581
253094906
253095343
253095431
253096050
253096105
253096341
253096370
253096600
253096916
253097170
253097171
253097189
253097208
253097224
253097279
253097327
253097486
253097604
253097764
253097898
253097938
253097965
253098136
253098304
253098479
253098498
253098509
253098756
253098900
253098901
253098950
253099227
253099709
253099914
253099979
253100042
253100107
253100127
253100205
253100299
253100313
253101077
253101174
253101236
253101324
253101416
253101618
253101706
253101712
253101900
253101958
253102030
253102226
253102406
253102458
253102660
253102687
253102818
253102853
253102889
253103069
253103115
253103120
253103308
253103336
253103691
253103730
253104030
253104156
253104172
253104203
253104300
253104440
253104511
253104515
253104587
253104641
253104923
253105083
253105323
253105649
253105927
253105983
253106164
253106284
253107035
253107325
253107814
253107947
253107981
253107993
253108020
253108031
253108087
253108455
253108512
253108701
253108763
253108889
253109541
253109643
253109673
253109683
253109722
253109730
253109827
253109894
253109927
253109983
253110184
253110255
253110308
253110312
253110331
253110371
253110387
253110423
253110465
253110511
253110556
253110560
253110599
253110660
253110679
253110796
253110907
253110928
253111128
253111140
253111355
253111501
253111558
253111577
253112299
253112494
253112809
253112824
253113172
253113392
253113586
253113706
253114006
253114203
253114228
253114333
253114360
253114414
253114415
253114444
253114590
253114808
253115039
253115129
253115161
253115245
253115262
253115348
253115573
253115613
253115911
253115975
253115982
253116009
253116020
253116057
253116089
253116356
253116518
253116608
253117009
253117166
253117287
253117524
253117587
253118152
253118241
253118259
253118472
253118580
253118837
253118942
253119069
253119076
253119081
253119180
253119184
253119252
253119261
253119392
253119417
253119594
253119627
253119704
253119796
253119821
253119963
253120226
253120255
253120374
253120520
253120668
253120675
253120955
253120994
253121314
253121538
253121610
253121761
253121790
253122114
253122288
253122424
253122441
253122443
253122759
253122805
253123195
253123340
253123346
253123386
253123578
253123596
253123788
253123846
253124025
253124175
253124385
253124492
253124513
253124904
253125086
253125137
253125453
253125514
253125543
253125576
253125699
253125719
253125787
253126041
253126147
253126191
253126477
253126510
253126653
253126661
253127285
253127816
253127911
253128126
253128171
253128212
253128269
253128330
253128436
253128495
253128517
253128837
253129039
253129069
253129099
253129118
253129257
253129504
253129694
253129703
253129767
253129842
253129941
253130000
253130244
253130778
253130800
253130945
253130964
253131558
253131572
253131898
253132336
253132420
253132428
253132460
253132488
253132509
253132524
253132552
253132568
253132597
253132659
253132704
253132714
253132862
253132877
253132896
253132899
253132990
253133161
253133209
253133237
253133348
253133411
253133431
253133557
253133630
253133822
253133902
253134006
253134155
253134178
253134209
253134348
253134532
253134735
253134932
253134995
253135387
253135737
253135739
253135851
253136120
253136849
253137503
253137744
253138296
253139120
253139258
253139748
253139820
253140388
253140469
253140494
253140559
253140567
253140574
253140591
253140606
253140780
253140944
253140946
253140995
253141150
253141239
253141276
253141457
253141461
253141465
253141471
253141541
253141797
253141839
253141942
253142279
253142308
253142330
253142371
253142391
253142409
253142470
253142512
253142841
253142914
253142959
253143073
253143468
253143521
253143949
253144599
253144743
253145235
253145416
253145504
253145568
253145575
253145595
253145701
253145800
253145849
253145887
253146062
253146128
253146214
253146734
253146862
253147007
253147047
253147446
253147470
253147483
253147563
253147580
253148161
253148405
253148433
253148472
253148488
253148747
253148804
253149192
253150460
253150518
253150541
253150816
253150916
253151165
253151173
253151417
253151659
253151759
253151843
253151938
253151993
253152003
253152401
253152571
253152741
253152850
253152919
253152985
253153319
253153529
253153571
253153651
253153906
253153993
253154324
253154334
253154779
253155111
253155462
253155652
253156772
253157226
253157276
253157368
253157537
253157820
253157985
253158659
253159023
253159116
253159166
253159169
253159181
253159265
253159594
253159606
253159615
253159709
253159730
253159773
253159984
253160055
253160068
253160089
253160151
253160342
253160530
253160574
253160833
253161080
253161298
253161473
253161490
253161581
253161680
253161824
253162034
253162131
253162456
253162473
253162539
253162848
253162890
253162941
253163013
253163082
253163134
253163264
253163330
253163453
253163482
253163730
253163751
253163946
253164072
253164169
253164224
253164254
253164424
253164459
253164530
253164724
253164830
253164876
253166172
253166336
253166384
253166606
253166774
253166831
253167348
253169764
253169777
253169900
253170013
253170025
253170076
253170197
253170259
253170317
253170709
253171104
253171180
253171215
253171226
253171317
253171470
253171557
253171743
253171786
253171808
253171879
253171885
253171900
253171952
253171965
253172444
253172455
253172534
253172619
253172652
253172684
253173215
253173251
253173289
253173347
253173842
253174001
253174367
253174852
253175076
253175123
253175138
253175234
253175366
253175391
253175407
253175416
253175434
253175866
253175908
253175923
253176045
253176075
253176082
253176120
253176220
253176245
253176307
253176741
253176873
253176936
253176938
253177200
253177204
253177690
253177839
253178119
253178177
253178283
253178286
253178323
253178490
253178506
253178526
253178548
253178767
253178803
253178819
253179004
253179128
253179502
253179697
253179700
253179704
253179933
253180294
253180409
253180435
253180576
253180697
253180755
253180760
253181140
253181235
253181284
253181571
253181572
253181698
253181726
253181767
253181900
253181987
253182271
253182302
253182639
253183010
253183086
253183106
253183121
253183197
253183451
253183597
253183827
253183877
253183969
253184111
253184150
253184453
253184508
253184587
253184707
253184846
253184999
253185589
253185643
253185782
253185878
253185923
253185958
253185990
253186137
253186259
253186261
253186326
253186340
253186549
253186610
253186774
253187035
253187108
253187291
253187748
253187803
253188362
253188462
253188644
253188732
253188820
253189008
253189554
253189603
253189823
253189872
253189923
253189992
253190026
253190389
253190421
253190511
253190573
253190654
253190699
253190769
253190967
253191242
253191255
253191389
253191597
253191676
253192175
253192305
253192406
253192523
253192564
253192666
253192765
253192910
253192939
253192940
253193099
253193170
253193312
253193356
253193530
253193794
253194182
253194210
253194297
253194299
253194382
253194388
253194497
253194748
253194846
253195025
253195056
253195501
253195503
253195665
253195725
253195892
253196012
253196043
253196087
253196163
253196196
253196275
253196358
253197268
253197299
253197782
253198123
253200168
253201143
253201183
253201493
253201946
253201971
253202122
253202222
253202544
253202728
253202731
253202748
253202807
253202906
253202942
253203056
253203135
253203174
253203259
253203290
253203350
253203436
253203776
253203781
253203885
253203902
253203988
253204130
253204142
253204216
253204504
253204568
253204773
253204834
253204866
253204879
253204977
253205280
253205408
253205608
253205883
253206146
253206190
253206198
253206215
253206569
253206802
253207067
253207276
253207302
253207342
253207351
253207430
253207529
253207682
253207827
253207994
253208021
253208118
253208119
253208163
253208302
253208348
253208377
253208570
253209603
253209626
253209654
253209660
253209786
253210022
253210079
253210146
253210228
253210330
253210365
253210431
253210504
253210649
253210748
253211580
253212252
253212296
253212361
253212444
253212544
253212586
253212878
253213037
253213173
253213181
253213355
253213470
253213506
253213754
253214160
253214293
253214669
253215132
253215234
253215466
253215521
253215539
253216302
253216842
253216956
253217339
253217752
253217874
253217987
253218155
253218280
253218462
253218631
253218789
253218912
253220182
253220394
253220590
253220738
253221017
253221158
253221515
253221756
253221825
253221863
253221873
253222043
253222261
253222290
253222513
253222718
253222719
253222754
253222768
253222877
253222926
253223112
253223208
253223380
253223561
253224020
253224091
253224292
253224364
253224582
253224686
253224826
253224897
253225083
253225090
253225145
253225280
253225363
253225653
253225920
253226025
253226102
253226265
253226385
253226742
253226748
253226800
253226801
253226945
253227108
253227177
253227179
253227279
253227308
253227449
253227541
253227626
253227709
253227745
253227839
253228334
253228430
253228592
253228619
253229069
253229330
253230386
253230402
253230799
253231588
253232993
253233026
253233280
253233303
253233392
253233600
253233632
253234037
253234197
253234318
253234435
253234541
253234577
253234579
253234599
253234637
253234654
253235057
253235156
253235253
253235324
253235362
253235877
253236025
253236227
253236370
253236415
253236504
253236509
253236565
253236789
253236816
253236822
253236918
253237112
253237274
253237556
253237668
253237796
253237962
253237995
253238207
253238460
253238616
253238620
253238870
253239326
253239336
253239419
253239562
253239772
253239859
253240031
253240105
253240138
253240193
253240197
253240505
253240540
253240570
253240715
253241089
253241872
253241978
253242219
253242232
253242328
253242336
253242375
253242509
253242511
253242959
253242983
253243220
253243769
253244342
253244723
253244983
253244988
253245015
253245119
253245290
253245569
253245897
253246155
253246192
253246536
253246651
253247137
253247157
253247391
253247433
253247637
253247650
253247835
253248048
253248588
253249098
253249458
253249584
253249606
253250420
253250767
253251500
253251522
253251894
253251968
253251981
253252276
253252337
253252814
253253078
253253146
253253212
253253432
253253525
253253571
253253653
253253662
253253676
253253701
253253906
253254121
253254248
253254435
253254466
253254856
253254964
253255168
253255231
253255290
253255548
253255602
253255781
253256288
253256362
253256521
253256792
253256907
253256972
253257039
253257417
253257897
253257926
253258084
253258130
253258212
253258389
253258407
253258571
253258579
253258637
253258732
253258733
253259047
253259066
253259295
253259684
253259692
253260094
253260198
253260208
253260319
253260321
253260361
253260371
253260443
253260600
253260896
253261509
253262280
253262862
253263059
253263709
253263939
253264598
253264667
253265132
253265210
253265380
253265667
253265869
253266009
253266277
253266306
253266385
253266448
253266583
253266679
253266902
253266903
253267095
253267162
253267182
253267225
253267284
253267342
253267490
253267575
253267731
253267798
253267849
253267873
253268059
253268194
253268223
253268348
253268384
253268503
253268637
253268691
253268749
253268871
253269499
253269680
253269844
253270024
253270120
253270928
253270936
253270990
253271043
253271417
253271432
253271472
253271495
253271558
253271936
253272117
253272260
253272315
253272357
253272417
253272623
253272850
253273153
253273223
253273295
253273411
253273441
253273647
253273710
253273736
253273837
253274160
253274197
253274757
253274995
253275092
253275136
253275259
253275440
253275482
253275741
253275854
253276031
253276557
253276559
253276599
253276707
253276795
253276849
253277007
253277053
253277467
253277495
253277503
253277593
253277727
253277914
253278264
253278336
253278715
253278993
253279034
253279371
253279612
253279835
253279916
253280393
253280581
253280826
253280887
253280925
253281242
253281270
253281807
253281917
253282355
253282381
253282566
253282577
253283208
253283241
253283315
253283449
253283920
253284018
253284036
253284677
253284950
253285021
253285882
253286279
253286572
253286877
253287121
253287199
253287244
253287457
253287683
253287834
253287946
253288348
253288418
253288457
253288480
253288555
253288620
253288627
253288681
253288711
253288786
253288797
253288983
253289061
253289278
253289628
253289729
253289741
253289769
253289959
253290102
253290390
253290425
253290853
253291083
253292736
253292961
253293121
253294269
253294299
253294612
253294648
253294851
253295031
253295061
253295209
253295306
253295394
253295443
253295479
253295597
253295653
253295676
253295712
253295775
253295973
253295978
253296134
253296301
253296318
253296328
253296516
253296736
253296853
253296870
253296950
253297240
253297277
253297565
253297998
253298105
253298750
253298861
253299098
253299255
253299284
253299306
253299394
253299450
253299475
253299758
253299768
253299815
253299825
253299890
253299967
253300035
253300054
253300093
253300104
253300137
253300170
253300301
253300450
253300473
253300527
253300673
253300696
253300722
253300898
253300919
253301170
253301579
253301887
253302052
253302085
253302110
253302162
253302194
253302281
253302294
253302385
253302838
253302964
253303220
253303396
253303511
253303531
253303757
253303862
253303908
253304031
253304384
253304584
253304841
253304948
253305038
253305227
253305345
253305787
253306122
253306340
253306485
253306596
253306639
253306911
253307538
253308062
253308613
253308766
253308782
253309137
253309187
253309261
253309825
253309878
253309909
253310077
253310182
253310400
253310466
253310570
253311113
253311505
253311626
253311860
253311867
253311956
253312114
253312257
253312352
253312786
253312827
253313348
253313357
253313409
253314001
253314069
253314713
253314779
253315203
253315273
253315589
253315673
253315915
253316042
253316197
253316674
253316939
253316960
253317021
253317597
253317853
253317872
253318146
253318184
253318235
253318275
253318330
253318543
253318622
253318774
253319155
253319315
253319946
253320400
253320609
253323370
253323466
253324501
253324613
253324614
253324784
253324880
253325063
253325153
253325235
253325702
253325797
253325898
253326131
253326297
253326463
253326545
253326580
253326658
253326747
253326791
253326807
253326839
253326909
253327140
253327300
253327352
253327360
253327513
253327536
253327572
253327653
253327663
253327712
253327787
253327927
253328059
253328178
253328667
253329256
253329326
253329498
253330015
253330140
253330316
253330461
253330617
253330796
253330818
253330852
253330878
253331086
253331308
253331521
253331657
253331715
253331852
253331870
253332060
253332416
253332451
253332528
253332638
253332820
253332826
253332846
253333353
253333361
253333869
253333954
253333997
253334309
253334419
253334681
253334746
253334850
253335351
253335638
253335775
253335919
253336075
253336246
253336337
253336495
253336610
253336711
253336889
253336908
253336909
253337088
253337115
253337168
253337344
253337601
253337710
253337845
253338344
253338509
253339005
253339173
253339320
253339669
253339850
253339879
253340171
253340597
253340628
253340785
253340971
253341249
253341360
253341469
253341574
253341908
253342055
253342092
253342600
253343290
253343598
253343623
253343740
253343920
253344038
253344107
253344118
253344128
253344707
253344849
253344856
253344883
253344889
253344994
253345050
253345117
253345174
253345271
253345385
253345422
253345500
253345594
253345648
253345912
253345977
253346114
253346174
253346196
253346252
253346424
253346531
253346725
253346821
253346911
253347018
253347043
253347270
253347347
253347834
253348094
253348099
253348146
253348154
253348228
253348381
253348619
253348642
253348786
253349178
253349197
253349443
253349457
253349634
253350035
253350065
253350170
253350480
253350676
253350917
253351089
253351100
253351357
253351515
253351748
253351842
253352168
253352180
253352777
253352984
253353044
253353184
253355351
253355386
253355667
253355921
253356103
253356213
253356263
253356456
253356667
253356989
253357073
253357224
253357335
253357452
253357476
253357545
253357659
253357711
253357774
253357919
253357921
253358177
253358248
253358260
253358285
253358371
253358429
253358477
253358610
253358681
253358684
253358686
253359010
253359029
253359048
253359442
253359457
253359749
253359864
253359936
253360004
253360571
253360572
253360771
253360812
253361464
253361481
253361591
253361748
253361827
253361911
253361918
253362233
253362466
253362505
253362697
253362773
253362970
253363034
253363286
253363352
253363427
253363446
253363641
253363866
253364030
253364281
253364370
253364406
253364599
253364683
253364824
253365161
253365258
253365551
253366047
253366406
253366498
253366538
253366880
253367527
253368172
253368596
253368644
253368857
253369637
253369650
253369692
253370021
253370625
253371363
253371409
253371526
253371931
253372048
253372232
253372343
253372413
253372648
253372848
253372979
253373383
253373567
253373605
253373667
253373833
253374330
253374975
253375154
253375209
253375325
253375542
253375567
253375611
253375764
253375953
253376057
253376086
253376412
253376476
253376499
253376590
253376642
253377002
253377359
253377665
253378089
253378126
253378151
253378813
253378849
253378902
253379357
253379368
253379372
253379624
253379628
253379722
253379738
253379778
253379896
253379936
253380051
253380147
253380208
253380522
253380643
253380681
253380997
253381172
253381249
253381336
253381500
253381730
253381771
253381804
253382473
253382786
253382961
253383377
253383560
253383736
253384445
253384673
253384693
253384725
253384796
253384801
253384817
253384982
253385083
253385088
253385131
253385311
253385322
253385770
253385899
253385999
253386007
253386030
253386052
253386205
253386237
253386328
253386451
253386529
253387202
253387220
253387221
253387289
253387449
253387557
253387578
253388069
253388444
253388742
253388779
253389006
253389269
253389302
253389350
253389429
253389805
253390110
253390226
253390488
253390683
253390780
253390892
253390911
253391364
253391469
253391498
253391643
253391675
253391722
253391768
253391903
253392094
253392366
253392428
253392515
253392572
253392839
253392939
253393588
253393623
253393737
253393773
253393835
253394127
253394262
253394278
253394347
253394737
253394772
253395017
253395342
253396186
253396318
253396510
253396779
253396803
253397148
253397242
253397588
253397874
253397934
253398157
253398273
253398312
253398622
253398893
253399069
253399161
253399196
253399570
253399571
253399663
253399770
253399859
253399896
253399978
253400159
253400249
253400264
253400347
253400612
253401626
253401743
253401821
253401888
253401990
253402513
253402983
253403061
253403137
253403171
253403214
253403327
253403624
253404061
253404115
253404159
253404219
253404256
253404379
253404407
253404449
253404519
253404763
253404783
253404812
253404846
253405089
253405175
253405201
253405458
253406042
253406131
253406603
253406719
253406846
253407029
253407034
253407083
253407238
253407463
253407614
253407743
253407820
253407970
253408135
253408156
253408370
253408495
253408693
253408835
253409330
253409493
253409545
253409551
253409579
253409863
253409971
253410188
253410497
253410534
253410596
253410633
253411128
253411151
253411369
253411463
253411493
253411711
253411927
253411942
253412207
253412281
253412338
253412360
253412600
253412611
253412872
253413161
253413214
253413374
253413869
253413956
253414136
253414146
253414198
253414263
253414471
253414491
253414819
253415070
253415344
253415498
253415884
253416431
253416529
253416633
253416652
253416886
253417137
253417181
253417393
253417440
253417478
253417557
253417587
253417699
253418225
253418287
253418331
253418760
253419060
253419111
253419277
253419565
253419739
253419837
253419931
253420110
253420205
253420440
253420696
253420945
253420986
253421119
253421611
253422052
253422349
253422449
253422697
253422702
253422740
253422753
253422808
253422848
253423025
253423304
253423548
253423574
253423938
253424201
253424486
253424868
253425012
253425018
253425454
253425766
253426117
253426284
253426624
253426633
253426665
253426731
253426762
253426900
253426956
253427070
253427076
253427252
253427588
253427609
253427715
253428097
253428259
253428279
253428346
253428832
253429000
253429145
253429180
253429245
253429488
253429535
253429539
253429580
253429614
253429664
253429897
253429929
253430066
253430138
253430197
253430326
253430335
253430583
253430619
253430910
253430922
253430931
253431070
253431242
253431453
253431529
253431588
253431605
253431686
253431847
253432102
253432221
253432572
253432745
253432875
253432966
253433142
253433510
253433606
253434718
253434950
253435106
253435160
253435220
253435270
253435347
253435562
253435597
253435604
253435779
253435874
253435885
253436058
253436066
253436139
253436558
253436686
253436796
253436819
253437044
253437057
253437107
253437352
253437599
253437726
253437868
253438081
253438147
253438332
253438524
253438602
253438738
253439254
253439527
253439625
253439894
253440156
253440247
253440345
253440398
253440434
253440513
253440800
253440895
253440971
253441036
253441488
253441533
253441544
253441565
253441872
253441931
253441954
253441971
253442001
253442057
253442193
253442281
253442594
253442632
253442735
253443596
253443674
253443970
253443990
253444089
253444186
253444363
253444421
253444502
253444584
253444624
253444630
253445030
253445201
253445483
253445572
253445723
253445935
253446098
253446113
253446769
253446998
253447031
253447159
253447164
253447389
253447486
253447637
253447795
253447821
253447868
253447922
253448084
253448203
253448299
253448301
253448453
253448482
253448541
253448646
253448909
253448997
253449674
253449884
253449894
253450342
253450619
253450749
253451467
253451497
253451542
253451558
253451755
253452265
253452435
253452486
253452702
253453285
253453304
253453522
253453604
253453817
253453909
253453925
253454123
253454438
253454946
253455619
253455632
253455728
253455952
253456097
253456222
253456254
253456333
253456570
253456919
253456939
253457248
253457373
253457468
253457528
253457900
253458068
253458150
253458177
253458203
253458331
253458353
253458818
253458867
253458925
253458933
253458998
253459016
253459045
253459073
253459388
253459861
253459868
253459880
253460066
253460498
253460626
253460699
253461232
253461419
253461703
253462019
253462042
253462071
253462367
253462764
253462862
253463163
253463218
253463333
253463417
253463541
253463719
253463722
253463844
253463968
253464047
253464237
253464389
253464480
253464496
253464497
253464625
253464999
253465174
253465244
253465388
253465521
253465596
253465746
253465810
253466064
253466181
253466296
253466354
253466476
253466915
253466954
253466998
253467183
253467239
253467382
253467560
253467694
253468072
253468606
253468897
253469377
253469396
253469490
253469913
253470247
253470279
253470452
253470559
253470633
253470817
253470833
253471227
253471538
253471685
253471777
253472064
253472262
253472357
253472384
253472466
253472993
253473070
253473106
253473227
253473396
253473543
253473565
253473974
253473994
253474084
253474384
253474426
253474547
253474641
253474683
253474713
253474757
253474867
253474873
253474919
253474947
253475247
253475350
253475764
253475787
253476028
253476045
253476097
253476161
253476218
253476388
253476564
253476834
253476947
253477060
253477100
253477264
253477578
253477697
253477708
253477813
253477993
253478760
253478780
253478907
253479192
253479272
253479331
253479396
253479677
253479698
253479824
253479846
253480221
253480321
253480324
253480340
253480611
253480630
253480663
253480698
253480865
253480910
253481052
253481181
253481185
253481186
253481339
253481349
253481352
253481739
253482105
253482173
253482229
253482346
253482404
253482558
253482752
253482771
253482932
253483136
253483284
253483317
253483527
253483569
253483703
253483764
253484072
253484092
253484131
253484132
253484134
253484520
253484560
253484579
253484601
253484617
253484631
253484841
253484860
253484888
253484936
253484957
253485355
253485410
253485473
253485594
253485668
253485824
253485926
253485972
253486066
253486106
253486246
253486885
253486943
253487029
253487290
253487297
253487364
253487394
253487490
253487616
253487655
253488139
253488451
253488468
253488492
253488707
253488773
253488982
253489452
253489460
253489505
253489688
253489699
253490319
253490394
253490433
253490568
253490698
253491012
253491050
253491056
253491075
253491194
253491368
253491409
253492050
253492260
253492508
253492588
253492627
253492642
253492895
253493188
253493348
253493564
253493635
253493762
253493785
253493868
253494305
253494517
253494530
253494647
253494670
253494982
253495043
253495282
253495285
253495392
253495394
253495555
253495584
253495639
253495753
253496212
253496223
253496367
253496469
253496476
253496514
253496548
253496659
253496741
253496911
253497523
253497659
253497788
253498183
253498395
253498398
253498428
253498467
253498475
253498721
253498730
253498899
253499234
253499265
253499356
253499401
253499584
253499745
253500081
253500172
253500283
253500931
253500999
253501146
253501358
253501769
253502071
253502431
253502516
253502815
253502932
253503156
253503264
253503544
253504174
253504332
253504569
253504955
253504971
253505171
253505458
253505517
253505651
253505790
253506025
253506138
253506259
253506353
253506456
253506894
253507005
253507337
253507364
253507597
253507710
253507834
253507883
253507910
253508274
253508479
253508675
253508929
253508970
253509244
253509311
253509313
253509346
253509564
253509622
253509670
253509702
253509890
253510175
253510198
253510398
253510717
253511098
253511120
253511410
253511656
253511766
253511827
253511910
253512086
253512119
253512228
253512457
253512789
253512820
253512847
253513000
253513076
253513200
253513517
253513660
253513703
253513755
253513759
253514184
253514273
253514301
253514351
253514858
253515480
253515899
253515958
253516176
253516351
253516431
253516470
253516633
253516715
253516818
253517119
253517168
253517208
253517290
253517469
253517633
253517956
253518217
253518244
253518261
253518365
253518589
253518922
253519171
253519278
253519406
253519425
253519689
253519903
253519972
253520035
253520275
253520635
253520698
253520841
253520974
253521032
253521042
253521306
253521343
253521402
253521604
253522191
253522462
253522475
253523043
253523140
253523569
253524350
253524567
253524739
253524834
253524865
253525087
253525103
253525217
253525520
253525607
253525622
253525670
253525704
253525725
253525779
253525999
253526206
253526453
253526546
253526792
253527063
253527104
253527277
253527440
253527450
253527578
253528075
253528130
253528514
253528637
253528891
253528971
253528972
253529555
253529707
253529886
253529917
253529985
253530020
253530110
253530223
253530622
253530641
253530684
253530742
253530919
253530998
253531073
253531126
253531140
253531210
253531248
253531342
253531429
253531440
253531484
253531780
253532045
253532108
253532133
253532633
253532754
253532848
253532884
253532963
253532973
253533312
253533784
253534027
253534119
253534247
253534324
253534342
253534486
253534495
253534962
253535178
253535201
253535239
253535342
253535536
253535685
253535756
253535903
253535983
253536237
253536249
253536268
253536425
253536888
253537138
253537264
253537549
253537554
253537896
253538037
253538138
253538185
253538296
253538395
253538442
253538443
253538524
253538536
253538538
253538630
253538689
253539006
253539370
253539519
253539581
253539758
253539932
253539969
253539973
253540037
253540358
253540463
253540618
253540715
253540835
253540928
253540949
253541050
253541345
253541464
253541524
253541569
253541789
253541802
253541994
253542041
253542153
253542369
253542402
253542512
253542823
253542853
253542870
253542987
253543306
253543327
253543486
253543500
253543539
253543630
253544328
253544368
253544566
253544667
253544680
253544714
253544747
253544838
253545035
253545240
253545281
253545551
253545644
253545655
253546017
253546020
253547039
253547416
253547579
253547628
253547860
253547906
253548017
253548174
253548516
253548701
253548741
253548802
253548848
253548981
253549360
253549381
253549385
253549447
253549499
253549557
253549635
253549772
253549985
253550128
253550183
253550331
253550352
253550427
253550480
253550829
253551159
253551312
253551339
253551382
253551482
253551700
253551952
253552143
253552152
253552864
253553024
253553119
253553290
253553487
253553543
253553953
253554031
253554049
253554207
253554537
253554682
253554698
253554770
253554781
253554812
253555003
253555040
253555096
253555100
253555490
253555579
253555663
253555836
253555994
253556225
253556344
253556506
253556660
253556665
253556978
253556994
253556997
253557259
253557357
253557766
253557872
253557884
253557929
253557967
253557975
253558053
253558071
253558080
253558131
253558180
253558185
253558243
253558371
253558525
253558621
253558708
253559398
253560122
253560150
253560225
253560252
253560255
253560422
253560515
253560521
253560530
253560592
253560645
253560768
253561041
253561252
253561408
253561806
253562512
253562609
253562714
253562784
253562804
253562824
253562854
253562932
253562955
253562959
253563097
253563253
253563407
253563563
253563679
253563841
253563900
253564678
253564712
253564732
253565006
253565106
253565109
253565251
253565277
253565422
253565662
253565765
253565997
253566098
253566454
253566583
253566920
253566976
253567078
253567256
253567393
253567445
253568043
253568063
253568097
253568159
253568230
253568259
253568389
253568451
253568600
253568666
253568798
253569126
253569167
253569245
253569320
253569617
253569742
253569813
253569899
253570129
253570175
253570373
253570459
253570500
253570685
253570714
253570787
253570828
253570927
253571167
253571393
253571394
253571661
253571708
253571837
253572359
253572532
253572602
253572622
253572733
253573130
253573168
253573300
253573331
253573367
253573411
253573547
253573623
253573625
253573756
253573879
253573979
253574335
253574394
253574534
253574654
253575026
253575316
253575439
253575700
253575875
253576375
253576421
253576638
253576784
253576904
253577282
253577427
253577554
253577599
253577893
253577932
253577976
253578218
253578374
253578432
253578458
253578618
253578906
253579081
253579100
253579655
253579720
253579927
253580260
253580388
253580768
253581047
253581182
253581209
253581442
253581491
253581883
253581961
253582017
253582182
253582259
253582423
253582561
253582657
253582733
253582941
253583256
253583306
253583407
253583592
253583754
253584259
253584337
253584498
253585140
253585287
253585557
253585647
253585722
253585903
253586128
253586199
253586252
253586437
253586531
253586533
253586656
253586703
253586834
253586877
253587049
253587478
253587673
253587740
253587826
253588045
253588543
253588963
253589121
253589131
253589228
253590163
253590260
253590410
253590502
253590602
253590676
253590740
253590760
253590889
253591189
253591228
253591424
253591584
253591687
253591782
253591922
253592264
253592313
253592424
253592481
253592492
253592678
253592776
253592865
253592933
253592956
253593097
253593151
253593304
253593556
253593819
253594367
253594757
253595038
253595176
253595186
253595206
253595418
253595443
253596386
253596404
253596420
253596500
253596530
253596533
253596554
253596574
253596652
253596828
253597044
253597137
253597226
253597331
253597426
253597501
253597521
253597788
253597808
253597892
253597900
253598033
253598058
253598474
253598551
253598638
253599355
253599377
253599455
253599537
253599742
253599886
253600116
253600182
253600535
253600585
253600615
253600799
253600904
253601302
253601322
253601356
253601450
253601526
253601612
253601645
253601685
253601713
253601740
253601809
253601860
253602034
253602064
253602222
253602253
253602274
253602498
253602608
253602633
253602668
253603432
253603483
253603532
253603671
253603856
253603905
253603911
253603967
253604005
253604404
253604575
253604792
253604974
253604991
253605074
253605193
253605452
253605623
253605725
253605960
253605961
253605989
253606248
253606272
253606289
253606415
253606491
253606777
253606780
253606783
253606941
253607195
253607318
253607411
253607433
253607593
253607794
253608171
253608229
253608322
253608543
253608588
253608693
253608722
253608835
253608836
253608907
253608952
253609026
253609056
253609141
253609325
253610096
253610130
253610279
253610599
253610751
253610853
253611356
253611376
253611377
253611408
253611432
253611503
253611608
253611637
253611815
253611930
253612221
253612297
253612404
253612538
253612814
253612915
253612980
253613014
253613106
253613150
253613709
253613832
253613853
253614316
253615005
253615305
253615790
253615848
253615905
253616101
253616336
253616368
253616440
253616448
253616528
253616556
253616610
253616678
253616693
253616704
253616793
253616931
253617029
253617254
253617569
253617615
253617716
253617760
253617861
253617922
253618009
253618052
253618063
253618275
253618441
253618480
253618544
253618563
253618607
253618622
253618743
253618748
253619118
253619158
253619254
253619361
253619378
253619491
253619514
253619531
253619574
253620058
253620150
253620295
253620470
253620635
253620721
253620753
253620898
253621059
253621065
253621232
253621320
253621724
253621888
253621921
253622029
253622068
253622084
253622452
253622636
253622920
253622943
253622994
253623015
253623057
253623094
253623125
253623162
253623594
253623655
253623804
253624016
253624281
253624695
253624898
253625130
253625322
253625485
253625708
253626027
253626107
253626142
253626153
253626296
253626402
253626543
253626783
253626790
253626876
253627012
253627030
253627174
253627643
253627814
253627835
253628511
253628591
253628637
253628753
253628857
253628884
253628981
253629017
253629053
253629356
253629436
253629698
253629989
253630195
253630304
253630371
253630426
253630498
253630580
253630763
253630800
253630829
253631078
253631123
253631149
253631323
253631646
253631664
253631910
253631948
253631986
253632116
253632394
253632429
253632487
253632687
253632737
253632749
253632841
253633158
253633234
253633357
253633727
253634046
253634087
253634408
253634752
253634854
253634958
253635090
253635364
253635654
253635855
253635956
253636078
253636221
253636290
253636400
253636514
253636594
253636602
253636717
253636720
253636951
253637199
253637257
253637326
253637332
253637388
253637864
253637897
253638058
253638369
253638477
253638500
253638674
253639043
253639239
253639471
253639524
253639616
253639693
253639698
253639839
253639855
253639881
253639970
253640208
253640233
253640710
253640860
253640926
253640953
253641059
253641245
253641534
253641698
253641965
253642070
253642219
253642302
253642449
253642543
253642936
253643044
253643335
253643390
253643406
253643693
253643804
253643922
253644353
253644474
253644477
253644790
253644966
253644971
253645024
253645232
253645277
253645550
253645578
253645760
253645794
253645926
253646278
253646481
253646534
253646917
253647045
253647148
253647153
253647207
253647491
253647645
253647690
253647802
253647836
253647857
253648043
253648056
253648098
253648169
253648233
253648281
253648536
253648796
253648885
253648904
253648938
253649423
253649553
253649748
253649805
253650013
253650123
253650350
253650401
253650490
253650617
253650724
253650939
253651073
253651079
253651115
253651179
253651373
253651634
253651652
253651706
253651760
253651935
253652035
253652109
253652240
253652373
253652381
253652635
253652660
253652706
253652822
253653028
253653042
253653107
253653169
253653205
253653302
253653426
253653441
253653521
253653660
253653877
253654075
253654277
253654395
253654546
253654764
253655471
253655776
253655956
253656046
253656302
253656367
253656374
253656443
253656474
253656485
253656580
253656906
253656918
253656954
253656972
253657062
253657078
253657264
253657277
253657340
253657375
253657563
253657591
253657865
253657897
253658001
253658820
253658874
253659024
253659512
253659800
253659810
253659818
253659860
253660212
253660436
253660668
253660783
253661387
253661517
253661652
253661703
253661759
253661819
253661990
253662130
253662133
253662292
253662370
253662401
253662402
253662465
253662594
253662636
253662831
253662905
253663048
253663201
253663264
253663332
253663345
253663381
253663491
253663600
253663777
253663949
253664098
253664361
253664472
253664498
253664598
253664723
253664831
253665054
253665476
253665581
253665671
253665783
253666916
253667532
253667713
253667754
253667919
253668002
253668434
253668501
253668620
253668747
253669083
253669255
253669371
253669481
253669501
253669858
253670335
253670680
253670754
253671050
253671444
253671531
253671586
253671871
253671903
253672264
253672305
253673097
253673152
253673377
253673765
253673772
253673885
253674078
253674115
253674172
253674293
253674353
253674502
253674571
253674652
253674908
253675493
253675567
253675671
253675716
253676018
253676071
253676164
253676282
253676532
253676930
253676969
253677162
253677177
253677225
253677241
253677255
253677330
253677570
253677587
253677755
253677775
253677858
253678062
253678282
253678388
253678441
253678535
253678582
253678696
253678743
253678827
253679035
253679189
253679302
253679566
253679616
253679714
253680020
253680416
253680602
253681010
253681227
253681993
253682016
253682226
253682277
253682288
253682410
253682457
253682660
253682665
253682699
253682868
253682889
253683118
253683548
253683677
253683778
253684017
253684115
253684200
253684267
253684288
253684301
253684349
253684424
253684499
253684637
253684766
253684943
253685246
253685437
253685643
253686152
253686162
253686410
253686634
253686994
253687169
253687199
253687201
253687282
253687353
253687689
253687888
253688026
253688095
253688131
253688231
253688247
253688309
253688318
253688515
253688550
253688756
253688913
253688991
253689055
253689216
253689240
253689249
253689693
253689759
253690168
253690436
253690479
253690554
253690688
253690794
253690851
253690917
253691328
253691335
253691421
253692072
253692172
253692271
253692534
253692642
253693177
253693241
253693756
253693795
253693799
253693858
253693861
253693867
253694008
253694252
253694456
253694564
253694691
253694977
253695226
253695227
253695263
253695401
253695472
253695489
253695710
253695974
253696753
253696946
253696974
253697004
253697095
253697413
253697493
253697696
253697992
253698433
253698797
253699046
253699092
253699212
253699572
253699737
253699826
253699852
253699972
253700042
253700107
253700122
253700125
253700197
253700353
253700358
253700520
253700880
253700984
253701064
253701146
253701434
253701816
253701832
253702086
253702291
253702460
253702862
253702864
253702929
253702987
253703171
253703249
253703388
253703727
253703850
253703890
253703964
253704185
253704401
253704866
253705040
253705214
253705252
253705253
253705411
253705448
253705513
253705539
253705582
253705595
253705634
253705676
253705925
253705937
253706060
253706085
253706179
253706504
253706527
253706541
253706553
253707000
253707102
253707134
253707219
253707354
253707478
253707561
253707596
253707686
253707713
253707895
253708253
253708266
253708322
253708958
253709521
253709635
253709796
253709797
253709813
253709995
253710120
253710213
253710266
253710326
253710374
253710578
253710593
253710660
253710766
253711220
253711503
253711993
253712075
253712503
253712636
253712652
253712701
253712716
253712720
253712733
253712882
253712904
253713372
253713563
253713590
253713640
253713668
253713924
253714095
253714235
253714454
253714506
253714825
253715208
253715267
253715440
253715443
253715474
253715898
253716135
253716315
253716336
253716370
253716419
253716570
253716600
253716641
253716651
253716790
253717035
253717089
253717107
253717359
253717435
253717816
253718115
253718447
253718591
253718716
253718740
253718758
253718817
253719053
253719151
253719311
253719651
253719884
253719886
253719942
253719996
253720010
253720168
253720563
253720603
253720902
253721020
253721076
253721529
253721879
253722056
253722118
253722261
253722492
253722566
253722574
253722741
253722751
253722944
253723056
253723180
253723185
253723208
253723323
253723874
253724070
253724139
253724174
253724271
253724392
253724465
253724499
253724749
253724793
253724799
253724848
253724911
253725121
253725141
253725338
253725382
253725757
253725861
253725968
253726299
253726401
253726654
253726836
253726871
253726907
253726977
253727002
253727232
253727362
253727386
253727543
253727619
253727680
253727707
253727719
253727894
253727944
253728282
253728507
253728792
253728959
253729059
253729386
253729481
253729514
253729565
253729843
253730053
253730095
253730117
253730359
253730467
253730704
253730722
253730945
253731613
253731701
253731772
253732317
253732816
253732953
253733101
253733338
253733357
253733366
253733409
253733565
253733611
253733622
253733625
253734004
253734127
253734536
253734584
253734739
253734771
253734869
253734999
253735092
253735162
253735186
253735512
253735565
253735630
253735712
253735742
253735815
253735971
253736401
253736559
253736595
253736887
253737018
253737287
253737333
253737397
253737584
253737904
253738188
253738270
253738503
253738662
253738668
253738693
253738724
253738748
253738865
253739195
253739334
253739401
253739424
253739721
253739807
253739978
253740372
253740511
253740558
253740876
253740966
253741034
253741151
253741362
253741467
253741501
253741601
253741616
253741641
253741819
253742085
253742191
253742195
253742298
253742445
253742514
253743013
253743067
253743092
253743271
253743366
253743384
253743410
253743500
253743620
253743660
253743797
253743824
253744003
253744317
253744477
253744486
253744545
253744773
253744803
253745046
253745262
253745291
253746009
253746181
253746516
253746593
253746698
253746974
253747049
253747573
253748309
253748500
253748661
253749033
253749457
253749666
253749922
253749977
253750195
253750265
253750587
253750773
253750913
253750916
253751252
253751393
253751403
253751436
253751663
253751759
253751918
253752022
253752190
253752194
253752355
253752520
253753640
253753818
253753987
253754001
253754158
253754282
253754413
253754420
253754774
253755142
253755153
253755287
253755322
253755448
253755526
253755529
253755729
253756019
253756184
253756234
253756469
253756657
253756950
253756986
253757003
253757048
253757154
253757181
253757220
253757401
253757448
253757535
253757655
253757704
253757819
253757891
253758046
253758315
253758328
253758407
253758613
253758700
253758825
253758979
253759415
253759503
253759532
253759539
253759579
253759600
253759876
253760030
253760232
253760246
253760257
253760320
253760755
253760961
253761273
253761435
253761472
253761755
253761852
253762004
253762059
253762167
253762230
253762297
253762357
253762844
253762848
253762962
253763159
253763194
253763315
253763439
253763674
253764011
253764074
253764462
253764561
253765122
253765159
253765185
253765534
253765568
253765725
253765821
253765822
253766182
253766276
253766332
253766478
253766479
253766546
253766626
253766836
253766948
253766981
253767048
253767084
253767140
253767526
253768085
253768320
253769303
253769737
253770137
253770308
253770597
253770638
253770661
253770858
253770908
253771187
253771208
253771224
253771495
253771600
253771967
253772073
253772779
253772842
253773122
253773232
253773319
253773437
253773625
253773677
253773831
253773835
253773901
253773913
253774086
253774127
253774322
253774408
253774444
253774814
253774881
253775052
253775192
253775214
253775581
253775655
253775761
253776173
253776707
253776773
253776924
253776981
253777043
253777156
253777255
253777483
253777521
253777662
253778253
253778409
253778456
253778525
253778626
253778655
253778689
253778823
253778921
253778924
253778993
253779006
253779082
253779185
253779290
253779322
253779805
253779809
253780175
253780289
253780468
253780558
253780727
253781275
253781608
253781723
253781926
253782040
253782240
253782848
253783974
253784704
253784960
253785083
253785176
253785368
253785428
253785729
253785730
253785843
253785953
253786231
253786239
253786315
253786410
253786537
253786547
253786602
253786672
253786856
253786914
253786938
253787148
253787235
253787247
253787322
253787443
253787575
253787734
253787770
253787774
253787902
253788018
253788121
253788143
253788159
253788241
253788335
253788438
253788457
253788584
253788637
253788666
253788978
253789000
253789057
253789100
253789113
253789233
253789362
253789405
253789483
253789657
253789719
253789841
253790236
253790526
253790746
253790804
253791073
253791136
253791146
253791379
253791466
253791543
253791551
253791568
253791661
253791760
253791844
253792018
253792135
253792147
253792392
253792553
253792831
253793503
253793602
253793735
253793819
253793907
253793945
253794339
253794802
253794918
253794983
253795117
253795145
253795195
253795220
253795745
253796131
253796780
253796922
253796982
253797069
253797117
253797192
253797743
253797962
253798114
253798369
253798505
253798588
253798631
253798674
253798797
253799006
253799203
253799251
253799308
253800017
253800484
253800583
253800687
253800881
253801256
253801352
253801400
253801454
253801478
253801553
253801736
253801951
253802149
253802653
253802873
253802983
253803163
253803275
253803672
253803997
253804156
253804338
253804446
253804634
253804647
253804845
253805127
253805171
253805181
253805276
253805296
253805352
253805817
253806068
253806095
253806524
253806627
253806783
253806788
253807046
253807210
253807358
253807710
253807716
253807720
253807763
253807882
253807897
253808040
253808306
253808662
253808801
253808814
253808852
253809027
253809149
253809163
253809230
253809266
253809290
253809429
253809496
253809502
253809533
253809599
253809632
253809777
253809971
253810044
253810233
253810286
253810440
253810445
253810560
253810642
253810702
253810713
253810851
253810950
253810964
253811196
253811295
253811527
253811630
253811822
253812128
253812419
253813164
253813191
253814281
253814339
253814355
253814391
253815513
253815653
253816379
253816495
253816942
253817219
253817270
253817293
253817306
253817338
253817450
253817522
253817751
253817815
253817819
253817920
253818034
253818084
253818164
253818165
253818175
253818261
253818393
253818468
253818476
253818606
253818680
253818701
253818751
253818798
253818909
253818965
253818987
253819692
253819752
253820039
253820496
253820675
253820789
253820813
253820946
253820969
253820976
253820992
253821039
253821119
253821315
253821349
253821370
253821578
253821614
253821664
253821679
253821776
253821852
253821872
253821915
253821943
253821968
253822020
253822063
253822070
253822358
253822591
253823029
253823034
253823056
253823170
253823341
253823395
253823502
253823539
253823654
253823793
253823914
253824223
253824340
253824411
253824451
253824551
253824851
253825268
253825431
253825462
253826054
253826221
253826328
253826343
253826409
253826710
253826786
253826788
253826943
253826990
253827073
253827213
253827382
253827452
253827471
253827835
253827963
253828216
253828237
253828374
253828527
253828531
253828577
253828706
253828913
253829238
253829292
253829419
253829642
253829666
253829901
253830283
253830436
253830880
253831002
253831148
253831177
253831322
253831623
253831645
253831656
253831764
253832125
253832267
253832311
253832523
253832852
253832905
253833121
253833548
253833651
253833706
253833728
253833955
253834075
253834466
253834502
253834596
253834768
253834868
253835362
253835650
253835698
253835919
253835926
253835935
253836234
253836320
253836363
253836367
253836504
253836581
253836627
253836674
253836784
253836906
253837062
253837137
253837582
253837732
253837814
253837908
253838000
253838093
253838274
253838331
253838472
253838771
253838827
253838964
253839102
253839120
253839274
253839381
253839471
253839597
253839675
253839727
253839733
253839893
253839938
253839971
253840034
253840232
253840340
253840424
253840553
253840915
253840974
253841059
253841511
253841926
253842404
253842635
253843168
253844341
253844951
253846037
253846172
253846296
253846397
253846689
253846793
253846915
253846920
253846923
253847062
253847518
253847622
253847635
253847826
253847886
253847957
253848133
253848248
253848378
253848600
253848670
253848769
253848771
253848777
253848825
253848942
253848972
253849000
253849106
253849139
253849146
253849317
253849555
253849649
253849661
253850248
253850391
253850847
253850865
253851079
253851191
253851334
253851595
253851605
253851634
253851687
253851866
253852119
253852163
253852200
253852505
253852531
253852532
253852705
253852817
253852933
253852990
253853043
253853180
253853486
253853775
253853946
253853972
253854012
253854043
253854077
253854683
253854854
253854975
253855004
253855117
253855134
253855165
253855588
253855772
253855835
253856489
253856709
253856843
253856858
253857038
253857049
253857274
253857322
253857640
253857988
253858477
253859085
253859203
253859564
253859617
253859831
253859897
253860218
253860394
253860517
253860614
253861020
253861453
253861745
253861856
253861894
253861934
253862270
253862451
253862460
253862624
253862778
253862854
253863129
253863176
253863430
253863455
253863466
253863544
253863572
253863646
253864220
253864254
253864481
253864992
253865232
253865453
253865477
253865509
253865659
253865711
253865803
253865951
253865996
253866032
253866202
253866458
253866605
253866715
253866829
253867034
253867147
253867181
253867184
253867308
253867348
253867350
253867354
253867510
253867528
253867603
253867667
253867672
253867740
253867878
253868283
253868751
253868763
253868855
253868871
253868911
253868948
253869015
253869024
253869027
253869129
253869190
253869223
253869262
253869536
253869689
253869842
253869867
253870166
253870189
253870256
253870636
253870780
253870854
253871232
253871239
253871248
253871364
253871428
253871499
253871559
253871591
253871595
253871607
253871637
253871768
253871823
253871845
253872256
253872324
253872364
253872474
253872635
253872791
253873236
253873714
253874883
253875741
253875960
253875997
253876084
253876309
253876329
253876354
253876731
253877214
253877271
253877278
253877736
253877891
253877917
253877997
253878309
253878667
253878731
253878965
253879159
253879253
253879260
253879607
253879654
253879680
253879717
253880001
253880034
253880115
253880213
253880324
253880327
253880448
253880633
253880853
253880903
253881005
253881040
253881285
253881563
253881816
253882005
253882065
253882108
253882144
253882426
253882645
253882762
253882784
253883312
253883640
253883689
253883791
253883812
253883995
253884266
253884517
253884836
253884877
253884900
253884960
253885064
253885116
253885135
253885189
253885229
253885360
253885549
253885573
253885770
253885796
253885904
253885956
253885994
253886061
253886301
253886546
253886607
253886735
253887463
253888401
253888758
253888869
253888873
253888935
253889013
253889193
253889360
253889486
253889543
253889726
253889880
253889906
253889953
253889990
253889997
253890019
253890146
253890196
253890527
253890835
253891147
253891243
253891298
253891391
253891458
253891530
253891895
253892051
253892194
253892229
253892362
253892383
253892421
253892467
253892849
253893234
253893446
253893578
253893939
253894081
253894203
253894347
253894845
253894917
253894941
253895305
253895329
253895388
253895434
253895465
253895511
253895572
253895597
253895681
253895694
253895743
253896116
253896156
253896230
253896236
253896727
253896742
253897410
253897461
253897491
253897606
253897833
253898007
253898328
253898426
253898504
253898509
253898657
253899077
253899245
253899414
253899453
253899760
253900209
253900223
253900337
253900493
253900940
253901177
253901392
253901438
253901598
253901765
253901851
253902009
253902016
253902243
253902419
253902435
253902461
253902559
253902753
253903068
253903151
253903244
253903278
253903368
253903468
253903811
253904164
253904517
253904844
253905127
253905153
253905350
253905446
253906028
253906213
253906284
253906409
253906567
253906623
253906635
253906664
253906711
253906713
253906969
253907212
253907327
253907410
253907933
253908037
253908183
253908356
253908484
253908685
253908698
253908770
253909035
253909293
253909663
253909815
253909834
253909985
253910006
253910219
253910226
253910255
253910284
253910552
253910674
253910692
253910942
253911111
253911479
253911574
253911581
253911625
253911707
253911795
253911997
253912063
253912308
253912878
253912952
253913232
253913393
253913442
253913488
253913509
253913925
253914163
253914245
253914309
253914526
253914557
253914558
253914626
253914677
253914845
253914937
253915154
253915351
253915753
253915896
253915900
253916036
253916247
253916633
253917443
253917543
253917610
253917707
253917743
253918129
253918134
253918439
253918704
253918770
253919280
253919427
253919620
253919623
253919697
253919869
253919924
253919977
253920009
253920214
253920573
253920869
253921332
253921384
253921446
253921677
253921859
253921977
253922060
253922101
253922639
253922654
253922752
253922969
253923338
253923534
253923558
253923840
253923933
253924016
253924074
253924302
253924385
253924392
253924427
253924484
253924717
253924829
253924982
253925183
253925227
253925672
253925951
253925983
253926893
253926985
253927051
253927408
253927670
253927697
253927770
253927861
253927989
253928685
253928716
253929171
253929190
253929507
253929763
253929969
253930296
253930452
253930468
253930765
253931822
253932147
253932417
253932747
253933070
253933110
253933346
253933391
253933668
253933705
253934012
253934336
253934670
253935664
253935742
253935989
253936060
253936124
253936473
253936573
253936578
253936737
253936770
253937377
253937432
253937583
253938082
253938102
253938233
253938242
253938597
253938921
253939229
253939725
253939803
253939851
253940090
253940306
253940375
253941564
253941592
253941686
253941841
253942020
253942456
253942840
253943100
253943173
253943339
253943424
253943937
253944221
253944374
253944496
253944521
253945183
253945462
253945965
253946073
253946107
253947595
253947953
253948015
253948233
253948793
253949112
253949115
253949287
253949322
253949979
253950645
253951178
253951643
253951908
253952086
253952160
253952239
253952751
253952922
253953604
253953747
253953789
253953843
253953924
253953954
253954206
253954271
253954381
253954704
253954826
253955334
253955435
253955611
253955858
253956041
253956285
253956291
253956356
253956478
253957293
253957315
253957778
253958023
253958060
253958124
253958377
253958673
253958943
253959685
253959696
253959970
253960107
253960301
253960957
253961218
253961345
253962055
253962587
253962648
253964116
253964237
253964316
253964749
253964962
253966473
253966550
253966795
253967317
253967385
253967557
253969234
253969242
253969243
253969292
253969314
253969583
253969639
253969686
253969832
253970112
253970188
253970348
253970393
253970394
253970462
253970469
253970480
253970537
253970578
253970748
253970773
253971029
253971082
253971173
253971257
253971462
253971524
253971658
253971712
253971921
253971957
253971968
253972006
253972145
253972155
253972212
253972282
253972345
253972417
253972973
253973027
253973035
253973092
253973286
253973374
253973925
253974126
253974331
253974352
253974627
253974705
253974707
253974764
253974848
253974883
253974921
253975047
253975112
253975176
253975240
253975270
253975343
253975383
253975399
253975462
253975714
253975850
253975928
253976030
253976247
253976291
253976328
253976399
253976447
253976492
253976600
253976720
253976819
253976961
253977616
253977657
253977701
253977702
253978436
253978484
253978553
253978562
253978611
253978721
253978774
253979410
253979489
253979563
253979783
253979956
253980048
253980286
253980304
253980483
253980666
253980771
253980803
253981208
253981522
253981950
253982210
253982219
253982506
253982560
253982719
253982770
253983157
253983366
253983394
253983851
253983904
253984060
253984120
253984199
253984482
253984488
253984561
253984719
253984998
253985068
253985084
253985462
253985600
253985667
253985677
253985986
253986133
253986592
253986834
253986875
253986974
253987088
253987229
253987517
253987810
253988000
253988124
253988138
253988185
253988586
253988593
253988626
253989078
253989127
253989133
253989196
253989280
253989675
253989679
253989713
253989786
253989803
253989817
253989922
253989969
253990007
253990129
253990186
253990204
253990624
253990633
253990700
253990915
253990979
253991188
253991197
253991252
253991465
253991535
253991777
253991788
253991943
253991983
253992249
253992461
253992506
253992525
253992696
253992701
253992913
253993019
253993031
253993299
253993342
253993361
253993568
253993571
253993826
253994151
253994382
253994396
253994400
253994437
253994545
253994626
253994631
253994779
253994789
253994846
253994974
253994975
253995344
253995496
253995631
253995671
253995684
253995768
253995897
253996086
253996591
253996645
253996973
253997115
253997808
253997953
253998238
253998482
253998719
253999135
253999449
254000459
254000609
254000654
254000857
254000935
254001057
254001087
254001103
254001138
254001180
254001228
254001255
254001368
254001507
254001517
254001814
254001832
254001927
254002198
254002329
254002383
254002497
254002771
254002774
254002792
254002901
254002932
254002991
254003032
254003146
254003353
254003450
254003457
254003510
254003562
254003621
254003708
254003738
254003861
254003872
254004040
254004086
254004164
254004175
254004256
254004299
254004545
254004697
254004912
254005036
254005165
254005174
254005602
254005799
254005806
254005855
254005997
254006068
254006163
254006325
254006430
254006571
254006660
254006972
254007323
254007700
254007890
254007987
254008041
254008146
254008300
254008308
254008405
254008425
254008427
254008620
254008862
254008864
254009088
254009320
254009543
254009584
254009689
254009802
254010193
254010307
254010508
254010529
254010587
254010727
254010944
254011026
254011076
254011296
254011481
254011489
254011499
254011561
254011917
254012111
254012133
254012201
254012227
254012261
254012535
254012688
254012772
254012820
254012851
254013054
254013324
254013333
254013523
254013664
254013803
254013945
254014164
254014393
254014697
254014798
254015089
254015160
254015190
254015361
254015548
254015727
254016037
254016265
254016412
254016549
254016663
254016761
254016832
254016864
254016868
254017160
254017322
254017440
254017649
254017801
254017968
254018075
254018109
254018183
254018596
254018638
254018873
254018913
254019100
254019701
254019867
254020173
254020264
254020316
254020369
254020453
254020514
254020540
254020650
254020787
254020982
254021315
254021456
254021488
254021619
254021827
254021828
254021840
254021888
254021923
254021954
254021963
254021967
254022013
254022158
254022400
254022584
254023075
254023145
254023164
254023711
254023727
254023730
254023908
254023913
254024129
254024158
254024298
254024357
254024397
254024405
254024483
254024818
254024829
254024871
254024937
254024977
254024978
254025144
254025478
254025493
254025797
254025809
254025849
254026051
254026317
254026601
254027844
254028561
254029536
254030742
254030826
254030865
254031021
254031034
254031114
254031285
254031287
254031363
254031609
254031629
254031732
254031892
254032000
254032119
254032175
254032243
254032560
254032696
254032727
254032844
254032910
254033114
254033170
254033214
254033259
254033535
254033687
254033774
254033795
254033857
254034035
254034060
254034086
254034162
254034351
254034555
254034621
254034679
254034731
254034774
254035029
254035404
254035565
254035681
254036134
254036141
254036313
254036398
254036445
254036459
254036814
254036882
254037472
254037527
254037609
254037638
254037839
254037878
254037884
254038020
254038037
254038285
254038700
254039088
254039110
254039233
254039417
254039561
254039577
254039656
254039787
254039802
254039991
254040024
254040043
254040275
254040349
254040478
254040684
254040853
254040882
254040925
254041919
254041940
254042156
254042277
254042508
254042608
254042609
254042858
254043007
254043145
254043705
254043883
254044059
254044206
254044727
254045012
254045231
254045546
254045585
254046169
254046514
254046843
254046859
254047119
254047284
254047684
254047873
254048122
254048363
254048796
254048868
254049036
254049199
254049592
254049883
254050190
254050302
254050689
254050900
254051167
254051254
254051340
254051357
254051543
254051755
254052294
254052346
254052629
254052790
254052947
254053109
254053563
254053591
254053753
254054039
254054184
254054277
254054331
254054893
254054941
254055140
254055173
254055219
254055498
254055618
254055785
254056043
254056085
254056145
254056157
254056210
254056237
254056272
254056389
254056625
254056634
254056925
254056967
254057374
254057903
254058008
254058191
254058357
254058494
254058738
254058802
254059129
254059271
254060250
254060897
254061553
254061577
254061608
254061613
254061647
254061758
254061945
254062204
254062273
254062406
254062529
254062677
254062699
254062747
254062781
254062823
254062889
254062899
254062943
254062954
254063193
254063215
254063257
254063345
254063426
254063549
254063712
254063791
254063913
254064021
254064110
254064217
254064390
254064591
254064639
254064825
254065008
254065123
254065187
254065278
254065335
254066054
254066572
254066677
254066755
254066872
254066936
254067432
254067450
254067457
254067491
254067565
254067633
254067771
254067871
254068093
254068149
254068313
254068441
254068491
254068745
254069046
254069143
254069556
254070216
254070374
254070474
254070549
254070626
254070636
254070723
254070735
254070751
254070752
254070761
254071904
254072112
254072354
254072629
254072816
254072978
254073217
254073291
254073363
254073382
254073583
254073675
254074110
254074176
254074823
254074865
254075018
254075508
254075643
254075722
254075742
254075937
254076243
254076429
254077623
254077828
254077976
254078031
254078094
254078410
254078790
254078829
254079407
254079735
254079845
254080012
254080483
254080618
254080956
254081649
254082035
254082063
254082116
254082122
254082220
254082709
254082714
254082876
254082915
254083102
254083214
254084377
254084445
254084488
254084490
254085007
254085062
254085064
254085231
254085255
254085290
254085419
254085452
254085460
254085542
254085681
254085708
254085981
254086083
254086218
254086229
254086303
254086353
254086563
254086764
254086877
254086903
254086906
254086942
254086969
254086971
254087125
254087184
254087239
254087494
254087563
254087737
254088123
254088128
254088293
254088548
254088598
254088601
254088628
254088815
254089475
254089603
254089850
254089999
254090467
254091145
254091292
254091371
254091937
254092053
254092238
254092295
254092527
254092691
254092782
254092887
254093011
254093012
254093023
254093025
254093033
254093282
254093302
254093314
254093371
254093416
254093849
254093980
254094046
254094091
254094450
254094688
254094738
254094742
254094946
254095021
254095124
254095290
254095414
254095460
254095582
254096137
254096177
254096268
254096428
254096586
254096672
254096775
254097135
254097143
254097259
254097269
254097401
254097472
254097628
254097869
254098043
254098452
254098838
254099319
254099923
254099928
254100038
254100072
254100333
254100361
254100775
254100794
254100835
254100893
254101091
254101277
254101330
254101627
254101948
254102145
254102349
254103013
254103060
254103209
254104397
254104458
254104814
254105077
254105130
254105263
254105317
254105332
254105474
254105475
254105711
254105983
254106085
254106267
254106496
254106586
254106695
254106945
254107001
254107033
254107160
254107216
254107237
254107470
254107618
254107681
254108256
254108559
254108701
254108812
254108881
254109090
254109360
254109883
254110132
254110161
254110707
254110857
254110892
254110969
254110972
254111050
254111159
254111200
254111254
254111272
254111358
254111426
254111521
254111531
254111615
254112294
254112416
254112719
254113153
254113702
254113716
254113747
254113913
254114054
254114273
254114824
254114905
254114917
254115124
254115221
254115636
254115656
254116057
254116234
254116593
254116626
254116680
254116944
254116962
254117051
254117143
254117153
254117396
254117482
254117484
254117571
254117595
254117844
254118018
254118042
254118136
254118455
254118516
254118625
254118678
254118714
254119033
254119439
254119671
254119779
254120150
254120162
254120178
254120450
254120475
254120530
254120735
254120756
254120994
254121014
254121073
254121548
254121632
254121710
254122296
254122339
254122511
254122757
254123135
254123491
254123876
254124117
254124237
254124281
254124313
254124362
254124448
254124632
254124756
254124834
254124949
254125202
254125331
254125534
254125546
254125633
254125944
254126246
254126459
254126639
254126680
254126747
254127010
254127131
254127474
254127860
254128005
254128050
254128409
254128419
254128523
254128667
254128690
254128704
254128840
254129030
254129131
254129334
254129427
254129472
254129691
254129697
254129713
254129908
254129975
254130138
254130700
254130846
254131019
254131223
254131254
254131323
254131463
254131536
254131627
254131876
254132014
254132064
254132153
254132266
254132303
254132495
254133018
254133248
254133263
254133296
254133322
254133687
254134035
254134401
254134433
254134663
254134798
254134818
254134829
254134846
254134864
254134937
254135319
254135348
254135505
254135593
254136128
254136141
254136589
254136793
254136832
254137001
254137065
254137248
254137434
254137918
254138070
254138166
254138182
254138336
254138389
254138627
254138758
254139022
254139108
254139229
254139299
254139531
254139733
254139839
254139974
254140167
254140640
254140720
254140900
254140922
254140992
254141063
254141114
254141193
254141367
254141389
254141948
254142181
254142291
254142329
254142554
254142674
254143111
254143181
254143261
254143311
254143508
254143534
254143545
254144116
254144822
254144849
254145232
254145473
254145528
254145672
254145825
254146044
254146159
254146602
254146716
254147545
254147575
254147692
254147779
254148065
254148827
254148955
254149178
254149321
254149534
254149807
254149981
254150020
254150138
254150191
254150987
254151011
254151141
254151651
254151655
254152811
254152842
254152855
254152960
254153033
254153155
254153191
254153378
254153436
254153565
254153669
254153798
254153832
254153855
254153903
254153906
254154020
254154031
254154080
254154108
254154109
254154171
254154237
254154248
254154368
254154416
254154431
254154513
254154563
254154600
254154607
254154663
254154698
254154874
254154917
254154924
254155036
254155049
254155207
254155224
254155256
254155501
254155766
254155826
254155883
254155982
254156163
254156259
254156271
254156308
254156314
254156402
254156467
254156768
254156831
254157248
254157357
254157390
254158027
254158069
254158143
254158164
254158202
254158242
254158252
254158293
254158424
254158425
254158476
254158621
254158635
254158641
254158699
254158786
254159030
254159111
254159278
254159379
254159681
254159786
254159841
254160014
254160082
254160100
254160124
254160307
254160457
254160662
254160755
254160914
254161044
254161120
254161160
254161224
254161990
254162064
254162103
254163391
254163413
254163494
254163583
254163609
254163721
254163880
254163932
254164070
254164082
254164150
254164153
254164643
254164700
254164750
254164998
254165359
254165897
254166143
254166198
254166591
254166601
254167017
254167568
254168048
254168127
254168736
254168753
254168902
254169016
254169178
254169523
254170040
254170266
254170304
254170920
254170962
254171031
254171053
254171285
254171381
254171593
254171684
254171689
254172109
254172204
254172330
254172502
254172603
254172767
254172933
254173041
254173069
254173288
254173683
254173824
254174095
254174107
254174131
254174642
254174710
254174735
254174739
254174864
254174919
254175150
254175315
254175580
254175608
254175657
254175843
254175918
254176191
254176248
254176315
254176337
254176418
254176510
254176552
254176562
254176721
254176792
254176874
254176897
254177005
254177150
254177192
254177227
254177355
254177447
254177508
254177517
254177534
254177602
254177674
254177702
254177744
254177793
254177999
254178085
254178107
254178271
254178307
254178312
254178328
254178333
254178391
254178744
254179226
254179384
254179870
254179892
254180201
254180523
254180540
254182231
254183084
254183395
254183613
254183658
254183689
254183829
254183847
254183944
254184045
254184060
254184211
254184297
254184383
254184455
254184476
254184638
254184663
254184860
254185044
254185084
254185097
254185236
254185244
254185273
254185390
254185461
254185570
254185668
254185688
254185925
254185939
254186297
254186423
254186526
254186694
254186695
254186706
254186731
254186873
254186947
254187003
254188109
254188184
254188429
254188505
254188565
254188655
254188664
254188784
254188938
254189112
254189175
254189223
254189295
254189373
254189378
254189459
254190038
254190078
254190093
254190194
254190400
254190430
254190447
254190476
254190561
254190720
254190826
254190869
254191016
254191235
254191405
254191411
254191457
254191523
254191547
254191932
254192525
254193226
254193266
254193268
254193306
254193318
254193376
254193572
254193936
254194110
254194574
254194724
254194771
254194839
254195396
254195511
254195608
254195842
254196469
254196485
254196685
254196799
254196982
254196999
254197062
254197190
254197330
254197868
254198058
254198728
254198887
254199153
254199176
254199606
254199607
254199672
254200414
254200453
254200536
254200734
254200765
254201144
254201668
254201753
254202040
254202235
254202381
254202547
254202630
254202694
254202814
254202854
254203105
254203139
254203200
254203378
254203604
254203682
254203718
254203885
254204043
254204195
254204230
254204289
254204311
254204465
254204466
254204713
254204884
254204968
254205218
254205459
254205497
254205731
254205750
254205808
254205925
254205954
254206198
254206225
254206260
254206324
254206453
254206617
254206655
254206736
254206953
254206983
254207021
254207183
254207330
254207392
254207431
254207577
254207659
254207736
254207798
254207810
254207865
254207916
254208125
254208364
254208370
254208437
254208733
254208816
254208886
254209013
254209105
254209182
254209185
254209187
254209282
254209299
254209496
254209511
254209651
254210060
254210142
254210562
254211474
254211524
254211874
254212892
254213864
254213972
254214225
254214502
254214566
254214633
254214904
254215010
254215384
254215442
254215684
254216206
254216311
254216414
254216448
254216484
254216707
254216779
254216969
254217182
254217293
254217362
254217417
254217599
254217717
254217739
254217934
254217960
254218020
254218090
254218223
254218314
254218436
254218724
254218801
254219078
254219230
254219830
254219898
254219918
254219958
254219967
254220017
254220122
254220134
254220296
254220426
254220463
254220478
254220499
254220704
254220782
254220956
254221144
254221500
254221576
254221698
254221788
254221870
254221896
254222011
254222138
254222217
254222444
254222809
254222833
254223009
254223188
254223402
254223440
254223767
254224061
254224298
254224542
254224545
254224566
254224623
254224641
254224673
254224955
254225017
254225216
254225319
254225406
254225453
254225486
254225752
254225805
254225920
254226088
254226114
254226338
254226452
254226673
254227127
254227229
254227347
254227672
254227721
254227750
254227756
254228003
254228119
254228279
254228302
254228492
254229023
254229318
254229570
254229622
254229890
254229926
254229949
254230358
254230884
254231007
254231147
254231196
254231293
254231366
254231912
254231932
254232235
254232431
254232814
254232838
254232839
254232857
254232895
254233130
254233251
254233325
254233349
254233447
254233515
254233982
254234041
254234048
254234188
254234512
254234535
254234789
254234803
254235190
254235222
254235509
254235588
254235945
254236019
254236257
254236767
254236812
254236874
254236960
254237170
254237176
254237226
254237260
254237330
254237383
254237602
254237660
254237725
254237775
254237819
254237859
254237874
254237921
254237965
254238261
254238664
254238729
254238813
254239313
254239427
254239628
254240103
254240165
254240360
254240575
254242932
254243464
254243777
254243883
254243886
254243919
254244080
254244082
254244088
254244103
254244152
254244482
254244516
254244669
254244821
254245097
254245202
254245209
254245229
254245232
254245269
254245464
254245561
254245585
254245665
254245726
254245737
254245855
254245861
254245958
254246070
254246158
254246174
254246363
254246429
254246436
254246550
254246593
254246654
254246936
254246972
254247059
254247227
254247265
254247373
254247396
254247450
254247666
254247859
254248409
254249039
254249166
254249174
254249324
254249351
254249373
254249529
254249550
254249994
254250029
254250223
254250253
254250284
254250330
254250336
254250463
254250697
254250738
254250879
254250889
254250945
254251068
254251333
254251347
254251454
254251458
254251578
254251647
254251717
254251730
254251949
254251952
254251959
254252102
254252247
254252497
254252506
254252675
254252766
254252897
254252942
254252950
254252960
254253131
254253193
254253220
254253262
254253325
254253356
254253641
254254078
254254084
254254204
254254873
254254914
254255096
254255267
254255575
254255591
254255705
254255956
254256059
254256085
254256271
254256386
254256566
254256573
254256673
254257406
254257577
254257897
254257993
254258123
254258407
254259902
254259958
254260331
254260365
254260707
254260809
254260959
254261195
254261648
254261652
254262095
254262492
254262576
254262860
254262953
254263102
254263188
254263225
254263377
254263490
254263653
254263668
254263680
254263729
254263813
254264098
254264520
254264645
254264909
254265068
254265069
254265224
254265466
254265619
254265684
254265713
254265753
254265841
254265945
254266289
254266330
254266631
254266700
254266773
254266833
254266885
254267040
254267366
254267378
254267396
254267412
254267446
254267651
254268037
254268082
254268130
254268153
254268191
254268204
254268335
254268479
254268547
254268550
254268662
254268664
254268669
254268679
254269191
254269402
254269406
254269530
254269806
254269908
254269936
254270316
254270489
254270683
254270749
254270965
254271286
254271506
254271508
254272259
254272425
254272993
254273889
254273996
254274104
254274453
254274723
254274951
254275027
254275137
254275155
254275308
254275404
254275642
254275682
254275744
254275932
254276020
254276191
254276364
254276556
254276570
254276707
254276799
254276872
254276884
254276975
254276992
254277303
254277561
254277677
254277751
254278079
254278139
254278232
254278296
254278421
254278719
254279009
254279118
254279220
254279640
254279784
254280134
254280144
254280431
254280545
254280588
254280706
254280772
254280974
254281018
254281019
254281064
254281347
254281541
254281631
254281954
254281973
254282068
254282312
254282402
254282662
254282867
254283050
254283369
254283415
254283450
254283729
254283851
254283898
254283958
254283995
254284252
254284343
254284482
254284520
254284556
254284718
254285560
254285573
254285659
254285682
254285749
254285946
254286281
254286392
254286542
254286572
254286606
254287430
254287572
254287741
254288076
254288161
254288189
254288544
254288840
254288896
254289172
254289323
254289603
254289666
254289908
254290420
254291222
254291350
254291459
254291711
254291929
254292121
254292376
254292510
254292600
254293004
254293118
254293396
254293438
254293565
254293968
254294018
254294565
254294696
254294807
254294870
254294952
254295085
254295131
254295432
254295459
254295500
254295620
254295699
254295701
254295809
254295877
254295965
254296011
254296278
254296286
254296462
254296550
254296628
254296925
254297067
254297371
254297380
254297402
254297452
254297546
254297553
254297554
254297587
254297838
254298001
254298008
254298455
254298459
254298501
254298510
254298576
254298752
254298885
254299015
254299046
254299082
254299090
254299327
254299564
254299590
254299594
254299916
254299943
254300008
254300025
254300057
254300153
254300418
254300732
254300779
254300961
254301453
254301629
254302642
254304093
254304184
254304220
254304244
254304312
254304486
254304736
254304743
254304901
254305082
254305320
254305494
254305758
254305886
254305946
254306015
254306022
254306130
254306369
254306562
254306811
254307293
254307698
254307903
254308061
254308907
254309078
254309119
254309434
254309891
254309957
254310225
254310450
254310799
254311003
254311297
254311306
254311626
254311924
254312062
254312140
254312166
254312169
254312472
254312553
254312594
254312674
254312733
254312736
254312889
254312982
254313244
254313311
254313537
254313559
254313641
254313769
254314008
254314334
254314567
254315355
254315406
254315531
254315560
254315782
254315875
254316075
254316434
254316752
254317079
254317165
254317246
254317372
254317600
254317983
254317985
254318091
254318204
254318259
254318442
254318617
254318757
254318820
254318959
254319818
254320130
254320236
254320293
254320418
254320453
254320602
254320992
254321061
254321065
254321368
254321611
254321722
254321758
254321795
254321979
254322287
254323033
254323267
254323288
254323343
254323538
254323559
254323774
254323835
254324198
254324310
254324703
254324816
254325323
254325439
254325609
254325612
254326264
254326295
254326489
254326707
254326769
254327068
254327114
254327198
254327239
254327289
254328041
254328142
254328362
254328402
254328464
254328686
254328808
254328932
254329153
254329241
254329274
254329421
254329448
254329662
254330305
254330597
254330681
254330754
254331038
254331474
254331849
254332069
254332185
254332403
254332513
254333313
254333759
254334338
254334485
254334678
254334835
254334947
254335024
254335088
254335477
254335520
254335526
254335537
254335661
254335735
254335916
254336037
254336074
254336341
254336515
254336763
254337024
254337159
254337192
254337481
254337565
254338160
254338273
254338364
254338414
254338512
254338525
254338683
254338815
254339079
254339083
254339118
254339195
254339233
254339274
254339537
254339846
254339878
254339929
254340016
254340038
254340242
254340293
254340510
254341053
254341112
254341408
254341438
254341481
254341649
254341847
254341848
254341919
254341929
254342016
254342215
254342589
254342679
254342722
254343039
254343202
254343369
254343397
254343581
254343736
254343777
254343858
254343865
254344248
254344346
254344430
254344880
254344965
254345050
254345489
254345745
254345788
254345914
254346180
254346293
254346346
254346722
254346836
254346838
254346987
254347136
254347138
254347236
254347289
254347303
254347304
254348578
254348648
254348718
254348878
254348914
254349040
254349179
254349187
254349229
254349248
254349249
254349256
254349294
254349338
254349471
254349656
254349762
254349806
254350094
254350203
254350226
254350291
254350570
254350745
254351031
254351336
254351466
254351595
254351681
254351721
254351947
254351975
254352034
254352036
254352370
254352804
254352894
254353175
254353227
254353424
254353494
254353915
254353968
254354274
254354317
254354416
254355506
254355544
254355559
254355582
254355957
254356071
254356429
254356452
254356508
254356659
254356672
254356727
254356745
254356824
254357193
254357371
254357688
254357782
254357812
254357946
254358122
254358269
254358356
254358422
254358595
254358776
254358784
254358848
254358967
254359088
254359261
254360154
254360365
254360377
254360664
254360754
254360825
254360960
254361369
254361383
254361728
254361887
254361931
254362453
254362486
254362761
254362820
254362859
254362933
254363054
254363063
254363065
254363160
254363262
254363280
254363345
254363407
254363578
254363673
254363759
254364163
254364234
254364664
254364879
254365150
254365171
254365412
254365489
254365664
254365928
254366093
254366431
254366489
254366491
254366554
254366656
254366907
254367202
254367618
254367884
254368008
254368529
254368802
254368932
254369021
254369091
254369281
254369479
254369734
254369953
254370008
254370127
254370252
254370401
254370635
254371177
254371272
254371643
254371669
254371738
254371945
254371965
254372230
254372620
254372705
254372900
254373132
254373144
254373151
254373258
254373665
254373733
254373872
254373961
254374086
254374602
254374717
254374807
254375287
254375312
254375570
254375592
254375964
254376029
254376326
254376687
254376899
254376990
254377007
254377224
254377609
254377841
254377852
254378087
254378179
254378333
254378428
254378839
254378934
254379199
254379203
254379255
254379376
254379478
254379768
254379805
254380154
254380328
254380581
254380727
254380734
254380738
254381345
254381631
254381801
254382087
254382191
254382404
254382537
254382866
254382958
254383107
254384048
254384441
254384506
254384571
254384644
254384730
254384991
254385249
254385262
254385475
254385535
254385721
254385827
254386162
254386184
254386295
254386381
254386763
254386906
254386917
254386932
254386969
254387093
254387180
254387280
254387375
254387676
254387716
254388018
254388063
254388304
254388361
254388481
254388506
254388667
254388864
254389451
254389508
254389970
254390112
254390269
254390347
254390362
254390448
254390480
254390532
254390596
254390694
254390772
254390866
254391028
254391229
254391276
254391363
254391420
254391715
254391759
254391811
254391910
254391947
254391956
254392085
254392469
254392757
254393074
254393121
254393210
254393386
254393471
254393729
254393826
254394104
254394418
254394486
254394543
254394634
254394687
254394704
254394842
254395490
254395675
254395848
254396045
254396124
254396543
254396564
254396665
254397081
254397084
254397119
254397121
254397124
254397628
254397862
254398161
254398166
254398412
254398462
254398942
254398981
254399117
254399248
254399308
254399324
254399545
254399652
254399697
254399918
254400322
254400748
254400986
254401157
254401292
254401354
254401811
254401838
254402210
254402242
254402345
254402488
254402571
254402610
254402721
254402951
254403026
254403038
254403107
254403160
254403370
254403385
254403654
254403700
254403903
254403964
254404020
254404247
254404566
254404569
254404796
254404957
254405168
254405190
254405328
254405360
254405428
254405639
254405744
254405783
254405850
254406389
254406408
254406586
254407170
254407296
254407384
254407431
254407457
254407464
254407561
254407687
254407692
254407928
254407932
254408254
254408289
254408326
254408374
254408423
254408567
254408661
254408820
254409064
254409086
254409178
254409307
254409369
254409395
254409846
254409893
254409898
254410005
254410137
254410168
254410208
254410432
254410465
254410502
254410787
254410926
254411209
254411279
254411390
254411447
254411467
254411541
254411623
254411791
254412041
254412073
254412511
254412705
254412985
254413080
254413099
254413329
254413358
254413468
254413669
254413901
254414140
254414357
254414712
254414783
254415095
254415906
254416013
254416048
254416384
254416481
254416522
254416595
254416635
254416679
254416881
254416958
254417468
254417475
254417599
254418109
254418144
254418216
254418496
254418504
254418792
254418985
254419016
254419311
254420223
254420399
254420517
254420697
254420746
254420811
254420900
254421110
254421463
254421599
254421664
254422479
254422504
254422593
254422803
254422881
254423089
254423465
254423556
254423576
254423617
254423627
254423649
254423655
254423785
254423862
254423887
254423914
254423971
254424144
254424221
254424240
254424405
254424430
254424513
254424639
254424694
254424808
254424923
254425317
254425334
254425399
254425543
254425559
254425913
254425955
254426137
254426204
254426232
254426272
254426985
254427181
254427339
254427390
254427476
254427796
254427856
254428169
254428405
254428676
254428831
254428993
254429075
254429118
254429293
254429308
254429416
254429503
254429662
254429884
254429922
254430078
254430320
254430430
254430558
254430776
254431151
254431203
254431375
254431466
254431615
254431911
254432017
254432416
254433020
254433299
254433651
254433739
254434067
254434185
254434483
254434839
254435107
254435144
254435378
254435476
254435488
254435710
254435791
254435954
254436051
254436096
254436355
254436482
254436624
254436640
254436799
254436837
254436987
254437039
254437143
254437662
254437768
254438296
254438992
254439034
254439380
254439566
254439668
254439705
254439734
254440053
254440076
254440337
254440344
254440351
254440374
254440749
254440783
254440978
254441076
254441270
254441421
254441509
254441661
254441680
254441834
254441906
254442371
254442600
254442614
254442768
254442789
254442925
254443275
254443430
254443570
254443769
254443784
254443889
254444086
254444113
254444744
254444753
254444779
254444793
254444907
254444925
254444957
254445002
254445187
254445219
254445389
254445817
254445974
254445989
254446563
254446813
254447220
254447231
254447525
254447559
254447745
254448005
254448161
254448278
254448401
254448596
254448761
254448825
254448958
254448989
254449306
254449510
254449824
254449872
254450232
254450322
254450395
254450424
254450469
254450512
254451001
254451649
254451672
254451723
254451892
254451932
254452063
254452066
254452137
254452486
254452647
254452774
254452783
254453001
254453052
254453120
254453159
254453178
254453282
254453774
254454341
254454377
254454382
254454461
254455731
254455989
254456077
254456306
254456436
254456456
254456467
254456531
254457015
254457144
254457165
254457170
254457171
254457200
254457389
254457445
254457594
254457630
254457634
254457780
254457790
254457823
254457940
254457991
254457994
254458070
254458104
254458250
254458327
254458344
254458352
254458430
254458490
254458519
254458581
254458613
254458655
254458663
254458669
254458717
254458973
254459003
254459085
254459168
254459350
254459378
254459638
254459846
254459890
254459922
254459972
254459998
254460098
254460326
254460431
254460578
254460662
254460792
254461086
254461202
254461234
254461274
254461318
254461368
254461792
254462026
254462080
254462395
254462396
254462502
254462628
254462781
254462993
254463135
254463222
254463268
254463548
254464360
254464733
254464849
254464877
254465126
254465270
254465356
254465372
254465661
254465707
254465717
254465782
254465984
254466000
254466169
254466243
254466264
254466334
254466445
254466684
254466721
254466867
254467048
254467068
254467141
254467722
254467785
254467850
254468073
254468299
254468321
254468589
254468690
254468731
254468965
254469484
254469682
254470135
254470334
254470422
254470650
254470894
254471287
254471591
254471625
254471870
254472080
254472232
254472454
254472778
254472982
254473135
254473201
254473336
254473431
254473606
254473906
254473936
254474015
254474098
254474212
254474245
254474950
254475323
254475347
254475413
254475478
254475500
254475638
254475896
254475914
254475918
254476061
254476161
254476288
254476400
254476669
254476691
254476698
254476839
254476875
254477330
254477593
254477819
254477962
254478031
254478144
254478283
254478291
254478316
254478541
254478612
254478726
254478761
254479293
254479319
254479394
254479444
254479495
254479554
254479645
254479682
254479952
254480117
254480336
254480376
254480404
254480440
254480467
254480586
254480694
254480695
254480711
254480777
254480879
254480909
254481253
254481324
254481850
254482079
254482138
254482469
254482535
254482695
254482787
254483327
254483396
254483507
254483642
254483788
254483841
254483979
254484008
254484234
254484390
254484508
254484621
254485111
254485280
254486677
254486838
254486850
254486852
254487042
254487062
254487101
254487408
254487516
254487618
254487891
254487929
254488156
254488334
254488336
254488627
254488767
254489094
254489111
254489324
254489585
254489753
254489833
254489949
254489961
254490050
254490064
254490115
254490397
254490445
254490508
254491041
254491227
254491237
254491247
254491904
254491964
254492080
254492166
254492682
254492714
254492804
254492852
254492878
254493061
254493260
254493508
254493538
254493567
254493743
254493792
254493930
254493940
254494030
254494057
254494578
254494862
254495099
254495271
254495396
254496156
254496170
254496450
254496526
254496542
254496719
254496757
254496762
254496848
254497066
254497452
254497502
254497773
254497790
254497885
254497985
254497999
254498085
254498206
254498294
254498395
254498403
254498523
254498715
254498942
254499127
254499491
254500098
254500765
254500781
254500914
254500962
254501028
254501054
254501708
254501800
254501828
254502219
254502334
254502453
254502691
254502779
254502860
254502979
254503008
254503146
254503164
254503187
254503243
254503263
254503276
254503593
254503601
254504515
254504748
254504793
254504883
254505247
254505255
254505394
254505447
254505616
254505641
254505976
254506078
254506331
254506364
254506805
254506945
254506960
254507080
254507088
254507144
254507377
254507694
254507909
254508052
254508173
254508232
254508520
254508740
254509041
254509054
254509247
254509286
254509292
254509314
254509350
254509675
254509711
254509768
254509833
254509848
254510042
254510179
254510370
254510515
254510639
254510735
254510903
254510908
254511040
254511108
254511185
254511247
254511364
254511428
254511455
254511871
254511873
254511890
254512011
254512331
254512432
254512584
254512591
254512819
254512931
254513003
254513194
254513257
254513491
254513878
254513940
254514437
254514529
254515257
254517564
254517778
254517805
254517980
254518089
254518190
254518265
254518309
254518327
254518455
254518545
254518761
254518863
254519014
254519038
254519042
254519106
254519504
254519526
254519608
254519628
254519679
254519689
254519859
254520131
254520537
254520561
254520676
254520818
254521173
254521307
254521327
254521399
254521407
254521468
254521505
254521716
254521772
254522016
254522107
254522124
254522698
254522765
254522786
254522848
254523399
254523440
254523782
254523852
254524047
254524126
254524647
254524686
254524833
254524938
254525191
254525253
254525341
254525547
254525566
254526086
254526349
254526645
254526740
254526787
254526841
254526983
254527002
254527047
254527064
254527093
254527113
254527214
254527307
254527676
254527757
254528046
254528415
254528583
254528593
254528605
254528698
254529203
254529389
254529855
254530244
254530252
254530287
254530548
254530696
254530706
254531089
254531309
254531387
254531447
254531646
254531675
254532728
254533330
254533396
254533549
254533726
254533776
254534319
254534664
254535463
254535663
254535714
254535796
254535871
254535935
254535970
254535971
254536116
254536445
254536549
254536636
254536887
254537009
254537327
254537432
254537456
254537590
254537702
254537771
254537795
254537959
254538279
254538721
254538802
254538987
254539034
254539096
254539288
254539455
254539520
254539574
254539591
254539650
254539795
254540319
254540354
254540405
254540958
254540971
254540987
254541205
254541285
254541379
254541634
254541700
254541901
254541973
254542038
254542061
254542437
254542531
254542559
254542738
254542835
254542848
254543436
254543471
254543865
254544135
254544190
254544216
254544280
254544281
254544399
254544448
254544792
254545240
254545949
254546466
254546825
254546956
254547207
254547889
254547903
254548220
254548334
254548349
254548449
254548483
254548509
254548598
254548655
254549315
254549644
254549682
254549802
254549862
254550013
254550246
254551079
254551553
254551601
254551747
254551843
254551957
254552192
254552443
254552529
254553222
254553404
254553573
254553869
254554065
254554072
254554282
254555186
254555378
254555390
254555722
254555776
254555800
254556313
254556548
254556568
254556641
254556710
254556819
254557004
254557160
254557597
254557909
254558287
254558374
254558529
254558657
254558773
254559105
254559378
254559595
254559691
254559834
254560057
254560183
254560240
254560308
254561199
254561437
254561999
254562124
254562157
254562190
254562380
254562443
254562479
254563206
254563337
254563730
254563817
254563840
254563876
254563942
254563981
254564058
254564119
254564190
254564678
254565208
254565333
254565343
254565365
254565459
254565726
254565987
254566063
254566106
254566603
254567006
254567019
254567020
254567375
254567734
254568047
254568369
254568578
254568884
254569165
254569614
254569781
254569802
254569956
254570091
254570145
254570190
254570201
254570541
254570586
254570922
254571167
254571179
254571213
254571260
254572046
254572219
254572453
254573101
254573155
254573199
254573209
254573298
254573421
254573534
254573539
254573577
254573631
254573646
254573943
254574170
254574256
254574485
254574648
254574757
254574839
254574876
254574885
254575243
254575542
254575602
254575643
254576521
254576570
254576928
254577537
254577673
254577815
254577906
254577955
254578003
254578329
254578371
254578759
254578871
254578883
254578898
254578925
254579144
254579222
254579286
254579473
254579518
254579564
254579677
254579704
254580145
254580278
254580496
254580599
254580691
254580812
254580900
254580998
254581024
254581369
254581371
254581443
254581484
254581652
254581759
254582139
254582370
254583054
254583098
254583113
254583485
254583614
254583773
254583870
254583954
254584100
254584209
254584530
254584572
254584788
254584970
254585222
254585954
254586040
254586609
254586744
254587503
254587543
254587579
254587717
254587836
254588360
254588536
254588582
254589136
254589215
254589362
254589600
254590043
254590961
254591438
254591557
254591636
254591666
254592210
254592294
254592379
254592483
254592615
254592641
254592698
254592774
254592840
254592903
254593172
254593209
254593298
254594440
254594805
254595436
254595869
254596112
254596514
254596706
254596786
254596812
254596925
254596978
254597228
254597265
254597562
254598048
254598064
254598316
254598491
254598826
254599065
254599216
254599311
254599538
254599565
254599770
254600030
254600412
254600567
254600774
254601262
254601403
254601493
254601764
254601790
254601897
254601906
254601915
254602015
254602140
254602602
254602876
254602958
254602993
254603299
254603389
254603424
254603443
254603905
254604365
254604632
254604818
254604845
254604909
254604996
254605349
254605664
254605742
254605941
254606082
254606086
254606273
254606332
254606740
254607547
254607561
254607656
254607666
254607706
254607922
254607968
254608036
254608304
254608334
254608352
254608614
254608774
254609111
254609122
254609471
254609673
254610163
254610242
254610249
254610319
254610431
254610438
254610616
254610619
254610692
254610959
254611186
254611228
254611391
254611640
254611871
254611923
254612108
254612309
254612347
254612412
254613305
254613382
254613428
254613510
254613681
254614172
254614399
254614482
254615389
254615543
254615749
254615803
254616153
254616721
254616842
254616971
254616979
254617251
254617317
254617389
254617413
254617729
254617833
254617947
254618430
254618648
254619095
254619097
254619295
254619334
254619825
254619986
254620116
254620140
254620150
254620245
254620262
254620288
254621001
254621118
254621176
254621201
254621297
254621483
254621637
254621787
254621816
254622387
254622456
254622562
254622603
254623094
254623289
254623596
254623660
254623816
254623972
254624189
254624531
254624977
254625212
254625678
254625844
254626015
254626090
254626258
254626272
254626338
254626525
254626714
254626756
254626869
254627006
254627098
254627147
254627419
254627421
254627646
254627758
254628149
254628339
254628417
254628716
254628724
254629026
254629477
254629517
254629558
254630145
254630706
254631082
254631482
254631609
254631995
254632102
254632123
254632168
254632347
254632726
254633227
254633241
254633308
254633647
254633656
254633770
254633776
254633946
254634364
254634566
254634783
254634847
254635197
254635451
254636097
254636115
254636140
254636262
254636272
254636351
254636700
254636917
254637029
254637130
254637637
254637653
254637872
254637924
254638031
254639433
254640253
254640483
254640714
254640726
254640974
254641512
254641528
254641649
254641708
254641798
254641817
254641981
254642178
254642338
254642446
254642513
254642583
254642776
254642800
254642843
254642856
254643153
254643287
254643381
254643404
254643674
254643679
254644069
254644185
254644348
254644377
254644387
254644408
254644571
254645156
254645281
254645299
254645675
254645710
254645730
254646081
254646179
254646257
254646284
254646308
254646369
254646383
254646508
254646580
254646588
254646592
254646625
254646944
254647019
254647023
254647027
254647114
254647167
254647268
254647384
254647468
254647494
254647690
254647783
254648007
254648150
254648170
254648391
254648393
254648522
254648532
254648651
254648834
254648951
254648957
254648982
254648989
254649036
254649075
254649295
254649478
254649519
254649561
254649639
254649658
254649841
254649873
254650097
254650115
254650310
254650737
254650993
254651167
254651374
254651401
254651524
254651820
254652092
254652173
254652729
254652819
254652849
254652895
254652908
254652987
254653335
254653494
254653534
254653570
254653701
254654242
254654350
254654355
254654510
254655246
254655305
254655475
254655626
254656528
254656886
254656929
254656989
254657046
254657238
254657264
254657440
254657703
254657837
254657890
254658209
254658522
254658833
254658846
254658872
254659050
254659192
254659513
254659787
254659867
254659893
254659917
254660012
254660237
254660244
254660350
254660411
254660811
254660825
254661298
254662005
254662390
254662615
254662786
254662984
254663104
254663290
254663435
254663777
254663967
254664031
254664042
254664050
254664122
254664171
254664248
254664361
254664491
254664605
254664871
254665041
254665111
254665188
254665211
254665325
254665471
254665664
254665724
254665760
254665976
254666183
254666888
254666922
254666926
254667480
254668193
254668280
254670573
254670642
254670715
254670782
254670840
254670885
254670998
254671076
254671079
254671124
254671294
254671337
254671362
254671718
254671872
254671945
254672025
254672056
254672077
254672232
254672276
254672652
254672734
254672803
254672830
254672921
254673079
254673119
254673153
254673325
254673536
254673653
254673727
254673925
254673987
254674156
254674201
254674410
254674442
254674728
254674756
254675198
254675588
254675787
254676032
254676192
254676193
254676302
254676438
254676825
254676910
254676914
254677075
254677120
254677234
254677406
254677458
254677522
254677581
254677764
254677826
254677845
254678132
254678397
254678687
254678691
254678929
254679029
254679052
254679106
254679170
254679611
254679742
254679874
254680166
254680261
254680313
254680883
254680898
254680926
254681046
254681192
254681542
254681575
254681773
254682314
254682323
254682471
254682522
254683010
254683142
254683268
254683531
254683607
254683778
254684399
254684523
254684792
254685097
254685139
254685574
254685719
254685909
254685965
254686089
254687077
254687225
254687362
254688114
254688139
254688158
254688299
254688578
254688718
254689069
254689235
254689574
254689584
254689835
254689962
254690081
254690330
254690386
254690387
254690431
254690700
254690875
254690891
254690893
254690957
254690989
254691226
254691228
254691244
254691569
254691684
254691713
254691792
254691877
254691893
254692223
254692232
254692260
254692422
254692464
254692493
254692968
254693157
254694201
254694298
254694330
254694434
254694621
254694700
254695082
254695084
254695272
254695288
254695378
254695395
254695514
254695590
254695703
254695758
254695883
254696348
254696507
254696565
254696675
254696755
254697048
254697069
254697282
254697907
254698843
254699066
254699482
254699534
254699670
254699917
254699958
254701903
254701912
254702042
254702079
254702081
254702126
254702395
254702658
254702781
254703043
254703506
254703593
254703782
254703909
254703975
254704074
254704209
254704386
254704409
254704681
254704897
254705124
254705145
254705228
254705643
254705668
254705680
254705767
254705908
254705964
254705973
254706154
254706239
254706304
254706395
254706761
254707262
254707409
254707619
254708030
254708031
254708223
254708319
254708479
254708509
254708567
254708686
254708708
254708724
254708816
254708922
254709013
254709112
254709198
254709244
254710057
254710158
254710480
254710848
254711283
254711482
254711591
254711618
254712521
254712862
254713241
254713251
254713604
254713622
254713648
254713944
254714002
254714061
254714106
254714183
254714404
254714645
254715067
254715215
254715656
254715678
254715736
254715822
254715849
254715885
254716155
254716436
254716706
254716862
254717234
254717781
254717924
254718527
254718851
254718874
254719007
254719995
254720091
254720265
254720332
254720613
254720692
254720997
254721372
254721676
254721752
254721901
254722004
254722017
254722054
254722436
254722473
254722620
254722796
254722819
254722958
254723227
254723359
254723434
254723912
254723917
254723991
254724132
254724335
254724501
254724997
254725587
254725996
254726123
254726360
254726662
254726810
254726890
254726945
254727207
254727287
254727420
254727469
254727565
254727671
254727867
254727876
254728216
254728247
254728277
254728524
254728565
254728619
254729236
254730161
254731261
254731262
254732045
254732275
254732283
254732595
254732658
254732724
254732992
254733041
254733229
254733635
254733910
254734305
254734393
254734927
254735020
254735088
254735448
254735465
254735916
254736199
254736265
254736300
254736313
254736446
254736682
254736736
254736760
254736974
254737005
254737211
254737653
254737760
254737761
254737787
254737853
254738168
254738179
254738222
254738822
254738891
254738970
254739216
254739489
254739794
254739844
254739880
254740299
254740344
254740434
254740465
254741030
254741048
254741151
254741605
254741667
254741680
254741693
254742015
254742043
254742044
254742049
254742100
254742399
254742804
254743570
254743698
254743814
254743892
254743912
254743915
254744302
254744416
254744421
254745468
254745691
254745839
254746287
254746318
254746358
254746433
254746576
254746862
254747066
254747110
254747408
254747456
254747787
254747834
254748006
254748011
254748030
254748245
254748337
254748755
254749050
254749066
254749070
254749266
254749335
254749369
254749395
254749489
254749973
254749976
254750484
254750500
254750787
254750890
254751449
254751543
254751618
254751681
254751689
254751769
254751794
254752150
254752549
254752585
254752587
254752967
254753053
254753431
254753750
254754085
254754087
254754193
254754484
254754649
254754862
254754929
254755352
254755406
254755745
254755917
254756205
254756484
254756487
254756559
254756634
254756853
254756880
254757747
254757854
254758298
254758317
254758465
254758680
254759037
254759507
254759621
254760049
254760123
254760153
254760177
254760266
254760621
254760697
254761089
254761705
254761824
254761919
254761998
254762387
254762714
254762803
254762976
254763053
254763126
254763254
254763490
254763596
254763684
254763790
254763871
254763965
254764352
254764473
254764650
254764781
254764966
254765015
254765276
254765308
254765368
254765744
254765805
254765987
254766235
254766414
254766732
254766997
254767093
254767165
254767315
254767395
254767400
254767516
254767638
254768165
254768217
254768461
254768534
254769061
254769202
254769230
254769697
254769859
254770220
254770222
254770246
254770353
254770397
254770757
254770759
254770816
254770880
254770960
254770992
254771163
254771444
254772240
254772298
254772545
254772605
254772697
254772843
254772895
254772975
254773114
254773432
254773506
254773665
254773842
254774227
254774791
254774967
254775166
254775548
254775828
254775846
254775848
254775965
254776089
254776122
254776223
254776457
254776864
254777001
254777200
254777633
254777727
254777767
254777998
254778625
254778733
254778820
254778923
254779037
254779127
254779348
254779532
254779877
254780301
254780431
254780553
254780634
254780648
254780963
254781012
254781200
254781219
254781406
254781438
254781463
254781646
254781659
254782225
254782255
254782397
254782414
254782554
254782878
254783002
254783071
254783282
254783769
254785266
254785294
254785449
254785847
254786179
254786319
254786335
254786414
254786476
254787243
254787292
254787336
254787662
254787722
254787999
254788022
254788101
254788394
254788491
254788790
254788830
254789243
254789337
254789486
254789816
254789856
254790274
254790289
254790372
254790393
254790451
254790452
254790984
254791329
254791364
254791432
254791547
254791659
254791810
254792390
254792403
254792431
254792528
254792862
254792913
254793037
254793133
254793174
254793300
254793315
254793325
254794310
254794461
254794603
254794892
254794925
254794999
254795026
254795091
254795108
254795119
254795240
254795246
254795442
254795723
254795984
254796112
254796201
254796240
254796488
254796665
254796690
254796765
254796792
254796842
254796847
254797244
254797357
254797409
254797622
254797750
254797880
254797970
254797987
254798480
254798736
254798782
254799437
254799794
254799946
254800165
254800220
254800391
254800482
254800502
254800513
254800613
254800671
254800843
254801171
254801665
254801713
254801806
254801889
254802301
254802311
254802316
254802436
254802474
254802524
254802733
254802788
254802922
254803391
254803535
254803670
254803754
254803793
254804000
254804035
254804346
254804421
254804438
254804698
254804707
254804832
254804864
254805121
254805357
254805475
254805513
254805537
254805558
254805723
254805798
254806306
254806578
254807170
254807277
254807358
254807801
254807980
254808258
254808260
254808741
254808791
254808930
254808961
254809042
254809246
254809351
254809557
254809607
254809665
254809733
254809821
254809872
254809956
254810266
254810424
254810463
254810501
254810650
254810672
254810691
254810959
254811002
254811167
254811415
254811446
254811469
254811513
254811681
254811796
254811925
254811963
254812105
254812221
254812817
254812985
254812997
254813004
254813407
254813641
254813675
254813877
254814088
254814188
254814213
254814450
254814973
254815388
254815560
254815761
254815806
254816114
254816466
254816547
254816757
254817254
254817685
254817791
254818028
254818116
254818135
254818181
254818210
254818421
254818580
254818600
254818685
254818699
254819209
254819477
254819494
254819559
254819839
254820062
254820115
254820318
254820492
254820693
254820738
254820779
254820795
254821005
254821011
254821331
254821578
254821673
254821869
254821913
254822015
254822116
254822347
254822350
254822668
254822669
254822766
254822774
254822840
254822907
254822958
254823093
254823264
254823274
254823413
254823467
254823633
254824298
254824575
254825094
254825509
254825577
254825728
254825739
254825798
254826579
254826614
254826690
254826774
254826793
254826814
254826904
254827243
254827255
254827256
254827456
254827597
254827607
254827621
254827634
254827635
254828011
254828186
254828311
254828362
254828401
254828412
254828511
254828516
254828818
254828834
254829210
254829260
254829474
254829578
254830157
254830699
254830889
254830973
254830988
254831037
254831091
254831103
254831115
254831116
254831478
254831537
254831726
254831736
254831899
254831976
254832264
254832318
254832451
254832603
254832629
254832645
254832701
254833314
254834256
254834301
254834439
254834735
254834845
254834947
254834949
254835043
254835179
254835333
254835453
254835685
254835788
254836348
254836595
254836611
254836724
254836904
254836982
254837246
254837263
254837325
254837408
254837478
254837678
254837690
254837734
254837784
254837899
254837911
254838120
254838688
254838863
254838991
254839093
254839410
254839417
254839814
254839886
254839887
254840013
254840140
254840623
254840985
254841405
254842726
254842824
254843448
254843645
254843703
254844096
254844245
254844349
254845194
254845363
254845398
254845584
254845738
254845769
254845955
254845960
254845967
254846005
254846109
254846135
254846157
254846181
254846266
254846372
254846581
254846670
254847227
254847284
254847343
254847439
254847468
254847669
254848257
254848491
254848555
254848631
254848826
254849225
254849280
254849369
254849448
254849464
254849975
254850045
254850129
254850141
254850323
254850399
254850556
254850656
254850767
254850778
254850985
254851141
254851187
254851300
254851348
254851430
254851461
254851490
254851868
254851927
254851996
254852052
254852237
254852500
254852813
254853218
254853639
254853711
254853992
254854371
254856070
254856630
254857785
254857966
254858043
254858392
254858452
254858483
254858546
254858883
254859077
254859284
254859621
254859866
254860292
254860528
254860579
254861197
254861690
254862794
254862932
254863308
254863760
254864173
254864283
254864645
254864814
254865464
254865596
254865667
254865862
254866005
254866268
254866291
254866574
254866696
254866718
254866798
254866847
254867297
254867534
254867720
254868064
254868123
254868511
254868528
254868698
254868724
254868739
254869297
254869428
254869742
254869954
254870234
254871352
254871367
254871922
254874051
254874511
254874587
254874631
254874851
254875015
254875119
254875504
254875586
254875843
254876727
254876789
254876830
254876969
254877302
254877597
254877901
254878045
254878166
254878379
254878513
254878557
254878734
254878847
254878891
254879086
254879892
254880100
254880267
254880288
254880412
254880605
254880644
254880686
254880960
254881241
254881454
254881463
254881758
254881805
254881936
254881943
254881961
254882412
254882454
254882692
254883031
254883123
254883677
254883756
254883941
254884067
254884086
254885274
254885291
254885534
254885952
254886574
254888416
254888644
254888665
254889017
254889060
254889160
254889441
254889610
254889739
254889753
254890006
254890133
254890288
254890329
254890742
254890962
254891110
254891208
254891300
254891418
254891676
254891829
254892055
254892303
254893357
254893761
254893897
254894037
254894153
254894203
254894563
254894580
254894671
254894749
254894845
254894862
254894996
254895020
254895288
254896311
254896815
254897362
254898622
254899039
254900108
254900700
254900732
254901068
254902029
254902367
254902374
254902525
254902701
254903100
254903288
254903695
254903711
254904890
254905319
254905883
254906199
254906313
254906657
254907233
254907385
254908622
254908634
254908731
254908798
254909533
254910662
254911142
254911261
254912119
254912884
254912970
254912974
254913009
254913106
254913228
254913786
254913814
254913996
254914270
254914398
254914557
254914647
254914837
254914936
254915466
254915774
254915832
254917866
254918438
254918529
254918678
254919093
254919211
254919228
254919354
254919368
254919621
254919886
254919917
254919928
254920066
254920513
254920580
254920635
254920914
254921030
254921114
254921137
254921355
254921383
254921415
254921530
254921908
254922298
254922711
254922738
254922747
254923045
254923148
254923688
254924415
254924735
254924766
254924795
254924962
254925176
254925304
254925329
254925351
254925441
254925546
254925619
254925720
254925746
254925846
254925933
254926083
254926200
254926279
254926310
254926524
254926573
254926738
254926836
254926851
254927133
254927254
254927775
254927956
254928011
254928020
254928161
254928266
254928646
254928724
254928910
254929012
254929026
254929065
254929077
254929392
254929787
254929957
254930132
254930163
254930523
254930731
254930879
254931156
254931255
254931419
254931426
254931785
254931821
254931898
254932090
254932174
254932366
254932759
254933160
254933644
254934155
254934255
254935120
254935730
254936077
254936792
254937068
254937108
254937287
254937294
254937301
254937374
254937417
254937674
254937743
254937891
254938224
254938275
254938728
254938833
254938854
254938874
254939026
254939051
254939060
254939183
254939540
254939789
254939973
254940058
254940409
254940474
254940492
254940603
254940966
254940993
254941062
254941322
254941481
254941600
254941606
254941722
254941740
254941803
254941907
254942064
254942449
254942542
254942920
254942927
254943077
254943246
254943493
254943622
254943831
254943875
254943876
254943917
254943933
254944129
254944168
254944300
254944341
254944367
254944517
254944549
254944708
254944858
254944924
254944961
254945007
254945295
254945333
254945368
254945438
254945500
254945504
254945793
254945881
254946101
254946125
254946332
254946364
254946481
254946703
254947457
254948105
254948650
254948865
254949502
254949607
254949615
254949675
254949692
254949803
254950081
254950324
254950391
254950433
254950603
254950777
254950917
254951034
254951098
254951113
254951248
254951587
254951790
254951842
254951984
254952125
254952360
254952448
254952555
254952981
254953110
254953182
254953317
254953669
254953736
254953910
254954105
254954125
254954285
254954451
254954501
254954525
254954819
254954947
254955047
254955432
254955918
254956358
254956473
254956662
254956727
254956833
254956994
254957074
254957377
254957453
254957473
254957523
254957854
254958129
254958142
254958190
254958270
254958384
254959002
254959029
254959129
254959137
254959212
254959213
254959266
254959744
254959940
254960163
254960192
254960285
254960316
254960361
254960381
254960659
254960720
254960798
254961418
254961443
254961955
254962100
254962534
254962582
254962640
254962658
254962692
254962736
254963267
254963448
254963728
254963731
254963754
254963811
254963863
254963973
254964124
254964151
254964354
254964393
254964702
254964760
254965062
254965128
254965178
254965188
254965250
254965252
254965378
254965415
254965469
254965487
254965625
254965682
254965735
254965948
254966044
254966302
254966329
254966375
254966545
254966983
254967021
254967308
254967664
254967666
254967677
254967703
254967869
254968351
254968649
254968743
254968777
254969584
254969625
254969686
254969877
254970146
254970322
254970658
254970700
254971212
254971256
254971275
254971412
254971579
254971739
254971790
254971954
254972011
254972097
254972312
254972328
254972451
254972521
254972611
254972664
254972994
254973037
254973126
254973168
254973335
254973457
254973461
254973487
254973506
254973846
254974105
254974296
254974357
254974694
254975006
254975080
254975151
254975220
254975317
254975344
254975407
254975416
254975492
254975551
254975940
254976090
254976282
254976388
254976393
254976402
254976551
254976700
254976729
254977084
254977225
254977423
254977533
254977594
254977662
254977801
254977972
254978027
254978040
254978339
254978462
254978551
254978571
254978713
254978971
254979182
254979402
254979405
254979412
254979615
254979922
254980095
254980149
254980415
254980678
254980719
254980785
254980909
254981237
254981266
254981629
254981839
254982078
254982283
254982469
254982509
254982675
254982813
254982814
254983091
254983115
254983397
254983440
254983895
254983900
254983930
254984052
254984198
254984248
254984255
254984257
254984454
254984557
254985148
254985222
254985432
254985443
254985711
254985930
254985952
254986251
254986556
254986876
254987029
254987244
254987256
254987264
254988124
254988221
254988490
254988587
254988634
254988654
254988862
254989053
254989359
254989393
254989591
254989605
254990074
254990175
254990294
254990406
254990470
254990507
254990556
254990641
254990691
254990909
254990976
254991055
254991084
254991302
254991383
254991523
254991550
254991676
254991881
254991898
254991930
254992084
254992092
254992324
254992325
254992513
254992922
254993273
254993499
254993766
254993806
254994139
254994404
254994515
254994738
254995104
254995189
254995288
254995310
254995502
254996047
254996212
254996395
254996674
254996862
254996906
254996997
254997390
254997936
254998316
254998448
254998517
254999025
254999288
254999291
254999407
254999667
254999678
255000093
255000108
255000384
255000409
255000680
255000964
255001303
255001316
255001348
255001464
255001710
255002138
255002143
255002444
255002596
255002772
255002810
255002819
255003011
255003412
255003469
255003943
255004065
255004068
255004272
255004276
255004441
255004490
255004607
255004750
255004774
255005331
255005433
255005436
255005539
255005577
255005802
255006424
255006956
255007230
255007518
255007532
255007685
255007858
255007937
255008081
255008096
255008140
255008459
255008475
255008685
255009065
255009733
255010173
255010252
255010345
255010804
255010837
255010978
255011047
255011071
255011140
255011280
255011297
255011403
255011460
255011489
255011714
255011850
255011955
255012036
255012108
255012139
255012177
255012300
255012341
255012347
255012387
255012451
255012717
255012800
255012898
255013050
255013084
255013129
255013251
255013309
255013417
255013440
255013670
255013811
255014115
255014615
255014621
255014807
255015027
255015185
255015336
255015513
255015541
255015644
255015665
255015705
255015830
255015991
255016090
255016380
255016430
255016436
255016471
255016635
255016743
255016762
255016821
255016989
255017048
255017119
255017418
255017545
255017700
255017812
255017957
255018222
255018255
255018271
255018317
255018465
255018540
255018668
255018720
255018737
255018769
255018944
255018965
255019002
255019212
255019250
255019348
255019409
255019430
255019456
255019813
255020033
255020083
255020107
255020255
255020332
255020356
255020705
255020737
255020797
255021162
255021336
255021428
255021437
255021710
255021759
255021869
255021996
255022054
255022148
255022154
255022199
255022323
255022827
255023737
255023767
255023953
255024622
255024838
255024904
255025444
255025590
255025823
255026275
255026508
255027016
255027109
255027129
255027282
255027318
255027946
255028129
255028352
255028871
255029010
255029219
255029390
255029410
255029524
255029648
255029685
255029879
255029897
255030254
255030315
255030471
255030517
255031213
255031417
255031604
255031679
255031876
255031947
255031965
255032132
255032222
255032554
255032612
255032935
255033024
255033274
255033330
255033372
255033440
255033493
255033704
255033717
255033763
255033802
255033991
255034181
255034604
255034619
255034730
255034733
255034744
255034817
255035008
255035021
255035132
255035220
255035251
255035315
255035553
255036015
255036159
255036393
255036749
255036784
255036872
255037493
255037559
255037601
255037613
255037634
255037749
255037954
255039012
255039507
255040572
255040643
255040679
255040742
255040764
255040930
255040983
255041036
255041039
255041091
255041097
255041175
255041223
255041306
255041408
255041461
255041519
255041544
255041740
255041810
255041899
255041901
255041957
255041997
255042007
255042026
255042078
255042108
255042130
255042155
255042216
255042538
255042579
255042659
255042878
255042886
255042992
255043004
255043078
255043522
255043592
255043760
255043882
255043896
255043908
255043965
255044222
255044237
255044307
255044368
255044414
255044452
255044455
255044475
255044522
255044560
255044602
255044691
255044732
255045051
255045294
255045476
255045739
255045889
255045972
255046065
255046148
255046327
255046462
255046483
255046574
255046651
255046818
255046834
255046936
255047002
255047100
255047124
255047296
255047390
255047405
255047425
255047473
255047687
255047723
255047790
255047818
255047831
255048012
255048125
255048127
255048370
255048407
255048451
255048878
255048990
255049156
255049244
255049267
255049300
255049413
255049607
255049701
255049893
255049915
255049941
255049981
255050107
255050124
255050280
255050330
255050393
255050617
255050688
255050793
255050849
255050981
255051125
255051153
255051492
255051686
255051813
255051910
255051974
255052060
255052150
255052251
255052382
255052421
255052458
255052468
255052669
255052784
255052828
255052920
255052978
255053112
255053184
255053258
255053396
255053447
255053451
255053461
255053561
255053596
255053791
255053792
255053857
255054036
255054056
255054339
255054727
255054844
255055123
255055285
255055303
255055487
255055609
255056248
255056341
255056417
255056591
255056605
255056764
255056892
255057800
255058181
255058269
255058530
255058880
255059128
255059207
255059425
255059639
255059804
255060087
255060102
255060335
255060413
255060423
255060541
255060588
255060835
255060881
255060919
255061132
255061187
255061201
255061320
255061401
255061412
255061563
255061685
255061796
255061822
255062007
255062140
255062222
255062474
255062907
255063438
255063483
255063818
255064186
255064315
255064323
255064358
255064472
255064596
255064633
255064666
255064759
255064839
255065008
255065076
255065133
255065468
255065691
255065816
255065880
255065902
255065959
255065975
255065995
255066244
255066298
255066325
255066348
255066457
255066483
255066519
255066592
255066601
255066745
255067097
255067106
255067173
255067369
255067392
255067423
255067557
255067679
255067764
255067870
255068097
255068305
255068398
255068886
255069523
255069563
255069618
255069915
255070303
255071120
255071573
255071689
255071915
255072268
255072434
255072826
255072922
255073161
255073282
255073502
255073527
255073697
255073756
255073836
255073910
255074000
255074065
255074084
255074158
255074208
255074216
255074794
255074844
255075055
255075388
255075486
255075487
255075499
255075563
255075602
255075622
255075747
255075814
255075836
255076083
255076230
255076292
255076589
255076924
255077072
255077094
255077122
255077152
255077192
255077241
255077267
255077427
255077564
255077630
255077843
255077920
255077967
255078037
255078059
255078134
255078164
255078246
255078252
255078282
255078311
255078513
255078620
255078642
255078764
255079079
255079402
255079581
255079830
255079859
255080078
255080106
255080116
255080280
255080589
255080615
255080633
255080759
255080898
255081378
255081393
255081630
255081667
255081721
255081911
255082066
255082485
255082627
255082997
255083083
255083119
255083308
255083314
255083325
255083332
255083357
255083454
255083532
255083615
255083673
255083895
255083933
255084008
255084093
255084177
255084551
255085305
255085322
255085395
255085881
255085984
255086224
255086261
255086324
255086550
255086591
255086638
255087003
255087501
255087830
255087974
255088013
255088481
255088692
255088965
255089066
255089176
255089191
255089262
255089573
255089612
255089943
255089951
255090013
255090085
255090195
255090248
255090526
255091085
255091153
255091440
255091487
255091534
255091577
255091639
255091674
255091724
255091840
255092029
255092135
255092195
255092546
255092574
255092591
255092625
255092782
255092839
255093274
255093370
255093425
255093436
255093545
255093661
255093762
255093892
255093955
255094164
255094304
255094324
255094396
255094410
255094471
255094705
255094786
255094852
255094927
255094944
255094971
255094999
255095171
255095230
255095390
255095532
255096088
255096122
255096180
255096231
255096256
255096338
255096530
255096754
255096896
255097006
255097008
255097063
255097087
255097253
255097280
255097369
255097399
255097476
255097784
255098280
255098899
255098984
255099161
255100349
255100932
255101574
255101826
255101905
255101969
255101996
255102022
255102063
255102071
255102127
255102292
255102401
255102428
255102680
255102727
255102845
255102955
255102985
255103018
255103065
255103207
255103264
255103281
255103357
255103633
255103774
255103909
255103938
255103946
255103990
255104109
255104123
255104137
255104175
255104200
255104228
255104255
255104277
255104398
255104453
255104636
255104846
255105105
255105150
255105172
255105475
255105476
255105548
255105699
255105774
255105832
255105867
255105928
255105977
255106154
255106333
255106698
255106824
255106884
255106885
255107025
255107097
255107121
255107180
255107637
255107718
255107724
255107781
255108043
255108074
255108147
255108204
255108205
255108324
255108361
255108428
255108523
255108681
255108683
255108692
255108729
255109025
255109035
255109223
255109489
255109689
255109958
255110160
255110205
255110398
255110545
255110553
255110885
255110995
255111021
255111117
255111129
255111137
255111296
255111326
255111668
255111746
255111771
255112044
255112333
255112378
255112573
255112641
255113003
255113070
255113303
255113460
255113495
255113704
255113721
255113842
255113868
255113936
255114481
255114511
255114574
255114576
255114905
255114946
255114979
255115343
255115456
255115897
255116133
255116302
255116427
255116683
255116766
255116808
255117074
255117097
255117254
255117528
255117628
255118114
255118553
255118968
255119021
255120121
255120279
255120414
255120821
255121156
255121405
255121440
255121448
255121861
255121989
255122085
255122304
255122361
255122568
255122667
255122813
255122831
255122885
255122963
255123279
255123436
255123475
255123487
255123522
255123639
255123658
255123825
255123836
255123874
255124271
255124553
255124769
255124781
255124935
255124956
255125090
255125308
255125428
255125560
255125607
255125791
255125973
255126025
255126080
255126327
255126347
255126355
255126356
255126414
255126682
255126751
255127024
255127030
255127129
255127130
255127263
255127344
255127503
255127537
255127611
255127618
255127632
255127757
255127764
255127791
255127974
255127978
255128015
255128016
255128133
255128134
255128196
255128236
255128334
255128433
255128601
255128608
255128811
255128997
255129255
255129392
255129456
255130190
255130203
255130688
255131583
255132763
255132770
255132929
255132948
255133050
255133124
255133125
255133348
255133512
255133576
255133702
255133805
255133838
255134089
255134102
255134366
255134403
255134416
255135014
255135244
255135324
255135388
255135410
255135414
255135426
255135491
255135658
255135662
255135775
255135901
255135950
255136023
255136103
255136200
255136402
255136590
255136716
255136717
255136779
255136882
255137057
255137062
255137084
255137170
255137407
255137418
255137523
255137563
255137589
255137903
255138054
255138152
255138228
255138574
255138868
255139017
255139063
255139141
255139184
255139377
255139472
255139546
255139556
255139567
255139607
255139648
255139764
255140134
255140403
255140602
255140646
255140884
255141013
255141290
255141401
255141414
255141453
255141575
255141596
255141739
255142232
255142260
255142335
255142417
255142450
255142491
255142757
255142934
255143086
255143579
255144153
255144595
255144767
255144850
255144926
255144959
255145007
255145087
255145214
255145326
255145740
255146012
255146114
255146171
255146948
255147015
255147385
255147410
255147791
255148044
255148596
255148717
255149218
255149332
255149379
255149672
255149776
255149881
255150062
255150081
255150116
255150426
255150449
255150831
255150983
255151217
255151492
255151717
255151812
255152103
255152372
255152589
255152696
255152738
255152825
255152884
255152959
255153008
255153252
255153356
255153635
255153653
255153827
255153974
255154069
255154324
255154360
255154394
255154531
255154680
255154712
255154838
255154915
255154992
255155043
255155240
255155259
255155355
255155587
255155621
255155752
255155966
255156033
255156049
255156305
255156349
255156389
255156397
255156642
255156930
255157062
255157148
255157395
255157401
255157636
255157910
255157921
255157943
255157981
255158098
255158119
255158181
255158196
255158203
255158326
255158378
255158612
255158632
255158811
255159009
255159300
255159522
255159565
255159716
255159932
255160426
255160641
255161145
255161197
255161800
255161943
255162751
255162934
255162981
255163494
255163550
255163579
255163878
255163895
255164306
255164332
255164635
255165165
255165201
255165242
255165422
255165436
255165576
255165705
255165858
255165917
255166037
255166203
255166286
255166335
255166494
255166901
255166927
255167010
255167018
255167038
255167130
255167381
255167394
255167617
255167924
255168180
255168584
255168642
255169004
255169162
255169227
255169359
255169482
255169673
255170003
255170196
255170412
255170614
255170845
255171018
255171175
255171578
255171592
255171929
255171930
255171951
255172207
255172211
255172273
255172366
255172440
255172474
255172654
255172791
255173182
255173260
255173345
255173358
255173583
255173784
255173796
255173834
255174111
255174128
255174190
255174427
255174493
255174651
255174656
255174719
255174746
255174835
255174900
255174986
255175225
255175478
255175603
255175675
255175756
255175817
255176113
255176119
255176337
255176563
255176903
255177095
255177274
255177424
255177511
255177669
255177987
255178002
255178073
255178135
255178349
255178769
255179017
255179053
255179092
255179208
255179279
255179454
255179479
255179498
255179766
255179789
255179876
255180103
255180242
255180274
255180659
255181013
255181041
255181163
255181176
255181418
255181471
255181504
255181595
255181617
255181718
255181754
255181779
255182094
255182484
255182625
255183340
255183615
255183896
255184009
255184438
255184448
255184709
255184960
255185005
255185421
255185543
255185606
255185770
255185892
255186074
255186207
255186409
255186484
255186640
255187140
255187581
255187899
255187963
255188015
255188111
255188344
255188403
255188438
255188614
255188624
255188733
255189045
255189050
255189192
255189196
255189381
255189407
255189552
255189563
255189635
255189668
255189750
255189827
255189958
255190015
255190078
255190227
255190659
255190741
255190867
255190957
255191227
255191289
255191420
255191625
255191635
255191719
255191881
255191980
255192048
255192348
255192421
255192493
255192566
255192769
255192922
255193158
255193811
255194003
255194019
255194682
255194723
255194908
255195147
255195546
255195757
255195851
255195901
255195966
255196110
255196151
255196282
255196314
255196652
255196676
255196773
255196831
255197211
255197324
255197720
255198022
255198141
255198532
255198536
255198559
255198575
255198720
255199100
255199881
255199887
255200161
255200707
255200940
255201101
255201150
255201789
255201868
255201897
255201964
255201998
255202427
255202463
255202605
255202711
255202737
255202844
255203006
255203262
255203360
255203609
255203680
255203746
255203747
255203770
255203820
255203942
255204007
255204135
255204433
255204446
255204634
255204635
255204641
255204678
255204848
255205022
255205094
255205268
255205304
255205368
255205587
255205792
255205906
255206167
255206233
255206388
255206984
255207038
255207527
255207647
255207716
255207733
255208067
255208689
255208787
255208854
255209647
255209845
255209960
255211351
255211432
255211832
255212007
255212014
255212100
255212101
255212231
255212428
255212456
255212793
255213004
255213140
255213186
255213222
255213318
255213525
255213666
255213763
255213843
255213884
255214008
255214241
255214353
255214404
255214667
255214910
255214996
255215168
255215250
255215295
255215547
255215686
255215699
255215763
255216121
255216152
255216535
255216545
255216681
255216763
255217258
255217302
255217400
255217492
255217535
255217567
255217569
255217847
255218045
255218251
255218326
255219010
255219648
255219814
255220028
255220140
255220179
255220389
255220490
255220824
255221020
255221254
255221765
255222419
255222834
255222891
255223371
255223586
255223808
255223847
255224010
255224052
255224295
255224463
255224480
255224736
255224786
255224815
255224929
255225431
255225464
255225495
255225703
255225765
255225794
255225825
255225838
255226010
255226015
255226036
255226072
255226128
255226173
255226383
255226747
255227130
255227524
255227568
255227735
255227884
255227912
255227935
255228047
255228137
255228296
255228355
255228589
255228693
255228722
255228833
255228952
255229052
255229155
255229337
255229370
255229468
255229712
255229986
255230018
255230113
255230125
255230271
255230475
255230535
255230624
255230660
255230718
255230927
255231141
255231157
255231535
255231587
255231916
255232059
255232142
255232279
255232348
255232397
255232808
255233003
255233537
255233569
255234048
255234071
255234095
255234503
255234518
255234884
255235037
255235076
255235628
255235645
255236121
255236314
255237890
255238563
255238817
255238893
255239069
255239074
255239400
255239538
255239561
255239624
255240331
255240384
255240495
255240954
255241527
255241644
255241701
255241709
255241724
255241843
255242302
255242317
255242440
255242514
255242658
255242746
255242765
255243076
255243119
255243351
255243450
255243666
255243712
255243995
255244237
255244371
255244572
255244621
255244721
255244860
255244917
255244960
255245121
255245175
255245409
255245442
255245658
255245853
255246139
255246292
255246334
255246367
255246451
255246491
255246804
255247197
255247418
255247475
255247562
255247787
255248363
255248383
255248391
255248532
255248656
255248676
255248773
255249000
255249048
255249059
255249405
255249446
255249889
255250136
255250222
255250378
255250386
255250420
255250594
255250626
255250701
255250981
255251245
255251298
255251628
255251687
255251750
255251776
255251801
255251929
255251930
255252156
255252431
255252440
255252792
255253072
255253595
255254051
255254085
255254119
255254244
255254326
255254336
255254458
255254551
255254593
255254682
255254979
255255090
255255766
255255846
255256037
255256049
255256103
255256326
255256422
255256522
255256832
255257268
255257313
255257502
255257633
255257760
255257941
255257949
255258030
255258070
255258083
255258492
255258641
255258689
255258733
255258951
255259059
255259161
255259387
255259426
255259696
255259708
255259887
255259947
255260525
255260589
255260644
255260669
255260703
255260930
255260988
255261195
255261257
255261397
255261472
255261704
255261730
255262132
255262201
255262247
255262317
255262553
255262575
255262614
255262721
255262816
255262932
255262979
255263044
255263096
255263164
255263493
255263759
255263817
255263886
255263977
255264055
255264063
255264131
255264343
255264362
255264675
255264720
255264793
255264884
255264947
255264963
255265018
255265062
255265198
255265281
255265332
255265462
255265495
255265511
255265820
255265887
255266316
255266383
255266391
255266452
255266703
255267034
255267083
255267532
255267744
255267956
255268116
255268256
255268399
255268545
255268711
255268747
255268850
255268875
255268891
255269160
255269185
255269251
255269611
255269725
255269842
255269901
255269933
255270087
255270145
255270260
255270430
255270434
255270461
255270534
255270680
255270724
255270798
255270958
255271081
255271368
255271577
255271779
255271806
255272094
255272301
255272410
255272631
255272764
255273061
255273252
255273290
255273395
255273856
255273981
255274252
255274383
255274436
255274509
255274547
255274954
255274958
255275221
255275320
255275376
255275504
255275548
255275629
255275647
255275708
255275729
255276018
255276217
255276477
255276524
255276528
255276987
255277165
255277177
255277633
255278364
255278560
255278579
255278863
255279058
255279131
255279497
255279548
255279854
255279866
255279971
255280018
255280173
255280308
255280327
255280523
255280707
255280775
255281128
255281203
255281355
255281437
255281504
255281517
255281733
255281911
255281913
255282030
255282048
255282092
255282289
255282301
255282311
255282386
255282541
255282655
255282943
255283072
255283117
255283156
255283252
255283263
255283342
255283415
255284282
255284540
255284848
255284959
255285068
255285090
255285125
255285348
255285356
255285556
255285690
255285804
255285852
255285930
255285952
255286121
255286239
255286242
255286310
255286391
255286415
255286684
255286860
255286883
255286974
255287031
255287272
255287298
255287301
255287324
255287351
255287431
255287446
255287454
255287653
255287662
255287665
255287680
255287717
255287727
255287935
255288022
255288038
255288104
255288316
255288435
255288508
255288590
255288656
255288679
255288782
255288788
255288843
255288881
255288899
255288969
255289004
255289256
255289427
255289528
255289534
255289555
255289574
255289645
255289890
255290047
255290279
255290426
255290635
255290636
255290654
255290656
255290745
255290848
255290970
255291019
255291120
255291250
255291374
255291411
255291418
255291420
255291534
255291535
255291686
255291904
255291969
255292001
255292042
255292175
255292180
255292333
255292351
255292514
255292580
255292783
255292794
255292798
255292851
255292993
255293012
255293062
255293135
255293178
255293182
255293236
255293341
255293349
255293557
255293560
255293755
255293767
255293845
255293883
255293938
255293995
255294207
255294279
255294303
255294314
255294409
255294569
255294594
255294813
255294851
255295179
255295309
255295411
255295826
255295891
255295927
255296182
255296411
255296449
255296473
255296550
255296579
255296589
255296637
255296642
255296695
255296744
255296945
255296976
255296989
255297324
255297433
255297702
255297907
255298129
255298305
255298833
255299035
255299278
255299765
255301156
255301294
255301532
255301648
255301673
255301858
255302009
255302311
255302466
255302536
255302663
255302749
255302911
255303156
255303209
255303321
255303970
255304006
255304048
255304475
255304565
255304603
255304644
255304738
255304913
255304930
255305069
255305141
255305185
255305242
255305397
255305698
255305807
255305940
255306489
255306517
255306546
255306585
255306877
255307111
255307193
255307196
255307294
255307521
255307706
255307730
255307900
255308003
255308059
255308061
255308341
255308562
255308569
255308690
255308892
255309245
255309266
255309331
255309347
255309714
255309718
255309747
255309768
255309860
255309938
255310137
255310206
255310412
255310413
255310417
255310985
255311113
255311142
255312109
255312125
255312410
255312699
255312756
255312784
255313676
255313688
255313690
255313694
255313869
255313931
255313942
255314200
255314209
255314268
255314341
255314359
255314423
255314516
255314694
255314797
255314849
255314917
255314981
255315215
255315406
255315502
255315530
255315587
255315786
255315812
255315819
255315888
255316057
255316358
255316393
255316661
255316832
255316967
255317031
255317066
255317173
255317433
255317460
255317658
255317756
255317959
255318045
255318079
255318114
255318136
255318146
255318379
255318409
255318681
255318867
255318899
255318901
255319132
255319565
255319679
255320070
255320289
255320443
255320444
255320466
255320474
255320536
255320596
255320858
255321305
255321341
255321423
255321528
255321578
255321763
255321785
255321835
255321910
255322064
255322224
255322446
255322957
255322992
255323121
255323154
255323157
255323303
255323522
255323849
255323900
255324137
255324189
255324199
255324244
255324335
255324337
255324718
255324805
255325036
255325063
255325523
255325552
255325733
255326012
255326193
255326772
255326839
255327014
255327129
255327290
255327598
255327610
255327949
255328016
255328163
255328300
255328432
255328668
255328746
255328761
255328921
255329138
255329270
255329428
255329583
255329594
255329838
255330137
255330625
255330869
255331034
255331204
255331261
255331358
255331369
255331723
255331887
255331900
255331937
255331995
255332695
255332759
255332800
255332811
255332914
255333341
255333357
255333360
255333365
255333535
255333785
255334111
255334120
255334206
255334279
255334298
255334311
255334382
255334483
255334565
255334666
255334748
255334811
255334934
255335131
255335493
255335501
255335546
255335672
255335789
255335925
255335932
255336076
255336185
255336266
255336286
255336303
255336452
255336516
255336930
255336998
255337044
255337088
255337191
255337310
255337831
255337903
255337936
255337981
255338128
255338135
255338340
255338382
255338389
255338626
255338675
255338793
255339057
255339060
255339123
255339133
255339447
255339647
255339843
255340112
255340114
255340127
255340386
255340406
255340420
255340440
255340939
255341066
255341067
255341133
255341263
255341341
255341561
255341686
255341840
255342048
255342062
255342091
255342560
255342629
255342651
255342674
255342788
255342925
255343082
255343292
255343416
255343524
255343551
255343751
255343907
255344012
255344112
255344301
255344322
255344335
255344442
255344619
255344659
255344803
255344830
255345360
255345657
255345678
255346137
255346333
255346486
255346506
255346691
255347159
255347183
255347216
255347699
255347778
255348124
255348177
255348328
255348350
255348726
255348781
255349087
255349287
255349587
255349746
255349782
255349955
255350144
255350458
255350493
255350655
255350781
255351166
255351336
255351654
255351980
255352140
255352278
255352305
255352391
255352476
255352587
255352724
255352766
255353169
255353193
255353229
255353381
255353420
255353512
255353548
255354107
255354251
255354353
255354589
255354783
255354970
255355057
255355122
255355352
255356113
255356600
255356684
255356783
255356898
255356980
255357058
255357116
255357353
255357492
255357528
255357677
255357759
255357915
255357994
255358070
255358084
255358183
255358203
255358259
255358290
255358428
255358535
255358605
255358631
255358862
255358931
255359104
255359362
255359447
255359673
255359680
255359804
255359840
255359982
255360147
255360272
255360340
255360433
255360459
255360916
255360980
255361090
255361449
255361649
255361813
255361925
255362123
255362304
255362364
255362403
255362516
255362695
255362747
255363132
255363175
255363233
255363254
255363331
255363709
255364143
255364320
255364327
255364427
255364576
255364647
255364806
255364933
255365014
255365015
255365049
255365341
255365520
255365585
255365767
255365918
255366156
255366469
255366478
255366503
255366525
255366575
255366638
255366654
255366726
255366932
255367018
255367625
255367690
255367962
255368103
255368140
255368182
255368343
255368433
255368665
255368767
255368798
255368834
255368839
255368847
255368860
255369072
255369087
255369115
255369215
255369317
255369730
255370193
255370238
255370305
255370458
255370542
255370769
255370915
255371224
255371248
255371349
255371376
255371580
255371780
255371802
255371844
255371880
255371918
255372404
255372477
255372553
255372642
255372809
255373169
255373234
255373294
255373431
255373724
255373784
255373795
255373876
255373984
255374094
255374126
255374216
255374326
255374438
255374566
255375058
255375069
255375643
255375655
255375837
255376050
255376470
255376570
255376594
255376895
255376915
255376993
255377012
255377056
255377063
255377126
255377172
255377223
255377308
255377414
255377432
255377740
255378090
255378167
255378272
255378331
255378498
255378584
255378591
255378738
255378786
255379290
255379644
255379890
255380004
255380272
255380282
255380307
255380385
255380543
255380651
255381125
255381188
255381440
255381513
255381555
255381662
255381810
255381823
255381853
255381856
255382174
255382264
255382535
255382580
255382644
255382745
255382793
255382863
255382922
255382939
255383353
255383355
255383373
255383565
255383615
255383850
255383907
255384397
255384620
255385490
255385492
255385763
255385842
255385923
255386025
255386081
255386140
255386268
255386271
255386369
255386415
255386416
255386451
255386493
255386504
255386728
255386793
255387181
255387487
255387489
255387514
255387596
255387769
255387848
255388039
255388143
255388465
255388676
255388706
255388902
255389184
255389192
255389504
255389514
255389554
255389627
255389818
255389957
255389984
255390147
255390586
255390729
255391080
255391239
255391294
255391643
255391676
255391892
255391964
255392335
255392493
255392637
255392667
255392761
255393056
255393274
255393346
255393522
255393674
255393763
255393827
255393995
255394026
255394587
255394645
255395026
255395562
255395715
255395940
255396137
255396204
255396328
255396386
255396682
255396925
255396975
255397101
255397616
255398295
255398357
255398415
255398488
255398551
255398835
255398845
255398969
255398981
255398986
255399183
255399392
255399516
255399879
255399920
255399928
255400222
255400956
255401096
255401142
255401150
255401252
255401334
255401423
255401700
255401804
255402061
255402300
255402521
255402606
255402620
255402717
255402770
255403053
255403119
255403237
255403323
255403440
255403557
255403709
255403764
255404042
255404047
255404251
255404421
255404509
255404718
255404749
255405242
255405327
255405347
255405573
255405992
255406038
255406099
255406397
255406451
255406582
255406596
255406670
255406827
255407447
255407548
255407866
255407906
255407994
255408034
255408138
255408164
255408255
255408298
255408315
255408389
255408393
255408413
255408511
255408563
255408576
255408644
255408811
255409373
255409960
255410040
255410137
255410432
255410580
255410740
255410743
255410760
255410902
255411144
255411707
255412084
255412110
255412209
255412270
255412312
255412785
255412973
255413078
255413256
255413275
255413478
255413906
255414315
255414710
255414937
255415003
255415131
255415266
255415306
255415787
255415791
255416186
255416313
255416324
255416363
255416387
255416670
255416733
255417310
255417439
255417499
255417670
255418097
255418126
255418361
255418510
255418556
255418602
255418614
255418733
255418766
255419040
255419472
255419597
255419844
255419867
255419872
255419978
255420168
255420300
255420422
255420723
255420767
255420772
255420825
255421297
255421399
255421452
255421543
255421583
255421828
255421871
255422063
255422122
255422202
255422437
255422443
255422585
255422611
255422665
255422733
255423177
255423229
255423237
255423451
255423709
255423728
255423812
255423999
255424276
255424318
255424515
255424873
255424939
255424984
255425379
255425398
255425408
255425450
255425549
255425644
255425729
255425922
255425980
255426125
255426323
255426595
255426632
255426964
255426994
255427137
255427281
255427474
255427918
255427948
255427993
255428003
255428093
255429000
255429189
255429329
255429443
255429510
255429634
255429755
255429879
255429922
255430095
255430155
255430328
255430345
255430471
255430486
255430643
255430817
255431017
255431438
255431470
255431555
255431945
255432254
255432358
255432513
255432518
255432635
255432920
255433491
255433538
255433764
255434010
255434486
255434523
255434559
255434666
255434718
255434747
255434924
255434996
255435251
255435394
255435458
255435508
255435696
255435883
255435901
255436072
255436119
255436344
255436400
255436964
255436971
255437062
255437367
255437468
255437612
255437709
255438376
255438408
255438476
255438522
255438579
255438679
255438976
255439184
255439197
255439233
255439344
255439516
255439591
255439677
255439694
255439718
255439775
255439875
255440178
255440214
255440284
255440814
255441094
255441495
255441614
255442016
255442167
255442280
255442575
255442581
255443459
255443466
255443505
255443582
255443623
255443628
255444013
255444112
255444320
255444436
255444808
255444865
255444973
255445040
255445238
255445290
255445412
255445442
255445597
255445724
255445732
255445954
255445987
255446242
255446505
255446862
255447025
255447130
255447393
255447395
255447496
255447632
255447736
255447773
255447818
255448260
255448416
255448631
255448647
255448719
255448756
255448804
255449026
255449065
255449960
255450104
255450188
255450479
255450579
255450664
255451471
255451507
255451774
255451864
255451941
255452027
255452144
255452200
255452427
255452566
255452777
255452905
255453002
255453049
255453134
255453229
255453303
255453356
255453424
255453488
255453546
255453986
255454106
255454187
255454265
255454285
255454573
255454575
255454745
255455099
255455138
255455218
255455335
255455403
255455577
255455633
255455902
255456029
255456030
255456068
255456132
255456261
255456552
255456676
255456846
255456859
255456930
255456990
255457525
255457713
255457757
255457816
255458059
255458085
255458796
255458808
255458960
255459072
255459235
255459354
255459382
255459425
255459859
255459914
255459980
255460042
255460204
255460370
255460602
255460834
255460865
255460994
255461035
255461210
255461241
255461252
255461507
255461772
255461898
255461970
255462005
255462398
255462549
255462631
255462698
255462701
255462724
255463034
255463055
255463283
255463311
255463369
255463490
255463525
255463609
255463691
255463734
255463912
255464048
255464156
255464325
255464592
255464839
255465065
255465385
255465410
255465484
255465624
255465685
255466086
255466090
255466151
255466178
255466554
255466785
255466795
255466857
255466926
255466928
255467344
255467507
255467550
255467600
255467650
255467867
255468606
255468682
255468824
255468957
255469547
255469947
255470008
255470058
255470084
255470687
255471045
255471152
255471257
255471416
255472234
255472298
255472327
255472358
255472567
255472692
255472777
255472788
255472803
255473055
255473511
255473520
255473529
255473544
255473745
255473810
255473919
255474200
255474515
255474541
255474580
255474646
255474938
255475119
255475122
255475254
255475359
255475470
255475571
255475586
255475790
255475914
255476090
255476097
255476128
255476332
255476525
255476670
255476853
255476896
255477317
255477318
255477379
255477465
255477569
255477692
255477860
255478057
255478060
255478232
255478479
255478562
255478643
255478681
255478731
255478833
255479010
255479206
255479237
255479264
255479644
255479681
255480057
255480160
255480372
255480392
255480596
255480630
255481023
255481108
255481243
255481478
255481491
255482226
255482375
255482381
255482576
255482628
255482755
255483073
255483115
255483318
255483374
255483426
255483726
255483742
255483757
255483968
255484020
255484288
255484359
255484515
255484544
255484670
255484764
255484788
255484964
255484987
255485034
255485451
255485491
255485545
255485815
255485819
255485958
255485986
255486007
255486220
255486265
255486369
255486412
255486538
255486587
255486648
255486756
255486838
255487148
255487510
255487549
255487660
255487697
255487784
255488332
255488346
255488747
255488782
255489339
255489489
255489549
255489832
255490026
255490028
255490115
255490211
255490341
255490556
255490713
255490803
255491015
255491076
255491344
255491427
255491526
255492381
255492391
255492781
255492782
255492795
255492826
255492919
255493052
255493297
255493590
255493758
255493804
255493812
255493934
255494069
255494078
255494155
255494252
255494359
255494605
255494613
255494688
255494761
255495404
255495417
255495717
255495796
255495950
255496002
255496064
255496195
255496590
255496674
255496943
255496987
255497428
255497527
255497651
255497935
255497962
255497989
255498234
255498277
255498590
255498617
255498658
255498720
255498839
255499071
255499429
255499578
255499746
255499956
255500418
255500472
255500727
255500906
255500938
255500963
255501048
255501060
255501090
255501179
255501190
255501300
255501735
255501816
255502116
255502207
255502473
255502478
255502609
255502874
255502957
255503217
255503315
255503690
255504030
255504080
255504335
255504796
255504930
255504943
255505094
255505176
255505295
255505377
255505382
255505574
255505583
255505914
255506101
255506116
255506195
255506587
255506639
255507124
255507628
255507673
255507677
255507680
255507884
255508289
255508390
255508409
255508496
255508669
255508685
255508921
255508998
255509016
255509247
255509384
255509593
255509629
255509955
255510015
255510067
255510095
255510154
255510233
255510333
255510471
255510518
255510801
255510855
255511054
255511280
255511303
255511359
255511419
255511914
255511927
255512122
255512375
255512467
255512562
255512706
255513106
255513155
255513381
255513590
255514018
255514245
255514387
255514450
255514836
255514971
255515211
255515333
255515498
255515638
255515693
255515715
255515787
255515914
255516025
255516077
255516140
255516177
255516196
255516365
255517166
255517203
255517319
255517534
255517913
255518245
255518548
255518968
255519106
255519312
255519553
255519969
255520245
255520466
255520664
255520781
255521160
255521434
255521610
255521782
255521865
255521999
255522038
255522039
255522063
255522514
255522997
255523428
255523630
255523635
255523803
255523809
255523834
255524063
255524261
255524307
255524349
255524900
255524979
255525015
255525086
255525398
255525489
255525508
255525917
255526339
255526392
255526479
255526503
255526520
255526720
255526756
255526817
255526968
255527252
255527805
255528200
255528288
255528803
255528809
255528812
255528899
255529074
255529153
255529246
255529639
255529747
255529807
255529813
255530138
255530256
255530527
255530615
255530725
255530732
255530779
255531057
255531239
255531329
255531423
255531539
255532070
255532154
255532199
255532346
255532412
255532416
255532561
255532607
255532693
255533182
255533249
255533343
255533369
255533497
255533670
255533708
255533814
255533971
255533993
255534040
255534050
255534368
255534757
255534766
255534822
255534828
255534871
255535051
255535093
255535586
255535659
255535923
255536052
255536186
255536198
255536549
255536981
255536991
255537065
255537116
255537290
255537493
255537578
255537749
255537776
255537792
255537900
255538419
255538431
255538435
255538972
255539056
255539061
255539189
255539217
255539219
255539253
255539307
255539535
255539843
255539880
255540050
255540104
255540226
255541337
255541865
255541949
255542175
255542202
255542759
255542768
255543016
255543853
255544419
255544431
255544454
255545285
255545559
255545689
255545997
255546050
255546194
255546495
255546510
255546525
255546549
255546674
255546761
255546902
255547073
255547275
255547644
255547663
255547692
255548264
255548299
255548462
255548550
255548630
255548651
255548918
255549009
255549050
255549145
255549309
255549367
255549371
255549428
255549735
255549946
255549972
255550048
255550099
255550194
255550253
255550266
255550289
255550488
255550571
255550662
255550697
255550972
255551036
255551160
255551604
255551955
255552362
255552533
255552537
255552550
255552624
255552695
255552966
255553168
255553262
255553281
255553350
255553540
255553576
255553853
255553860
255554087
255554298
255554654
255554658
255554923
255555040
255555430
255555901
255555950
255556112
255556994
255557588
255557943
255558131
255558151
255558365
255558513
255558653
255558862
255558927
255558967
255559047
255559187
255559775
255559828
255559913
255559946
255559973
255559990
255560026
255560548
255560692
255561069
255561144
255561233
255561246
255561295
255561436
255561703
255561787
255561908
255562234
255562235
255563095
255563133
255563202
255563248
255563310
255563569
255564007
255564087
255564571
255564626
255564718
255564774
255565046
255565520
255565633
255565784
255565884
255565891
255566117
255566745
255567281
255567413
255567430
255567662
255567684
255567723
255567821
255567912
255568007
255568334
255568526
255568741
255568873
255568994
255569444
255569689
255569895
255569900
255569938
255570072
255570135
255570192
255570235
255570386
255570556
255570560
255570803
255570851
255570855
255571524
255571617
255571669
255571950
255572125
255572354
255572364
255572418
255572511
255572629
255572783
255573493
255573713
255573798
255573905
255573958
255574017
255574083
255574176
255574269
255574319
255574998
255575473
255575548
255575645
255575683
255575747
255575883
255576057
255576075
255576118
255576200
255576303
255576478
255576486
255576954
255577159
255577441
255577510
255577661
255577700
255577980
255578006
255578182
255578220
255578270
255578399
255578789
255579607
255579637
255579717
255579776
255579898
255579949
255580382
255580557
255581044
255581099
255581206
255581322
255581490
255581534
255581755
255581866
255582254
255582268
255582377
255582446
255582614
255582722
255582760
255582884
255582886
255582914
255582984
255583126
255583316
255583334
255583586
255583663
255583763
255583903
255584192
255584392
255584481
255584570
255585080
255585640
255585649
255585733
255585739
255585944
255586127
255586131
255586198
255586636
255587027
255587075
255587223
255587716
255587839
255587898
255588191
255588456
255588859
255589261
255589348
255589351
255589429
255589444
255589581
255589847
255590196
255590469
255590558
255590740
255590924
255591163
255591165
255591237
255591346
255591596
255591653
255591660
255591673
255591699
255591807
255591834
255591856
255591867
255591983
255592012
255592113
255592151
255592176
255592232
255592316
255592548
255592558
255592726
255593246
255593254
255593328
255593366
255594029
255594103
255594122
255594191
255594230
255594617
255594698
255594719
255594778
255595061
255595073
255595365
255595834
255596212
255596275
255596412
255596439
255596460
255596498
255596533
255596686
255596874
255597047
255597352
255597422
255597883
255598050
255598121
255598297
255598707
255598839
255598921
255599041
255599091
255599467
255600092
255600652
255600789
255601113
255601304
255601406
255601669
255602159
255602205
255602211
255602221
255602364
255602391
255602393
255602953
255603046
255603169
255603254
255603442
255603456
255603517
255603621
255603623
255603688
255603994
255604143
255604170
255604311
255604400
255604664
255604954
255605319
255605720
255605778
255605809
255605896
255605992
255606273
255606295
255606322
255606438
255606457
255606562
255606586
255606635
255606688
255606755
255607069
255607080
255607132
255607290
255607399
255607865
255608010
255608022
255608634
255608825
255608829
255609630
255609857
255609973
255610036
255610314
255610349
255610468
255611110
255611143
255611681
255611835
255611864
255611875
255612493
255612535
255612816
255613011
255613030
255613040
255613245
255613453
255613533
255613618
255613671
255613739
255613814
255614134
255614317
255614321
255614384
255614615
255614627
255614682
255614763
255615039
255615083
255615092
255615269
255615337
255615380
255615429
255615477
255615510
255615635
255615993
255616163
255616184
255616312
255616556
255616757
255616995
255617344
255617423
255617486
255617510
255617817
255618397
255618504
255618511
255618552
255618894
255619031
255619081
255619127
255619161
255619212
255619267
255619393
255619521
255619794
255619842
255620164
255620272
255620329
255620477
255620552
255620684
255620726
255620960
255621029
255621271
255621699
255621854
255621921
255622052
255622301
255622558
255622835
255623000
255623010
255623189
255623360
255623405
255623594
255623757
255623827
255623858
255623881
255623921
255623923
255624096
255624116
255624466
255624657
255624829
255624854
255625000
255625086
255625398
255625426
255625514
255625720
255625842
255625897
255625911
255626001
255626014
255626060
255626075
255626115
255626563
255626879
255627075
255627110
255627330
255627348
255628068
255628080
255628082
255628220
255628286
255628417
255628513
255628695
255628728
255628951
255629084
255629823
255629830
255629955
255630038
255630075
255630161
255630175
255630272
255630430
255630437
255630729
255630795
255631110
255631153
255631320
255631516
255631977
255632191
255632270
255632340
255632498
255632634
255632777
255633145
255633163
255633207
255633246
255633272
255633274
255633278
255633381
255633865
255634136
255634222
255634302
255634462
255634481
255634489
255634682
255634894
255634958
255636348
255636383
255636520
255636814
255636895
255636938
255637511
255637538
255637646
255637724
255637828
255638159
255638369
255638730
255638804
255638986
255639372
255639537
255639641
255639646
255640164
255640173
255640189
255640404
255640405
255640662
255640711
255640810
255640889
255640902
255641073
255641120
255641248
255641462
255641784
255641873
255641879
255642020
255642074
255642117
255642526
255642614
255642661
255642885
255643106
255643259
255643475
255643559
255643959
255644046
255644189
255644357
255644411
255644428
255644455
255644544
255644664
255644825
255645085
255645109
255645128
255645614
255645649
255645843
255645855
255645924
255646356
255646377
255646493
255646585
255646622
255646645
255646921
255646948
255646983
255647164
255647206
255647252
255647350
255647361
255647508
255647767
255647968
255648024
255648026
255648059
255648176
255648525
255648822
255648847
255648974
255649341
255649410
255649508
255649784
255649801
255649958
255650089
255650256
255650297
255650701
255650890
255650894
255651013
255651062
255651072
255651130
255651363
255651386
255651394
255651473
255651867
255651921
255652056
255652244
255652684
255652951
255653225
255653278
255653309
255653505
255653597
255653623
255653730
255653939
255654010
255654206
255654289
255654392
255654461
255654533
255654562
255654580
255654733
255654788
255654987
255655077
255655226
255655594
255655645
255655893
255655999
255656000
255656615
255656659
255656927
255657031
255657075
255657229
255657472
255657580
255657614
255657672
255657967
255658090
255658394
255658413
255658426
255658452
255658683
255658692
255658806
255658809
255659058
255659096
255659355
255659655
255659723
255659974
255660051
255660080
255660107
255660169
255660380
255660401
255660701
255660819
255660871
255661053
255661357
255661422
255661720
255661763
255661774
255661895
255661940
255662029
255662115
255662136
255662175
255662351
255662361
255662380
255662472
255662663
255663098
255663202
255664088
255664242
255664275
255664364
255664674
255665059
255665098
255665180
255665196
255665470
255665526
255665540
255666170
255666555
255666737
255666919
255666984
255667076
255667453
255667669
255668078
255668108
255668141
255668342
255668415
255668537
255668749
255668899
255669011
255669229
255669731
255669734
255669980
255670031
255670041
255670095
255670166
255670322
255670327
255670336
255670350
255670480
255670640
255670922
255671008
255671110
255671144
255671189
255671888
255672015
255672217
255672258
255672433
255672465
255672531
255672595
255672622
255672817
255672848
255672879
255673193
255673326
255673440
255673472
255673489
255673610
255673727
255673969
255674003
255674053
255674447
255674465
255674469
255674522
255674607
255674731
255674738
255674856
255674928
255674976
255675066
255675120
255675352
255675539
255675639
255675729
255675813
255675842
255675873
255675925
255675993
255676084
255676194
255676316
255676409
255676511
255676633
255676638
255676652
255676654
255676703
255676844
255677012
255677187
255677266
255677453
255677468
255677704
255677720
255677900
255678053
255678068
255678373
255678410
255678423
255678441
255678743
255678788
255678805
255679059
255679122
255679269
255679610
255679729
255680258
255680291
255680346
255680357
255680528
255680916
255681165
255681214
255681464
255681577
255681632
255681766
255681832
255681842
255681921
255682118
255682120
255682260
255682417
255682527
255682640
255682680
255682967
255682996
255683271
255683274
255683637
255683913
255683975
255684132
255684158
255684424
255684524
255684586
255684777
255685326
255685426
255685497
255685547
255685725
255685930
255686088
255686143
255686288
255686319
255686529
255686637
255686743
255686789
255686871
255686890
255686958
255686981
255687073
255687255
255687421
255687483
255687518
255687720
255687810
255687918
255688545
255688787
255689062
255689284
255689298
255689314
255689757
255689923
255690155
255690156
255690677
255690689
255690700
255690710
255690724
255690764
255690772
255690813
255690839
255690938
255691208
255691282
255691350
255691431
255691623
255691780
255691819
255692219
255692228
255692609
255692688
255692760
255692771
255692898
255693007
255693098
255693130
255693208
255693237
255693415
255693568
255693644
255693911
255693925
255694454
255694672
255694724
255694923
255695159
255695273
255695542
255695694
255695749
255695879
255696027
255696063
255696135
255696137
255696170
255696279
255696528
255696997
255697283
255697388
255697391
255697440
255697519
255697675
255697848
255698179
255698243
255698262
255698426
255698870
255699254
255700542
255700565
255700598
255700630
255700813
255701001
255701064
255701105
255701252
255701318
255701436
255701498
255701548
255701596
255701616
255701849
255701927
255702123
255702183
255702240
255702334
255702397
255702442
255702590
255702653
255702804
255702810
255702825
255702899
255703115
255703117
255703143
255703180
255703453
255703523
255703980
255704016
255704058
255704080
255704081
255704124
255704175
255704335
255704377
255704418
255704482
255704565
255704676
255704689
255704801
255704847
255704969
255705309
255705376
255705523
255705989
255706015
255706017
255706197
255706402
255706522
255706616
255706648
255706654
255706925
255707005
255707069
255707135
255707296
255707541
255707756
255707830
255707849
255707984
255708265
255708267
255708460
255708466
255708548
255709139
255709263
255709284
255709293
255709359
255709391
255709450
255709597
255709972
255710131
255710275
255710301
255710414
255710749
255710915
255711053
255711271
255711344
255711676
255711727
255711755
255711807
255712046
255712063
255712293
255712393
255712928
255713072
255714457
255714604
255714896
255715232
255715364
255715885
255716003
255716027
255716109
255716324
255716652
255716801
255717098
255717625
255717863
255717905
255717938
255717941
255717947
255717965
255718088
255718201
255718670
255718830
255718886
255719183
255719235
255719459
255719703
255719778
255720035
255720351
255720361
255720751
255720926
255721027
255721273
255721545
255721551
255721598
255721696
255721885
255722242
255722427
255722703
255722807
255723015
255723056
255723152
255723479
255723677
255723817
255723838
255724106
255724257
255724313
255724331
255724370
255724423
255724733
255724920
255725057
255725086
255725109
255725149
255725263
255725920
255725925
255726332
255726450
255726641
255726833
255727473
255729201
255729792
255730076
255730229
255730380
255731082
255731178
255731276
255731295
255731660
255731695
255731954
255731979
255732011
255732012
255732027
255732172
255732447
255732669
255732746
255732948
255732967
255733426
255733506
255733538
255733593
255734027
255734102
255734235
255734679
255734736
255735064
255735224
255735290
255735346
255735598
255735866
255736213
255736469
255736632
255736924
255737135
255737205
255737246
255737263
255737321
255737537
255737594
255737672
255737931
255737955
255737960
255738201
255738560
255738811
255738918
255738981
255739059
255739061
255739099
255739521
255739738
255740501
255740569
255741355
255741812
255741831
255742040
255742374
255742600
255743003
255743917
255744248
255744359
255745002
255746701
255747603
255748005
255748381
255748518
255749300
255749530
255749604
255749655
255749697
255749822
255749998
255750111
255750318
255750384
255750536
255750600
255750855
255750912
255751233
255751300
255751372
255751400
255751417
255751563
255751622
255751963
255752162
255752853
255753132
255753208
255753401
255753411
255753686
255753798
255754002
255754176
255754503
255754574
255754814
255754953
255754954
255755018
255755048
255755773
255756348
255756421
255756649
255756897
255756939
255759715
255759733
255760095
255760136
255760462
255760977
255761031
255761063
255761103
255761113
255761352
255761407
255761552
255761592
255761653
255761694
255761704
255761930
255761939
255762306
255762528
255762660
255762825
255762842
255763827
255763859
255764511
255764768
255764906
255765354
255765983
255766142
255766445
255766589
255766809
255767042
255767051
255767612
255767749
255767752
255768307
255768713
255768751
255768757
255770360
255770739
255770781
255770806
255770848
255771015
255771180
255771196
255771631
255771694
255771742
255771818
255771957
255772301
255772573
255772663
255772906
255773052
255773320
255775218
255775920
255776076
255776687
255777040
255777684
255777776
255778767
255779070
255779135
255779175
255779274
255779330
255779342
255779352
255780161
255780415
255780573
255780663
255780841
255780871
255781223
255781353
255781371
255781489
255781676
255782579
255783027
255783103
255783459
255783554
255783717
255783783
255783862
255783964
255784003
255784005
255784714
255784875
255784887
255785065
255785136
255785318
255785430
255785470
255786148
255786267
255786889
255787318
255787341
255789610
255789751
255789942
255790050
255790108
255790261
255790284
255790420
255790804
255791053
255791064
255791444
255791449
255791631
255791902
255792212
255792659
255792815
255793473
255794598
255795201
255795223
255795314
255795868
255795917
255796524
255796554
255796952
255797380
255797784
255798415
255798921
255798942
255799034
255799712
255800336
255801231
255801256
255801444
255801462
255801927
255801981
255802064
255802114
255802714
255803197
255803283
255803654
255803688
255803735
255803842
255804281
255805315
255805322
255807708
255807722
255808103
255808374
255808436
255808646
255808928
255809462
255809554
255809726
255809971
255810054
255810146
255810428
255810430
255810432
255810614
255810679
255811195
255811207
255811333
255811401
255811728
255811869
255811988
255812715
255812868
255813110
255813238
255813517
255813840
255814011
255814018
255814274
255814520
255814612
255814613
255814627
255814714
255814939
255814994
255815008
255815131
255815149
255815221
255815652
255815750
255815950
255816014
255816171
255816541
255817126
255817327
255817698
255818175
255818636
255819335
255819387
255819520
255819842
255819856
255819862
255820145
255821665
255821756
255821944
255822166
255822219
255822708
255822887
255823141
255823147
255823262
255823420
255823433
255823498
255823699
255823898
255823977
255824671
255825008
255825037
255825197
255825232
255825382
255825516
255825732
255825834
255825924
255826011
255826070
255826174
255826245
255826502
255826532
255827146
255827170
255827287
255827329
255827435
255827651
255827718
255827819
255827838
255827864
255827894
255828092
255828289
255828350
255828554
255828607
255828804
255828919
255829107
255829193
255829216
255829349
255829711
255829845
255829888
255829964
255830113
255830577
255830612
255831108
255831196
255831224
255831327
255831382
255831754
255831946
255831970
255832065
255832523
255832658
255832922
255833083
255833240
255833302
255833488
255833499
255833620
255833971
255834145
255834489
255834610
255834611
255834747
255835343
255835404
255835627
255835636
255835642
255835689
255836382
255836420
255836450
255836474
255836507
255836529
255837125
255837182
255837205
255837350
255837532
255837588
255837664
255837751
255837845
255837987
255838389
255838443
255838764
255839123
255839276
255839427
255839463
255839466
255839547
255839812
255839843
255839871
255839942
255840468
255841037
255841172
255841177
255841313
255841584
255841596
255841685
255841761
255841784
255841792
255842510
255843012
255843023
255843078
255843104
255843611
255843909
255844297
255844341
255844448
255844832
255844847
255845610
255845704
255845863
255845865
255846238
255846282
255846328
255846489
255846722
255846839
255846891
255846909
255847106
255847224
255847238
255847398
255847467
255847542
255847784
255848000
255848099
255848111
255848708
255848785
255849806
255849828
255849901
255850027
255850175
255850199
255850404
255850411
255850638
255850654
255850719
255851031
255851265
255851344
255851365
255851402
255851436
255852501
255852513
255852525
255852527
255852576
255852916
255852943
255853003
255853147
255853352
255853389
255853429
255853659
255853669
255853740
255854052
255854158
255854856
255854998
255855521
255855763
255856299
255856349
255856416
255856532
255856708
255856710
255857317
255857431
255857444
255857476
255857852
255858006
255858317
255858408
255858498
255858599
255858620
255858694
255858787
255859016
255859066
255859159
255859267
255859430
255859796
255860095
255860097
255860100
255860271
255860343
255860396
255860440
255860561
255860882
255861097
255861190
255861285
255861608
255861671
255861919
255862276
255862282
255862462
255862553
255862750
255862888
255863158
255863360
255863418
255863594
255863701
255864038
255864090
255864327
255864353
255864808
255865051
255865069
255865189
255865201
255865349
255865771
255865991
255866173
255866272
255866286
255866375
255866713
255866724
255866812
255866912
255867132
255867151
255867362
255867392
255867472
255867481
255867637
255867701
255867788
255867935
255868379
255868498
255868811
255868913
255868938
255868942
255869161
255869532
255869651
255869850
255869978
255870319
255870402
255870588
255870599
255870706
255870754
255870813
255871097
255871189
255871406
255871461
255871531
255871844
255871925
255871964
255872009
255872035
255872070
255872165
255872180
255872440
255872512
255872543
255872567
255872602
255872648
255872669
255872807
255872848
255873602
255873809
255873882
255873901
255873985
255874050
255874823
255874824
255875005
255875086
255875168
255875208
255875291
255875629
255875646
255875882
255876213
255876282
255876408
255876470
255876491
255876545
255876795
255876941
255877061
255877529
255878442
255878664
255878715
255878728
255878806
255878840
255879017
255879382
255879571
255879762
255879787
255879853
255880067
255880266
255880287
255880475
255880629
255880646
255880887
255881035
255881171
255881368
255881571
255881583
255881614
255881628
255882051
255882416
255882779
255882918
255883190
255883461
255883690
255883803
255884154
255884171
255884172
255884231
255884523
255884573
255884576
255884827
255884901
255885078
255885139
255885597
255886045
255886069
255886133
255886162
255886187
255886195
255886428
255886544
255886554
255886593
255886821
255886858
255887014
255887452
255887484
255888255
255888419
255888948
255889443
255889463
255889551
255889562
255889564
255889648
255889929
255889962
255890026
255890050
255890152
255890422
255890465
255890471
255891042
255891078
255891268
255891559
255892089
255892303
255892437
255892443
255892523
255892695
255893258
255893284
255893428
255893627
255893793
255893974
255894754
255894785
255895420
255895516
255895521
255895580
255895658
255895737
255895802
255895951
255895985
255896144
255896191
255896515
255896695
255896834
255897090
255897303
255897416
255897441
255897470
255897508
255897582
255897601
255897733
255897846
255897859
255898029
255898261
255898303
255898358
255898428
255898429
255898458
255898542
255898595
255898943
255899354
255899423
255899472
255899484
255900011
255900123
255900141
255900144
255900170
255900359
255900952
255901217
255901372
255901514
255902081
255902180
255902364
255902569
255902913
255903044
255903301
255903303
255903337
255904944
255905199
255905410
255905481
255905497
255905562
255905597
255905745
255905858
255906102
255906150
255906168
255906609
255906696
255906858
255906875
255907068
255907100
255907110
255907469
255907635
255907754
255907759
255907958
255908034
255908368
255908371
255908422
255908586
255908683
255908730
255909199
255909558
255909692
255909737
255909886
255909910
255910021
255910174
255910235
255910242
255910863
255910890
255910919
255910980
255910997
255911026
255911218
255911681
255911769
255911946
255911950
255912001
255912219
255912240
255912536
255913136
255913189
255913214
255913378
255913458
255913495
255913496
255913555
255913559
255913667
255913962
255914146
255914148
255914162
255914294
255914868
255915038
255915042
255915114
255915163
255915252
255915330
255915364
255915529
255915621
255915684
255915711
255915783
255915803
255915857
255915925
255916017
255916068
255916146
255916198
255916231
255916350
255916505
255916656
255916767
255917001
255917119
255917296
255917310
255917564
255917625
255917629
255917678
255917991
255918506
255918625
255918713
255919276
255919437
255919679
255920133
255920486
255920861
255921264
255921293
255921482
255921608
255921714
255921829
255921938
255921986
255922002
255922048
255922079
255922378
255923060
255923146
255923264
255923375
255923431
255923433
255923537
255924023
255924315
255924378
255924466
255924538
255924616
255924652
255924725
255924880
255924939
255924963
255925103
255925232
255925368
255926011
255926056
255926086
255926177
255926262
255926469
255926873
255926926
255926964
255927185
255927434
255927625
255927636
255927684
255927696
255927722
255927741
255927795
255927874
255928164
255928198
255928263
255928303
255928494
255928548
255928615
255928789
255928901
255928971
255929898
255930289
255932201
255932749
255932829
255932947
255933111
255933320
255933329
255933366
255933486
255933507
255933580
255933598
255933869
255933890
255933919
255934037
255934169
255934281
255934283
255934426
255934508
255934511
255934512
255934576
255934811
255934828
255934832
255934833
255934973
255935213
255935306
255935345
255935361
255935611
255935619
255935642
255935692
255935836
255935886
255936010
255936077
255936235
255936505
255936864
255937016
255937612
255937925
255937997
255938106
255938393
255938441
255938481
255938518
255938627
255938636
255938665
255938723
255938761
255938789
255938927
255939110
255939247
255939275
255939434
255939610
255939674
255939865
255939889
255939919
255940144
255940220
255940330
255940419
255940463
255940513
255940589
255941061
255941161
255941224
255941238
255941242
255941306
255941349
255941851
255941931
255941952
255942594
255942679
255942838
255943125
255943133
255943320
255943587
255943662
255943674
255943846
255944024
255944071
255944165
255944199
255944253
255944279
255944324
255944347
255944372
255944614
255945018
255945204
255945315
255945364
255945507
255945655
255945668
255945791
255945864
255945890
255946527
255946718
255947005
255947141
255947305
255947573
255948296
255948443
255948654
255948906
255949188
255949190
255949224
255949481
255949511
255949926
255949993
255950305
255950357
255950443
255950469
255950817
255950911
255950935
255951049
255951072
255951489
255951595
255951634
255951953
255952010
255952021
255952245
255952570
255952624
255952627
255952690
255952705
255952930
255952980
255953084
255953146
255953181
255953229
255953442
255953578
255953629
255953692
255953880
255954062
255954338
255954377
255954469
255954473
255954509
255954712
255954872
255954956
255954990
255955269
255955491
255955497
255955526
255955658
255955693
255955820
255955874
255955950
255956002
255956136
255956221
255956373
255956478
255956493
255956648
255956693
255956838
255957082
255957313
255958073
255958458
255958767
255958978
255960547
255960559
255960668
255961065
255961159
255961273
255961441
255961525
255961529
255961613
255961663
255961691
255961986
255961992
255962052
255962198
255962199
255962203
255962253
255962283
255962790
255963211
255963221
255963355
255963390
255963394
255963653
255963707
255963792
255963957
255963971
255964000
255964057
255964069
255964088
255964142
255964262
255964275
255964569
255964654
255964688
255964732
255964771
255964918
255964943
255964954
255964998
255965271
255965403
255965456
255965479
255965694
255965906
255965958
255966468
255966509
255966560
255966864
255966916
255966971
255967145
255967210
255967309
255967335
255967388
255967552
255967619
255967840
255968045
255968049
255968074
255968624
255968752
255968887
255969058
255969291
255969316
255969571
255969578
255969617
255969679
255969702
255969711
255969821
255969911
255970066
255970191
255970406
255970497
255970645
255970682
255970749
255970765
255970902
255971294
255971360
255971490
255971671
255971935
255972095
255972102
255972141
255972166
255972183
255972196
255972312
255972429
255972635
255972915
255972973
255973494
255973651
255973734
255973827
255974854
255974901
255975134
255975368
255975396
255975775
255975829
255975967
255976433
255976588
255976601
255976652
255976879
255977677
255977717
255977904
255978052
255978227
255978251
255978262
255978294
255978533
255978916
255979039
255979108
255979217
255979478
255979512
255979601
255979624
255979707
255979958
255979966
255980163
255980166
255980236
255980241
255980357
255980380
255980423
255980534
255980860
255980901
255980917
255980936
255980970
255981295
255981437
255981440
255981697
255981784
255981839
255981866
255981906
255981959
255982124
255982209
255982753
255982791
255982842
255982977
255983005
255983012
255983018
255983021
255983192
255983216
255983596
255983679
255983866
255984113
255984119
255984186
255984187
255984371
255984406
255984580
255984638
255984715
255984746
255984820
255984951
255985393
255985531
255985574
255985684
255985729
255985823
255985859
255986501
255986987
255987059
255988139
255988278
255988318
255988369
255989746
255989789
255989998
255990212
255990254
255990325
255990444
255990601
255990603
255990723
255990844
255990980
255991080
255991129
255991227
255991291
255991361
255991407
255991557
255991577
255991707
255991808
255992055
255992663
255992771
255993158
255993242
255993270
255993279
255993452
255993582
255993623
255993633
255993669
255994168
255994563
255994772
255995009
255995027
255995103
255995149
255995168
255995304
255995339
255995500
255995631
255995640
255995776
255996030
255996096
255996241
255996302
255996389
255996437
255996498
255996594
255996687
255996718
255996759
255996972
255996990
255997227
255997721
255997828
255997963
255998086
255998187
255998256
255998305
255998551
255998976
255999264
255999511
255999556
255999574
255999882
256000069
256000088
256000345
256000403
256000508
256000739
256000752
256000809
256001120
256001132
256001511
256001837
256001898
256002135
256002585
256002587
256002680
256003326
256003411
256003532
256004083
256004227
256004238
256004257
256004319
256004326
256004377
256004380
256004393
256004520
256004804
256005133
256005586
256005659
256005990
256006099
256006334
256006396
256006737
256006801
256006820
256007005
256007070
256007169
256007302
256007351
256007825
256007827
256007907
256008098
256008545
256008610
256008954
256008965
256008968
256009083
256009170
256009530
256009623
256009852
256009925
256010166
256010245
256010348
256010526
256010592
256010704
256010730
256010971
256011065
256011308
256011569
256011674
256011743
256012052
256012181
256012659
256012854
256013007
256013083
256013156
256013218
256013472
256013564
256013565
256013636
256013680
256013683
256013973
256014065
256014159
256014236
256014340
256014605
256014662
256014741
256014754
256014898
256015014
256015131
256015244
256015320
256015492
256015569
256015584
256015721
256015729
256015835
256015959
256015980
256016158
256016335
256016339
256016745
256016854
256016955
256017016
256017045
256017334
256017372
256017646
256017896
256017952
256017956
256017996
256018267
256018452
256018570
256018609
256018658
256018957
256018984
256019107
256019207
256019384
256019560
256019850
256019888
256020065
256020158
256020357
256020372
256020521
256020776
256021077
256021300
256021490
256021557
256021558
256021691
256021726
256021980
256022252
256022318
256023476
256023552
256023676
256023723
256023730
256023875
256023926
256023950
256023955
256024021
256024570
256024855
256024930
256025027
256025311
256025405
256025600
256025907
256026080
256026366
256026612
256026818
256026995
256027130
256027479
256027638
256027801
256027910
256028226
256028286
256028298
256028449
256028473
256028564
256028644
256028805
256028880
256028960
256028993
256029016
256029050
256029199
256029295
256029385
256029684
256029869
256030414
256030550
256030576
256030659
256030661
256031007
256031182
256031231
256031271
256031702
256031904
256031965
256032254
256032351
256032463
256032499
256032604
256032940
256033083
256033287
256033292
256033589
256033617
256033658
256033889
256033985
256034463
256034533
256034727
256034740
256034865
256035023
256035120
256035231
256035560
256035570
256035801
256035842
256036184
256036343
256036370
256036503
256036841
256036857
256036958
256037086
256037340
256037391
256037395
256037432
256037544
256037609
256037715
256037979
256038028
256038102
256038234
256038455
256038459
256038565
256038817
256039019
256039389
256039510
256039660
256039711
256039923
256040156
256040522
256040611
256041523
256041755
256042309
256042469
256042622
256042664
256042692
256042766
256042983
256043066
256043150
256043170
256043362
256043373
256043466
256043535
256043771
256043968
256044042
256044138
256044466
256044641
256044821
256044830
256045050
256045154
256045276
256045286
256045390
256045784
256045879
256045912
256046613
256046645
256046803
256046969
256047074
256047475
256047783
256047922
256047993
256048179
256048267
256048287
256048708
256048795
256048797
256048927
256049198
256049456
256049842
256050394
256050409
256050502
256051317
256051548
256052098
256052468
256052496
256052774
256052857
256052931
256053095
256053139
256053450
256053478
256053650
256053658
256053737
256053836
256053838
256054039
256054231
256054287
256054434
256054515
256054719
256054838
256054862
256054959
256054980
256055082
256055153
256055222
256055566
256055650
256055925
256055963
256056097
256056104
256056551
256056762
256056813
256056883
256056892
256057080
256057224
256057338
256057392
256057405
256057450
256057657
256058110
256058381
256058653
256058820
256058853
256059095
256059162
256059264
256059341
256059475
256059865
256060006
256060241
256060247
256060405
256060407
256060417
256060473
256060542
256060691
256060815
256060841
256061115
256061175
256061410
256061583
256061674
256061704
256061822
256062232
256062626
256063201
256063447
256063486
256063520
256063541
256063617
256063805
256064358
256064517
256064691
256065027
256065071
256065276
256065382
256065564
256065708
256066051
256066388
256066417
256066703
256067432
256067577
256067655
256067714
256067972
256068629
256068875
256068980
256069416
256069659
256069778
256069791
256069964
256070607
256070656
256070755
256070867
256070928
256071130
256071149
256071254
256071401
256071645
256071955
256072143
256072361
256072606
256072616
256072655
256072657
256073616
256073892
256074125
256074191
256074205
256074213
256074366
256074902
256075083
256075240
256075302
256075373
256075378
256075434
256075715
256075722
256075842
256075858
256076215
256076351
256076405
256076465
256076655
256076683
256076899
256076946
256077053
256077296
256077476
256077481
256077565
256077672
256077829
256077900
256077956
256078081
256078375
256078792
256078846
256078963
256079017
256079126
256079152
256079193
256079288
256079402
256079492
256079535
256079812
256079827
256079846
256079880
256079958
256080115
256080182
256080195
256080294
256080324
256080498
256080665
256080849
256081225
256081300
256081302
256081733
256081818
256081820
256081871
256081958
256081997
256082164
256082209
256082443
256082600
256082757
256082811
256082833
256082956
256083097
256083143
256083219
256083355
256083408
256083620
256083767
256084083
256084158
256084210
256084488
256084565
256084893
256084926
256085002
256085218
256085324
256085554
256085606
256085775
256085841
256085861
256085984
256085989
256086437
256086456
256086843
256087083
256087099
256087628
256087659
256087701
256087747
256088017
256088557
256088936
256089210
256089367
256090262
256090505
256091057
256091115
256091338
256091504
256091795
256091850
256092064
256092094
256092121
256092175
256092433
256092561
256092720
256092979
256093283
256093330
256093384
256093654
256093707
256093715
256093759
256093765
256093877
256094327
256094417
256094504
256094572
256094728
256094868
256094986
256095260
256095262
256095382
256095618
256095636
256095711
256095830
256095897
256096054
256096060
256096091
256096140
256096171
256096627
256096890
256096933
256096951
256097022
256097106
256097150
256097347
256097380
256097593
256097640
256097693
256097702
256097928
256098457
256098531
256098555
256098611
256098652
256098732
256099055
256099451
256099680
256100289
256100851
256102761
256102992
256103071
256103127
256103403
256103714
256103811
256103938
256104060
256104120
256104335
256104441
256104534
256104983
256104988
256105002
256105052
256105105
256105300
256105392
256105552
256105670
256105828
256105993
256105996
256106004
256106116
256106233
256106326
256106383
256106467
256106820
256107012
256107261
256107454
256107646
256107941
256107985
256108460
256108505
256108604
256108633
256108865
256108889
256108896
256108985
256109026
256109075
256109581
256109861
256109905
256110292
256110452
256110552
256110574
256110863
256110982
256110997
256111066
256111077
256111265
256111359
256111377
256111491
256111857
256111971
256112222
256112229
256112289
256112400
256112572
256112692
256112841
256112872
256112986
256113076
256113115
256113227
256113328
256113424
256113474
256113561
256113590
256113735
256113788
256113815
256114028
256114132
256114133
256114311
256114353
256114587
256114651
256114745
256115222
256115256
256115488
256115911
256116046
256116054
256116339
256116360
256116364
256116408
256116458
256116485
256116712
256117218
256117973
256118367
256119067
256119124
256119255
256119460
256119581
256119658
256119871
256119951
256120157
256120602
256120620
256120669
256120790
256120882
256120932
256120984
256121028
256121035
256121298
256121345
256121463
256121468
256121488
256121589
256121691
256121867
256121874
256121990
256122028
256122093
256122246
256122325
256122336
256122337
256122401
256122410
256122615
256122829
256122986
256123401
256123670
256123816
256124062
256124078
256124084
256124251
256124276
256124495
256124539
256124719
256124848
256124958
256125418
256125566
256125587
256125668
256125696
256125775
256125854
256125891
256125910
256125954
256125970
256126022
256126124
256126145
256126227
256126290
256126501
256126569
256126610
256126701
256127002
256127987
256128205
256128222
256128727
256128792
256129844
256130617
256130777
256130790
256130842
256130930
256131057
256131064
256131072
256131176
256131202
256131351
256131379
256131595
256131629
256131631
256131697
256131807
256132097
256132162
256132360
256132535
256132560
256132650
256132661
256132674
256132708
256132733
256132804
256133046
256133171
256133374
256133407
256133452
256133491
256133721
256134065
256134081
256134135
256134231
256134314
256134315
256134353
256134386
256134551
256134555
256134929
256135029
256135420
256135424
256135452
256135675
256135957
256136081
256136555
256136607
256136739
256136906
256136907
256136958
256137417
256137426
256137731
256137941
256138032
256138302
256138369
256138500
256138576
256138737
256138823
256138955
256139177
256139195
256139279
256139436
256139545
256139612
256139942
256139972
256140121
256140350
256140393
256140860
256140968
256141036
256141191
256141216
256141588
256141872
256141992
256142010
256142140
256142212
256142404
256142518
256142524
256142717
256142890
256142952
256143221
256143519
256143614
256143623
256143639
256144025
256144032
256144169
256144200
256144226
256144349
256144463
256144891
256145088
256145880
256146133
256146488
256146603
256146609
256146869
256147043
256147064
256147417
256147631
256147716
256147738
256147745
256147946
256147963
256148652
256148866
256149570
256149690
256149858
256150079
256150138
256150231
256150336
256150410
256150460
256150479
256150635
256150722
256150880
256150958
256151112
256151249
256151917
256151925
256152100
256152214
256152260
256152315
256152368
256152404
256152636
256152838
256153006
256153259
256153438
256153491
256153530
256153571
256153576
256153651
256154028
256154457
256154718
256154768
256154811
256154820
256155035
256155054
256155376
256155448
256155506
256155640
256155718
256156011
256156519
256157324
256157627
256159092
256159231
256159255
256159384
256159399
256159428
256159467
256159515
256159545
256159640
256159677
256159707
256159724
256160115
256160170
256160247
256160276
256160378
256160498
256160666
256160876
256160899
256161004
256161018
256161028
256161132
256161139
256161274
256161285
256161467
256161498
256161575
256161657
256161721
256161761
256161917
256162140
256162229
256162389
256162474
256162692
256162763
256162764
256162768
256162793
256163059
256163133
256163190
256163299
256163574
256164513
256164531
256164572
256164707
256164762
256164792
256165067
256165105
256165213
256165259
256165401
256165427
256165769
256165985
256166020
256166028
256166045
256166139
256166790
256166885
256167094
256167178
256167274
256167439
256167642
256167727
256167850
256167915
256168063
256168432
256168498
256168902
256169344
256169434
256169861
256170130
256170159
256170310
256170421
256170436
256170473
256170610
256170641
256170692
256171290
256171813
256171900
256172379
256172563
256172676
256172882
256172942
256173194
256173261
256173425
256173587
256174067
256174377
256174470
256175248
256175441
256175469
256175713
256175727
256176405
256176500
256176625
256176683
256177038
256177069
256177315
256177388
256177782
256178372
256178486
256178494
256178502
256178606
256178675
256178706
256178764
256178848
256179174
256179574
256179638
256179655
256179663
256179683
256179696
256179705
256179722
256179846
256179937
256180001
256180142
256180332
256180765
256180785
256180867
256181036
256181229
256181323
256181902
256182167
256182281
256182302
256182328
256182571
256182599
256182600
256182816
256182930
256182987
256183177
256183227
256183258
256183316
256183617
256183683
256183740
256183786
256183799
256183869
256183917
256184079
256184090
256184138
256184150
256184196
256184267
256184856
256185207
256185231
256185451
256185515
256185832
256186186
256186306
256186792
256187078
256187287
256187451
256187490
256187645
256187804
256188045
256188203
256188368
256188733
256188953
256189019
256189119
256189164
256189357
256189629
256189711
256189866
256190022
256190101
256190759
256191048
256191103
256191200
256191308
256191443
256191912
256192208
256192210
256192411
256192631
256192711
256193114
256193301
256193629
256193643
256193652
256193827
256194480
256194831
256194949
256195012
256195118
256195184
256195282
256195356
256195532
256195632
256195685
256195732
256195846
256195981
256196126
256196162
256196211
256196464
256196469
256196738
256196745
256197299
256197383
256197511
256197899
256197911
256198032
256198103
256198233
256198266
256198416
256198494
256198597
256198622
256198885
256199010
256199105
256199157
256199289
256199332
256199356
256199532
256199618
256199852
256200110
256200234
256200327
256200560
256200598
256200669
256200872
256201569
256201586
256201741
256201813
256201940
256202330
256202390
256202834
256202858
256202936
256203053
256203488
256203716
256203795
256203924
256203975
256204017
256204216
256204230
256204428
256204592
256205310
256205560
256206325
256206598
256206696
256206784
256206933
256207334
256207375
256207530
256207720
256207832
256207850
256207852
256207880
256207918
256207927
256207978
256208045
256208183
256208234
256208276
256208352
256208394
256208464
256208504
256208756
256208812
256208857
256208858
256209026
256209251
256209261
256209448
256210061
256210178
256210242
256210297
256210310
256210473
256210526
256210592
256210633
256210725
256210901
256211009
256211329
256211466
256211601
256211739
256211990
256212060
256212067
256212701
256212740
256212795
256213248
256213346
256213531
256213676
256213792
256213994
256214063
256214152
256214281
256214340
256214379
256214467
256214480
256214526
256214868
256215015
256215032
256215247
256215370
256215698
256215731
256215811
256215946
256216048
256216101
256216257
256216469
256216785
256216792
256216862
256217287
256217418
256217545
256217938
256218028
256218168
256218264
256218430
256218459
256218482
256218514
256218572
256218625
256218643
256218852
256218927
256219026
256219262
256219478
256219480
256219765
256219771
256219899
256220473
256220489
256220639
256220755
256220820
256220964
256221009
256221274
256221325
256221335
256221481
256221517
256221554
256221561
256221763
256221904
256222071
256222215
256222354
256222377
256222421
256222510
256222532
256222564
256222601
256222759
256222860
256222895
256223010
256223053
256223177
256223287
256223490
256223699
256223971
256224913
256225024
256225115
256225150
256225255
256225354
256225507
256225901
256226218
256226648
256226650
256226721
256226787
256226788
256226885
256226929
256227169
256227345
256227358
256228246
256228253
256228439
256228442
256228480
256228556
256228730
256228880
256228888
256228933
256228952
256229587
256230034
256230112
256230498
256230529
256230562
256231173
256231193
256231558
256231581
256231658
256231682
256231832
256231836
256231892
256232101
256232166
256232281
256232754
256232817
256233467
256233595
256233678
256233932
256234017
256234108
256234994
256235333
256235388
256235695
256235713
256235805
256236362
256236547
256236651
256236772
256236817
256236834
256237598
256237600
256237633
256237821
256237998
256238213
256238266
256238559
256238725
256239086
256239169
256239453
256239547
256239717
256239730
256239819
256239949
256239964
256240155
256240307
256240453
256240645
256240668
256240792
256240950
256241093
256241157
256241636
256241677
256241729
256241832
256242090
256242346
256242424
256242425
256243358
256243566
256243656
256243943
256243949
256244633
256244765
256244787
256244801
256245071
256245142
256245251
256245285
256245469
256245721
256245915
256246132
256246289
256246596
256246764
256246983
256247455
256247603
256247607
256247622
256247912
256247916
256247930
256248177
256248351
256248373
256248733
256248853
256249160
256249201
256249480
256249665
256249881
256249915
256249949
256250134
256250529
256250539
256250957
256251144
256251366
256251415
256251474
256251588
256251606
256251730
256251858
256251951
256252005
256252625
256252632
256252851
256252985
256253081
256253119
256253386
256253440
256253619
256253726
256253745
256253878
256254170
256254551
256254552
256254601
256254643
256254682
256255073
256255440
256255686
256255728
256255765
256255797
256256138
256256478
256256793
256256959
256256970
256257018
256257662
256257749
256257759
256257825
256258144
256258221
256258814
256258907
256258955
256259120
256259355
256259414
256259794
256259806
256259816
256260053
256260632
256260792
256260798
256260816
256260998
256261071
256261506
256261516
256261667
256261970
256262096
256262196
256262440
256262593
256262673
256262698
256262749
256262773
256262832
256262966
256263002
256263084
256263150
256263188
256263254
256263666
256263956
256264372
256264737
256264986
256265122
256265416
256265433
256265758
256265766
256265772
256265814
256265818
256265857
256265867
256265928
256265960
256266149
256266176
256266631
256266694
256266705
256266982
256267109
256267211
256267287
256267325
256267340
256267824
256268451
256268597
256268805
256268842
256268938
256268964
256268999
256269220
256269359
256269395
256269691
256269741
256270237
256270554
256270572
256270929
256271189
256271513
256271777
256271861
256271965
256272368
256272390
256272553
256272571
256272617
256272821
256272826
256272870
256272953
256273057
256273090
256273116
256273134
256273240
256273241
256273383
256273438
256273678
256273990
256274024
256274052
256274076
256274140
256274237
256274334
256274347
256274496
256274527
256274590
256274705
256274713
256274836
256274872
256274941
256275157
256275162
256275193
256275247
256275270
256275309
256275310
256275538
256275650
256276063
256276259
256276513
256276568
256276868
256277163
256277380
256277626
256277641
256278092
256278293
256278536
256278727
256278785
256279168
256279274
256279281
256279630
256279659
256279742
256279858
256279909
256280367
256280383
256280404
256280413
256280476
256280534
256280542
256280605
256280669
256280803
256280930
256281058
256281253
256281315
256281388
256281563
256281648
256281693
256281762
256282264
256282339
256282375
256282628
256282662
256282850
256283189
256283336
256283409
256283474
256283562
256283692
256283750
256283822
256283974
256284053
256284133
256284270
256284630
256284779
256285497
256285557
256285667
256286065
256286087
256286247
256286560
256286630
256287212
256287493
256287523
256287683
256287856
256288087
256288191
256288288
256288414
256288677
256288895
256289053
256289111
256289459
256289536
256289732
256289839
256290162
256290220
256290293
256290331
256290412
256290889
256290993
256291167
256291307
256291398
256291401
256291567
256292054
256292106
256292239
256292420
256292641
256292830
256293181
256293224
256293275
256293468
256293776
256293826
256294321
256294468
256294470
256294500
256294643
256294668
256294775
256294791
256294889
256294935
256295195
256295723
256295807
256295822
256295858
256295927
256296136
256296150
256296294
256296320
256296430
256296488
256296522
256296801
256297224
256297402
256297852
256298803
256299204
256299667
256299760
256300056
256300155
256300157
256300415
256300447
256300497
256300508
256300569
256300586
256300644
256300819
256300847
256300864
256300906
256300917
256301283
256301537
256301650
256301753
256301857
256301967
256302190
256302207
256302228
256302469
256302816
256303068
256303195
256303311
256303355
256303753
256303923
256304030
256304109
256304202
256304378
256304407
256304795
256305116
256305255
256305343
256305412
256305783
256306270
256306621
256306708
256306789
256306861
256307044
256307116
256307182
256307251
256307373
256307423
256307503
256307728
256308069
256308133
256308298
256308517
256308619
256308636
256308698
256308712
256308854
256308919
256308980
256309467
256309675
256309867
256309902
256309925
256310156
256310245
256310390
256310447
256310550
256310679
256310837
256310985
256311000
256311290
256311298
256311449
256311481
256312004
256312390
256312413
256312564
256312735
256312808
256312850
256312943
256313311
256313769
256313831
256313953
256313997
256314041
256314454
256314484
256314652
256314973
256315010
256315399
256315584
256315702
256315767
256315774
256315876
256315981
256315984
256316393
256316449
256316897
256316919
256317162
256317266
256317326
256317543
256317620
256317645
256317721
256317961
256318042
256318061
256318144
256318199
256318219
256318342
256318352
256318391
256318807
256318843
256318898
256319107
256319117
256319184
256319350
256319400
256319467
256319485
256319537
256319668
256319906
256320216
256320293
256320310
256320473
256320634
256320860
256321105
256321148
256321172
256321341
256321757
256321934
256322080
256322090
256322479
256322614
256322865
256322943
256323051
256323243
256323409
256323449
256323512
256323670
256324265
256324969
256325329
256325518
256325619
256325890
256326129
256326139
256326195
256326276
256326610
256326985
256327267
256327287
256327534
256327572
256327842
256327844
256327971
256328125
256328228
256328543
256328764
256328878
256329196
256329281
256329324
256329452
256329672
256329991
256330228
256330411
256330551
256330659
256331564
256331735
256331909
256331919
256332069
256332247
256332358
256332365
256332458
256332615
256332811
256333046
256333691
256333744
256333818
256333893
256333916
256333959
256334140
256334244
256334335
256334337
256334475
256334592
256334635
256334816
256334849
256334881
256334977
256335135
256335239
256335412
256335836
256336139
256336210
256336269
256336442
256336452
256336474
256336494
256336534
256336672
256336857
256336953
256336957
256337134
256337233
256337809
256337892
256337967
256338184
256338270
256338304
256338716
256338882
256338976
256339598
256339690
256339756
256339757
256339942
256339983
256340182
256340397
256340630
256340765
256341056
256341599
256341834
256341862
256342172
256342603
256342668
256342736
256342964
256343108
256343150
256343550
256343564
256343650
256343841
256344036
256344168
256344273
256344465
256344541
256344980
256345063
256345481
256345690
256345744
256345813
256345987
256345993
256346116
256346331
256346633
256346666
256346743
256346981
256347118
256347367
256347647
256347776
256347953
256348238
256348346
256348728
256348855
256348893
256349104
256349222
256349352
256349920
256350168
256350229
256350276
256350365
256350525
256350640
256350720
256351083
256351158
256351262
256351279
256351280
256351310
256351371
256351398
256351464
256351472
256351600
256351602
256351806
256352153
256352163
256352248
256352445
256352867
256353252
256353493
256353565
256353918
256354043
256354410
256355152
256355718
256355784
256355865
256355891
256355956
256355979
256356246
256356447
256356502
256356948
256357017
256357248
256357300
256357888
256358549
256358773
256358877
256359297
256359457
256359507
256359615
256359636
256359773
256359812
256359826
256359848
256359923
256360000
256360086
256360215
256361306
256361332
256361529
256361732
256361764
256361911
256362059
256362162
256362393
256362920
256363286
256363315
256363485
256363715
256364100
256364425
256364595
256364839
256364916
256364983
256365055
256365255
256365362
256365600
256365646
256365656
256365662
256365821
256365860
256366006
256366183
256366241
256366868
256366959
256367277
256367386
256367476
256367565
256367803
256367862
256367931
256367945
256368225
256368340
256368483
256368545
256368556
256368570
256368627
256368660
256368674
256368710
256368807
256368907
256369088
256369214
256369408
256369563
256369574
256369622
256369806
256369867
256370002
256370064
256370286
256370378
256370674
256370677
256370729
256370813
256370969
256371268
256371290
256371342
256371398
256371718
256371859
256371975
256372013
256372073
256372152
256372185
256372260
256372521
256372880
256372901
256373327
256373674
256373765
256373909
256373925
256374106
256374223
256374350
256374482
256374656
256374708
256374747
256375115
256375427
256375531
256375789
256375813
256376243
256376307
256376322
256376634
256376854
256377022
256377339
256377702
256377730
256377741
256378013
256378217
256378341
256378439
256378706
256378935
256379020
256379032
256379069
256379309
256379501
256379591
256379856
256380242
256380365
256380414
256380424
256380505
256380522
256380817
256380968
256381135
256381234
256381371
256381388
256381406
256381476
256381812
256382047
256382461
256382637
256382806
256382817
256382998
256384214
256384473
256384511
256384700
256384723
256384731
256384912
256385041
256385493
256385591
256385640
256385705
256385894
256385897
256385956
256386012
256386285
256386484
256386513
256386645
256386683
256386756
256386766
256386884
256386922
256386942
256387174
256387266
256387341
256387434
256387592
256388250
256388256
256388389
256388476
256388667
256388933
256389035
256389039
256389061
256389076
256389196
256389226
256389349
256389414
256389578
256389757
256389858
256389901
256389995
256390054
256390065
256390107
256390139
256390203
256390239
256390526
256390580
256390623
256390740
256390771
256390982
256391065
256391310
256391372
256391471
256391660
256391853
256391912
256391990
256392243
256392410
256392452
256392470
256392553
256392624
256392629
256392661
256393229
256393754
256393777
256393818
256393850
256393940
256394194
256394346
256394447
256394733
256394798
256394841
256394853
256394905
256395029
256395190
256395258
256395379
256395415
256395447
256395541
256395543
256395567
256395580
256395614
256396264
256396572
256396840
256396949
256397256
256397300
256397309
256397613
256397739
256397832
256398423
256398485
256399427
256399937
256400396
256400509
256400517
256400542
256400791
256400871
256400886
256401147
256401588
256401731
256401794
256401989
256402022
256402130
256402141
256402193
256402384
256402419
256402536
256402602
256402722
256402754
256403300
256403339
256403351
256403396
256403412
256403581
256403633
256403816
256403835
256403875
256403942
256403985
256404110
256404429
256404531
256404644
256404783
256404792
256404860
256404972
256404978
256405053
256405356
256405491
256405696
256405734
256405901
256405951
256406006
256406160
256406289
256406326
256406355
256406434
256406453
256406657
256406758
256407048
256407251
256407257
256408168
256408895
256408971
256409205
256409421
256409446
256409615
256409702
256410068
256410093
256410237
256410841
256411029
256411158
256411344
256411388
256411541
256411678
256411774
256411881
256411919
256412139
256412288
256412418
256412583
256412665
256412766
256412956
256412984
256413021
256413312
256413413
256413594
256413658
256414023
256414144
256414605
256414650
256414912
256414988
256415468
256415544
256415885
256415892
256416231
256416468
256416490
256416672
256416974
256417101
256417176
256417267
256417294
256417446
256417644
256417856
256417915
256417938
256418025
256418063
256418146
256418155
256418193
256418249
256418273
256418347
256418458
256418613
256418759
256418837
256418848
256419068
256419320
256419498
256419541
256419586
256419799
256419903
256420050
256420068
256420298
256420397
256420431
256420432
256420495
256420676
256420721
256420753
256421071
256421203
256421242
256421416
256421532
256421567
256421618
256421644
256421648
256421953
256422267
256422315
256422343
256422520
256422683
256422711
256422947
256423154
256423860
256424018
256424183
256424248
256424479
256424596
256425005
256425400
256425494
256425730
256425796
256425809
256426225
256426282
256426319
256426320
256426368
256426630
256426770
256426859
256427072
256427122
256427366
256427541
256427703
256427768
256427798
256428232
256428757
256428790
256428996
256429013
256429125
256429225
256429244
256429368
256429398
256429406
256429883
256429885
256430073
256430085
256430184
256430337
256430385
256430438
256430528
256430529
256430545
256430561
256430643
256430648
256430727
256430864
256430886
256430900
256431122
256431336
256431462
256431605
256431616
256431676
256431692
256431703
256431722
256431799
256431909
256431951
256431961
256432018
256432100
256432383
256432452
256432453
256432807
256433047
256433463
256433589
256433612
256433718
256433886
256433990
256434325
256434499
256435423
256435435
256435516
256436034
256436343
256436593
256436681
256436694
256436874
256436995
256437222
256437320
256437389
256437639
256437742
256437950
256438027
256438248
256438288
256438364
256438432
256439093
256439224
256439239
256439401
256439407
256439510
256439702
256439891
256440022
256440975
256441199
256441233
256441239
256441404
256441431
256441535
256441699
256441706
256441752
256441916
256442003
256442166
256442172
256442240
256442319
256442321
256442417
256442645
256442663
256442754
256442905
256443068
256443147
256443186
256443342
256443532
256443810
256444039
256444089
256444193
256444359
256444389
256444650
256444710
256445016
256445416
256445549
256445565
256445740
256445783
256445784
256445874
256446128
256446174
256446268
256446285
256446372
256446374
256446543
256447022
256447693
256447751
256448129
256448157
256448247
256448339
256448346
256448562
256448589
256448884
256448927
256448932
256449303
256449522
256449913
256449928
256449969
256450022
256450327
256450349
256450651
256450657
256450827
256450953
256451110
256451138
256451152
256451254
256451594
256451729
256451765
256451901
256452002
256452352
256452402
256452445
256452898
256453223
256453264
256453489
256453841
256454047
256454167
256454235
256454290
256454435
256454599
256454913
256455068
256455072
256455198
256455264
256455411
256455416
256455432
256455482
256455582
256455890
256456178
256456257
256456475
256456710
256456718
256457005
256457157
256457213
256457253
256457459
256457565
256457620
256457966
256458271
256458567
256458635
256458677
256458711
256458831
256458851
256458979
256458992
256459232
256459310
256459331
256459383
256459531
256459895
256459917
256460052
256460091
256460111
256460182
256460273
256460322
256460447
256460717
256460829
256460911
256460983
256460989
256461137
256461172
256461243
256461302
256461346
256461472
256461501
256461634
256461908
256461929
256461949
256462059
256462115
256462131
256462698
256462701
256462836
256463172
256463920
256463933
256464166
256464181
256464219
256464272
256464687
256464833
256464904
256465173
256465197
256465508
256465515
256465537
256465927
256466041
256466231
256466357
256466371
256466413
256466425
256466484
256466791
256466846
256466875
256466927
256467463
256467497
256467515
256467609
256467613
256467787
256467879
256468212
256468578
256469005
256469058
256469157
256469450
256469525
256469986
256470065
256470086
256470101
256470306
256470468
256470611
256470704
256470709
256470745
256470864
256470932
256471054
256471191
256471207
256471294
256471395
256471448
256471499
256471604
256471858
256471862
256472015
256472119
256472272
256472331
256472458
256472540
256472926
256473131
256473134
256473262
256473406
256473471
256473548
256473603
256473833
256474123
256474179
256474593
256474951
256475228
256475284
256475296
256475395
256475537
256475761
256475982
256476090
256476138
256476276
256476400
256476495
256476521
256476604
256476819
256476856
256477192
256477348
256477426
256477635
256477638
256477661
256477863
256477903
256477992
256478179
256478287
256478342
256478361
256478374
256478382
256478395
256478424
256478618
256478639
256478778
256478922
256478993
256479056
256479081
256479292
256479373
256479652
256479946
256479971
256480057
256480152
256480298
256480338
256480464
256480492
256480748
256480908
256480970
256480974
256481081
256481184
256481245
256481315
256481507
256481700
256481934
256481939
256481970
256482011
256482054
256482057
256482181
256482211
256482229
256482264
256482284
256482465
256483443
256483831
256484051
256484320
256484353
256484382
256484516
256484587
256484597
256485062
256485171
256485195
256485518
256485546
256485773
256485775
256485803
256485808
256485887
256486087
256486480
256486524
256486770
256486881
256486885
256487295
256487297
256487631
256487717
256487818
256487869
256487950
256488096
256488430
256488847
256488872
256488899
256489367
256489390
256489500
256489681
256489824
256489946
256489979
256490422
256490438
256490444
256490802
256491082
256491143
256492082
256492623
256492677
256492880
256492883
256492894
256492908
256493248
256493413
256493448
256493554
256493725
256493844
256493979
256494106
256494141
256494167
256494218
256494901
256494944
256495008
256495042
256495146
256495187
256495190
256495260
256495263
256495286
256495394
256495433
256495632
256495727
256495953
256496168
256496174
256496250
256496257
256496284
256496291
256496470
256496544
256496707
256496726
256497034
256497363
256497589
256497609
256497624
256498279
256498320
256498332
256498340
256498402
256498600
256498621
256498652
256498670
256498675
256498831
256498857
256498896
256498901
256499104
256499192
256499312
256499335
256499511
256499593
256499752
256500071
256500242
256500744
256500788
256500789
256500854
256500983
256501229
256501269
256501298
256501746
256501772
256501813
256501972
256502112
256502259
256502274
256502532
256502768
256502892
256502991
256503044
256503055
256503177
256503351
256503427
256503429
256503569
256503628
256503677
256503969
256503990
256504049
256504749
256504825
256504995
256505021
256505029
256505484
256505588
256505638
256505985
256506124
256506628
256506744
256506899
256507911
256508642
256508737
256508973
256509216
256509412
256509810
256509816
256510191
256510298
256510455
256510648
256510730
256510780
256510835
256510892
256510989
256511458
256511855
256511961
256512240
256512459
256512629
256512705
256512780
256512891
256512991
256513207
256513330
256513440
256513457
256513599
256513722
256513737
256513765
256513883
256513886
256513956
256514090
256514205
256514422
256514438
256514667
256515100
256515135
256515194
256515318
256515447
256515612
256515632
256515913
256515918
256516067
256516483
256516781
256517258
256517350
256517691
256518125
256519740
256520089
256520152
256520165
256520237
256520487
256520490
256520526
256520871
256521031
256521043
256521153
256521237
256521576
256521719
256521877
256521905
256522088
256522144
256522190
256522212
256522232
256522255
256522292
256522391
256522393
256522412
256522426
256522508
256522541
256522742
256522779
256522784
256522863
256522873
256523029
256523036
256523071
256523150
256523222
256523223
256523663
256523678
256523744
256523875
256523981
256524298
256524368
256524418
256524546
256524560
256524778
256524909
256524997
256525053
256525114
256525428
256525498
256525750
256525914
256525919
256526091
256526108
256526115
256526130
256526183
256526193
256526282
256526460
256526532
256526671
256526811
256527264
256527291
256527588
256528007
256528329
256528357
256528394
256528456
256528567
256528582
256528649
256528715
256528796
256528822
256528960
256529601
256529604
256529812
256530187
256530364
256530412
256530447
256531013
256531016
256531079
256531109
256531216
256531303
256531480
256531522
256531659
256531697
256531964
256532152
256532247
256532530
256532655
256532745
256532763
256532820
256533033
256533430
256533652
256533701
256534000
256534052
256534381
256534460
256534575
256534858
256535108
256535801
256535807
256535829
256536136
256536271
256537074
256537436
256537672
256537766
256537829
256538187
256538245
256538754
256538863
256538884
256538899
256538967
256538968
256538978
256539052
256539109
256539203
256539291
256539365
256539368
256539439
256539450
256539599
256539639
256539644
256539707
256539797
256540139
256540170
256540181
256540182
256540225
256540242
256540279
256540715
256540726
256540821
256541210
256541214
256541319
256541540
256541542
256541647
256541713
256542249
256542411
256542438
256542525
256542546
256542566
256542747
256542788
256542816
256542922
256543070
256543084
256543117
256543201
256543232
256543244
256543251
256543641
256543737
256543748
256543874
256543897
256545024
256545290
256545316
256545738
256545771
256547822
256548114
256548266
256548413
256548624
256548681
256548752
256548905
256548948
256549260
256549290
256549329
256549530
256549549
256549705
256549733
256549795
256549846
256549863
256550082
256550170
256550200
256550256
256550337
256550412
256550439
256550553
256550622
256550684
256550742
256550775
256550867
256550881
256550993
256551228
256551262
256551292
256551329
256551670
256551790
256551843
256551881
256551921
256551993
256552042
256552066
256552380
256552455
256552582
256552913
256553076
256553868
256553887
256554165
256554271
256554279
256554299
256554494
256554578
256554682
256554756
256554903
256555058
256555640
256555784
256556140
256556178
256556318
256556330
256556536
256556580
256556600
256556731
256556750
256556839
256556969
256557024
256557104
256557543
256557574
256557656
256557979
256558043
256558045
256558586
256558837
256558903
256558973
256559059
256559067
256559164
256559199
256559212
256559242
256559243
256559325
256559401
256559403
256559782
256559790
256560262
256560309
256560350
256560721
256560774
256560848
256561073
256561192
256561441
256561572
256561814
256561886
256562024
256562292
256562402
256562890
256563059
256563178
256563649
256564341
256564895
256564966
256565170
256565212
256565274
256565305
256565313
256565579
256565604
256565646
256566049
256566507
256566511
256566571
256566580
256566770
256566903
256566984
256567096
256567159
256567162
256567264
256567666
256567690
256567722
256567735
256567736
256567745
256568148
256568213
256568256
256568287
256568375
256568396
256568595
256568881
256569105
256569288
256569330
256569567
256569834
256570007
256570130
256570174
256570263
256570284
256570345
256570365
256570394
256570436
256570438
256570668
256570792
256570843
256570850
256571114
256571141
256571201
256571295
256571304
256571329
256571339
256571344
256571434
256571596
256571713
256572071
256572118
256572149
256572202
256572233
256572409
256572534
256572645
256572835
256573130
256573660
256573689
256573814
256573855
256574039
256574409
256575520
256575728
256576175
256576198
256576315
256576765
256576774
256576822
256576842
256576864
256576980
256576984
256577254
256577308
256577378
256577743
256577859
256578117
256578132
256578267
256578327
256578352
256578359
256578479
256578931
256579062
256579213
256579452
256579534
256579545
256579583
256579900
256579939
256580201
256580364
256580465
256580655
256580674
256580721
256580786
256580827
256580851
256581034
256581577
256581796
256581882
256581959
256582124
256582314
256582486
256582612
256582616
256582732
256582865
256582928
256583198
256583229
256583439
256583516
256583570
256583584
256583717
256583930
256584050
256584143
256584566
256584662
256584718
256584750
256584887
256584932
256585052
256585566
256585676
256585818
256586006
256586037
256586173
256586193
256586402
256586514
256586600
256586981
256587372
256588108
256588197
256588251
256588498
256588535
256588630
256588682
256588988
256589028
256589062
256589081
256589159
256589256
256589284
256589328
256589506
256589512
256589536
256589606
256589686
256589724
256589727
256589974
256590033
256590052
256590377
256590584
256590875
256591041
256591093
256591106
256591231
256591254
256591274
256591364
256591413
256591539
256591619
256591668
256591691
256591726
256591734
256592004
256592139
256592488
256592583
256592678
256592852
256593103
256593156
256593288
256593298
256593388
256593466
256593611
256593730
256593786
256594052
256594203
256594341
256594407
256594728
256594835
256595044
256595069
256595635
256595755
256595940
256596010
256596074
256596141
256596312
256596482
256596669
256596911
256596986
256597026
256597459
256597633
256597649
256597687
256597831
256598278
256598635
256598658
256598687
256598714
256598903
256598949
256599188
256599285
256599458
256599592
256599627
256599863
256599978
256599994
256600132
256600259
256600422
256600455
256601039
256601140
256601226
256601246
256601283
256601332
256601427
256601516
256601591
256601609
256601641
256601762
256601886
256602047
256602232
256602254
256602278
256602288
256602494
256602555
256602657
256602705
256602885
256602911
256603105
256603166
256603266
256603653
256603660
256603716
256603919
256604020
256604049
256604100
256604159
256604230
256604245
256604280
256604541
256604649
256604752
256604786
256604907
256604956
256605065
256605109
256605528
256605704
256605706
256605713
256605776
256605843
256606077
256606101
256606286
256606352
256606453
256606626
256606949
256607150
256607275
256607412
256607460
256607638
256607711
256608163
256608249
256608263
256608307
256608314
256608382
256608439
256608504
256608512
256608628
256608858
256609303
256609342
256609362
256609504
256609508
256609581
256609589
256609931
256610474
256610504
256610526
256611399
256611563
256611647
256611664
256611745
256611926
256612046
256612109
256612330
256612358
256612572
256612632
256612656
256613046
256613240
256613281
256613422
256613552
256613601
256613617
256613707
256613779
256613818
256613975
256614168
256614221
256614496
256614508
256614598
256614681
256614864
256615100
256615115
256615232
256615385
256615430
256615549
256615609
256615984
256616272
256616485
256616508
256616521
256616554
256616558
256616577
256616599
256616604
256616959
256617044
256617056
256617092
256617106
256617224
256617368
256617538
256617632
256617671
256617761
256618099
256618576
256618811
256619162
256619766
256619819
256619929
256620203
256620311
256620605
256620698
256620758
256620852
256620976
256621298
256621753
256621848
256622350
256622374
256622784
256623102
256623168
256623625
256624075
256624078
256624120
256624148
256624153
256624385
256624510
256625115
256625156
256625490
256625833
256625870
256626038
256626050
256626213
256626510
256626646
256626758
256626836
256627282
256627310
256627400
256627887
256628074
256628289
256628426
256628623
256629420
256629601
256629730
256629811
256629969
256629972
256630087
256630171
256630409
256630501
256630683
256630732
256630747
256630999
256631241
256631456
256631583
256631585
256631596
256631761
256631841
256632147
256632167
256632348
256632679
256632834
256632916
256632964
256632965
256633309
256633654
256633752
256633878
256634141
256634660
256634744
256634793
256634794
256635196
256635411
256635554
256635797
256635824
256636448
256636958
256637140
256637446
256637644
256637670
256637858
256638157
256638186
256638629
256638641
256639089
256639415
256639541
256639645
256639686
256639883
256639974
256640159
256640167
256640559
256640800
256641154
256641576
256641622
256641688
256642324
256642367
256642586
256642724
256642952
256643029
256643181
256643357
256643481
256643583
256643701
256643709
256643717
256643749
256643793
256643799
256644368
256644507
256644711
256644907
256645168
256645321
256645328
256645367
256645910
256645933
256646069
256646464
256646467
256646760
256646795
256647065
256647320
256647350
256647409
256647467
256647653
256647666
256647985
256648211
256648298
256648403
256648554
256649037
256649180
256649317
256649623
256649757
256649817
256649958
256650475
256650535
256650637
256650665
256650910
256651081
256651516
256651707
256651839
256651913
256651944
256652025
256652305
256652351
256652359
256652401
256652641
256652994
256653040
256653375
256653599
256653651
256653784
256653987
256654028
256654043
256654160
256654208
256654421
256654808
256654898
256654976
256655274
256655482
256655620
256657329
256657696
256657741
256657983
256658094
256658232
256658247
256658336
256658402
256658407
256658415
256658489
256658556
256658583
256658621
256658752
256658835
256658873
256658906
256658908
256659131
256659144
256659841
256660153
256660321
256660378
256660383
256660445
256660774
256661089
256661669
256661998
256662088
256662106
256662177
256662243
256662477
256662588
256662626
256662639
256662653
256662703
256663089
256663256
256663459
256663530
256663702
256663869
256664288
256664294
256665055
256665374
256665601
256665668
256666050
256666303
256666365
256666594
256666895
256667271
256667384
256667414
256667456
256667857
256667895
256668140
256668597
256668645
256668745
256668870
256668951
256669346
256669417
256669435
256669714
256669929
256670046
256670128
256670311
256670472
256670713
256670758
256670775
256670802
256670805
256670862
256670989
256671173
256671489
256671562
256672197
256672590
256672663
256672719
256672721
256672983
256672984
256673039
256673283
256673331
256673883
256673920
256674108
256674276
256674436
256674480
256674629
256674664
256674699
256674717
256674739
256674870
256674974
256675023
256675086
256675144
256675196
256675201
256675405
256675516
256675581
256675796
256675867
256675957
256676475
256676683
256676731
256677484
256677499
256677765
256677824
256677887
256677966
256677976
256678002
256678368
256678673
256678727
256678764
256678775
256678911
256678992
256679097
256679196
256679384
256680110
256680670
256682448
256682454
256682645
256682724
256682874
256682891
256683060
256683217
256683543
256683547
256683623
256683709
256683745
256683920
256683962
256684051
256684100
256684125
256684144
256684303
256684309
256684339
256684495
256684547
256684594
256684831
256685202
256685320
256685664
256685955
256686048
256686372
256686470
256686543
256686758
256686837
256687043
256687048
256687201
256687257
256687276
256687383
256687440
256687447
256687753
256687831
256687876
256687968
256688033
256688102
256688153
256688179
256688456
256688470
256688501
256688526
256688830
256688843
256688888
256689242
256689265
256689357
256689376
256689616
256689714
256689868
256690050
256690086
256690170
256690180
256690806
256690909
256690937
256691223
256691358
256691507
256691640
256691670
256691687
256691715
256691773
256691783
256692021
256692196
256692365
256692373
256692694
256692702
256692794
256692834
256692909
256693013
256693053
256693348
256693475
256693631
256693723
256694071
256694229
256694384
256694390
256694586
256694588
256694686
256694729
256694808
256694840
256694999
256695032
256695066
256695756
256695804
256695826
256696016
256696144
256696234
256696376
256696484
256696731
256696771
256696869
256697290
256697401
256697542
256697550
256697600
256697744
256697755
256697946
256697999
256698015
256698136
256698290
256698442
256698540
256698671
256698672
256698673
256698858
256698906
256698968
256698985
256699080
256699113
256699323
256699441
256699457
256699658
256699947
256699967
256700172
256700355
256700356
256700862
256700953
256701033
256701139
256701277
256701314
256701364
256701373
256701464
256701504
256701565
256701971
256701980
256701984
256702038
256702169
256702312
256702360
256702508
256702740
256703219
256703489
256703858
256705252
256705655
256705769
256705783
256705851
256705856
256706001
256706080
256706178
256706282
256706539
256706556
256706619
256706790
256706993
256707107
256707171
256707242
256707254
256707285
256707295
256707365
256707387
256707448
256707545
256707590
256707829
256707832
256707886
256707964
256708059
256708112
256708143
256708619
256708662
256708810
256709958
256710162
256710304
256710541
256710722
256711023
256711032
256711188
256711341
256711557
256711833
256711889
256712022
256712034
256712063
256712187
256712214
256712564
256712570
256712860
256713465
256714317
256714449
256714459
256714486
256715047
256715086
256715150
256715163
256715293
256715452
256715575
256715767
256715868
256715947
256716270
256716302
256716428
256716449
256716461
256716489
256716507
256716706
256716873
256716996
256717429
256717510
256717612
256717816
256717893
256717905
256717998
256718163
256718250
256718447
256718496
256718517
256718590
256718728
256718729
256718906
256719155
256719170
256719192
256719237
256719271
256719323
256719458
256719547
256719630
256719911
256719914
256720298
256720317
256720345
256720396
256720441
256720501
256720550
256720624
256720628
256720705
256720750
256720899
256721004
256721037
256721335
256721479
256721535
256721641
256721836
256721840
256721841
256721931
256721950
256722033
256722158
256722287
256722293
256722377
256722392
256722494
256722657
256722694
256722867
256722936
256722992
256723004
256723088
256723119
256723195
256723411
256723474
256723674
256723778
256723800
256723837
256724099
256724106
256724190
256724212
256724434
256724584
256724650
256724724
256725062
256725073
256725248
256725276
256725278
256725280
256725526
256725728
256725810
256725932
256726007
256726047
256726077
256726110
256726135
256726192
256726211
256726395
256726531
256727443
256727563
256727817
256727862
256727933
256727966
256728378
256728576
256729696
256729758
256729825
256730200
256730203
256730229
256730379
256730380
256730409
256730453
256730668
256730679
256730708
256730730
256730735
256730743
256730751
256730754
256730831
256731007
256731076
256731127
256731164
256731329
256731363
256731399
256731485
256731530
256731553
256731554
256731594
256731598
256731617
256731642
256731649
256731740
256731792
256731872
256732101
256732230
256732370
256732397
256732581
256732594
256732607
256733013
256733019
256733211
256733301
256733377
256733502
256733602
256733830
256734030
256734229
256734239
256734273
256734344
256734375
256734474
256734619
256734690
256734721
256735019
256735026
256735120
256735506
256735515
256735550
256735595
256735692
256735804
256735805
256735916
256735950
256736250
256736584
256736596
256736762
256736970
256737138
256737151
256737201
256737306
256737394
256737715
256737802
256737831
256737855
256737876
256738008
256738567
256738610
256738804
256738832
256739165
256739172
256739305
256739335
256739378
256739417
256739511
256739551
256739597
256739660
256739925
256739939
256739958
256740002
256740162
256740163
256740170
256740224
256740569
256740662
256740718
256740812
256740826
256741018
256741166
256741525
256741620
256741774
256742100
256742398
256742409
256742479
256742700
256742712
256742813
256742938
256743132
256743174
256743246
256743364
256743564
256743600
256743808
256743963
256744358
256744707
256744749
256744774
256745083
256745227
256745907
256746025
256746064
256746114
256746394
256746412
256746436
256746587
256746589
256746705
256746706
256746757
256747143
256747182
256747243
256747259
256747344
256747492
256747521
256747774
256747926
256748257
256748570
256748718
256748858
256748871
256748987
256748995
256749141
256749154
256749254
256749279
256749345
256749448
256749662
256749685
256749852
256749853
256749930
256749972
256750015
256750104
256750129
256750142
256750462
256750753
256750832
256750887
256750892
256751081
256751110
256751238
256751291
256751435
256751500
256751873
256752236
256752281
256752403
256754412
256754769
256754970
256755410
256755550
256755558
256755679
256755721
256755745
256755775
256755789
256755793
256756204
256756285
256756300
256756358
256756410
256756422
256756436
256756472
256756489
256756530
256756577
256756617
256756862
256756871
256757162
256757163
256757224
256757253
256757358
256757493
256757699
256757829
256757860
256758003
256758022
256758049
256758422
256758658
256759085
256759172
256759459
256759601
256759607
256759643
256759755
256759757
256759835
256759940
256759963
256760005
256760112
256760113
256760153
256760156
256760162
256760183
256760193
256760210
256760261
256760273
256760541
256760672
256761029
256761036
256761369
256761468
256761527
256761579
256761626
256761666
256761681
256761773
256761782
256761818
256761849
256762135
256762268
256762330
256762368
256762515
256763144
256763900
256763904
256763955
256764232
256764550
256764553
256764576
256764675
256764717
256764742
256764829
256764873
256765330
256765345
256765694
256765951
256766159
256766209
256766799
256766805
256766833
256766873
256767081
256767289
256767297
256767308
256767844
256768002
256768119
256768177
256768212
256768470
256768552
256769295
256769393
256769501
256769558
256769614
256769652
256769943
256769975
256769987
256770021
256770143
256770646
256770839
256770972
256771064
256771241
256771302
256771351
256771444
256771645
256771766
256771843
256771949
256772214
256772351
256772393
256772451
256772491
256772521
256772600
256772652
256772701
256772791
256772854
256772947
256773001
256773024
256773140
256773257
256773665
256773690
256773759
256773892
256773986
256774003
256774271
256774500
256774858
256774891
256774946
256774969
256775045
256775180
256775299
256775394
256775457
256775626
256775652
256775667
256775979
256775987
256776056
256776060
256776191
256776403
256776484
256776498
256776499
256776653
256776719
256776924
256777011
256777379
256777454
256777502
256777575
256777946
256778196
256778329
256779041
256779050
256779060
256779071
256779425
256779535
256779725
256779862
256780023
256780035
256780468
256780518
256780951
256781047
256781147
256781190
256781248
256781692
256781704
256781906
256782099
256782339
256782355
256782443
256782536
256782775
256783092
256783327
256783381
256783467
256783512
256783538
256783860
256783985
256784205
256784245
256784428
256784509
256784715
256785019
256785079
256785209
256785240
256785305
256785340
256785400
256785738
256785775
256785837
256785925
256786204
256786209
256786302
256786563
256786582
256786609
256786819
256787314
256787683
256787955
256788080
256788257
256788266
256788693
256788830
256788897
256789314
256789437
256789623
256789701
256789916
256789929
256789940
256790258
256790351
256790690
256790767
256791147
256791160
256791419
256791771
256792085
256792171
256792330
256792637
256793150
256793428
256793446
256793535
256793552
256794440
256794780
256794937
256795274
256795289
256795305
256795390
256795559
256795913
256796166
256796182
256796221
256796361
256796599
256796635
256796956
256797180
256797425
256797730
256797737
256797768
256797843
256797973
256798393
256798449
256799022
256799189
256799750
256799798
256800083
256800124
256800164
256800294
256800564
256800658
256800735
256800755
256800795
256801135
256801254
256801326
256801549
256801605
256801661
256801957
256802024
256802280
256802641
256802686
256802703
256802791
256803095
256803111
256803142
256803186
256803401
256803457
256803508
256803535
256803579
256803774
256803848
256803908
256803984
256804015
256804359
256804362
256804657
256804887
256804911
256805062
256805099
256805474
256805503
256805505
256805518
256805576
256805787
256805858
256805988
256806182
256806270
256806789
256806825
256806836
256806966
256807047
256807104
256807276
256807361
256807737
256807821
256807864
256808098
256808128
256808385
256808428
256808585
256808636
256808753
256808941
256809013
256809077
256809490
256809506
256809635
256809720
256809926
256809930
256809999
256810214
256810526
256810529
256810536
256810606
256810827
256811089
256811212
256811320
256811945
256811955
256811967
256812077
256812479
256812533
256812648
256812657
256812975
256813107
256813145
256813306
256813384
256813391
256813552
256813739
256813812
256813983
256814173
256814238
256814386
256814625
256814819
256814828
256814866
256815053
256815067
256815093
256815112
256815267
256815492
256815495
256815619
256815801
256816462
256816714
256817074
256817334
256817381
256817466
256817596
256817692
256817787
256817813
256817839
256817876
256817990
256818077
256818260
256818387
256818438
256818621
256818983
256819042
256819356
256819360
256819622
256819739
256819832
256819885
256820064
256820103
256820350
256820413
256820583
256820601
256820631
256820687
256821012
256821164
256821196
256821348
256821361
256821441
256821444
256821587
256821649
256821711
256821735
256821856
256821912
256822006
256822090
256822473
256822713
256822744
256822998
256823672
256823828
256823975
256824112
256824145
256824180
256824527
256824601
256824619
256824688
256825062
256825468
256825667
256825703
256825790
256825818
256825875
256825902
256825916
256825969
256826283
256826284
256826707
256826961
256827013
256827019
256827141
256827215
256827313
256827365
256827772
256827808
256827899
256828010
256828253
256828298
256828367
256828390
256828543
256828697
256828703
256828711
256828904
256828931
256829090
256829093
256829108
256829257
256829279
256829309
256829316
256829332
256829693
256829910
256830059
256830168
256830209
256830433
256830465
256830499
256830533
256830566
256830790
256830855
256830979
256831125
256831131
256831190
256831191
256831316
256831381
256831384
256831416
256831455
256831525
256831623
256831962
256832186
256832214
256832438
256832446
256832611
256833193
256833197
256833282
256833595
256833689
256833983
256834131
256834153
256834790
256835157
256835464
256836109
256836353
256836367
256836554
256836825
256837209
256837272
256837558
256837605
256837615
256837697
256837886
256838081
256838432
256838512
256838590
256838734
256838801
256838977
256839083
256839240
256839242
256839281
256839520
256839522
256839543
256839568
256839590
256839667
256839822
256839953
256840071
256840157
256840871
256840878
256840936
256841171
256841419
256841782
256841866
256842023
256842024
256842028
256842040
256842108
256842110
256842120
256842130
256842177
256842398
256842492
256842633
256842655
256842683
256842684
256842729
256842810
256842918
256843037
256843148
256843162
256843400
256843406
256843501
256843587
256843618
256843888
256843964
256843976
256844206
256844246
256844283
256844335
256844447
256844587
256845159
256845211
256845334
256845861
256845882
256845890
256846419
256846437
256846446
256846487
256847133
256847293
256847348
256847574
256847805
256847842
256848015
256848184
256848271
256848464
256848485
256848531
256848818
256848899
256848988
256849071
256849090
256849749
256849886
256850049
256850420
256851968
256851988
256852303
256852389
256852412
256852432
256852468
256852662
256852670
256852753
256852841
256852944
256852963
256853115
256853139
256853176
256853213
256853261
256853344
256853356
256853365
256853478
256853537
256853608
256853638
256853643
256853696
256853784
256853809
256853840
256853862
256853924
256853990
256854031
256854145
256854151
256854155
256854261
256854282
256854395
256854421
256854497
256854639
256854688
256854698
256854765
256854830
256854855
256854900
256855082
256855272
256855468
256855637
256855691
256856013
256856220
256856258
256856594
256857106
256857117
256857163
256857174
256857449
256857539
256857619
256857629
256857695
256857902
256858258
256858273
256858305
256858314
256858467
256858589
256858931
256859002
256859171
256859173
256859199
256859226
256859617
256859660
256859696
256859961
256860413
256860430
256860689
256860772
256860803
256860806
256860857
256860943
256860975
256861054
256861236
256861243
256861260
256861518
256861694
256861696
256861796
256862077
256862094
256862269
256862430
256862750
256863120
256863142
256863175
256863448
256863836
256863949
256864004
256864174
256864421
256864431
256864872
256864874
256864948
256865002
256865076
256865718
256865880
256865965
256866088
256866173
256866223
256866325
256866369
256866559
256866684
256866849
256866861
256866914
256866978
256867064
256867138
256867303
256867354
256867362
256867363
256867498
256867611
256867641
256867668
256867727
256867791
256867901
256868141
256868298
256868367
256868602
256868678
256868784
256868820
256869506
256869611
256869844
256869937
256870069
256870131
256870409
256870450
256870455
256870544
256870585
256870713
256870733
256870816
256870820
256870830
256870972
256871026
256871041
256871193
256871338
256871531
256871871
256872131
256872669
256873106
256875026
256875268
256875344
256875549
256875585
256875709
256875769
256875786
256875846
256876201
256876202
256876229
256876262
256876278
256876386
256876397
256876434
256876451
256876493
256876588
256876598
256876855
256876886
256877069
256877108
256877382
256877587
256877591
256878275
256878458
256878861
256878928
256879227
256879322
256879335
256879476
256879679
256879690
256879730
256879743
256879774
256879788
256879842
256880132
256880155
256880198
256880268
256880309
256880386
256880467
256880826
256880888
256881209
256881217
256881562
256881652
256882208
256882225
256882239
256882260
256882847
256883431
256883462
256883666
256883704
256883717
256883800
256883989
256884098
256884552
256884569
256884646
256885670
256886191
256886422
256886436
256886625
256886752
256886775
256886776
256886840
256886848
256886882
256887034
256887065
256887214
256887317
256887325
256887447
256887522
256887833
256888142
256888196
256888333
256888430
256888455
256888637
256888863
256888894
256889291
256889358
256889426
256889454
256889563
256889655
256889694
256889717
256889797
256889901
256890087
256890094
256890095
256890261
256890309
256890410
256890419
256890451
256890452
256890761
256891126
256891221
256891297
256891469
256891601
256891620
256891795
256891804
256891814
256892194
256892292
256892315
256892377
256892578
256892765
256892800
256892861
256893025
256893027
256893164
256893256
256893367
256893379
256893466
256893467
256893477
256893668
256893879
256893942
256894058
256894077
256894150
256894280
256894576
256894610
256894637
256894789
256894819
256895181
256895185
256895520
256895629
256896248
256897086
256897777
256897823
256897938
256898281
256898322
256898482
256898495
256898567
256898657
256898716
256898734
256898795
256898854
256898910
256898959
256899138
256899228
256899243
256899284
256899326
256899457
256899459
256899516
256899553
256899558
256899575
256899607
256899608
256899641
256899721
256899920
256900009
256900047
256900218
256900272
256900568
256900708
256900728
256900775
256900796
256900965
256901328
256901980
256902109
256902134
256902243
256902344
256902641
256902678
256902729
256902742
256902766
256902898
256902971
256902977
256903011
256903170
256903182
256903239
256903287
256903441
256903703
256903717
256903796
256903797
256903798
256903881
256903954
256904144
256904221
256904260
256904293
256904513
256904905
256905035
256905216
256905225
256905292
256905298
256905371
256905459
256905732
256906248
256906397
256906896
256907153
256907281
256907395
256907468
256907481
256907780
256907857
256908050
256908063
256908451
256908575
256908803
256908856
256908944
256909438
256909523
256910261
256910320
256910676
256910690
256910826
256910835
256910998
256911066
256911133
256911414
256911426
256911746
256911749
256911846
256911881
256912159
256912343
256912351
256912690
256912970
256912998
256913086
256913539
256913649
256913853
256913967
256913975
256914294
256914358
256914514
256914540
256914979
256915178
256915335
256915396
256915579
256915669
256915695
256916125
256916561
256916742
256916759
256916770
256916944
256917078
256917096
256917097
256917192
256917226
256917257
256917455
256917583
256917595
256917596
256917698
256917798
256917879
256918090
256918100
256918461
256918468
256918486
256918528
256918704
256918819
256918906
256919002
256919285
256919691
256919983
256920062
256920267
256920581
256922062
256922370
256922412
256922685
256922759
256922765
256922821
256922907
256922921
256922930
256922941
256922983
256923033
256923206
256923221
256923287
256923326
256923372
256923404
256923419
256923443
256923447
256923759
256923904
256923911
256923955
256924162
256924206
256924216
256924263
256924283
256924407
256924674
256924675
256924776
256924857
256924897
256924909
256925038
256925108
256925139
256925183
256925247
256925323
256925351
256925436
256925557
256925627
256925780
256926278
256926681
256926762
256927017
256927127
256927433
256927591
256927679
256927746
256927852
256927972
256928045
256928099
256928234
256928246
256928341
256928462
256928470
256928552
256928689
256928746
256928975
256929016
256929309
256929556
256929781
256929813
256930054
256930906
256931232
256931892
256931922
256931962
256932024
256932072
256932154
256932361
256932393
256932721
256932847
256933040
256933205
256933367
256933371
256933487
256933510
256933584
256933601
256933753
256934096
256934247
256934342
256934398
256934494
256934567
256934654
256934988
256935078
256935237
256935345
256935450
256935489
256935737
256936347
256936550
256936588
256936734
256937007
256937232
256937324
256937469
256937635
256937825
256937947
256938064
256938212
256938228
256938288
256938351
256938381
256938543
256938680
256938800
256938940
256938950
256939080
256939177
256939435
256939446
256939527
256939598
256939653
256939943
256939957
256940332
256940500
256940514
256940515
256940620
256940775
256941127
256941155
256941235
256941522
256941827
256941955
256942024
256942145
256942177
256942351
256942418
256942424
256942425
256942527
256942556
256942605
256942696
256942765
256943047
256943136
256943223
256943227
256943245
256943280
256943521
256943629
256943665
256944396
256944501
256944519
256944555
256944934
256945012
256945175
256945468
256945876
256946974
256947087
256947440
256947465
256948086
256948201
256948251
256948267
256948371
256948479
256948581
256948773
256948845
256949038
256949380
256949446
256949538
256949563
256949769
256949906
256949985
256950064
256950329
256950648
256950825
256951053
256951215
256951318
256951333
256951372
256951547
256951614
256951798
256951825
256952208
256952316
256952336
256952496
256952646
256952833
256952900
256953556
256953706
256953850
256954051
256954253
256954509
256954645
256954676
256954901
256954959
256955063
256955103
256955363
256955401
256955762
256955878
256955897
256955917
256955975
256955986
256956144
256956223
256956309
256956525
256956702
256956716
256957308
256957604
256958084
256958340
256958851
256958953
256958957
256959222
256959487
256959670
256959819
256960287
256960757
256961271
256961606
256961806
256961862
256962432
256962639
256963110
256963430
256963545
256963835
256964054
256964217
256964571
256964666
256965065
256967794
256967829
256967868
256968044
256968140
256968481
256968607
256968890
256969066
256969088
256969174
256969213
256969243
256969431
256969528
256969572
256969731
256969894
256970017
256970069
256970078
256970172
256970430
256970477
256970646
256970969
256971178
256971297
256971492
256971542
256971586
256971616
256971799
256971856
256971869
256972012
256972140
256972141
256972214
256972403
256972608
256972657
256973011
256973160
256973201
256973341
256973425
256973560
256973621
256973637
256973971
256973977
256974032
256974122
256974239
256974932
256975126
256975253
256975451
256975625
256975720
256975721
256975794
256975832
256975960
256976029
256976388
256976473
256976667
256977231
256977301
256977404
256977744
256977805
256978013
256978893
256978948
256978970
256979007
256979141
256979207
256979246
256979308
256979323
256979450
256979531
256979597
256979670
256979773
256979920
256979934
256979987
256980059
256980112
256980468
256980513
256980625
256980798
256980861
256981805
256981822
256982098
256982257
256982275
256982421
256982457
256982468
256982504
256982541
256982558
256982679
256982830
256983192
256983270
256983372
256983661
256983663
256983675
256983911
256983936
256983949
256984044
256984072
256984456
256984535
256984622
256984940
256985085
256985240
256985253
256985314
256985415
256985655
256985748
256985812
256985946
256985994
256986224
256986267
256986359
256986402
256986423
256986565
256986593
256986631
256986636
256986656
256986689
256986742
256986814
256986841
256987314
256987359
256987425
256987466
256987612
256987621
256987733
256987835
256987892
256987898
256988040
256988124
256988186
256988680
256988857
256989038
256990364
256990544
256991170
256991294
256991343
256991347
256991374
256991632
256991657
256991898
256991946
256992037
256992132
256992205
256992241
256992250
256992408
256992428
256992613
256992762
256992942
256992989
256993024
256993131
256993178
256993507
256993508
256993519
256993670
256993727
256993782
256993841
256993862
256994097
256994117
256994148
256994219
256994238
256994315
256994442
256994473
256994873
256994887
256994925
256994964
256995109
256995378
256995419
256995481
256995577
256996017
256996059
256996071
256996197
256996212
256996281
256996335
256996454
256996467
256996503
256996512
256996566
256996670
256996686
256996700
256997115
256997134
256997175
256997207
256997219
256997659
256997671
256997780
256997810
256998046
256998638
256998908
256999154
256999177
256999692
256999857
256999986
257000006
257000019
257000073
257000664
257000730
257000734
257000937
257000964
257000965
257000996
257001089
257001105
257001381
257001439
257001518
257001726
257002128
257002561
257003102
257003113
257003201
257003294
257003345
257003793
257003843
257003864
257003875
257003952
257004416
257004541
257004633
257004795
257005034
257005061
257005073
257005093
257005113
257005413
257005472
257005593
257005866
257006004
257006005
257006039
257006088
257006320
257006733
257006840
257006863
257007009
257007074
257007312
257007316
257007432
257007878
257007969
257008031
257008239
257008601
257008603
257008873
257009015
257009168
257009218
257009859
257009901
257010091
257010117
257010285
257010377
257010419
257010875
257010888
257010903
257010918
257011128
257011216
257011249
257011278
257011381
257011570
257011770
257012082
257012187
257012267
257012283
257012467
257013214
257013839
257013926
257013931
257014227
257014940
257015561
257015627
257015695
257015705
257015782
257015837
257015877
257015913
257015983
257016254
257016298
257016700
257016714
257016768
257016859
257017073
257017305
257017366
257017520
257017588
257017658
257017854
257017982
257018008
257018057
257018579
257018612
257018632
257018658
257018673
257018806
257018881
257018941
257018977
257019086
257019332
257019385
257019522
257019568
257019659
257019674
257019875
257019940
257020056
257020108
257020123
257020168
257020207
257020244
257020246
257020330
257020402
257020536
257020597
257020617
257020652
257020683
257020711
257020843
257020857
257020880
257020908
257020987
257021095
257021119
257021309
257021386
257021499
257021624
257021690
257021743
257021892
257021894
257021961
257022047
257022256
257022931
257022977
257023069
257023118
257023160
257023179
257023210
257023492
257023541
257023698
257024087
257024175
257024181
257024245
257024252
257024318
257024390
257024398
257024560
257024576
257024893
257024996
257025271
257025730
257025936
257025943
257026052
257026334
257026377
257026448
257026847
257026906
257027152
257027170
257027187
257027328
257027336
257027397
257027437
257027688
257027741
257028083
257028133
257028192
257028328
257028455
257028481
257028556
257028641
257028736
257028806
257028953
257029375
257029534
257029614
257029692
257029758
257029856
257030172
257030303
257030351
257030394
257030778
257030817
257031149
257031165
257031286
257031616
257031629
257031727
257031785
257031983
257032190
257032281
257032431
257032505
257033120
257033322
257033375
257033415
257033467
257033474
257033520
257033626
257033722
257033790
257033900
257033970
257034002
257034244
257034315
257034385
257034431
257034701
257034826
257034919
257034964
257036319
257036344
257036655
257038025
257038350
257038355
257038448
257038527
257038561
257038582
257038680
257038794
257038865
257038966
257039119
257039196
257039237
257039337
257039433
257039435
257039445
257039504
257039520
257039576
257039602
257039683
257039685
257040110
257040542
257040652
257040678
257040826
257041008
257041128
257041182
257041224
257041227
257041314
257041532
257041567
257041568
257041578
257041895
257042156
257042358
257042522
257042591
257042805
257043072
257043251
257043258
257043362
257043368
257043410
257043417
257043444
257043705
257043784
257043935
257044031
257044081
257044110
257044170
257044463
257044475
257044497
257044776
257044843
257044899
257045098
257045136
257045518
257045540
257045541
257045557
257045981
257046157
257046708
257046735
257046751
257046793
257046819
257046830
257046976
257047179
257047407
257047472
257047723
257047780
257048000
257048276
257048303
257048330
257048659
257048816
257048962
257049100
257049177
257049536
257049766
257049780
257049801
257049900
257049984
257050035
257050063
257050362
257050373
257050402
257050461
257050496
257050515
257050711
257050815
257050977
257051081
257051128
257051231
257051351
257051452
257051457
257051565
257051602
257051705
257051962
257052185
257052507
257052654
257052671
257052825
257052931
257053014
257053086
257053094
257053145
257053289
257053344
257053406
257053563
257053697
257053715
257053789
257053833
257053851
257053857
257054453
257054547
257054740
257054791
257054895
257054914
257055015
257055207
257055398
257055566
257055605
257055614
257055855
257055887
257055955
257056021
257056080
257056236
257056344
257056396
257056523
257056575
257056682
257056706
257056743
257056803
257056899
257057043
257057136
257057268
257057383
257057418
257057467
257057639
257057860
257057968
257058003
257058110
257058444
257058717
257059141
257060459
257060488
257060695
257060959
257060973
257061010
257061056
257061060
257061102
257061258
257061297
257061425
257061432
257061467
257061499
257061521
257061762
257061766
257061791
257061801
257061811
257061918
257062007
257062138
257062229
257062384
257062385
257062521
257062523
257062536
257062542
257062606
257062703
257062835
257063026
257063125
257063320
257063363
257063631
257063648
257063663
257063747
257063868
257064079
257064412
257064569
257064610
257064659
257064791
257064890
257065022
257065051
257065118
257065164
257065184
257065247
257065276
257065421
257065489
257065715
257065821
257066050
257066088
257066106
257066113
257066136
257066175
257066194
257066223
257066415
257066501
257066643
257066647
257066681
257066778
257066782
257066836
257067063
257067091
257067518
257067540
257067552
257067972
257067978
257068024
257068031
257068090
257068096
257068112
257068279
257068322
257068884
257069013
257069508
257069605
257070027
257070058
257070109
257070160
257070182
257070239
257070307
257070692
257071014
257071043
257071125
257071356
257071498
257071642
257071718
257071800
257071953
257072084
257072146
257072410
257072683
257072718
257072865
257072871
257073029
257073031
257073724
257073771
257073783
257073784
257073791
257073837
257073847
257073892
257073907
257074010
257074132
257074580
257074617
257074866
257074889
257075138
257075238
257075549
257075647
257075670
257075884
257075931
257075965
257076091
257076316
257076359
257076384
257076589
257076891
257076911
257077025
257077041
257077062
257077105
257077181
257077253
257077363
257077452
257077568
257077618
257077676
257077678
257077721
257077823
257077850
257077895
257077910
257077975
257078156
257078211
257078407
257078573
257078578
257079016
257079249
257079320
257079325
257079426
257079474
257079560
257079639
257079709
257079721
257079907
257079922
257079985
257080121
257080332
257080400
257080511
257080521
257080543
257080588
257080900
257080988
257081156
257081208
257081270
257081276
257081544
257081631
257081846
257081875
257081915
257082548
257082625
257083094
257083560
257083805
257084063
257084089
257084181
257084310
257084495
257084657
257084788
257084810
257085163
257085352
257085720
257085728
257085953
257086152
257086244
257086436
257086616
257086646
257086660
257086687
257086747
257086773
257086858
257086926
257086934
257086991
257087069
257087573
257087654
257087749
257087892
257087923
257088077
257088260
257088449
257088513
257088703
257088919
257089018
257089037
257089134
257089190
257089247
257089376
257089551
257089612
257089817
257089953
257090031
257090094
257090120
257090138
257090166
257090192
257090483
257090573
257090968
257091200
257091273
257091427
257091631
257091657
257091742
257091815
257091834
257092114
257092131
257092170
257092456
257092469
257092551
257092650
257092710
257092772
257092857
257093059
257093063
257093079
257093197
257093306
257093324
257093405
257093455
257093473
257093560
257093678
257093734
257093772
257094344
257094589
257094590
257094600
257094873
257095071
257095199
257095243
257095277
257095300
257095323
257095334
257095563
257095637
257095705
257095771
257095776
257095798
257095822
257096005
257096016
257096052
257096138
257096323
257096669
257096744
257096765
257096941
257096985
257097038
257097079
257097532
257097609
257098093
257098275
257098403
257098486
257098553
257098644
257098743
257099178
257099214
257099307
257099383
257099651
257099673
257099707
257099731
257100041
257100045
257100081
257100111
257100312
257100477
257100584
257100598
257100629
257100670
257100856
257100891
257101000
257101125
257101146
257101258
257101553
257101699
257102207
257102362
257102557
257102737
257102772
257102782
257103206
257103699
257104209
257104228
257104540
257104855
257104872
257105159
257105161
257105280
257105363
257105425
257105598
257105803
257105807
257105956
257105975
257106246
257106278
257106511
257106541
257106627
257106762
257106899
257106932
257107332
257107374
257107620
257107694
257107752
257107872
257108101
257108454
257108569
257108580
257108962
257109038
257109315
257109673
257109873
257109929
257110064
257110262
257110317
257110595
257110682
257110705
257110717
257110971
257111155
257111592
257111729
257111762
257111897
257111933
257112035
257112044
257112080
257112275
257112327
257112371
257112604
257112700
257113075
257113144
257113169
257113229
257113496
257113624
257113762
257113924
257114587
257114616
257114810
257115020
257115208
257115413
257115919
257115999
257116409
257116429
257116851
257117125
257117134
257117551
257117666
257118003
257118038
257118997
257119054
257119248
257119500
257119968
257120457
257120873
257121080
257121440
257121463
257121689
257121932
257122232
257122587
257123356
257123623
257123647
257123648
257123699
257123776
257124109
257124341
257124412
257124626
257124699
257125165
257125191
257125295
257125404
257125499
257125673
257125706
257125749
257126602
257127157
257127219
257127231
257127626
257128027
257128100
257128750
257128844
257129490
257129616
257129802
257130300
257130348
257130368
257130387
257130397
257130541
257130566
257130666
257131030
257131546
257131557
257131638
257131662
257131708
257131751
257132241
257132625
257132797
257132803
257132812
257132930
257133085
257133398
257133636
257133883
257134062
257134285
257134291
257134300
257134513
257134712
257134750
257134926
257135173
257135376
257135604
257135739
257135770
257135907
257135953
257136142
257136565
257136607
257136641
257136666
257136778
257136906
257136976
257137031
257137266
257137267
257137565
257137734
257137924
257138094
257138495
257138560
257138655
257138659
257138711
257138769
257138839
257138859
257138867
257138872
257138968
257139061
257139239
257139434
257139609
257139890
257140146
257140484
257140507
257140726
257140765
257140900
257140906
257141068
257141086
257141146
257141388
257141614
257141629
257141843
257142069
257142155
257142248
257142489
257142537
257142703
257142719
257142973
257143043
257143192
257143283
257143490
257143524
257143590
257144006
257144007
257144177
257144288
257144462
257144610
257144643
257144752
257144873
257144923
257144958
257144988
257144994
257145001
257145030
257145066
257145357
257145530
257145566
257145570
257145585
257145612
257145651
257145880
257146023
257146049
257146111
257146176
257146202
257146464
257146532
257146541
257146696
257146711
257147253
257147422
257147459
257147612
257147622
257147809
257147830
257147913
257148046
257148124
257148208
257148496
257148567
257148606
257148750
257148806
257148836
257148913
257148924
257148945
257149100
257149378
257149388
257149444
257149631
257149647
257149657
257149689
257149812
257150076
257150102
257150148
257150188
257150367
257150483
257150515
257150528
257150872
257151594
257152511
257152630
257152820
257153084
257153139
257153166
257153174
257153348
257153446
257153478
257153505
257153533
257153546
257153628
257153711
257153755
257153911
257153933
257154014
257154042
257154081
257154090
257154115
257154116
257154148
257154149
257154222
257154316
257154408
257154426
257154654
257154676
257154834
257154886
257155001
257155043
257155136
257155485
257155813
257155853
257156060
257156231
257156748
257156944
257156992
257157196
257157440
257157501
257157505
257157583
257157632
257157820
257157862
257157874
257158034
257158314
257158334
257158379
257158466
257158623
257158629
257158765
257158826
257159147
257159333
257159381
257159419
257159603
257159838
257160013
257160147
257160193
257160198
257160287
257160403
257160456
257160475
257160505
257160806
257161067
257161068
257161095
257161358
257161458
257161779
257161820
257161944
257161966
257162029
257162187
257162321
257162367
257162435
257162673
257162697
257162733
257163286
257163364
257163481
257163747
257163788
257164079
257164195
257164227
257164395
257164534
257164548
257164629
257164763
257164907
257165301
257165562
257165952
257166139
257166343
257166367
257166536
257166628
257166787
257166982
257167106
257167158
257167218
257167299
257167469
257167497
257167635
257167664
257167747
257167795
257167923
257167936
257167991
257168104
257168119
257168155
257168156
257168280
257168305
257168479
257168531
257168563
257168781
257168818
257168824
257168842
257168936
257169083
257169139
257169188
257169279
257169345
257169414
257169743
257170005
257170064
257170072
257170526
257170554
257170636
257170773
257170809
257170927
257170941
257170944
257170990
257171013
257171174
257171244
257171249
257171527
257171571
257171581
257171728
257171741
257171755
257171759
257171780
257171908
257172003
257172008
257172121
257172142
257172248
257172457
257172544
257172829
257172849
257172942
257172967
257173035
257173061
257173417
257173875
257174009
257174191
257174253
257174579
257175131
257176168
257176294
257176295
257176322
257176323
257176325
257176573
257176577
257176648
257176687
257176894
257176895
257176909
257176924
257177048
257177071
257177136
257177150
257177170
257177199
257177209
257177245
257177280
257177439
257177461
257177528
257177641
257177811
257177824
257177835
257177851
257177912
257177947
257177982
257178112
257178203
257178323
257178328
257178372
257178373
257178946
257178987
257179000
257179098
257179123
257179289
257179375
257179392
257179415
257179443
257179503
257179556
257179793
257179974
257180057
257180142
257180327
257180333
257180357
257180496
257180641
257180674
257180737
257180818
257180920
257181066
257181148
257181273
257181497
257181522
257181547
257181604
257182105
257182452
257182475
257182601
257182792
257182816
257182867
257183136
257183383
257183437
257183495
257183704
257183724
257183778
257184341
257184561
257184580
257184589
257184651
257184665
257184698
257184961
257184990
257184993
257184994
257185246
257185439
257185496
257185511
257185513
257185917
257186060
257186084
257186180
257186338
257186345
257186684
257186699
257186731
257186770
257187044
257187154
257187170
257187178
257187354
257187410
257187572
257187683
257187746
257187869
257188009
257188035
257188101
257188354
257188365
257188581
257189105
257189294
257189305
257189325
257189531
257189540
257189567
257189867
257190043
257190121
257190202
257190301
257190315
257190322
257190327
257190437
257190625
257190663
257190746
257190768
257190900
257190955
257190964
257191018
257191029
257191281
257191282
257191347
257191423
257191451
257191621
257191736
257191781
257191872
257192103
257192109
257192112
257192281
257192532
257192595
257192606
257192891
257193192
257193261
257193345
257193514
257193546
257193629
257193685
257193876
257193926
257193939
257193986
257194036
257194053
257194219
257194446
257194604
257194730
257194777
257194851
257195136
257195559
257195958
257197080
257197947
257198047
257198067
257198347
257198402
257198449
257198455
257198546
257198668
257198785
257198974
257199006
257199151
257199339
257199346
257199354
257199459
257199577
257199588
257199635
257199641
257199687
257199950
257200023
257200217
257200445
257200598
257200620
257200699
257200704
257200777
257200970
257201305
257201438
257201494
257201527
257202022
257202161
257202198
257202809
257202868
257202992
257203229
257203698
257203852
257203900
257203983
257204003
257204217
257204354
257204357
257204471
257204810
257205240
257205242
257205591
257205910
257205950
257206116
257206466
257206468
257206595
257206892
257207094
257207107
257207265
257207357
257207494
257207507
257208662
257208775
257208881
257208942
257209011
257209426
257209605
257209750
257209769
257209835
257209867
257209979
257210004
257210232
257210635
257210712
257210717
257210749
257211081
257211215
257211306
257211584
257211591
257211711
257211915
257212146
257212225
257212289
257212465
257212534
257212549
257212605
257212636
257212669
257212675
257212857
257212906
257212966
257213018
257213101
257213109
257213152
257213193
257213375
257213432
257213489
257213531
257213544
257213602
257213767
257213861
257214008
257214401
257214463
257214668
257214706
257214772
257214941
257214959
257215246
257215247
257215267
257215610
257215682
257215744
257215827
257215912
257215987
257216019
257216032
257216041
257216122
257216161
257216243
257216296
257216384
257216547
257216698
257216716
257216847
257217024
257217072
257217280
257217363
257217652
257217925
257218167
257220040
257220392
257220572
257220665
257220956
257221051
257221125
257221162
257221213
257221329
257221516
257221780
257221914
257221941
257222071
257222169
257222982
257223006
257223119
257223143
257223162
257223179
257223191
257223293
257223343
257223383
257223696
257223717
257223809
257224254
257224620
257224623
257224661
257224955
257224977
257224996
257225014
257225015
257225226
257225251
257225642
257225682
257225763
257225807
257226013
257226038
257226419
257226602
257226938
257227179
257227203
257227215
257227255
257227365
257227886
257227907
257228096
257228171
257228200
257228269
257228360
257228392
257228629
257229314
257229319
257229348
257229519
257229654
257229696
257229919
257230000
257230222
257230383
257230453
257230860
257230992
257231548
257232393
257232399
257232668
257232678
257232691
257232712
257232752
257232775
257232959
257233140
257233424
257233438
257233447
257233457
257233716
257233763
257233778
257233811
257233937
257234087
257234109
257234271
257234427
257234512
257234725
257234781
257234783
257235140
257235259
257235417
257235437
257235466
257235625
257235640
257235692
257235725
257235775
257235779
257235805
257235880
257235973
257236045
257236065
257236077
257236342
257236457
257236516
257236569
257236648
257236709
257236721
257236949
257236982
257237137
257237153
257237162
257237269
257237285
257237331
257237347
257237584
257237630
257237723
257237866
257237985
257237989
257238019
257238212
257238254
257238325
257238414
257238421
257238673
257238823
257238945
257238961
257239053
257239091
257239133
257239175
257239193
257239343
257239604
257239644
257239687
257239745
257239771
257239800
257239907
257239975
257240059
257240214
257240235
257240297
257240403
257240655
257240873
257241132
257241368
257241593
257241639
257241819
257242126
257242139
257242513
257242623
257242633
257242647
257242740
257242798
257243086
257243168
257243252
257243562
257243600
257243846
257243860
257243924
257244078
257244118
257244221
257244226
257244250
257244301
257244354
257244615
257244621
257244926
257244983
257245618
257245664
257245787
257245881
257245892
257245897
257245899
257246212
257246601
257246619
257246631
257246728
257246743
257246833
257246837
257247103
257247123
257247558
257247600
257247616
257247620
257247779
257248547
257248571
257248662
257248982
257248989
257248992
257249338
257249419
257249704
257249803
257250178
257250309
257250322
257250407
257250549
257250796
257250931
257250970
257251209
257251309
257251454
257251457
257251608
257251855
257252008
257252081
257252140
257252256
257252316
257252784
257252981
257253194
257253283
257253398
257253607
257253616
257253666
257253803
257253823
257253908
257253918
257253980
257254077
257254134
257254209
257254273
257254324
257254367
257254400
257254749
257254802
257254906
257254959
257255072
257255099
257255323
257255367
257255528
257255529
257255741
257255768
257255906
257255979
257256259
257256302
257256421
257256479
257256523
257256661
257256861
257256886
257256942
257257053
257257067
257257191
257257218
257257407
257257513
257257566
257257632
257257925
257258153
257258406
257258433
257258449
257258527
257258613
257258789
257258805
257258968
257259053
257259153
257259170
257259269
257259319
257259532
257259618
257259683
257259735
257259775
257259974
257260102
257260152
257260253
257260476
257260503
257260549
257260747
257260900
257260913
257261297
257261420
257261549
257261753
257261777
257261812
257262066
257262384
257262798
257262822
257262841
257262845
257263100
257263104
257263120
257263148
257263197
257263264
257263443
257263739
257263983
257264439
257264552
257264792
257264897
257265064
257265091
257265287
257265579
257265717
257265779
257266089
257266224
257266512
257266793
257266982
257267351
257267464
257267517
257267548
257268766
257269118
257269398
257269698
257269926
257270269
257270335
257270444
257270569
257270615
257270726
257270868
257270885
257270903
257270944
257271167
257271322
257271675
257271682
257271723
257271784
257272311
257272453
257272677
257272748
257273190
257273267
257273372
257273414
257273518
257273805
257273917
257274090
257274473
257274618
257275117
257275346
257275411
257275693
257275694
257275747
257275748
257275796
257275810
257276310
257276342
257276405
257276782
257277130
257277164
257277368
257277370
257277404
257277623
257277829
257277898
257278019
257278294
257278381
257278545
257278879
257279123
257279159
257279269
257279284
257279553
257279861
257279865
257279915
257280143
257280578
257280714
257280823
257280920
257281336
257281423
257281662
257281699
257281752
257281781
257282303
257282951
257283259
257283474
257283605
257283705
257283900
257284103
257284236
257284355
257284453
257284592
257284797
257284873
257284908
257285244
257285310
257285764
257285798
257285909
257286046
257286269
257286286
257286416
257286478
257286559
257286731
257287821
257288013
257288356
257288639
257288724
257288881
257288953
257288993
257289032
257289035
257289105
257289167
257289618
257290139
257290462
257290549
257290654
257290658
257290671
257290756
257290846
257290972
257291365
257291382
257291409
257291655
257291667
257291706
257291954
257291955
257292146
257292481
257292647
257292696
257292775
257293027
257293070
257293112
257293193
257293445
257293496
257293598
257293813
257293823
257294051
257294224
257294228
257294431
257294478
257294710
257294767
257294954
257295218
257295333
257295730
257295837
257296086
257296182
257296184
257296283
257296651
257297092
257297186
257297275
257297282
257297291
257297387
257297399
257297606
257297888
257298020
257298169
257298171
257298404
257298405
257298490
257298787
257299159
257299225
257299388
257299531
257299585
257299746
257299787
257299953
257299988
257300165
257300172
257300189
257300263
257300575
257300655
257300750
257300965
257301056
257301291
257301481
257301728
257301729
257301839
257301955
257302075
257302209
257302270
257302290
257302410
257302424
257302425
257302467
257302689
257302696
257302773
257302931
257303036
257303227
257303576
257303790
257303933
257304078
257304115
257304122
257304162
257304422
257304810
257304970
257304993
257305281
257305381
257305878
257305964
257306183
257306190
257306193
257306408
257306498
257306781
257306826
257307115
257307145
257307404
257307887
257308029
257308128
257308246
257308616
257308648
257308720
257308766
257308983
257309025
257309064
257309080
257309369
257309475
257309623
257310123
257310180
257310189
257310367
257310383
257310415
257310494
257310682
257310958
257311024
257311105
257311402
257311576
257311664
257311680
257311967
257312032
257312280
257312387
257312412
257312496
257313080
257313296
257313507
257313531
257313569
257313788
257313797
257313973
257314082
257314086
257314216
257314631
257314654
257315226
257315325
257315396
257315799
257316055
257316358
257316835
257316847
257317207
257317246
257317332
257317401
257317442
257317550
257317636
257317914
257317998
257318110
257318634
257318822
257319239
257319674
257320011
257320140
257320188
257320505
257320842
257321009
257321662
257321729
257321889
257321956
257322384
257322536
257322612
257322850
257322868
257323158
257323245
257323318
257323640
257323818
257323862
257324023
257324066
257324109
257324229
257324427
257324639
257324703
257325169
257325388
257325646
257325833
257326002
257326179
257326253
257326352
257326473
257326551
257326869
257327002
257327110
257327659
257327703
257327781
257328003
257328067
257328106
257328213
257328546
257328555
257328834
257328969
257329213
257329325
257329386
257329467
257329836
257329925
257330588
257330715
257330853
257331177
257331183
257331732
257331814
257331880
257331971
257332011
257332405
257332728
257333196
257333218
257333299
257334905
257335357
257335538
257335561
257335578
257335716
257335758
257335793
257335957
257336022
257336233
257336341
257336415
257336503
257336514
257336625
257336642
257336702
257336706
257336764
257336925
257337277
257337458
257337606
257337999
257338550
257338551
257339217
257339271
257339318
257339499
257339582
257339919
257339932
257340042
257340061
257340172
257340191
257340251
257340438
257340765
257341078
257341220
257341239
257341379
257341539
257341641
257341750
257342019
257342184
257342223
257342356
257342826
257343153
257343181
257343191
257343261
257343585
257343876
257344282
257344442
257344640
257345107
257346444
257346504
257346646
257346652
257346740
257347009
257347377
257347681
257348260
257348326
257349027
257349087
257349107
257349405
257349450
257349741
257349977
257350026
257350059
257350282
257350405
257350630
257351177
257351630
257352067
257352482
257352518
257352570
257352670
257353004
257353028
257353277
257353385
257353588
257354391
257354942
257355091
257356994
257357143
257357145
257357476
257357747
257358006
257358178
257358187
257358225
257358287
257358385
257358949
257359324
257359460
257359618
257359951
257360091
257361186
257361389
257361523
257361556
257361898
257362154
257362289
257362300
257362785
257363019
257363897
257363971
257364123
257364476
257364846
257365118
257365155
257365252
257365403
257365507
257365882
257366094
257366113
257366174
257366313
257366552
257367052
257368588
257368809
257368866
257369002
257369374
257369498
257369543
257369727
257369975
257370410
257370442
257370949
257371349
257371473
257371656
257372020
257372060
257372087
257372157
257372214
257372410
257372461
257372758
257372787
257372889
257372979
257373407
257373558
257373611
257373752
257373838
257374383
257374399
257374402
257375155
257375700
257375703
257376272
257376771
257376915
257376928
257378526
257379323
257379543
257379868
257380095
257380321
257380465
257380661
257380677
257380768
257380886
257380935
257380979
257380985
257381009
257381025
257381245
257381353
257381383
257381581
257381604
257381678
257381903
257381908
257382036
257382043
257382074
257382093
257382107
257382194
257382706
257382805
257382847
257382957
257383186
257383530
257383537
257383882
257383947
257384092
257384227
257384245
257384275
257384302
257384542
257384727
257384939
257385151
257385287
257385440
257385496
257385570
257385723
257385809
257386084
257386214
257386410
257386520
257386578
257386615
257386806
257387063
257387189
257387454
257387541
257387897
257388370
257388373
257388524
257388680
257389170
257389782
257390006
257390204
257390274
257390303
257390447
257390556
257390589
257390605
257390725
257391233
257391239
257391271
257391336
257391423
257391594
257391679
257391695
257391726
257391763
257391994
257392282
257392298
257392326
257392363
257392647
257392729
257392916
257393035
257393060
257393296
257393305
257393336
257393369
257393634
257393653
257394096
257394379
257394385
257394602
257394783
257395016
257395039
257395093
257395192
257395251
257395291
257395349
257395437
257395599
257395783
257395914
257396010
257396075
257396103
257396270
257396367
257396411
257396818
257396853
257396968
257397670
257397787
257397859
257397876
257398006
257398374
257398390
257398401
257398494
257398543
257398676
257398852
257398949
257399000
257399104
257399129
257399269
257399455
257399581
257399818
257399863
257399902
257399989
257400545
257400664
257400754
257401250
257401692
257401845
257401911
257402096
257402254
257402470
257402474
257402500
257402771
257402854
257402887
257402896
257402978
257403125
257403357
257403483
257403600
257403652
257403709
257403826
257403938
257404039
257404723
257404754
257404785
257404804
257404851
257404883
257405129
257405318
257405346
257405531
257405568
257405665
257405762
257405783
257405986
257406252
257406319
257406409
257406671
257406881
257406913
257406962
257406967
257407036
257407101
257407257
257407262
257407267
257407362
257407426
257407485
257407523
257407588
257407622
257407636
257407648
257407725
257408100
257408199
257408317
257408377
257408514
257408573
257408700
257409366
257409390
257409427
257409748
257409951
257409968
257409980
257410007
257410305
257410321
257410344
257410573
257410577
257410690
257410746
257410846
257410877
257411007
257411040
257411061
257411649
257411765
257412318
257412336
257412345
257412366
257412735
257412790
257412815
257412950
257413198
257413311
257413598
257413674
257413715
257414035
257414091
257414226
257414308
257414442
257414464
257414493
257414582
257414642
257414652
257414694
257414785
257414888
257415122
257415143
257415152
257415293
257415410
257415466
257415754
257415957
257416014
257416240
257416390
257416642
257416854
257416997
257417153
257417173
257417247
257417382
257417495
257417498
257417535
257417565
257417714
257417842
257418309
257418380
257418465
257418542
257418617
257418684
257418735
257418961
257419259
257419319
257419394
257419614
257419747
257419790
257419995
257420243
257420288
257420299
257420328
257420374
257420650
257420690
257420734
257420796
257420882
257421265
257422107
257422211
257422286
257422577
257422613
257422886
257422949
257423051
257423187
257423367
257423502
257423597
257423604
257423704
257423719
257423811
257424061
257424173
257424244
257424546
257424689
257424697
257425098
257425196
257425348
257425488
257425778
257425797
257425934
257425941
257426030
257426086
257426233
257426297
257426453
257426664
257427452
257427491
257427498
257427538
257427564
257427610
257427920
257427955
257428121
257428267
257428483
257428679
257428719
257428853
257428937
257429104
257429179
257429233
257429386
257429446
257429646
257429823
257430010
257430013
257430091
257430551
257430661
257430693
257430707
257430865
257430957
257431199
257431215
257431290
257431661
257431728
257432248
257432323
257432747
257433188
257433240
257433283
257433530
257433539
257433824
257434129
257434208
257434315
257434405
257434484
257434489
257434755
257434779
257434956
257435016
257435271
257435414
257435455
257435541
257435550
257435616
257435722
257435810
257435956
257436005
257436022
257436119
257436240
257436284
257436286
257436574
257436743
257436939
257437146
257437341
257438183
257438235
257438345
257438434
257438458
257438568
257438598
257438690
257438732
257438874
257439130
257439259
257439355
257439435
257439472
257439541
257439694
257439705
257440038
257440221
257440270
257440423
257440534
257440614
257440644
257440842
257440865
257440880
257440939
257441114
257441217
257441260
257441456
257441636
257441665
257441966
257442049
257442130
257442392
257443226
257443694
257443700
257443716
257443860
257444107
257444208
257444473
257444513
257444627
257444856
257445567
257445720
257445740
257446339
257446607
257446760
257447141
257447152
257447231
257447423
257447549
257447854
257447974
257447980
257448002
257448097
257448295
257448335
257448457
257448600
257448716
257448753
257449025
257449083
257449113
257449567
257449605
257449678
257449785
257449795
257450044
257450444
257450557
257450565
257450700
257450885
257450942
257450987
257451003
257451395
257451401
257451431
257451441
257451498
257451819
257452019
257452255
257452306
257452400
257452428
257452438
257452549
257452807
257452996
257453166
257453309
257453514
257453708
257453776
257453914
257454021
257454093
257454155
257454159
257454505
257454515
257454761
257454804
257455001
257455073
257455167
257455664
257455700
257455786
257455806
257455821
257455922
257456310
257456766
257456811
257456857
257456997
257456998
257457086
257457092
257457125
257457173
257457301
257457473
257457862
257457929
257458107
257458160
257458172
257458490
257458551
257458813
257458821
257458913
257459113
257459331
257459525
257459628
257459907
257459946
257460002
257460138
257460194
257460319
257460372
257460770
257460883
257460917
257460994
257461013
257461146
257461176
257461279
257461283
257461378
257461449
257461554
257461572
257461681
257461777
257461847
257461897
257462236
257462245
257462351
257462408
257463073
257463157
257463234
257463251
257463274
257463418
257463507
257463753
257463919
257464127
257464273
257464311
257464361
257464578
257464677
257464738
257464857
257464978
257464981
257465042
257465069
257465290
257465301
257465302
257465308
257465348
257465925
257465959
257465967
257466179
257466218
257466774
257466832
257466907
257466915
257467101
257467130
257467152
257467380
257467570
257467584
257467945
257468002
257468188
257468258
257469055
257469713
257470097
257470108
257470362
257470370
257470432
257470507
257470562
257470703
257470717
257470783
257470997
257471119
257471159
257471166
257471208
257471226
257471284
257471337
257471369
257471386
257471448
257471576
257471766
257471874
257471885
257471918
257472157
257472174
257472212
257472457
257472489
257472683
257472713
257472982
257473072
257473092
257473280
257473331
257473335
257473395
257473810
257473819
257473872
257474218
257474338
257474473
257474561
257474613
257474617
257474739
257474863
257474886
257475005
257475171
257475242
257475246
257475255
257475264
257475474
257475624
257475748
257476266
257476337
257476467
257476472
257476593
257476832
257476934
257477108
257477510
257477572
257478137
257478143
257478392
257478679
257478749
257478787
257478892
257478991
257479012
257479131
257479195
257480058
257480287
257480738
257481139
257481356
257481621
257481721
257481815
257481918
257481932
257482145
257482209
257482349
257482595
257482681
257482953
257482970
257482980
257483059
257483412
257483622
257483721
257483798
257483828
257483960
257484073
257484097
257484109
257484942
257485004
257485083
257485138
257485283
257485286
257485290
257485386
257485388
257485392
257485457
257485605
257485857
257485862
257485865
257485979
257486099
257486217
257486270
257486313
257486348
257486367
257486388
257486412
257486533
257486538
257486609
257487014
257487174
257487259
257487352
257487488
257487507
257487683
257487842
257487845
257487848
257487860
257488107
257488157
257488232
257488333
257488560
257488712
257488714
257488723
257488881
257488975
257489129
257489164
257489294
257489533
257489737
257489990
257490095
257490118
257490363
257490380
257490872
257491151
257491309
257491603
257491635
257492483
257493369
257493408
257493455
257493484
257493687
257493874
257493879
257493903
257493933
257493990
257494021
257494111
257494120
257494171
257494221
257494251
257494272
257494297
257494443
257494504
257494515
257494669
257494908
257494930
257494939
257494978
257495033
257495079
257495141
257495152
257495351
257495454
257495790
257495848
257495955
257496085
257496113
257496130
257496158
257496238
257497104
257497263
257497493
257497522
257497570
257497812
257497846
257497936
257497978
257498078
257498273
257498547
257499033
257499300
257499470
257499477
257499884
257500016
257500093
257500518
257500535
257500774
257500818
257500948
257501114
257501327
257501680
257501734
257501769
257501899
257501923
257501934
257502386
257502449
257502511
257503053
257503212
257503215
257503404
257503938
257503949
257504018
257504403
257504419
257504559
257504638
257504795
257504931
257505030
257505140
257505203
257505523
257505817
257505957
257506199
257506227
257506342
257506567
257506717
257506746
257506855
257507630
257507679
257507684
257507994
257508050
257508108
257508261
257508372
257508403
257508410
257508717
257508723
257508754
257508791
257508966
257509050
257509062
257509069
257509198
257509289
257509753
257509843
257510462
257510551
257510639
257510720
257510735
257510807
257510860
257510922
257510944
257511258
257511269
257511294
257511367
257511616
257511719
257511968
257512084
257512173
257512230
257512350
257512359
257513230
257515303
257515342
257515364
257515763
257515805
257515857
257515911
257516094
257516095
257516156
257516419
257516445
257516523
257516616
257516785
257516860
257516965
257517005
257517203
257517333
257517400
257517493
257517611
257517794
257517808
257517868
257517891
257517899
257517915
257517946
257517960
257517987
257518034
257518047
257518255
257518642
257518653
257518744
257519155
257519469
257519822
257519918
257519939
257519968
257519993
257520163
257520216
257520281
257520458
257520505
257520595
257520708
257520798
257520851
257520883
257520926
257520965
257521012
257521217
257521227
257521230
257521237
257521460
257521624
257521933
257522036
257522071
257522101
257522314
257522451
257522822
257522958
257523405
257523957
257524001
257524079
257524101
257524175
257524294
257524340
257524510
257524615
257524714
257524718
257524915
257525379
257525601
257525690
257525815
257526202
257526295
257527004
257527108
257527293
257527494
257527572
257527626
257527780
257527925
257527930
257528130
257528236
257528336
257528437
257528603
257528829
257528832
257529019
257529136
257529183
257529880
257530015
257530072
257530169
257530202
257530204
257530288
257530305
257530582
257530700
257530954
257531020
257531059
257531084
257531089
257531161
257531524
257531706
257531715
257531881
257531976
257532075
257532113
257532352
257532448
257532509
257532516
257532756
257532838
257533019
257533288
257533332
257533353
257533482
257533506
257533565
257533801
257533832
257533878
257533975
257533979
257534031
257534133
257534217
257534266
257534569
257534845
257534982
257535017
257535048
257535354
257536472
257537675
257537814
257538036
257538343
257538513
257538607
257538793
257538809
257538815
257538902
257539049
257539167
257539303
257539327
257539449
257539502
257539661
257539702
257539726
257539778
257540029
257540101
257540133
257540176
257540325
257540355
257540383
257540454
257540684
257540831
257541212
257541245
257541538
257541747
257541839
257542221
257542295
257542435
257542744
257542810
257542815
257542941
257543019
257543076
257543124
257543394
257543442
257543545
257543553
257543562
257543618
257543631
257543668
257544156
257544362
257544444
257545106
257545114
257545589
257545890
257546287
257546335
257546387
257546394
257546396
257546604
257546953
257547054
257547155
257547183
257547224
257547313
257547608
257547612
257547680
257547797
257547863
257548156
257548172
257548228
257548301
257548403
257548423
257548445
257548563
257548926
257548992
257549130
257549156
257549196
257549842
257549894
257549956
257549993
257550069
257550166
257550489
257550496
257550717
257550965
257550993
257551354
257551388
257551629
257551712
257551750
257551860
257552051
257552061
257552072
257552134
257552138
257552382
257552399
257552518
257552639
257552975
257553058
257553063
257553108
257553257
257553266
257553297
257553409
257553410
257553458
257553706
257553725
257553754
257553896
257553992
257554002
257554475
257554510
257554671
257554678
257554711
257554754
257554826
257554848
257554885
257554896
257555107
257555391
257555493
257555528
257555625
257555893
257555919
257555927
257555940
257555980
257556020
257556055
257556333
257556423
257556438
257556543
257556633
257556640
257556769
257556816
257557024
257557027
257557033
257557212
257557303
257557316
257557371
257557460
257557496
257557620
257557691
257557738
257557739
257557751
257557914
257557955
257558021
257558082
257558273
257558829
257558978
257558979
257559035
257559409
257559767
257559830
257560461
257560502
257560560
257560605
257560679
257560968
257561011
257561270
257561767
257561848
257561973
257562118
257562257
257562312
257562364
257562556
257562591
257562599
257562638
257562986
257563167
257563340
257563420
257563450
257563591
257563684
257563879
257563925
257564080
257564229
257564234
257564309
257564399
257564476
257564495
257564584
257564604
257564847
257564905
257565017
257565126
257565168
257565226
257565295
257565520
257565614
257566001
257566015
257566219
257566325
257566407
257566552
257566731
257566752
257566791
257566982
257567032
257567043
257567324
257567843
257568312
257568345
257568375
257568474
257568671
257568826
257568978
257569285
257569466
257569497
257569879
257570086
257570307
257570308
257570312
257570351
257570532
257570539
257570637
257570864
257571007
257571377
257571481
257571584
257571605
257571629
257571642
257571696
257571857
257571915
257571938
257572017
257572058
257572064
257572163
257572223
257572363
257572567
257572869
257572938
257573235
257573286
257573383
257573452
257573470
257573493
257573531
257573557
257573567
257573740
257573989
257574127
257574136
257574300
257574370
257574572
257574969
257575126
257575186
257575202
257575388
257575501
257576062
257576165
257576249
257576288
257576308
257576614
257576877
257576907
257577021
257577163
257577405
257577585
257577774
257577849
257577854
257577960
257578011
257578200
257578277
257578338
257578342
257578414
257578523
257578555
257578669
257578865
257578977
257579017
257579185
257579274
257579393
257579536
257579567
257579642
257579647
257579758
257579875
257579944
257580025
257580139
257580233
257580283
257580508
257580631
257580732
257580867
257580983
257581096
257581468
257581491
257581707
257581937
257582013
257582082
257582199
257582824
257582948
257583269
257583444
257583448
257583450
257583517
257583595
257583633
257583828
257583848
257583944
257583970
257584059
257584138
257584336
257584605
257584939
257585056
257585392
257585873
257586193
257586566
257586709
257587057
257587082
257587600
257587619
257587626
257587728
257587982
257588140
257588358
257588794
257589195
257589198
257589281
257590006
257590421
257590775
257590908
257590931
257591035
257591256
257591288
257592028
257592062
257592071
257592418
257592431
257592518
257592662
257593168
257593231
257593470
257593774
257594069
257594148
257594298
257594982
257595279
257595338
257595585
257595646
257595713
257596006
257596359
257596529
257596800
257596813
257596923
257596964
257598210
257598541
257598622
257598790
257598910
257598983
257599148
257599370
257599481
257599561
257600043
257600136
257600488
257601021
257601062
257601180
257601253
257601588
257601598
257601700
257601702
257601907
257601943
257603441
257603799
257604047
257604314
257604649
257604674
257604774
257604808
257605391
257605506
257605566
257605664
257605745
257605839
257605875
257605941
257605964
257606050
257606086
257606243
257606351
257606452
257606768
257607190
257607538
257607730
257607820
257607969
257608104
257608114
257608342
257608461
257608569
257608927
257608996
257609162
257609186
257609217
257609281
257609392
257609842
257610080
257610095
257610135
257610208
257610350
257610625
257610632
257610638
257610655
257610681
257610690
257610765
257610873
257610902
257611006
257611072
257611136
257611274
257611420
257611464
257611548
257611661
257611760
257611824
257612203
257612252
257612310
257612340
257612356
257612573
257612660
257612687
257612877
257612902
257613067
257613119
257613131
257613335
257613371
257613528
257613555
257613603
257613631
257613729
257613765
257613835
257613941
257613999
257614022
257614195
257614291
257614447
257614547
257614548
257614592
257614608
257614728
257615123
257615277
257615407
257615445
257615449
257615632
257615866
257616090
257616163
257616175
257616203
257616307
257616342
257616470
257617033
257617091
257617170
257617335
257617473
257617624
257617637
257617654
257617800
257617987
257618184
257618301
257618306
257618312
257618462
257618516
257618657
257618671
257618771
257619081
257619206
257619319
257619710
257620175
257620595
257620613
257620905
257620927
257621291
257621394
257621453
257621528
257621923
257622003
257622093
257622106
257622317
257622362
257622376
257622453
257622549
257622599
257622667
257622746
257622781
257622844
257623205
257623373
257623402
257623463
257623511
257623708
257623808
257623887
257623934
257623967
257624089
257624449
257624451
257624586
257624673
257625226
257625307
257625312
257625854
257625861
257626036
257626189
257626230
257626251
257626336
257626367
257626617
257627112
257627432
257627710
257627888
257627932
257627978
257627987
257628034
257628133
257628328
257628332
257628352
257628452
257628548
257628618
257628659
257628700
257628737
257628775
257628794
257628812
257628949
257629238
257629277
257629338
257629381
257629457
257629468
257629526
257629579
257629617
257629680
257629758
257629805
257629824
257630104
257630144
257630176
257630275
257630414
257630452
257630647
257630755
257630879
257630884
257630974
257630979
257630995
257631085
257631112
257631116
257631238
257631309
257631488
257631614
257631652
257631666
257631856
257631931
257631943
257632184
257633155
257633506
257633516
257633872
257634631
257635117
257635260
257635322
257635438
257635650
257636130
257636234
257636258
257636706
257636834
257636840
257636852
257637017
257637050
257637104
257637322
257637370
257637415
257637450
257637524
257637690
257637766
257638020
257638055
257638414
257638444
257638857
257638959
257639013
257639325
257639444
257640084
257640101
257640194
257640374
257640478
257640487
257640788
257640872
257640893
257641209
257641447
257641629
257641877
257641916
257642116
257642362
257642847
257642921
257642922
257643000
257643209
257643434
257643438
257643460
257643474
257643528
257643634
257643713
257644019
257644060
257644469
257644564
257644610
257644896
257644950
257645313
257645333
257645417
257645634
257645694
257645760
257645901
257646009
257646099
257646154
257646214
257646294
257646349
257646411
257646623
257646787
257646800
257646871
257647107
257647108
257647121
257647125
257647203
257647301
257647348
257647539
257647540
257647609
257647649
257647693
257647946
257647972
257648204
257649237
257649490
257650098
257650194
257650353
257650936
257651646
257651659
257651716
257651773
257651782
257651792
257651967
257652117
257652189
257652287
257652353
257652645
257652761
257652827
257652876
257652884
257652921
257652938
257652942
257652991
257653053
257653059
257653219
257653319
257653443
257653566
257653687
257653861
257653880
257653989
257654137
257654352
257654419
257654517
257654531
257654675
257654755
257655027
257655045
257655284
257655583
257655650
257655728
257655788
257655998
257656019
257656054
257656108
257656141
257656330
257656376
257656639
257656779
257656883
257657158
257657243
257657289
257657439
257657533
257657578
257657855
257657998
257658443
257659129
257659210
257659431
257659794
257659795
257659860
257659868
257659977
257660074
257660234
257660389
257660634
257660722
257660908
257660982
257661105
257661137
257661561
257661840
257661963
257662019
257662324
257662519
257662924
257663104
257663203
257663542
257663856
257664195
257664238
257664248
257664302
257664313
257664498
257664736
257664857
257664968
257665200
257665202
257665465
257665586
257665695
257665799
257665919
257665954
257666028
257666033
257666069
257666245
257666317
257666373
257666664
257666711
257667331
257667596
257667884
257667898
257667905
257668010
257668163
257668495
257668502
257668566
257668615
257668636
257668692
257668923
257669022
257669229
257669285
257669381
257669437
257669541
257669639
257669667
257669720
257669785
257669815
257670000
257670030
257670052
257670079
257670204
257670478
257670610
257671047
257671219
257671351
257671513
257671894
257671897
257672161
257673742
257673812
257673816
257673901
257673962
257673978
257673996
257674056
257674072
257674082
257674147
257674404
257674487
257674519
257674592
257674646
257674680
257674787
257674792
257674925
257674979
257675034
257675158
257675179
257675243
257675440
257675534
257675549
257675591
257675654
257675693
257675788
257675795
257675944
257675999
257676183
257676223
257676240
257676321
257676448
257676551
257676687
257676986
257677015
257677034
257677319
257677336
257677362
257677439
257677483
257677493
257677594
257677776
257677899
257678011
257678018
257678032
257678039
257678247
257678315
257678338
257678410
257678571
257678646
257678670
257678715
257678770
257679092
257679093
257679315
257679418
257679466
257679470
257679500
257679513
257679591
257679658
257679697
257679707
257679709
257679949
257680085
257680121
257680415
257680494
257680734
257680813
257681081
257681145
257681156
257681329
257681358
257681897
257682094
257682129
257682629
257682663
257683080
257683237
257683312
257683778
257683794
257684114
257684179
257684605
257684851
257684917
257684944
257685100
257685355
257686260
257686449
257686774
257689322
257689353
257689640
257689664
257689869
257689884
257690131
257690395
257690402
257690412
257690443
257690493
257690510
257690820
257690893
257690993
257691046
257691069
257691211
257691393
257691526
257691550
257691606
257691671
257691865
257692027
257692062
257692207
257693677
257693805
257694170
257694308
257694335
257695966
257696038
257696075
257696115
257696278
257696451
257696520
257696769
257696905
257696919
257696941
257697086
257697181
257697337
257697426
257697441
257697623
257697779
257697850
257698021
257698045
257698114
257698248
257698257
257698270
257698543
257698630
257698680
257698761
257698949
257698969
257699217
257699253
257699483
257699713
257699800
257699890
257700032
257700092
257700382
257700650
257700681
257700816
257700818
257700857
257700892
257701031
257701224
257701296
257701314
257701687
257701819
257701908
257702096
257702248
257702312
257702324
257702428
257702454
257702661
257702729
257702810
257703010
257703046
257703098
257703231
257703425
257703462
257703510
257703741
257703821
257703855
257703923
257703936
257704138
257704225
257704282
257704498
257704816
257704833
257705022
257705199
257705475
257705608
257705777
257705839
257706115
257706181
257706218
257706304
257706417
257706447
257706988
257707157
257707349
257708085
257708102
257708107
257708351
257708438
257708506
257708612
257708761
257708855
257708929
257708942
257708962
257709219
257709682
257710003
257710244
257710341
257710375
257710433
257710477
257710519
257710601
257710705
257710992
257711006
257711082
257711257
257711291
257711308
257711371
257711686
257711830
257711836
257712000
257712025
257712078
257712563
257712572
257712708
257712771
257712859
257712928
257712938
257713021
257713067
257713221
257713250
257713442
257713720
257713868
257714000
257714232
257714480
257714732
257714848
257714915
257715050
257715060
257715061
257715275
257715296
257715380
257715426
257715693
257715741
257716134
257716153
257716328
257716383
257716617
257716813
257717045
257717087
257717099
257718599
257718670
257718818
257718856
257719004
257719540
257719802
257720300
257720369
257720473
257720479
257720541
257720656
257720666
257721406
257722179
257722343
257722509
257722681
257722685
257722731
257722937
257723209
257723387
257723467
257723576
257723637
257723704
257723797
257724047
257724337
257724421
257724424
257724496
257724765
257724815
257724890
257724908
257725122
257725577
257725673
257725876
257725984
257726459
257726494
257726656
257726792
257726950
257727140
257727274
257727375
257727586
257727599
257727693
257727969
257728161
257728443
257728688
257728735
257728825
257729026
257729067
257729336
257729340
257729388
257729476
257729501
257729687
257729704
257729872
257729890
257730157
257730230
257730286
257730854
257730856
257731022
257731031
257731054
257731081
257731162
257731165
257731302
257731462
257731610
257731790
257731812
257731868
257732219
257732324
257732484
257732496
257732525
257732654
257732668
257732681
257732789
257733246
257733247
257733303
257733304
257733313
257733627
257734059
257734060
257734114
257734547
257734570
257734719
257734820
257734834
257734880
257735091
257735111
257735113
257735380
257735415
257735430
257735535
257735794
257735799
257735968
257736170
257736345
257736416
257736446
257736475
257736482
257736493
257736599
257736653
257736709
257736901
257737027
257737434
257737441
257737934
257738088
257738215
257738245
257738344
257738731
257738755
257738757
257739479
257739568
257739672
257739720
257740107
257740232
257740259
257740334
257740533
257740561
257740623
257740705
257740838
257740946
257740995
257741006
257741084
257741090
257741151
257741187
257741234
257741400
257741521
257741538
257741773
257741815
257742306
257742357
257742404
257742579
257742817
257742848
257742877
257742932
257743029
257743130
257743319
257743757
257743759
257743914
257743965
257744026
257744135
257744587
257744646
257744865
257745063
257745074
257745109
257745198
257745328
257745349
257745482
257745527
257745583
257746121
257746212
257746293
257746333
257746637
257746820
257747974
257747993
257748346
257748651
257748738
257748849
257749285
257749335
257749520
257750208
257750584
257750933
257751240
257751330
257751338
257751389
257751440
257751711
257751789
257751920
257752126
257752473
257752485
257752520
257752592
257752715
257752966
257753071
257753112
257753160
257753265
257753391
257753822
257754086
257754150
257754281
257754446
257755059
257755062
257755152
257755227
257755260
257755364
257755672
257755963
257756489
257756544
257757520
257757605
257757752
257757811
257758019
257758234
257758328
257758409
257758731
257758980
257759048
257759212
257759414
257759490
257759571
257760048
257760052
257760130
257760183
257760229
257760249
257760278
257760631
257760945
257761054
257761127
257761462
257761581
257761627
257761721
257762008
257762066
257762450
257762477
257762515
257762591
257762618
257762623
257762707
257762750
257762827
257763048
257763360
257763402
257763518
257763669
257763754
257763810
257764140
257764242
257764429
257764498
257764548
257764594
257764615
257764775
257765141
257765276
257765342
257765562
257765569
257765642
257766257
257766334
257766416
257766451
257766625
257766805
257766845
257766866
257766870
257766887
257766963
257767268
257767293
257767439
257767707
257768087
257768111
257768270
257768635
257768671
257768778
257768890
257768900
257768953
257769185
257769214
257769326
257769407
257769444
257769488
257769566
257769640
257769762
257769802
257769811
257769937
257770481
257770483
257770510
257770674
257770685
257770990
257771098
257771165
257771281
257771474
257771584
257771881
257772018
257772021
257772180
257772316
257772686
257772688
257772742
257772903
257773015
257773060
257773142
257773519
257773571
257773691
257773822
257773979
257773980
257774025
257774258
257774483
257774786
257774920
257774923
257774954
257774970
257775090
257775293
257775389
257775437
257775575
257775629
257775697
257775833
257775872
257776413
257776577
257776738
257776832
257776954
257777035
257777038
257777445
257777793
257777837
257778027
257778104
257778132
257778378
257778840
257779101
257779217
257779270
257779624
257779683
257779711
257779769
257779856
257779948
257780031
257780052
257780237
257780617
257780627
257780747
257780864
257781200
257781426
257781480
257781517
257782118
257782172
257782239
257782253
257782257
257782340
257782345
257782388
257782753
257782810
257782965
257783428
257783595
257783643
257783672
257783690
257783710
257783763
257783837
257783843
257783961
257784037
257784164
257784195
257784597
257784715
257784770
257784860
257784909
257784934
257785003
257785115
257785159
257785216
257785587
257785715
257785728
257785793
257785848
257785998
257786062
257786161
257786220
257786270
257786439
257786500
257786567
257786741
257786828
257786907
257786949
257786951
257786969
257786973
257787152
257787202
257787346
257787365
257787440
257787666
257788214
257788709
257788776
257788801
257789075
257789159
257789208
257789223
257789442
257789653
257789763
257789773
257789855
257789866
257789932
257789964
257790055
257790207
257790227
257790355
257790361
257790620
257790650
257790669
257790710
257790733
257790758
257790884
257790902
257790950
257791042
257791510
257791541
257791643
257791775
257792020
257792074
257792232
257792322
257792366
257792481
257792694
257792717
257792751
257792789
257792880
257793035
257793040
257793350
257793417
257793777
257793798
257793841
257794010
257794158
257794164
257794171
257794311
257794342
257794364
257794415
257794741
257794756
257794826
257794854
257794869
257795033
257795132
257795182
257795567
257795660
257795793
257795845
257796295
257796299
257796301
257796590
257796723
257797007
257797189
257797239
257797303
257797391
257797668
257797884
257798077
257798367
257798413
257798537
257798785
257798967
257799107
257799414
257799553
257799839
257799854
257799863
257800050
257800954
257801152
257801314
257801473
257801540
257801589
257801602
257801647
257801817
257801941
257802033
257802067
257802094
257802190
257802270
257802540
257803631
257803842
257803918
257803947
257804018
257804049
257804099
257804177
257804267
257804336
257804734
257804813
257804862
257804899
257805239
257805297
257805386
257805482
257805635
257805717
257805823
257805864
257805876
257806111
257806249
257806319
257806410
257806439
257806657
257806703
257806942
257807041
257807066
257807084
257807418
257807461
257807507
257807610
257807730
257807993
257808015
257808069
257808084
257808087
257808179
257808471
257808609
257808659
257808796
257809106
257809135
257809314
257809396
257809594
257809637
257809681
257809714
257810434
257810580
257811600
257813567
257813817
257813827
257814138
257814276
257814340
257814353
257814433
257814542
257814655
257814657
257814697
257814712
257814801
257814852
257814870
257814951
257815242
257815258
257815370
257815442
257815486
257815584
257815637
257815813
257816154
257816316
257816355
257816364
257816393
257816486
257816522
257816603
257816826
257816893
257817093
257817144
257817533
257817809
257817837
257818156
257818157
257818164
257818525
257818623
257819022
257819023
257819298
257819488
257819700
257819707
257819744
257819782
257819877
257820016
257820034
257820285
257820743
257820745
257820942
257821039
257821160
257821174
257821246
257821422
257821676
257821872
257821918
257821943
257822127
257822520
257822672
257822700
257822703
257822710
257823038
257823234
257823589
257823606
257823800
257823818
257823842
257824083
257824172
257824554
257824840
257824886
257824974
257825218
257825364
257825554
257825626
257826049
257826175
257826185
257826302
257826687
257826690
257826784
257826994
257827282
257827340
257827348
257827424
257827547
257827553
257827767
257827781
257827974
257828055
257828083
257828167
257828638
257828821
257828881
257829106
257829236
257829319
257829332
257829443
257829514
257829727
257829794
257829900
257830026
257830289
257830549
257830618
257830632
257830698
257830863
257830930
257830969
257831066
257831163
257831228
257831671
257831741
257831975
257832003
257832068
257832086
257832562
257832660
257832708
257833019
257833500
257833575
257833833
257834084
257834511
257834559
257834767
257834939
257835213
257836211
257837217
257837550
257837573
257837673
257837751
257837778
257837844
257837881
257837889
257838036
257838115
257838169
257838176
257838225
257838336
257838400
257838521
257838591
257838737
257838750
257838761
257838810
257838812
257838992
257839002
257839034
257839376
257839709
257839834
257839859
257839916
257840005
257840117
257840194
257840395
257840524
257840938
257841014
257841266
257841495
257841589
257841638
257841672
257841818
257841849
257841998
257842025
257842050
257842065
257842103
257842112
257842327
257842583
257842586
257842595
257842756
257842852
257842966
257843056
257843408
257843432
257843679
257843749
257843904
257844042
257844085
257844168
257844328
257844589
257845220
257845290
257845474
257845484
257845706
257845798
257845884
257846113
257846183
257846190
257846249
257847118
257847155
257847305
257847431
257847513
257847661
257847740
257847880
257847893
257847917
257848011
257848029
257848579
257848848
257849236
257849409
257849440
257849592
257849689
257849722
257849749
257849850
257849944
257850151
257850399
257850460
257850496
257850527
257850759
257850770
257850818
257851078
257851105
257851185
257851190
257851319
257851468
257851495
257851559
257851606
257851683
257851775
257851818
257851978
257852014
257852275
257852472
257852810
257852849
257852870
257852979
257853013
257853238
257853259
257853378
257853513
257853516
257853689
257853718
257853847
257853956
257854023
257854024
257854245
257854650
257854808
257854844
257854934
257854947
257855156
257855168
257855507
257855525
257855881
257855940
257856062
257856083
257856090
257856166
257856210
257856229
257856303
257856390
257856483
257856510
257856568
257856618
257856654
257856694
257856799
257856805
257856830
257856843
257856877
257856887
257857166
257857255
257857297
257857399
257857490
257857530
257857538
257857769
257857803
257858343
257858400
257858654
257859103
257859482
257860362
257861397
257861461
257861503
257861509
257861539
257861722
257861927
257861973
257862050
257862160
257862272
257862404
257862432
257862526
257862782
257862858
257862919
257862986
257863044
257863063
257863084
257863099
257863206
257863295
257863305
257863462
257863649
257863684
257863795
257863892
257864192
257864272
257864377
257864468
257864489
257864708
257864723
257864883
257864908
257864909
257865009
257865220
257865705
257865765
257865847
257866124
257866129
257866167
257866340
257866462
257866475
257866525
257866528
257866556
257866645
257866669
257866832
257866981
257867136
257867158
257867201
257867209
257867446
257867592
257867686
257867875
257868048
257868154
257868180
257868471
257868865
257868955
257869200
257869221
257869259
257869340
257869387
257869896
257870041
257870564
257870669
257870678
257870716
257870886
257870921
257870989
257871399
257871599
257871698
257872113
257872305
257872335
257872392
257872425
257872961
257873143
257873301
257873498
257873718
257874084
257874291
257874298
257874521
257874590
257874716
257875044
257875097
257875479
257875513
257875868
257876085
257876469
257876479
257876617
257876635
257876846
257877423
257877507
257877553
257877648
257877709
257877833
257877902
257878104
257878205
257878364
257878458
257878477
257878652
257878998
257879102
257879324
257879549
257879563
257880334
257880496
257880523
257880608
257880730
257880994
257880998
257881116
257881171
257881183
257881299
257881331
257881658
257881966
257882048
257882068
257882252
257882255
257882273
257882422
257882502
257882506
257882583
257882952
257883558
257883657
257883816
257884572
257886200
257886703
257887100
257887222
257887371
257887404
257887439
257887523
257887554
257887566
257887587
257887875
257888230
257888432
257888711
257888773
257889045
257889079
257889216
257889314
257889334
257889435
257889480
257889562
257889781
257890042
257890179
257890232
257890779
257891344
257891400
257891662
257891664
257892240
257892387
257892475
257892578
257892754
257892888
257892954
257893141
257893236
257893338
257893453
257893722
257893764
257893961
257894305
257894463
257894582
257894660
257894795
257894814
257895105
257895362
257895697
257895835
257895879
257895952
257896022
257896093
257896881
257896937
257897390
257897582
257898231
257898261
257898486
257899184
257899188
257899310
257899511
257900135
257900708
257900723
257900770
257901163
257901612
257901870
257902033
257902046
257902142
257902513
257902702
257902797
257902862
257902982
257903191
257903260
257903758
257904022
257904458
257904460
257904694
257905336
257906041
257906050
257906160
257906788
257906863
257907180
257907436
257907537
257907544
257907708
257907805
257908070
257908391
257908956
257909008
257909925
257910349
257910375
257910511
257910695
257911186
257911215
257911657
257912220
257912226
257912452
257913281
257913408
257913821
257914309
257914913
257914962
257915017
257915316
257915780
257916022
257916443
257916529
257916919
257917177
257917482
257917819
257917927
257918812
257918902
257918912
257919567
257919816
257919885
257920326
257920455
257921253
257921837
257921852
257922293
257922338
257922381
257922458
257922600
257922883
257922896
257924044
257924091
257924348
257924781
257925152
257925905
257925963
257926114
257926287
257926456
257926457
257926489
257927239
257927304
257927316
257927332
257927477
257928114
257928309
257928359
257928418
257928504
257928728
257928766
257929728
257929871
257929917
257930155
257930553
257930694
257930868
257931132
257931290
257931406
257931484
257931486
257931763
257931878
257931918
257931927
257932742
257932866
257932905
257933241
257933426
257933843
257933987
257934031
257934034
257934076
257934919
257934931
257935108
257935409
257935989
257936481
257936497
257936640
257936850
257937897
257938099
257938222
257938360
257938461
257938519
257938554
257938608
257938664
257938709
257939333
257939483
257939523
257939770
257940100
257940296
257940479
257940544
257940588
257940747
257940791
257940942
257941028
257941280
257941868
257942390
257942408
257942954
257944380
257944403
257944447
257944498
257944507
257944523
257944554
257944625
257944748
257945106
257945178
257945183
257945237
257945238
257945270
257945388
257945401
257945416
257945423
257945506
257945778
257945928
257945999
257946076
257946215
257946365
257946394
257946435
257946596
257946614
257947868
257947946
257948110
257948139
257948225
257948522
257948527
257948664
257948803
257948857
257948888
257948926
257949008
257949063
257949134
257949159
257949476
257949636
257949668
257949854
257950044
257950084
257950216
257950489
257950536
257950676
257950716
257950743
257950888
257951885
257952129
257952212
257952284
257952404
257952881
257952965
257953377
257953514
257953574
257954860
257954928
257955178
257955417
257955441
257955474
257955495
257955832
257955937
257956597
257956615
257956898
257956917
257956919
257957182
257957456
257957531
257957563
257957629
257957748
257958505
257958619
257958620
257958779
257958947
257959011
257959026
257959170
257959249
257959251
257959396
257959435
257959601
257959681
257959700
257959941
257960108
257960239
257960558
257960673
257960862
257960995
257961185
257961211
257961379
257961394
257961632
257961678
257961825
257961905
257961988
257961995
257962041
257962117
257962242
257962642
257962677
257962846
257963312
257963737
257963860
257964644
257965016
257965736
257966524
257966701
257966711
257966943
257966968
257967025
257967107
257967181
257967314
257967408
257967453
257967518
257967595
257967676
257967726
257967950
257968111
257968598
257968749
257968757
257968762
257968896
257969112
257969296
257971061
257971132
257971800
257971848
257971993
257972209
257972297
257972711
257972779
257972950
257973008
257973382
257973442
257973870
257973896
257974013
257974123
257974292
257974415
257974514
257974605
257974651
257974831
257974844
257974954
257975035
257975617
257976147
257978688
257978894
257979052
257979127
257979683
257979715
257979770
257980040
257980103
257980151
257980375
257980477
257980533
257980700
257980793
257981020
257981023
257981104
257981141
257981254
257981278
257981294
257981536
257981551
257981581
257981690
257981800
257981877
257982002
257982038
257982355
257982660
257982903
257982918
257983205
257983517
257983665
257983838
257983966
257984015
257984162
257984298
257986409
257986498
257986836
257986937
257987276
257989086
257989115
257989162
257989559
257989891
257990050
257990097
257990247
257991251
257991255
257991287
257991317
257991327
257991727
257992050
257992218
257992431
257992518
257992569
257992591
257992635
257992915
257993211
257993273
257993282
257993645
257993652
257993698
257994317
257994371
257994380
257994554
257994600
257994670
257994730
257994898
257995000
257995004
257995104
257995148
257995506
257995953
257996553
257996686
257996773
257997005
257997166
257997181
257997211
257997235
257997256
257997295
257997306
257997307
257997379
257998598
257998612
257998664
258007358
258014614
258015633
258015856
258016271
258017172
258017229
258017350
258017828
258017829
258017943
258018059
258018273
258018495
258018507
258018932
258019193
258019219
258019306
258019401
258019481
258019649
258020492
258020648
258020696
258021444
258025918
258026277
258026424
258026557
258026641
258026676
258026811
258027733
258027782
258028029
258028193
258028750
258028820
258028983
258028990
258029142
258029209
258029254
258029667
258029750
258030034
258030305
258030594
258031396
258032302
258032311
258033219
258033309
258034215
258034925
258034956
258035188
258035230
258035374
258035474
258035692
258035757
258035770
258035823
258035987
258036028
258036039
258036825
258037014
258037426
258037600
258038923
258039500
258039504
258039549
258040202
258040236
258040413
258040926
258040938
258041150
258041724
258041855
258042288
258042530
258042598
258042851
258043192
258043245
258043532
258043959
258044007
258044076
258044169
258044591
258044631
258044985
258051611
258051837
258052015
258053039
258053115
258053124
258053187
258053460
258053600
258053632
258053824
258053879
258054007
258054263
258054410
258054648
258055089
258055488
258055559
258056046
258057593
258058138
258059972
258060716
258060742
258060771
258061721
258062418
258062566
258062854
258063379
258064234
258065487
258065661
258065803
258066444
258066464
258067152
258067284
258067316
258068186
258068829
258068876
258069303
258070364
258070507
258070787
258070951
258070988
258071169
258071390
258071429
258072604
258073385
258073429
258074070
258074158
258074468
